,demand,temperature
2021-01-01 00:00:00,10.867876045929588,22.033311587124363
2021-01-01 00:30:00,10.732237352511616,19.45748997033693
2021-01-01 01:00:00,10.750104025800393,20.0118304992172
2021-01-01 01:30:00,10.7673322956702,19.631191708331233
2021-01-01 02:00:00,10.696166660830787,19.94347212375284
2021-01-01 02:30:00,10.646124301931753,19.507196821935196
2021-01-01 03:00:00,10.572430419153005,20.221358550850347
2021-01-01 03:30:00,10.634349213252047,20.368904315101783
2021-01-01 04:00:00,10.522092549486612,19.519990636784485
2021-01-01 04:30:00,10.621860565269749,20.777225965588666
2021-01-01 05:00:00,10.563687898222415,20.628907914048312
2021-01-01 05:30:00,10.657638589529975,20.605264574409166
2021-01-01 06:00:00,10.594315522830762,21.086763403586264
2021-01-01 06:30:00,10.639623809507878,20.673690872442688
2021-01-01 07:00:00,10.75801905334734,19.98569564101024
2021-01-01 07:30:00,10.697823971221975,22.248126675534067
2021-01-01 08:00:00,10.870658182966132,22.286031503634426
2021-01-01 08:30:00,10.850324106138789,23.156131781760354
2021-01-01 09:00:00,10.866212094961053,23.51889524818098
2021-01-01 09:30:00,10.989074002274615,24.359229300608977
2021-01-01 10:00:00,11.18250581583726,26.43206234066239
2021-01-01 10:30:00,11.081250457794443,26.802849652470766
2021-01-01 11:00:00,11.146103148209912,26.85294863884971
2021-01-01 11:30:00,11.238165144062231,27.515613282606267
2021-01-01 12:00:00,11.08851848747335,27.479792677946108
2021-01-01 12:30:00,11.189865808374192,28.71954500606501
2021-01-01 13:00:00,11.424380768922058,29.6898412218089
2021-01-01 13:30:00,11.503664385347848,29.711256108813476
2021-01-01 14:00:00,11.297494613589008,29.857551633867107
2021-01-01 14:30:00,11.442243412329255,29.382657328567646
2021-01-01 15:00:00,11.465770800429928,30.424322709210053
2021-01-01 15:30:00,11.47171368938557,29.5993523867895
2021-01-01 16:00:00,11.485515172801824,29.80998483699604
2021-01-01 16:30:00,11.531325224167672,29.4069800101783
2021-01-01 17:00:00,11.416816163267297,28.562255525156402
2021-01-01 17:30:00,11.357349887766368,28.554492631113014
2021-01-01 18:00:00,11.425612227018403,28.76157697474677
2021-01-01 18:30:00,11.341635778663706,28.513850441152346
2021-01-01 19:00:00,11.329737058360822,27.685348761292442
2021-01-01 19:30:00,11.408459109143688,26.6744521598064
2021-01-01 20:00:00,11.198594846821862,25.76687283873995
2021-01-01 20:30:00,11.12120995347758,24.59803255479668
2021-01-01 21:00:00,11.22230411322869,24.268041574567643
2021-01-01 21:30:00,11.13964336681765,24.470652229723196
2021-01-01 22:00:00,10.861743738546974,23.540862013418415
2021-01-01 22:30:00,10.969238849535976,20.94863236877143
2021-01-01 23:00:00,10.846642642450062,22.867711236800762
2021-01-01 23:30:00,10.662192931627862,21.360281295687933
2021-01-02 00:00:00,10.686714901634598,20.88548056660571
2021-01-02 00:30:00,10.515131720286679,20.63323096895427
2021-01-02 01:00:00,10.51866362071333,19.501181003432798
2021-01-02 01:30:00,10.411062659413178,20.71380085009092
2021-01-02 02:00:00,10.224113039152778,19.184151041910162
2021-01-02 02:30:00,10.418263069605066,19.70044381930957
2021-01-02 03:00:00,10.311175896336055,19.127511646833362
2021-01-02 03:30:00,10.355000886653887,17.80702720531753
2021-01-02 04:00:00,10.364562616025653,19.175130115964027
2021-01-02 04:30:00,10.306332830135617,19.39624800616166
2021-01-02 05:00:00,10.468794346880182,20.288441521811876
2021-01-02 05:30:00,10.273686880967341,20.04806493354533
2021-01-02 06:00:00,10.308606279570194,18.7257556943132
2021-01-02 06:30:00,10.47641578753298,19.676407171969146
2021-01-02 07:00:00,10.547499716147577,20.147766644789805
2021-01-02 07:30:00,10.632116438007309,19.851349658429157
2021-01-02 08:00:00,10.580841015098116,21.1849363002592
2021-01-02 08:30:00,10.721509331216458,21.196695096331606
2021-01-02 09:00:00,10.667409015121894,20.79815134945522
2021-01-02 09:30:00,10.739531513412828,22.28308874179626
2021-01-02 10:00:00,10.94277475865267,22.747883371288317
2021-01-02 10:30:00,10.925023682276807,22.422196976216313
2021-01-02 11:00:00,10.925347031174605,22.43759584174821
2021-01-02 11:30:00,10.98206758336317,22.53683061497394
2021-01-02 12:00:00,10.895092566975919,23.232894203632668
2021-01-02 12:30:00,11.144057104406983,24.454560652283075
2021-01-02 13:00:00,11.100182506366043,24.092036872569533
2021-01-02 13:30:00,11.133834443130631,24.904142108533332
2021-01-02 14:00:00,11.239800328956527,25.714429306224613
2021-01-02 14:30:00,11.119583756137327,25.623353531621277
2021-01-02 15:00:00,11.215348510760597,25.70962392167445
2021-01-02 15:30:00,11.290869480745863,24.181153194092904
2021-01-02 16:00:00,11.327124419567829,24.633401266687308
2021-01-02 16:30:00,11.35632758154919,25.381673397807607
2021-01-02 17:00:00,11.42964998710762,24.630118852877715
2021-01-02 17:30:00,11.173002482247208,25.20984273929437
2021-01-02 18:00:00,11.252949463440501,22.968591762442962
2021-01-02 18:30:00,11.197952975120602,24.607758271683196
2021-01-02 19:00:00,11.187229854524384,24.499803500499997
2021-01-02 19:30:00,11.135968502162902,22.023589958408774
2021-01-02 20:00:00,11.054070664504579,21.68394297943804
2021-01-02 20:30:00,10.988598440691785,22.33392130679734
2021-01-02 21:00:00,10.857383653525613,20.545787862663456
2021-01-02 21:30:00,10.791566098669286,20.772766652414543
2021-01-02 22:00:00,10.723624147353542,20.990576205670052
2021-01-02 22:30:00,10.685189246376103,19.879409631505993
2021-01-02 23:00:00,10.65528583979831,19.45119438295151
2021-01-02 23:30:00,10.737975422252346,19.820491674247684
2021-01-03 00:00:00,13.838857971268403,19.517668121539355
2021-01-03 00:30:00,13.752627383946631,18.293219524984387
2021-01-03 01:00:00,13.829124569828846,18.002316796273867
2021-01-03 01:30:00,13.610401275376285,17.28621681838296
2021-01-03 02:00:00,13.617338697453066,18.10589381313804
2021-01-03 02:30:00,13.618755425012909,17.3540336742809
2021-01-03 03:00:00,13.458201983331104,18.507405571432958
2021-01-03 03:30:00,13.70032614869069,17.032179089043808
2021-01-03 04:00:00,13.558310256878785,17.65171645699512
2021-01-03 04:30:00,13.44223377104512,17.708987012505876
2021-01-03 05:00:00,13.469419410521741,18.084217454291384
2021-01-03 05:30:00,13.564867083077528,18.446867944672192
2021-01-03 06:00:00,13.713651551563123,18.546929758654667
2021-01-03 06:30:00,13.717375849109324,19.8611149838269
2021-01-03 07:00:00,13.885624071927532,20.364437999388613
2021-01-03 07:30:00,13.771207186130562,21.815857993089104
2021-01-03 08:00:00,13.848917576148244,21.87642291299156
2021-01-03 08:30:00,13.825477245900395,21.95841813021547
2021-01-03 09:00:00,14.116529820466928,21.94825425672099
2021-01-03 09:30:00,14.045019191020137,22.878289198664437
2021-01-03 10:00:00,14.261320726084799,23.26305918483166
2021-01-03 10:30:00,14.250981047238358,24.312330298649503
2021-01-03 11:00:00,14.406602296912425,24.51518997100667
2021-01-03 11:30:00,14.282838694989566,25.442178873118458
2021-01-03 12:00:00,14.484063400868921,25.560600361255137
2021-01-03 12:30:00,14.731712389941203,25.68940965370625
2021-01-03 13:00:00,14.481612878721437,25.69624062655397
2021-01-03 13:30:00,14.510871302178703,26.230763326219662
2021-01-03 14:00:00,14.594106222894144,26.62267404733225
2021-01-03 14:30:00,14.78699530632988,27.23173431433166
2021-01-03 15:00:00,14.593798509573645,26.708463929422717
2021-01-03 15:30:00,14.716200744274738,26.576462004419042
2021-01-03 16:00:00,14.75982823438495,25.737121667366655
2021-01-03 16:30:00,14.704737305904613,26.1800763036012
2021-01-03 17:00:00,14.812033110163622,26.160487557889862
2021-01-03 17:30:00,14.68685893716394,25.30508118322098
2021-01-03 18:00:00,14.684204548194048,26.540559493622546
2021-01-03 18:30:00,14.616329221855267,25.734479462493503
2021-01-03 19:00:00,14.633416964268713,24.591245073850914
2021-01-03 19:30:00,14.569839295773667,24.816228148363084
2021-01-03 20:00:00,14.34516373225589,23.894542166441546
2021-01-03 20:30:00,14.453814515611846,22.60992174146864
2021-01-03 21:00:00,14.229584078478824,22.635562264356924
2021-01-03 21:30:00,14.292255144245877,21.547053886853433
2021-01-03 22:00:00,14.02532770450971,21.0017694452933
2021-01-03 22:30:00,14.040746572246912,21.16087790211229
2021-01-03 23:00:00,13.97243257437885,19.807552338024482
2021-01-03 23:30:00,13.938465954409985,19.509826801371084
2021-01-04 00:00:00,13.600947240660508,18.96098357900579
2021-01-04 00:30:00,13.677435064598846,19.096249533247573
2021-01-04 01:00:00,13.57321445734003,18.228404158935692
2021-01-04 01:30:00,13.528655048885183,18.124699301572555
2021-01-04 02:00:00,13.540991199388126,18.141638378733727
2021-01-04 02:30:00,13.441574529827895,18.0100888814093
2021-01-04 03:00:00,13.481409105369517,17.753080591854822
2021-01-04 03:30:00,13.525078202075601,17.261175566148964
2021-01-04 04:00:00,13.567939908800286,17.58839151241361
2021-01-04 04:30:00,13.38212321927561,19.093491976238113
2021-01-04 05:00:00,13.477149667062001,18.182114688717757
2021-01-04 05:30:00,13.487218003909499,18.471918109117297
2021-01-04 06:00:00,13.60100622978062,18.701829219830824
2021-01-04 06:30:00,13.408825216558585,19.36103972282746
2021-01-04 07:00:00,13.843286242144668,20.823358484170324
2021-01-04 07:30:00,13.539272751337373,20.437721974655847
2021-01-04 08:00:00,13.847265243499256,20.562079560706977
2021-01-04 08:30:00,13.694335419480085,22.36761663401358
2021-01-04 09:00:00,13.675697604986476,21.96411163804306
2021-01-04 09:30:00,13.931158025048918,23.090144536882065
2021-01-04 10:00:00,13.935785478257284,23.331751159569244
2021-01-04 10:30:00,14.061846009438428,23.36495673395617
2021-01-04 11:00:00,14.18380202600189,23.498131068387696
2021-01-04 11:30:00,14.354391547769154,24.55404725352989
2021-01-04 12:00:00,14.484448171711467,24.485213740490153
2021-01-04 12:30:00,14.3519050231036,25.34340886733752
2021-01-04 13:00:00,14.490916444613125,26.40627326532496
2021-01-04 13:30:00,14.462616852383652,26.079633353208866
2021-01-04 14:00:00,14.47938655497723,26.809597186921636
2021-01-04 14:30:00,14.549121695960917,26.533695818828438
2021-01-04 15:00:00,14.608837029500362,26.83941535325597
2021-01-04 15:30:00,14.442476391610565,25.96428289884755
2021-01-04 16:00:00,14.727642362253492,26.396409625898073
2021-01-04 16:30:00,14.675444389495224,26.460793828105007
2021-01-04 17:00:00,14.614209089901273,26.148891855461038
2021-01-04 17:30:00,14.495544571969509,27.36698729025684
2021-01-04 18:00:00,14.622512849586728,24.672153035309286
2021-01-04 18:30:00,14.42086646573973,25.707272297431544
2021-01-04 19:00:00,14.563855668735584,24.839982043679314
2021-01-04 19:30:00,14.313058884513033,24.597872393984304
2021-01-04 20:00:00,14.337747755217169,24.096201383966495
2021-01-04 20:30:00,14.165184830020932,23.70805184496301
2021-01-04 21:00:00,14.170823582569307,23.006260229791685
2021-01-04 21:30:00,13.973583054099926,23.566815004450945
2021-01-04 22:00:00,14.049338432148444,22.60142732693979
2021-01-04 22:30:00,13.909122250341406,21.37642559251912
2021-01-04 23:00:00,14.011177293929588,21.438849613301105
2021-01-04 23:30:00,13.822405217332292,20.85658805484555
2021-01-05 00:00:00,13.193341253042224,20.059518575498533
2021-01-05 00:30:00,13.283610978971783,19.62184016153863
2021-01-05 01:00:00,13.03361885879046,19.690509165584785
2021-01-05 01:30:00,12.967920146644099,19.68329474702826
2021-01-05 02:00:00,12.92088685358496,18.598241099770295
2021-01-05 02:30:00,13.027342139101792,17.81504911291566
2021-01-05 03:00:00,12.87887496238934,18.482909896991327
2021-01-05 03:30:00,13.064047829365693,17.69508561380431
2021-01-05 04:00:00,13.150815432920432,18.075355972656187
2021-01-05 04:30:00,12.992623036729134,17.08332842474786
2021-01-05 05:00:00,12.977786203016603,18.18899750021641
2021-01-05 05:30:00,13.006338009004944,18.16245386124835
2021-01-05 06:00:00,13.022218455510002,18.80325725470776
2021-01-05 06:30:00,13.035665278238456,20.096881219696744
2021-01-05 07:00:00,13.264509497859285,19.728062695545223
2021-01-05 07:30:00,13.1464256927645,19.83195486622013
2021-01-05 08:00:00,13.233864831105722,20.70194330558212
2021-01-05 08:30:00,13.240379757202284,21.562260230870717
2021-01-05 09:00:00,13.388611634841912,22.720233042794817
2021-01-05 09:30:00,13.526898740018865,22.726738167726126
2021-01-05 10:00:00,13.454440423187148,22.61569966073145
2021-01-05 10:30:00,13.841399545191837,23.9156049622903
2021-01-05 11:00:00,13.843665879675187,24.191645564155703
2021-01-05 11:30:00,13.665731453114534,23.981324722014108
2021-01-05 12:00:00,13.954433351440347,24.57820580444897
2021-01-05 12:30:00,13.974778620717514,26.192309120468327
2021-01-05 13:00:00,13.81833721520642,26.011632677229823
2021-01-05 13:30:00,13.758619254313958,25.62390884752947
2021-01-05 14:00:00,14.021269815123805,26.11823273734571
2021-01-05 14:30:00,14.221652206083933,26.089006402471142
2021-01-05 15:00:00,14.11477436451271,26.754906942739794
2021-01-05 15:30:00,14.07450611292497,25.96627410926144
2021-01-05 16:00:00,14.159296113860215,24.977108775874125
2021-01-05 16:30:00,14.147356323067289,26.40874772341541
2021-01-05 17:00:00,13.965596215908514,25.900614917143784
2021-01-05 17:30:00,14.065524118068847,25.214850315661955
2021-01-05 18:00:00,14.095215166845787,25.07874609169035
2021-01-05 18:30:00,13.986337284557456,24.438168743047353
2021-01-05 19:00:00,13.79917799759965,23.627841390515396
2021-01-05 19:30:00,13.55201580525466,23.201236423126165
2021-01-05 20:00:00,13.844033610827847,23.859994729011657
2021-01-05 20:30:00,13.670349161225376,22.696757839102197
2021-01-05 21:00:00,13.604582488835426,22.762832177315282
2021-01-05 21:30:00,13.535653292893315,20.87968386136198
2021-01-05 22:00:00,13.509734873634391,21.089776849646178
2021-01-05 22:30:00,13.491389606668474,20.1702390196513
2021-01-05 23:00:00,13.490847344599763,20.054482112379077
2021-01-05 23:30:00,13.184827747078806,19.86121299194702
2021-01-06 00:00:00,13.833670197911358,19.04577903757084
2021-01-06 00:30:00,14.058703876177862,19.25744561849623
2021-01-06 01:00:00,13.993088283856522,18.351995920157716
2021-01-06 01:30:00,13.703697465032802,17.701491336957996
2021-01-06 02:00:00,13.688676472964667,18.727910725213132
2021-01-06 02:30:00,13.871095646800024,18.176894922555984
2021-01-06 03:00:00,13.647260172592492,18.28411913399222
2021-01-06 03:30:00,13.808193156334069,17.39527349655446
2021-01-06 04:00:00,13.497604025406766,17.812944890075297
2021-01-06 04:30:00,13.77422534478078,17.99990971543772
2021-01-06 05:00:00,13.716850508039736,17.87408607646465
2021-01-06 05:30:00,13.605342679720327,17.433250496225686
2021-01-06 06:00:00,13.760009836429719,18.036996643141325
2021-01-06 06:30:00,13.70183263080573,19.157012373315972
2021-01-06 07:00:00,13.63921849045991,19.489237021217058
2021-01-06 07:30:00,13.966768371489305,20.547020585418455
2021-01-06 08:00:00,13.922881701179838,20.158531852867352
2021-01-06 08:30:00,14.124813710630901,20.56471232940053
2021-01-06 09:00:00,14.075104185587705,22.03455007478455
2021-01-06 09:30:00,14.313160707818733,23.17578310128794
2021-01-06 10:00:00,14.36502472579778,23.407505840204443
2021-01-06 10:30:00,14.374859537230938,23.873892770546355
2021-01-06 11:00:00,14.347949650994547,25.22735934843162
2021-01-06 11:30:00,14.391240509849744,24.51021636250538
2021-01-06 12:00:00,14.579716434294287,24.95804761716887
2021-01-06 12:30:00,14.532531494069845,25.72250909413154
2021-01-06 13:00:00,14.868063457158508,26.316394705986653
2021-01-06 13:30:00,14.83174370851961,26.631534444563492
2021-01-06 14:00:00,14.850648667702956,27.728279310108004
2021-01-06 14:30:00,14.896360602176625,28.127193051118283
2021-01-06 15:00:00,14.92481667830774,27.540293919063206
2021-01-06 15:30:00,14.741180111017375,26.561366071183667
2021-01-06 16:00:00,14.887853955378947,27.878260985602804
2021-01-06 16:30:00,14.737582299875898,27.14666152349756
2021-01-06 17:00:00,14.737101904210036,26.156421080168446
2021-01-06 17:30:00,14.787839980339413,26.566952531124816
2021-01-06 18:00:00,14.69123848986563,26.471597549584917
2021-01-06 18:30:00,14.663045456865605,26.976265224976576
2021-01-06 19:00:00,14.677949889009978,26.262604246723047
2021-01-06 19:30:00,14.644164566923441,25.068635190549486
2021-01-06 20:00:00,14.507933775989802,24.038931083785418
2021-01-06 20:30:00,14.416659560144515,25.247094121149612
2021-01-06 21:00:00,14.269127145389739,23.408108079820252
2021-01-06 21:30:00,14.412037775284608,24.21593882632535
2021-01-06 22:00:00,14.368133177577757,23.022148085512367
2021-01-06 22:30:00,14.236272234554512,22.4832052014473
2021-01-06 23:00:00,14.288002830498757,22.420845746903204
2021-01-06 23:30:00,13.873278944503703,21.959852926278423
2021-01-07 00:00:00,14.315732951673834,21.396939762147635
2021-01-07 00:30:00,14.254639160226704,21.27479249538132
2021-01-07 01:00:00,14.215776618815221,20.071973759344793
2021-01-07 01:30:00,14.011077615857987,20.621045845093636
2021-01-07 02:00:00,14.157951251407276,20.625054689861653
2021-01-07 02:30:00,14.13847019997478,20.15010410471929
2021-01-07 03:00:00,13.902836424149097,18.7674229905838
2021-01-07 03:30:00,14.073482518559299,19.947419606312565
2021-01-07 04:00:00,13.786459628428739,20.018781261574215
2021-01-07 04:30:00,14.05711524308317,19.63789341099624
2021-01-07 05:00:00,14.059501052617211,20.02633836361138
2021-01-07 05:30:00,14.050268537296677,20.69211363372682
2021-01-07 06:00:00,14.083420618244967,20.803476315898852
2021-01-07 06:30:00,14.229285227375886,20.273151343415716
2021-01-07 07:00:00,13.936094884788812,20.54073494221062
2021-01-07 07:30:00,14.399484498857877,22.770421456340124
2021-01-07 08:00:00,14.271309574099824,22.470876702588942
2021-01-07 08:30:00,14.203275177288512,23.250863901833906
2021-01-07 09:00:00,14.375958513581333,23.164776389784226
2021-01-07 09:30:00,14.630563793144004,23.143204531160983
2021-01-07 10:00:00,14.77330455277209,24.90678825453624
2021-01-07 10:30:00,14.632420164795361,25.170114113362008
2021-01-07 11:00:00,14.737825674439891,25.46907601614053
2021-01-07 11:30:00,14.95253831854958,25.87045958416353
2021-01-07 12:00:00,15.074103729418054,27.24590014760097
2021-01-07 12:30:00,15.170390404383628,29.09775378221924
2021-01-07 13:00:00,15.188177692118854,29.473084581454195
2021-01-07 13:30:00,15.016710400157708,28.655379363612493
2021-01-07 14:00:00,15.069025235398483,30.078818630189794
2021-01-07 14:30:00,15.185423945109966,30.51694987083749
2021-01-07 15:00:00,15.182716066008927,29.416626315669337
2021-01-07 15:30:00,15.328486322463565,29.378717632159784
2021-01-07 16:00:00,15.181982159911092,29.97893260949447
2021-01-07 16:30:00,15.221949542329522,30.346714176119022
2021-01-07 17:00:00,15.294591381134442,30.071201575653532
2021-01-07 17:30:00,15.294955488512562,29.75747596309076
2021-01-07 18:00:00,15.130560859937097,28.372581480758274
2021-01-07 18:30:00,15.0494813070953,29.257477370547388
2021-01-07 19:00:00,15.01314234131045,28.880571193213697
2021-01-07 19:30:00,14.949527233107888,28.718148946736296
2021-01-07 20:00:00,14.883042558069882,28.484550866945437
2021-01-07 20:30:00,15.004209534475752,28.000304163954155
2021-01-07 21:00:00,14.683352195073821,27.72079400386968
2021-01-07 21:30:00,14.61437245615177,26.455774273965027
2021-01-07 22:00:00,14.471296452383289,26.847694262721426
2021-01-07 22:30:00,14.419266873274228,24.72232382023905
2021-01-07 23:00:00,14.474669362775597,23.870895122524654
2021-01-07 23:30:00,14.266424372046025,23.434782380062536
2021-01-08 00:00:00,14.408423472777176,23.577867553673478
2021-01-08 00:30:00,14.296849196937604,22.618007264771705
2021-01-08 01:00:00,14.510348567514047,21.892944435288232
2021-01-08 01:30:00,14.26935162311064,23.540976154867778
2021-01-08 02:00:00,14.247270485484112,21.125003132193466
2021-01-08 02:30:00,14.127272976541319,22.379016870491142
2021-01-08 03:00:00,14.353199552472326,22.82872509208152
2021-01-08 03:30:00,14.379046131507083,22.396647469451203
2021-01-08 04:00:00,14.143715537259915,21.854694300761278
2021-01-08 04:30:00,14.24329448231923,20.658085694096236
2021-01-08 05:00:00,14.326051065725654,22.315068160276944
2021-01-08 05:30:00,14.32274947967528,22.423597896840395
2021-01-08 06:00:00,14.372936253487055,22.909820685160863
2021-01-08 06:30:00,14.370269094847938,23.521795186407363
2021-01-08 07:00:00,14.306874692776361,22.65920981632751
2021-01-08 07:30:00,14.415786943301235,22.47034090213828
2021-01-08 08:00:00,14.404433861678706,23.559969050523325
2021-01-08 08:30:00,14.724486422674003,25.239595062103835
2021-01-08 09:00:00,14.553637049037777,24.844821264771788
2021-01-08 09:30:00,14.747411273008169,25.945737473853875
2021-01-08 10:00:00,14.90095826774334,25.42403518276365
2021-01-08 10:30:00,14.863637809835804,27.405643547722956
2021-01-08 11:00:00,14.852706887104526,28.432527734851465
2021-01-08 11:30:00,15.192014304610542,29.690684853743278
2021-01-08 12:00:00,15.135720279639377,29.36463845933224
2021-01-08 12:30:00,15.283739368772842,30.589927895825276
2021-01-08 13:00:00,15.400002786735147,30.763982312480902
2021-01-08 13:30:00,15.375694760696486,29.59149281130952
2021-01-08 14:00:00,15.54934615478691,30.910508514620794
2021-01-08 14:30:00,15.585454042171234,31.09290738571895
2021-01-08 15:00:00,15.328005175803069,31.007534771365087
2021-01-08 15:30:00,15.418069128677429,31.519898833200855
2021-01-08 16:00:00,15.512787637969602,30.8304195388653
2021-01-08 16:30:00,15.406730033757128,30.819568204137106
2021-01-08 17:00:00,15.257073071644566,30.384164192259554
2021-01-08 17:30:00,15.393386167524934,31.108006042306958
2021-01-08 18:00:00,15.345990392112215,29.732777144365727
2021-01-08 18:30:00,15.247407404678036,29.64344523265728
2021-01-08 19:00:00,15.212071802908484,29.156627369713007
2021-01-08 19:30:00,15.27624239399339,27.466951356384744
2021-01-08 20:00:00,15.16058262954037,26.934436035916953
2021-01-08 20:30:00,15.13078578260514,27.224436392208744
2021-01-08 21:00:00,14.981213306289522,26.716497091550895
2021-01-08 21:30:00,15.051038611564941,26.2768798253072
2021-01-08 22:00:00,14.885874309112536,24.763654172280066
2021-01-08 22:30:00,14.944901182384237,24.450245013241826
2021-01-08 23:00:00,14.573051850230609,24.409849237435267
2021-01-08 23:30:00,14.701256826059325,24.77112697332721
2021-01-09 00:00:00,14.199833603415401,23.7777553568422
2021-01-09 00:30:00,14.246654570016231,22.543961534208528
2021-01-09 01:00:00,14.12979816589292,22.37114808817613
2021-01-09 01:30:00,14.171331781536802,21.57749568193425
2021-01-09 02:00:00,13.918444061443607,21.740998962860232
2021-01-09 02:30:00,14.011345565723156,20.437170133592897
2021-01-09 03:00:00,14.14717024283569,21.03391758741995
2021-01-09 03:30:00,14.081469397113326,20.289890748452066
2021-01-09 04:00:00,14.05604040096254,21.346749678195458
2021-01-09 04:30:00,14.021704148446421,20.837413198133373
2021-01-09 05:00:00,14.175711213232598,20.437770553725915
2021-01-09 05:30:00,14.048083885566646,21.172233673918225
2021-01-09 06:00:00,14.064103760688003,21.149563763038604
2021-01-09 06:30:00,14.158407958382695,20.712781313682424
2021-01-09 07:00:00,14.14569097674903,21.13356304286295
2021-01-09 07:30:00,14.422392780165994,22.94878887796526
2021-01-09 08:00:00,14.265255977444992,22.56005601163418
2021-01-09 08:30:00,14.164307716335554,23.866874466948204
2021-01-09 09:00:00,14.295810108686803,23.688489290403375
2021-01-09 09:30:00,14.538051740232355,24.849229178674694
2021-01-09 10:00:00,14.659529893688108,24.689231194384643
2021-01-09 10:30:00,14.73399185980102,25.077933323243986
2021-01-09 11:00:00,14.73776761966162,27.190601379855295
2021-01-09 11:30:00,14.937711125671916,27.305548360063
2021-01-09 12:00:00,15.130281148993086,27.73260623754103
2021-01-09 12:30:00,15.155779886474505,27.060611167287092
2021-01-09 13:00:00,15.043178135148805,28.158205491761375
2021-01-09 13:30:00,15.240910462794854,28.32308161261323
2021-01-09 14:00:00,15.186645286400346,28.61267103256898
2021-01-09 14:30:00,15.11785622778871,28.981344087273047
2021-01-09 15:00:00,15.207674501677266,28.356074927709383
2021-01-09 15:30:00,15.24978711253109,28.749153005000302
2021-01-09 16:00:00,15.312378615393369,28.91835567896739
2021-01-09 16:30:00,15.13687815772208,28.639598048624677
2021-01-09 17:00:00,15.06503002898477,28.441030471609
2021-01-09 17:30:00,15.097411602418347,28.254433366384443
2021-01-09 18:00:00,15.068004327151453,27.204583548823212
2021-01-09 18:30:00,15.116086108166721,27.688756932906706
2021-01-09 19:00:00,14.914301380481703,27.293988273186837
2021-01-09 19:30:00,15.252750242647041,26.91989564839236
2021-01-09 20:00:00,15.01421836423237,25.61957912365802
2021-01-09 20:30:00,14.82404743027403,26.20742686810519
2021-01-09 21:00:00,14.721361165081236,25.458526669943286
2021-01-09 21:30:00,14.658178017823326,23.806802266592328
2021-01-09 22:00:00,14.606966420526456,23.101075010875626
2021-01-09 22:30:00,14.496299385795133,22.698170595462383
2021-01-09 23:00:00,14.333082844342607,21.835904667487522
2021-01-09 23:30:00,14.264561342366447,21.930520374637926
2021-01-10 00:00:00,14.644530919420161,22.491934686600754
2021-01-10 00:30:00,14.541464175079971,21.14612498605861
2021-01-10 01:00:00,14.500445745759507,20.277565601355477
2021-01-10 01:30:00,14.298822963884986,21.134395368996497
2021-01-10 02:00:00,14.201105974226618,19.880352298832637
2021-01-10 02:30:00,14.294933225790379,20.165352583509843
2021-01-10 03:00:00,14.235856319649152,20.4195604226463
2021-01-10 03:30:00,14.271612428667723,20.497134906913868
2021-01-10 04:00:00,14.349710630362638,20.45488967965488
2021-01-10 04:30:00,14.267076156348205,19.470654721365378
2021-01-10 05:00:00,14.366606968047346,20.151747024716
2021-01-10 05:30:00,14.13584369698282,19.945546863524488
2021-01-10 06:00:00,14.402180356373243,20.594895005646887
2021-01-10 06:30:00,14.485904810117878,21.299404431128334
2021-01-10 07:00:00,14.38282638808322,21.885484615007766
2021-01-10 07:30:00,14.50971957870104,22.218857264129806
2021-01-10 08:00:00,14.511620072361847,22.273520226381653
2021-01-10 08:30:00,14.499074352842271,22.72015129431381
2021-01-10 09:00:00,14.789915346132645,22.898663519609748
2021-01-10 09:30:00,14.717361795044027,23.57830641164253
2021-01-10 10:00:00,14.767314897205688,24.087809996115094
2021-01-10 10:30:00,15.013479363155954,24.446028649595764
2021-01-10 11:00:00,15.043108130205813,25.819318268355982
2021-01-10 11:30:00,14.946651205968775,26.01315936280696
2021-01-10 12:00:00,15.082553291862352,25.807042925963227
2021-01-10 12:30:00,15.09515220202653,26.620209710566662
2021-01-10 13:00:00,15.299596958727161,26.3425679620806
2021-01-10 13:30:00,15.347526491276888,27.963547447934168
2021-01-10 14:00:00,15.245116461888657,27.63587241139867
2021-01-10 14:30:00,15.48439389812249,29.03655563081832
2021-01-10 15:00:00,15.392696792894839,27.979381369860555
2021-01-10 15:30:00,15.443193340601422,28.182314007833025
2021-01-10 16:00:00,15.57356792817879,28.349429984620834
2021-01-10 16:30:00,15.369919104484458,27.535084368650214
2021-01-10 17:00:00,15.495631755484048,27.84235063773669
2021-01-10 17:30:00,15.409361386522935,27.99111530271288
2021-01-10 18:00:00,15.140821118285555,28.08085942370016
2021-01-10 18:30:00,15.19466745886152,26.922940887193274
2021-01-10 19:00:00,15.243134160940958,26.4837503744722
2021-01-10 19:30:00,15.142117046355615,27.3081008790004
2021-01-10 20:00:00,15.25353764926457,26.63560620528311
2021-01-10 20:30:00,15.092064241086337,25.970120828828602
2021-01-10 21:00:00,15.07952226077828,25.487288572101658
2021-01-10 21:30:00,15.02472397902918,24.658140591416405
2021-01-10 22:00:00,14.914253114241736,22.807140434314867
2021-01-10 22:30:00,14.744858398521044,23.16383003898763
2021-01-10 23:00:00,15.011827594393834,23.013393717037726
2021-01-10 23:30:00,14.653556622618286,22.54449588129053
2021-01-11 00:00:00,14.089137678449351,22.037278989399713
2021-01-11 00:30:00,14.142817620016965,21.37801188365722
2021-01-11 01:00:00,13.796485021851135,21.609789754296493
2021-01-11 01:30:00,13.982924371155935,21.14591847905174
2021-01-11 02:00:00,13.84624202272755,21.6729215135015
2021-01-11 02:30:00,13.940769260328496,20.60281326848998
2021-01-11 03:00:00,13.83104806095196,20.623932711658398
2021-01-11 03:30:00,13.804116898480327,20.66582550077419
2021-01-11 04:00:00,13.919904335420316,19.877957195229868
2021-01-11 04:30:00,13.798366942787672,20.613683382402158
2021-01-11 05:00:00,13.75226180959893,20.445068438138872
2021-01-11 05:30:00,13.924725232600265,20.935982296856015
2021-01-11 06:00:00,14.046375836339854,20.803023558037324
2021-01-11 06:30:00,13.913649782982503,21.242785899530606
2021-01-11 07:00:00,13.981560167282508,21.142698839226476
2021-01-11 07:30:00,14.068915262363578,21.79168277675259
2021-01-11 08:00:00,14.038243671316764,23.046694855286574
2021-01-11 08:30:00,14.29949365392792,24.452557651601946
2021-01-11 09:00:00,14.270581766981028,24.60442688810182
2021-01-11 09:30:00,14.313237909222355,25.675241029793135
2021-01-11 10:00:00,14.391593443224902,25.90626079698287
2021-01-11 10:30:00,14.435148575889693,26.72266880810818
2021-01-11 11:00:00,14.542317109373002,27.60066941042941
2021-01-11 11:30:00,14.683136001995733,28.240719565641637
2021-01-11 12:00:00,14.836994716439925,27.818309232625296
2021-01-11 12:30:00,14.815841980152403,29.3234770847615
2021-01-11 13:00:00,15.051352599876413,28.984618160069513
2021-01-11 13:30:00,14.756715924594255,28.743927896578505
2021-01-11 14:00:00,14.85495696902729,29.989728392283414
2021-01-11 14:30:00,14.860453759688701,30.166037298090963
2021-01-11 15:00:00,15.095575933791428,29.852969597013537
2021-01-11 15:30:00,15.144503493559727,30.256231329436268
2021-01-11 16:00:00,15.065670420980414,30.7444902170596
2021-01-11 16:30:00,15.107257224977186,28.946541768528732
2021-01-11 17:00:00,15.01689754878642,28.303404709058967
2021-01-11 17:30:00,15.070720731210438,27.81403963115773
2021-01-11 18:00:00,14.950805049117315,28.71621953183198
2021-01-11 18:30:00,15.028791673493766,27.860517179093282
2021-01-11 19:00:00,14.985479374418796,27.601242486574012
2021-01-11 19:30:00,14.76950849402609,26.906745533163917
2021-01-11 20:00:00,14.716891483765894,26.789122700224034
2021-01-11 20:30:00,14.637261136186611,25.51703401727005
2021-01-11 21:00:00,14.560621769985268,25.664014344470527
2021-01-11 21:30:00,14.664554771496286,24.57152018290346
2021-01-11 22:00:00,14.590795864730831,24.994907296308963
2021-01-11 22:30:00,14.497693521733355,24.26264375346959
2021-01-11 23:00:00,14.382654682569108,22.760631937228826
2021-01-11 23:30:00,14.250983009030822,23.23738723225775
2021-01-12 00:00:00,14.113923840364322,22.901927387666554
2021-01-12 00:30:00,14.198994313498554,23.172126908223934
2021-01-12 01:00:00,14.198107397771198,22.831637503398447
2021-01-12 01:30:00,14.154964569845205,21.730500431085094
2021-01-12 02:00:00,13.884024894149967,22.652190046748036
2021-01-12 02:30:00,13.91331418358722,21.179049630207217
2021-01-12 03:00:00,14.042853527991024,21.318458745975178
2021-01-12 03:30:00,14.037541758598897,20.30640580016852
2021-01-12 04:00:00,13.831055322182825,21.380076876343924
2021-01-12 04:30:00,13.946296969957979,20.277721377465255
2021-01-12 05:00:00,13.991001051386785,20.826776538903957
2021-01-12 05:30:00,14.118829001358572,20.465227804008556
2021-01-12 06:00:00,13.913734646295552,21.809350827260015
2021-01-12 06:30:00,14.110915067325609,22.45161178858379
2021-01-12 07:00:00,14.024922807222774,22.39672295384038
2021-01-12 07:30:00,14.205726739572944,23.54645573762502
2021-01-12 08:00:00,14.287474373350323,24.34687279192794
2021-01-12 08:30:00,14.42821802052033,24.734896983594762
2021-01-12 09:00:00,14.280187098280038,25.99443438592748
2021-01-12 09:30:00,14.444981757098756,25.910221105099968
2021-01-12 10:00:00,14.620353410184753,26.278852566484225
2021-01-12 10:30:00,14.666327104682694,26.67916300307551
2021-01-12 11:00:00,14.55141061254157,27.558163008003447
2021-01-12 11:30:00,14.458397016723568,28.21087514318102
2021-01-12 12:00:00,14.736715705794696,29.149078998107058
2021-01-12 12:30:00,14.777293288920195,28.60926695055777
2021-01-12 13:00:00,14.878180167805654,29.17537247509577
2021-01-12 13:30:00,14.952006595349602,30.01415035934108
2021-01-12 14:00:00,15.100832965088253,30.622630666330416
2021-01-12 14:30:00,15.173039388825826,30.113639261742872
2021-01-12 15:00:00,15.164266201278913,31.64585565804485
2021-01-12 15:30:00,14.960034333080912,30.950309937721297
2021-01-12 16:00:00,14.937131813092044,30.190873964497026
2021-01-12 16:30:00,14.826791275046931,30.55474830744896
2021-01-12 17:00:00,14.943840703096548,30.799710916283118
2021-01-12 17:30:00,15.11095721277749,29.26305694928214
2021-01-12 18:00:00,14.965540783057062,29.55533677924546
2021-01-12 18:30:00,14.941002908329958,28.804554235574894
2021-01-12 19:00:00,15.019798078319447,28.50237758656567
2021-01-12 19:30:00,14.732118459618277,27.43247516814036
2021-01-12 20:00:00,14.790087477528473,27.365687262424103
2021-01-12 20:30:00,14.848210114527058,26.21218255571301
2021-01-12 21:00:00,14.531017318471541,25.393477701900242
2021-01-12 21:30:00,14.569157520537226,24.18643454527908
2021-01-12 22:00:00,14.510787081472312,25.075799719369748
2021-01-12 22:30:00,14.398660619940667,23.785718347504837
2021-01-12 23:00:00,14.606834365792833,23.43002891345677
2021-01-12 23:30:00,14.37066230140145,23.391724405346448
2021-01-13 00:00:00,13.785675803688601,22.48714089453795
2021-01-13 00:30:00,13.816859834020395,21.697874512090532
2021-01-13 01:00:00,13.720977183321112,21.672733519824206
2021-01-13 01:30:00,13.75641713658912,21.381795055780643
2021-01-13 02:00:00,13.645648685330631,21.442489591486996
2021-01-13 02:30:00,13.75758230335354,20.77857534655272
2021-01-13 03:00:00,13.679339736214919,19.562578320600355
2021-01-13 03:30:00,13.459209573278672,20.818207080381775
2021-01-13 04:00:00,13.559949881649297,20.695233303371317
2021-01-13 04:30:00,13.667333773601484,19.72499991769642
2021-01-13 05:00:00,13.551754972569695,20.571198187307786
2021-01-13 05:30:00,13.775887924576478,20.89312856177756
2021-01-13 06:00:00,13.486261357089907,21.599342135861477
2021-01-13 06:30:00,13.77578290299949,20.485222420206174
2021-01-13 07:00:00,13.663394168690203,21.577358117207233
2021-01-13 07:30:00,13.937842297072741,22.05383555779356
2021-01-13 08:00:00,13.862885986057051,22.912506270915173
2021-01-13 08:30:00,14.014728643115351,23.208771268710734
2021-01-13 09:00:00,14.11600515918161,24.285047624578493
2021-01-13 09:30:00,14.171315972947184,24.32607104059174
2021-01-13 10:00:00,14.11976224855209,24.483749388479346
2021-01-13 10:30:00,14.395256847535553,26.050593804773733
2021-01-13 11:00:00,14.31812764378083,25.908781002524037
2021-01-13 11:30:00,14.540118248206403,25.98298135973381
2021-01-13 12:00:00,14.472645187973459,27.28036572844129
2021-01-13 12:30:00,14.655550879644801,27.117856149616387
2021-01-13 13:00:00,14.677710314505479,27.544734404931628
2021-01-13 13:30:00,14.652270006374302,28.06822896783775
2021-01-13 14:00:00,14.659286096137292,29.075224013238643
2021-01-13 14:30:00,14.608556285982708,28.173480537008846
2021-01-13 15:00:00,14.720180342203768,28.84047036640459
2021-01-13 15:30:00,14.72545142008577,28.411384629627594
2021-01-13 16:00:00,14.744700810184503,27.767340785871234
2021-01-13 16:30:00,15.08431287849207,27.79855986896576
2021-01-13 17:00:00,14.654789260560431,27.85703828163698
2021-01-13 17:30:00,14.716954227471525,26.77834784557506
2021-01-13 18:00:00,14.798934368188435,26.35575814248419
2021-01-13 18:30:00,14.906113751426394,27.426545349642634
2021-01-13 19:00:00,14.6289295139864,27.572122723355637
2021-01-13 19:30:00,14.635069761109172,25.34259090798475
2021-01-13 20:00:00,14.587027846079712,24.567856610210693
2021-01-13 20:30:00,14.471069692878803,25.73537851342141
2021-01-13 21:00:00,14.384322009981245,25.54563704818127
2021-01-13 21:30:00,14.197972621821892,24.50276106015899
2021-01-13 22:00:00,14.06417608690506,24.032610316814463
2021-01-13 22:30:00,13.968569147080304,23.370056062044032
2021-01-13 23:00:00,14.016748127425565,22.732833178098282
2021-01-13 23:30:00,14.042415690786001,22.081892405142593
2021-01-14 00:00:00,14.472431633078806,22.022884287194167
2021-01-14 00:30:00,14.398872568810066,21.89365205127897
2021-01-14 01:00:00,14.385538580808339,20.653464581817705
2021-01-14 01:30:00,14.487497243288665,20.132930188581124
2021-01-14 02:00:00,14.294929442077324,20.374171962902913
2021-01-14 02:30:00,14.223663394718912,19.957208054579304
2021-01-14 03:00:00,14.086758303090567,20.84996866627041
2021-01-14 03:30:00,14.179774064392777,20.935497813879834
2021-01-14 04:00:00,14.098603900953956,20.40797198796449
2021-01-14 04:30:00,14.08314936676869,20.063924118697674
2021-01-14 05:00:00,13.985003296593597,20.24292336726322
2021-01-14 05:30:00,14.293138791990879,20.7549183410075
2021-01-14 06:00:00,14.217232005642112,21.166162520063324
2021-01-14 06:30:00,14.2598309962207,21.684066535537106
2021-01-14 07:00:00,14.30076734830647,23.180911064851177
2021-01-14 07:30:00,14.355407434168143,23.22857145357187
2021-01-14 08:00:00,14.379225699197582,23.97078237762908
2021-01-14 08:30:00,14.653121408958926,23.96097477948226
2021-01-14 09:00:00,14.716076580274093,24.929249260306104
2021-01-14 09:30:00,14.594338403734328,24.01941282086518
2021-01-14 10:00:00,14.878955444954299,24.98932724438225
2021-01-14 10:30:00,14.744383094842746,26.0463092554291
2021-01-14 11:00:00,14.78781182223136,25.969812867015545
2021-01-14 11:30:00,15.26094377743441,27.0160762095753
2021-01-14 12:00:00,15.101940865975685,28.507344201772685
2021-01-14 12:30:00,15.128585029507107,29.652419542831893
2021-01-14 13:00:00,15.026625708132842,28.96048150268372
2021-01-14 13:30:00,15.22202615875466,28.84169671748838
2021-01-14 14:00:00,15.263553336973526,29.107130391063645
2021-01-14 14:30:00,15.078431211303947,29.256472640224843
2021-01-14 15:00:00,15.207899905749125,27.941858297929592
2021-01-14 15:30:00,15.200917107273511,28.87720947770485
2021-01-14 16:00:00,15.170239108896519,29.110355204328805
2021-01-14 16:30:00,15.501774158416083,28.902919775386543
2021-01-14 17:00:00,15.382408683710464,28.643378260839015
2021-01-14 17:30:00,15.281821187333387,27.8264266330162
2021-01-14 18:00:00,15.093413726409036,28.437002394268085
2021-01-14 18:30:00,15.252137088788677,27.732439464369666
2021-01-14 19:00:00,15.20895131054537,26.789245176063268
2021-01-14 19:30:00,15.048720220825194,27.682892103956558
2021-01-14 20:00:00,15.216290163536978,27.470715344924184
2021-01-14 20:30:00,14.976099795658435,25.91645253186073
2021-01-14 21:00:00,15.046060279668016,26.341127667047168
2021-01-14 21:30:00,14.720418019844642,24.848072092405136
2021-01-14 22:00:00,14.796407871677932,25.73412143971397
2021-01-14 22:30:00,14.44316835719793,25.900351098327913
2021-01-14 23:00:00,14.696187526860392,23.951609462165322
2021-01-14 23:30:00,14.400961523101335,23.953521407354412
2021-01-15 00:00:00,14.053565399747281,22.1880231144046
2021-01-15 00:30:00,14.160961708419816,22.388636444750627
2021-01-15 01:00:00,13.935360886769368,22.38845959584377
2021-01-15 01:30:00,13.953531087305404,21.53654990329132
2021-01-15 02:00:00,13.976309510131596,22.27199509400727
2021-01-15 02:30:00,13.863748794111661,22.003004131681674
2021-01-15 03:00:00,13.970809426959685,20.99935112252487
2021-01-15 03:30:00,13.726331494980158,21.053720096872848
2021-01-15 04:00:00,13.861147191790655,21.00404468200438
2021-01-15 04:30:00,13.757838242753575,21.16732523177454
2021-01-15 05:00:00,13.732008261683866,22.118599617394455
2021-01-15 05:30:00,13.94083355270462,21.72662788443577
2021-01-15 06:00:00,13.964782935773034,23.36971900856161
2021-01-15 06:30:00,13.968071226390348,23.706552924749392
2021-01-15 07:00:00,13.913510049460738,23.29295978202002
2021-01-15 07:30:00,14.218799234806463,25.41579734292242
2021-01-15 08:00:00,14.048850027897661,26.092614159891127
2021-01-15 08:30:00,14.330672988108912,24.562150497231112
2021-01-15 09:00:00,14.402582955013168,25.725053979431355
2021-01-15 09:30:00,14.377201997417274,25.32796924384763
2021-01-15 10:00:00,14.420090259487967,26.53612018527767
2021-01-15 10:30:00,14.311656947424277,28.29977576231146
2021-01-15 11:00:00,14.65957696688691,28.527511851352102
2021-01-15 11:30:00,14.725965430759413,28.261091339057362
2021-01-15 12:00:00,14.702028555860299,28.993220769127927
2021-01-15 12:30:00,14.823077761877316,30.019646713187576
2021-01-15 13:00:00,14.792173517697847,30.49521637735183
2021-01-15 13:30:00,15.026738137595256,31.50231549016297
2021-01-15 14:00:00,14.867897322689679,30.316606443260735
2021-01-15 14:30:00,15.069933682312563,31.20842244114021
2021-01-15 15:00:00,14.774461269732686,30.917932363003324
2021-01-15 15:30:00,14.911107178624016,31.018373384809205
2021-01-15 16:00:00,14.948146385956864,31.25174118054172
2021-01-15 16:30:00,15.048165342847751,31.88156188187572
2021-01-15 17:00:00,14.943812166366843,30.32677377709685
2021-01-15 17:30:00,14.70165462897712,31.369148058310632
2021-01-15 18:00:00,15.012190847472562,30.268397895775912
2021-01-15 18:30:00,14.791452978542758,29.335933929021547
2021-01-15 19:00:00,14.955488094530459,29.387776462962172
2021-01-15 19:30:00,14.808130321601851,29.236823343399116
2021-01-15 20:00:00,15.022271591038258,28.99230591647386
2021-01-15 20:30:00,14.455247145343398,27.58037936761298
2021-01-15 21:00:00,14.716721666246464,27.426133477555567
2021-01-15 21:30:00,14.63656020186812,26.50717992251124
2021-01-15 22:00:00,14.534596363670127,26.150401637258025
2021-01-15 22:30:00,14.145205943892453,23.905572496939026
2021-01-15 23:00:00,14.27228464031702,23.521595140502377
2021-01-15 23:30:00,14.274880216489821,22.868191546965207
2021-01-16 00:00:00,14.253103604121154,22.94774529168614
2021-01-16 00:30:00,14.325143809350582,21.808211478417558
2021-01-16 01:00:00,14.187802343829212,21.462595746537705
2021-01-16 01:30:00,14.118409388203657,20.979270322229052
2021-01-16 02:00:00,13.984203531812007,21.494136491927765
2021-01-16 02:30:00,14.035209812299007,20.41109085221191
2021-01-16 03:00:00,13.98110353324266,20.33498916675626
2021-01-16 03:30:00,13.822351938706147,21.470367081522536
2021-01-16 04:00:00,13.85693498824288,20.563707235107902
2021-01-16 04:30:00,13.910975979673903,20.72111870095414
2021-01-16 05:00:00,13.873841586880742,20.183144643095243
2021-01-16 05:30:00,13.744337876454994,21.603747194035446
2021-01-16 06:00:00,13.840907231870595,21.092975001924966
2021-01-16 06:30:00,13.949534963683954,22.666584635856
2021-01-16 07:00:00,13.820030378069601,22.059807394843354
2021-01-16 07:30:00,14.003106349519587,23.210998745115667
2021-01-16 08:00:00,14.088821300994733,24.202501058883865
2021-01-16 08:30:00,14.440788085257985,24.890763190572276
2021-01-16 09:00:00,14.315165110180287,25.0222699206288
2021-01-16 09:30:00,14.423192030621454,25.77533617637734
2021-01-16 10:00:00,14.383024220095862,26.520974395651322
2021-01-16 10:30:00,14.595746986046084,26.620070963415365
2021-01-16 11:00:00,14.57086758369086,27.318466360828765
2021-01-16 11:30:00,14.903948738074474,26.795594436170177
2021-01-16 12:00:00,14.84913362587116,27.61342450094631
2021-01-16 12:30:00,15.122566766503056,28.86290386115421
2021-01-16 13:00:00,14.839845448758803,29.215074225403377
2021-01-16 13:30:00,14.848687350328003,30.08189681377053
2021-01-16 14:00:00,15.069398972136216,30.936260518093846
2021-01-16 14:30:00,15.25060534958642,30.548740009259493
2021-01-16 15:00:00,15.086139363765604,28.816932752530036
2021-01-16 15:30:00,14.904658789714768,30.16237888642357
2021-01-16 16:00:00,15.002482797429996,29.718754850585096
2021-01-16 16:30:00,15.248892105030606,30.18668349796463
2021-01-16 17:00:00,14.871634650920502,30.634568746416942
2021-01-16 17:30:00,15.092956547400656,30.438017464590907
2021-01-16 18:00:00,15.015358817633944,29.341606704517655
2021-01-16 18:30:00,14.857929064061025,28.060078933123453
2021-01-16 19:00:00,14.929184795535724,28.5559226491449
2021-01-16 19:30:00,14.678697250418143,28.789777964399082
2021-01-16 20:00:00,14.787590704850615,27.33960892113199
2021-01-16 20:30:00,14.725031652113898,26.235365924296527
2021-01-16 21:00:00,14.649547136749666,27.13789512496056
2021-01-16 21:30:00,14.347513826642468,26.774200884160198
2021-01-16 22:00:00,14.656972743323546,24.815856442867634
2021-01-16 22:30:00,14.449188189659292,24.98077489114766
2021-01-16 23:00:00,14.226957870107006,24.408835687790358
2021-01-16 23:30:00,14.188976491557918,24.85688233027513
2021-01-17 00:00:00,13.889913259790832,24.456865697018376
2021-01-17 00:30:00,14.041094852461352,24.210832577890937
2021-01-17 01:00:00,14.006539831731796,22.1966962483065
2021-01-17 01:30:00,14.126060819136054,23.68649224294189
2021-01-17 02:00:00,13.832440451714913,22.470045998870763
2021-01-17 02:30:00,13.805318105836866,21.5932750801691
2021-01-17 03:00:00,13.930316959693545,22.680875061220842
2021-01-17 03:30:00,13.911501593821304,22.3100422815864
2021-01-17 04:00:00,13.899590123320532,22.533451407856237
2021-01-17 04:30:00,13.90688712006872,21.470175363538683
2021-01-17 05:00:00,13.929241835387387,21.892779852801542
2021-01-17 05:30:00,13.790863841640503,22.726043310365068
2021-01-17 06:00:00,13.829507570823324,21.667325059919
2021-01-17 06:30:00,13.886943513514774,23.05543764451297
2021-01-17 07:00:00,13.905183965941319,22.217981833175763
2021-01-17 07:30:00,14.15649178280297,23.322441863237103
2021-01-17 08:00:00,14.222919373514987,24.343272966500496
2021-01-17 08:30:00,14.168692404060486,24.979519960690972
2021-01-17 09:00:00,14.273786890859098,24.738064511498
2021-01-17 09:30:00,14.33414926404571,25.73625968142599
2021-01-17 10:00:00,14.283685958961847,26.642002902862643
2021-01-17 10:30:00,14.361588588318305,25.811175379175467
2021-01-17 11:00:00,14.599325749019073,27.082878530157117
2021-01-17 11:30:00,14.759128085811549,28.000472316806714
2021-01-17 12:00:00,14.727064349527447,28.31424615122904
2021-01-17 12:30:00,14.863786285192308,28.012735483111953
2021-01-17 13:00:00,14.660072423846039,28.604533100824277
2021-01-17 13:30:00,15.04647172189084,30.113243036209663
2021-01-17 14:00:00,14.958363069217713,30.562164769580885
2021-01-17 14:30:00,14.80946006932784,29.002820167791914
2021-01-17 15:00:00,15.012756583986091,30.268436759657188
2021-01-17 15:30:00,14.891695004178024,30.948943430640707
2021-01-17 16:00:00,15.049834375280819,30.441479925000174
2021-01-17 16:30:00,14.901921324945583,29.282044296924465
2021-01-17 17:00:00,15.064569258913169,29.9895389419844
2021-01-17 17:30:00,14.965826225440306,30.247632459513365
2021-01-17 18:00:00,14.836326117184937,29.868477259450493
2021-01-17 18:30:00,14.823232699923489,29.54745406526834
2021-01-17 19:00:00,14.904217219712946,29.236554010457468
2021-01-17 19:30:00,14.83878984071049,27.66219335798169
2021-01-17 20:00:00,14.623477666108496,28.62642001810495
2021-01-17 20:30:00,14.655081282855079,27.688840623341488
2021-01-17 21:00:00,14.679219743382767,27.29730794505692
2021-01-17 21:30:00,14.39663429704648,26.486311085457494
2021-01-17 22:00:00,14.385135448398037,26.979923390012022
2021-01-17 22:30:00,14.328430757615312,24.95806029116745
2021-01-17 23:00:00,14.322655340049309,25.309592148045134
2021-01-17 23:30:00,14.35615476089516,23.578881706578333
2021-01-18 00:00:00,13.803029692526007,22.97927708571422
2021-01-18 00:30:00,13.449711740307738,22.385895822886365
2021-01-18 01:00:00,13.516072315711277,22.97241790671368
2021-01-18 01:30:00,13.571272139681728,22.62678644193263
2021-01-18 02:00:00,13.508059396835906,22.49915105366745
2021-01-18 02:30:00,13.458428380691604,22.66457979542352
2021-01-18 03:00:00,13.42032864671518,22.636471644188642
2021-01-18 03:30:00,13.264583267632322,22.425554892743254
2021-01-18 04:00:00,13.233087851060654,21.22869845558523
2021-01-18 04:30:00,13.493270002762406,22.30173082441126
2021-01-18 05:00:00,13.305431713899775,22.377524417353936
2021-01-18 05:30:00,13.391675031263404,22.395964775212356
2021-01-18 06:00:00,13.58912971017876,22.709705987508208
2021-01-18 06:30:00,13.630052683809877,22.61093184511004
2021-01-18 07:00:00,13.591654289473796,23.105409454307534
2021-01-18 07:30:00,13.593487897832011,23.82437348231346
2021-01-18 08:00:00,13.52139495066674,25.129929884495546
2021-01-18 08:30:00,13.819679708213176,25.302399447540612
2021-01-18 09:00:00,13.738138759914778,26.017946208422796
2021-01-18 09:30:00,14.015938497059398,26.31659346464584
2021-01-18 10:00:00,14.009463083636591,26.7957287538563
2021-01-18 10:30:00,13.954575844003346,28.290009661916798
2021-01-18 11:00:00,14.132570038759123,29.401268412430554
2021-01-18 11:30:00,14.218057310672755,28.3494368709122
2021-01-18 12:00:00,14.213963170863087,28.845503469622674
2021-01-18 12:30:00,14.24608874468284,29.94156498656601
2021-01-18 13:00:00,14.449455597288898,30.663884570766605
2021-01-18 13:30:00,14.434793087378038,30.820606930325706
2021-01-18 14:00:00,14.47558353062956,30.916808660864866
2021-01-18 14:30:00,14.462364325006863,31.436774748894795
2021-01-18 15:00:00,14.707480659390411,31.291592499378147
2021-01-18 15:30:00,14.610784849472436,30.54517969270538
2021-01-18 16:00:00,14.464479958491221,30.461822867505926
2021-01-18 16:30:00,14.73156299125052,29.764273778129514
2021-01-18 17:00:00,14.655917341814947,30.20573529758263
2021-01-18 17:30:00,14.433708102560361,31.68330178110205
2021-01-18 18:00:00,14.590805341415685,30.854683587364736
2021-01-18 18:30:00,14.606653118172012,29.664246876139597
2021-01-18 19:00:00,14.478778692902077,29.330112340893802
2021-01-18 19:30:00,14.313340913508629,28.958038151544436
2021-01-18 20:00:00,14.341984354056214,27.761696953843106
2021-01-18 20:30:00,14.416379151375894,28.272385591303458
2021-01-18 21:00:00,14.043740520839927,28.102507581778205
2021-01-18 21:30:00,14.23474950906199,27.17164815170314
2021-01-18 22:00:00,13.993706831970254,26.388588049078873
2021-01-18 22:30:00,13.834691559298115,26.066947707897043
2021-01-18 23:00:00,13.954994881582143,25.497322977769752
2021-01-18 23:30:00,13.694159944082747,25.117811062980678
2021-01-19 00:00:00,14.12999072444622,24.461533008409084
2021-01-19 00:30:00,14.20273357747732,24.228718288505867
2021-01-19 01:00:00,14.15392244983097,23.753395766692133
2021-01-19 01:30:00,13.987015622049128,23.038089724887065
2021-01-19 02:00:00,14.011450958686126,22.803438439278978
2021-01-19 02:30:00,14.041815044528798,23.424339567413778
2021-01-19 03:00:00,14.09428755490296,23.244865169042633
2021-01-19 03:30:00,13.870743230274362,23.677160982351086
2021-01-19 04:00:00,13.872463103195564,23.535468518836986
2021-01-19 04:30:00,14.06644455743087,23.172215402520784
2021-01-19 05:00:00,13.865820419346743,23.831322515879634
2021-01-19 05:30:00,13.861375979059856,22.736237595446166
2021-01-19 06:00:00,14.006585549809868,23.37572181984891
2021-01-19 06:30:00,14.2536246420544,24.068518746010938
2021-01-19 07:00:00,14.20170568536027,24.538112116949293
2021-01-19 07:30:00,14.171732157547021,25.348088848624343
2021-01-19 08:00:00,14.178655649204202,25.135266600143698
2021-01-19 08:30:00,14.421327813566805,25.325403726375395
2021-01-19 09:00:00,14.347506291253797,26.39581545465954
2021-01-19 09:30:00,14.323105933543234,27.387608271559305
2021-01-19 10:00:00,14.574021620512486,27.40846242888794
2021-01-19 10:30:00,14.573580359698418,28.47156810664392
2021-01-19 11:00:00,14.614854897776793,28.31911591878387
2021-01-19 11:30:00,14.843144019065067,29.199589573072146
2021-01-19 12:00:00,14.815174874688294,28.96542273473935
2021-01-19 12:30:00,14.83668231050825,30.015361505807565
2021-01-19 13:00:00,15.0819778309645,29.25012033108239
2021-01-19 13:30:00,15.05964237627009,29.792296436924087
2021-01-19 14:00:00,15.119830921245915,30.636168432694735
2021-01-19 14:30:00,15.22619167373522,30.28487258073124
2021-01-19 15:00:00,15.217589177112778,29.970195394106458
2021-01-19 15:30:00,15.354658312980582,30.02105815722479
2021-01-19 16:00:00,15.142691707004238,29.535158416617257
2021-01-19 16:30:00,15.149718128189576,30.77181629687442
2021-01-19 17:00:00,15.071222787561556,29.404850375239963
2021-01-19 17:30:00,14.93834394700662,30.073538417180117
2021-01-19 18:00:00,15.046402129860574,29.51782062199558
2021-01-19 18:30:00,15.155867152126191,28.452205899002582
2021-01-19 19:00:00,14.747632697489191,28.146424340712684
2021-01-19 19:30:00,14.993285691756531,27.171515564800437
2021-01-19 20:00:00,14.7508241551215,26.59196116552002
2021-01-19 20:30:00,14.83278589582354,26.75698838758931
2021-01-19 21:00:00,14.732812370313464,25.605005502596818
2021-01-19 21:30:00,14.659737536007647,26.219273844385
2021-01-19 22:00:00,14.312672051346203,25.959060622871217
2021-01-19 22:30:00,14.382351878656468,24.93145326090812
2021-01-19 23:00:00,14.45139354688651,24.08653081261392
2021-01-19 23:30:00,14.220434842100937,23.050461038337552
2021-01-20 00:00:00,13.907456677118073,22.824678723083583
2021-01-20 00:30:00,13.783214869777975,22.698997303498235
2021-01-20 01:00:00,13.82793038011812,22.08745399988364
2021-01-20 01:30:00,13.752517168943552,22.73618439524724
2021-01-20 02:00:00,13.61435660678456,21.72332135065916
2021-01-20 02:30:00,13.641825821435468,21.944373845877926
2021-01-20 03:00:00,13.636131285082808,20.74316669759123
2021-01-20 03:30:00,13.645899645227852,20.92208556776889
2021-01-20 04:00:00,13.680022063082673,20.70383241045084
2021-01-20 04:30:00,13.633781657308601,21.356326162548356
2021-01-20 05:00:00,13.714255794586029,22.335872500557247
2021-01-20 05:30:00,13.489123601632917,22.25610667364886
2021-01-20 06:00:00,13.63523519672019,20.68774880224695
2021-01-20 06:30:00,13.59002537194862,22.4038886170714
2021-01-20 07:00:00,13.580941041281898,23.15434730746389
2021-01-20 07:30:00,13.929619795450122,23.875199449100506
2021-01-20 08:00:00,13.815250520159083,25.39651244373345
2021-01-20 08:30:00,13.793093887109707,25.37330264425393
2021-01-20 09:00:00,14.010000519636,25.78575177295656
2021-01-20 09:30:00,14.096719162574807,27.09772732677909
2021-01-20 10:00:00,14.200549927785746,27.024369087464994
2021-01-20 10:30:00,14.235042734745026,28.874987055049786
2021-01-20 11:00:00,14.275561050139071,28.785847271893555
2021-01-20 11:30:00,14.567512834546855,29.191720257660485
2021-01-20 12:00:00,14.32870618788551,29.526542312441837
2021-01-20 12:30:00,14.40235832868433,30.215081324774605
2021-01-20 13:00:00,14.652164751850215,29.794591347399205
2021-01-20 13:30:00,14.641374940143539,30.27717395840287
2021-01-20 14:00:00,14.687045252650556,30.120376287089158
2021-01-20 14:30:00,14.679064778881635,30.615791456789236
2021-01-20 15:00:00,14.782810684466961,31.089368809102492
2021-01-20 15:30:00,14.833536185134793,30.54056896263171
2021-01-20 16:00:00,14.718139689945339,30.69294966011612
2021-01-20 16:30:00,14.84390460427269,30.073233173704782
2021-01-20 17:00:00,14.71802136006859,30.418301042452992
2021-01-20 17:30:00,14.539365102348187,29.75961075273103
2021-01-20 18:00:00,14.661265318808681,29.994501076354492
2021-01-20 18:30:00,14.614843546384439,30.081524167639337
2021-01-20 19:00:00,14.54648127249109,29.864683726979873
2021-01-20 19:30:00,14.45060418019002,29.083269574875015
2021-01-20 20:00:00,14.536234043968925,27.959919409146032
2021-01-20 20:30:00,14.241281791852483,27.59724589230117
2021-01-20 21:00:00,14.332967560519297,26.72385465892625
2021-01-20 21:30:00,14.247488856143297,27.237077740889692
2021-01-20 22:00:00,14.218127448903047,26.799829520990446
2021-01-20 22:30:00,13.933737956056962,25.587012503383743
2021-01-20 23:00:00,13.860929864968853,24.656029574682865
2021-01-20 23:30:00,13.90075912422404,24.13475190221284
2021-01-21 00:00:00,13.924338388699946,23.75383925535235
2021-01-21 00:30:00,14.04884315189659,23.222716934831535
2021-01-21 01:00:00,14.089323404414854,24.598214880785356
2021-01-21 01:30:00,13.966348159417365,23.01971964029664
2021-01-21 02:00:00,13.994938632940293,22.91056679085579
2021-01-21 02:30:00,13.963195987519098,22.183406075125582
2021-01-21 03:00:00,13.84960081258225,22.194181849499007
2021-01-21 03:30:00,13.924671174421787,22.23689702193493
2021-01-21 04:00:00,14.00002776449548,22.51092088087944
2021-01-21 04:30:00,13.818609841182552,22.364513804988334
2021-01-21 05:00:00,14.109742924920171,22.998404372875612
2021-01-21 05:30:00,13.94862252037814,21.970904777832764
2021-01-21 06:00:00,13.897998587673351,23.443582646776875
2021-01-21 06:30:00,14.278089482577403,23.44712968978704
2021-01-21 07:00:00,14.19038304493084,22.991781306421142
2021-01-21 07:30:00,14.090619802201717,24.005975142513954
2021-01-21 08:00:00,14.26345071699995,24.35956826089498
2021-01-21 08:30:00,14.171638398593439,25.745325504483322
2021-01-21 09:00:00,14.216818476011706,26.2454274573594
2021-01-21 09:30:00,14.325888137658298,26.523050039061022
2021-01-21 10:00:00,14.494216452501323,27.62565895273607
2021-01-21 10:30:00,14.479617137476833,28.294489535819572
2021-01-21 11:00:00,14.706707097807632,29.102464899413075
2021-01-21 11:30:00,14.789586788987524,29.034553601392957
2021-01-21 12:00:00,15.016087438294145,29.333137993036864
2021-01-21 12:30:00,15.001778667730616,30.50002196722088
2021-01-21 13:00:00,15.177279832201572,29.708048472545254
2021-01-21 13:30:00,15.007052108953797,30.294960823280373
2021-01-21 14:00:00,15.06634399962764,32.150246328147446
2021-01-21 14:30:00,14.928866619110515,30.829765190324732
2021-01-21 15:00:00,15.004986972146092,30.118603072652192
2021-01-21 15:30:00,15.280654148286139,31.40115319401094
2021-01-21 16:00:00,15.083821498042875,30.36134737505481
2021-01-21 16:30:00,15.219368532330606,30.455901515561237
2021-01-21 17:00:00,15.021388728649692,28.934485381915376
2021-01-21 17:30:00,15.11205814824387,29.741222843121154
2021-01-21 18:00:00,14.981770058320844,29.924712588593426
2021-01-21 18:30:00,14.876696191791266,28.771605865198538
2021-01-21 19:00:00,14.919503620444925,27.705584197596544
2021-01-21 19:30:00,14.942928924900034,27.847436955237253
2021-01-21 20:00:00,14.80268193443001,27.9060397442635
2021-01-21 20:30:00,14.669632696191504,26.32843208058639
2021-01-21 21:00:00,14.747237366868688,26.792402395576023
2021-01-21 21:30:00,14.684367013522207,25.30874917506125
2021-01-21 22:00:00,14.343138101176052,25.701524470919406
2021-01-21 22:30:00,14.484523544513927,23.51680754992532
2021-01-21 23:00:00,14.397435963369267,24.117516270899326
2021-01-21 23:30:00,14.174358872172933,23.601487999423743
2021-01-22 00:00:00,13.65377284202668,22.54238969445309
2021-01-22 00:30:00,13.532331075236483,21.651917446246298
2021-01-22 01:00:00,13.616435770434517,21.270416744771794
2021-01-22 01:30:00,13.534304604424216,20.699238285510596
2021-01-22 02:00:00,13.597436018961268,21.501625651158257
2021-01-22 02:30:00,13.390986077144786,22.17800973062601
2021-01-22 03:00:00,13.283054492090553,20.956046849395154
2021-01-22 03:30:00,13.336350905959586,22.357193327910718
2021-01-22 04:00:00,13.254152228049133,22.01064075613586
2021-01-22 04:30:00,13.46002062932508,21.465407155701744
2021-01-22 05:00:00,13.48348998612012,22.691201542306253
2021-01-22 05:30:00,13.280393276757238,23.67978931108312
2021-01-22 06:00:00,13.505755633548416,21.91771991884028
2021-01-22 06:30:00,13.577693825248565,22.55659913846048
2021-01-22 07:00:00,13.433688234979916,22.92776891654391
2021-01-22 07:30:00,13.705394504932544,23.28423487187673
2021-01-22 08:00:00,13.72058350079892,24.44935308073745
2021-01-22 08:30:00,13.591412931571362,24.853578250215268
2021-01-22 09:00:00,13.734604075994595,25.760807624975456
2021-01-22 09:30:00,13.873560171817035,25.80716847408043
2021-01-22 10:00:00,13.923894481756864,28.193288158153226
2021-01-22 10:30:00,13.952237710810504,28.70241912017219
2021-01-22 11:00:00,14.244608225859428,29.79362609600125
2021-01-22 11:30:00,14.075749784440607,28.61873373211445
2021-01-22 12:00:00,14.273741909361483,27.89971535654047
2021-01-22 12:30:00,14.257988830423134,30.435026461142613
2021-01-22 13:00:00,14.377882523418938,29.89300199509674
2021-01-22 13:30:00,14.40477154119192,30.26270072934827
2021-01-22 14:00:00,14.377052303518619,29.429806646435622
2021-01-22 14:30:00,14.644128663850175,30.433209285269708
2021-01-22 15:00:00,14.577055281752031,31.1007160816141
2021-01-22 15:30:00,14.724087690702781,30.498013079039275
2021-01-22 16:00:00,14.58704155365632,29.99762272577169
2021-01-22 16:30:00,14.409073869762986,29.775983386955893
2021-01-22 17:00:00,14.489176650018395,28.34990737387132
2021-01-22 17:30:00,14.453699670094561,28.564893747972768
2021-01-22 18:00:00,14.472091044296947,29.092691245862746
2021-01-22 18:30:00,14.437852729753992,27.138166675482697
2021-01-22 19:00:00,14.45097886644246,27.26473856189951
2021-01-22 19:30:00,14.419745750914412,26.929016308738536
2021-01-22 20:00:00,14.18752468993271,26.54426230950526
2021-01-22 20:30:00,14.138827388366245,26.59859064628427
2021-01-22 21:00:00,14.250556472157575,26.003249971449318
2021-01-22 21:30:00,14.125402721514874,25.03670227464419
2021-01-22 22:00:00,14.038784059692553,24.90485247170431
2021-01-22 22:30:00,13.79288834502801,23.730845642029166
2021-01-22 23:00:00,13.958785723024166,23.41326287059751
2021-01-22 23:30:00,13.803887096304964,23.56583984585542
2021-01-23 00:00:00,13.916828056138941,22.2876182659904
2021-01-23 00:30:00,13.814361244495743,21.947882860234362
2021-01-23 01:00:00,13.688238203972636,21.208813923093626
2021-01-23 01:30:00,13.65883573577571,20.53603418935606
2021-01-23 02:00:00,13.586065590744719,20.350972913036834
2021-01-23 02:30:00,13.555096949810025,19.933679140150208
2021-01-23 03:00:00,13.570520853612956,19.73459667317983
2021-01-23 03:30:00,13.440061192783297,20.656575342018524
2021-01-23 04:00:00,13.691828614161839,21.251361747195396
2021-01-23 04:30:00,13.46517614482425,20.25008846021815
2021-01-23 05:00:00,13.706561299508522,19.904941495647133
2021-01-23 05:30:00,13.626564968530555,19.531724326094604
2021-01-23 06:00:00,13.646567041107883,20.85853965865199
2021-01-23 06:30:00,13.627542421913414,21.80337014334577
2021-01-23 07:00:00,13.713002195451889,21.71514488736445
2021-01-23 07:30:00,13.904063747336105,22.516027101939017
2021-01-23 08:00:00,13.839415281692245,24.04072073741154
2021-01-23 08:30:00,13.744710074883722,23.668525837911684
2021-01-23 09:00:00,14.099498424725903,23.242480423312355
2021-01-23 09:30:00,14.080520835467347,24.62359044366445
2021-01-23 10:00:00,14.174145733417895,24.835471460852116
2021-01-23 10:30:00,14.133342140046164,24.94643334497451
2021-01-23 11:00:00,14.474139729326271,25.530409975380948
2021-01-23 11:30:00,14.415623708646118,26.481855809734718
2021-01-23 12:00:00,14.348562175838074,26.194867319580045
2021-01-23 12:30:00,14.495583304905647,28.180075807823297
2021-01-23 13:00:00,14.340079091680911,29.028877670824027
2021-01-23 13:30:00,14.687269436497717,29.245127657898973
2021-01-23 14:00:00,14.822818008374577,27.762127915383967
2021-01-23 14:30:00,14.712062723205591,28.276050956435427
2021-01-23 15:00:00,14.9338836006426,29.64550065602973
2021-01-23 15:30:00,14.72983722425393,29.8512497613607
2021-01-23 16:00:00,14.893274103166242,30.241871482752707
2021-01-23 16:30:00,14.630366118853528,28.69517138682311
2021-01-23 17:00:00,14.64639795017387,29.270148008974246
2021-01-23 17:30:00,14.862371669568535,29.500965832500718
2021-01-23 18:00:00,14.504853513591387,28.00070186324795
2021-01-23 18:30:00,14.453946460308496,28.865371187230544
2021-01-23 19:00:00,14.434128838018967,27.31038386751062
2021-01-23 19:30:00,14.382504559114773,27.628355319966662
2021-01-23 20:00:00,14.482429271530474,26.638187196821583
2021-01-23 20:30:00,14.432116614817682,26.24494309496997
2021-01-23 21:00:00,14.373700380504344,25.403346884292787
2021-01-23 21:30:00,14.11994215994281,24.97082529001668
2021-01-23 22:00:00,14.18051784460367,23.687009406987706
2021-01-23 22:30:00,14.051411835692159,23.432685785085024
2021-01-23 23:00:00,13.957659482283729,23.21989845300841
2021-01-23 23:30:00,13.979108113717581,23.89387132906466
2021-01-24 00:00:00,13.727183197709643,22.23984112946257
2021-01-24 00:30:00,13.620181964649042,20.79880451295174
2021-01-24 01:00:00,13.397439068800237,21.21358533553169
2021-01-24 01:30:00,13.535928298044215,21.054221904950055
2021-01-24 02:00:00,13.444624517130089,19.82783455160805
2021-01-24 02:30:00,13.378771424971417,19.06732377173238
2021-01-24 03:00:00,13.35421449830432,21.430072841902234
2021-01-24 03:30:00,13.253574180879632,20.57609123081705
2021-01-24 04:00:00,13.451102608846806,20.281138063477584
2021-01-24 04:30:00,13.249124709460379,20.975560011290426
2021-01-24 05:00:00,13.319097645822154,20.89740817137116
2021-01-24 05:30:00,13.39881774981105,20.603243594119192
2021-01-24 06:00:00,13.420355585905511,20.86039724987157
2021-01-24 06:30:00,13.379891304823314,20.910171873569674
2021-01-24 07:00:00,13.52469857489704,21.727713654587344
2021-01-24 07:30:00,13.67493929683888,22.052279278025065
2021-01-24 08:00:00,13.529344362314115,22.023708587084403
2021-01-24 08:30:00,13.785724766645657,23.455703220314614
2021-01-24 09:00:00,13.660168808214985,23.999693446226644
2021-01-24 09:30:00,13.936930345419336,24.763886922170407
2021-01-24 10:00:00,13.910285063317607,24.076916009243234
2021-01-24 10:30:00,13.939325404534022,25.974728100466375
2021-01-24 11:00:00,14.023018368663164,26.343901580530773
2021-01-24 11:30:00,13.942342084175749,27.365591127915373
2021-01-24 12:00:00,14.17774176642972,27.374402370606198
2021-01-24 12:30:00,14.397189232173394,27.452909511781762
2021-01-24 13:00:00,14.261590584087715,27.769930142208352
2021-01-24 13:30:00,14.43826817081081,27.719076138338497
2021-01-24 14:00:00,14.393339278011437,28.000416867334156
2021-01-24 14:30:00,14.23982083035335,28.77180904836658
2021-01-24 15:00:00,14.394898183160898,28.318830038832683
2021-01-24 15:30:00,14.46740311621659,27.62350912708196
2021-01-24 16:00:00,14.63281690527766,27.852886499364928
2021-01-24 16:30:00,14.550405135737396,27.238103633523284
2021-01-24 17:00:00,14.50715008601138,27.316051766005117
2021-01-24 17:30:00,14.454569962982253,26.581915435548552
2021-01-24 18:00:00,14.376996026903033,27.511992924282126
2021-01-24 18:30:00,14.531680727391926,25.21169407977209
2021-01-24 19:00:00,14.282526066904433,25.171652569330398
2021-01-24 19:30:00,14.283659136068154,23.38023115305198
2021-01-24 20:00:00,14.13076647824179,25.044642092961773
2021-01-24 20:30:00,14.177390984567415,23.285784602541735
2021-01-24 21:00:00,14.164135996226921,23.193421790253854
2021-01-24 21:30:00,13.864800413609865,22.749315461526997
2021-01-24 22:00:00,13.9020434580322,21.87416867807397
2021-01-24 22:30:00,13.908282272747627,22.797282745028777
2021-01-24 23:00:00,13.848942265849601,20.85121482713976
2021-01-24 23:30:00,13.746332530468841,20.70836314085913
2021-01-25 00:00:00,13.394615004737668,20.4540537534568
2021-01-25 00:30:00,13.506600168313966,18.7452629014687
2021-01-25 01:00:00,13.451873572522745,18.92828699300093
2021-01-25 01:30:00,13.2976581076545,18.54185870175412
2021-01-25 02:00:00,13.179087928586807,17.51031677422437
2021-01-25 02:30:00,13.026059582699638,18.70685643312149
2021-01-25 03:00:00,12.980131175649895,18.030727434132114
2021-01-25 03:30:00,13.115124303295747,18.336325500554352
2021-01-25 04:00:00,12.836164799811602,19.013613614563504
2021-01-25 04:30:00,12.970052033748141,19.46726888337338
2021-01-25 05:00:00,13.125165666956079,19.161549756137145
2021-01-25 05:30:00,13.133007373957671,19.971401397824756
2021-01-25 06:00:00,13.14244430494875,19.50867341644939
2021-01-25 06:30:00,13.249732228810334,20.67059816622213
2021-01-25 07:00:00,13.282621504533047,19.671097802215797
2021-01-25 07:30:00,13.3147737467966,21.352166275035305
2021-01-25 08:00:00,13.414682294070147,22.15568264362397
2021-01-25 08:30:00,13.370539815333146,21.731179159887
2021-01-25 09:00:00,13.653813331356668,22.342125895066445
2021-01-25 09:30:00,13.69842964102526,23.154339446214255
2021-01-25 10:00:00,13.687316049487729,22.932321837913943
2021-01-25 10:30:00,13.815331935647318,23.108009770641726
2021-01-25 11:00:00,13.662104251610808,24.556728323775566
2021-01-25 11:30:00,13.86695854587904,25.510629251424362
2021-01-25 12:00:00,14.075588839935088,25.379531071960145
2021-01-25 12:30:00,13.994049277823057,26.157836988370217
2021-01-25 13:00:00,14.079201238187762,26.15427209318064
2021-01-25 13:30:00,14.225895120798342,26.462977808872928
2021-01-25 14:00:00,14.090781784449675,27.19580670340845
2021-01-25 14:30:00,14.329964801654757,26.87451263867462
2021-01-25 15:00:00,14.082351494360191,27.14268812432514
2021-01-25 15:30:00,14.26664423270364,27.76055356307624
2021-01-25 16:00:00,14.217568865579883,27.334483067893466
2021-01-25 16:30:00,14.168428090875878,26.986146223456235
2021-01-25 17:00:00,14.197602684435386,26.741754249209553
2021-01-25 17:30:00,14.092677492351484,26.70283515257822
2021-01-25 18:00:00,14.329137426366879,26.85844082871283
2021-01-25 18:30:00,14.019121570117063,25.829095472378857
2021-01-25 19:00:00,14.081233198401454,25.627676068566206
2021-01-25 19:30:00,14.092896849269994,25.33778593661374
2021-01-25 20:00:00,13.878981489488828,24.927953059361013
2021-01-25 20:30:00,13.740687783123464,24.384746103620706
2021-01-25 21:00:00,13.677468025194296,24.279045869695803
2021-01-25 21:30:00,13.819331741145747,22.989111121831886
2021-01-25 22:00:00,13.773652096548794,21.49574479453804
2021-01-25 22:30:00,13.678282083273311,21.18286988306705
2021-01-25 23:00:00,13.608061671034969,20.120721081213894
2021-01-25 23:30:00,13.30965369091551,21.46890108750162
2021-01-26 00:00:00,13.460986207682135,19.845969801135695
2021-01-26 00:30:00,13.536079408597518,19.43624838571975
2021-01-26 01:00:00,13.456509003403118,19.73220069861699
2021-01-26 01:30:00,13.354784771962846,19.932567104674476
2021-01-26 02:00:00,13.315743994453314,18.459500342891005
2021-01-26 02:30:00,13.341094571223135,18.312504814257117
2021-01-26 03:00:00,13.191495648383205,19.025320356941478
2021-01-26 03:30:00,13.212690535220661,18.510317541304946
2021-01-26 04:00:00,13.147566578323438,17.87336323534032
2021-01-26 04:30:00,13.21530649541209,17.46238836622953
2021-01-26 05:00:00,13.101903191669878,18.017236184239895
2021-01-26 05:30:00,13.243336968170933,18.454645205388474
2021-01-26 06:00:00,13.327297813150501,18.87747483335937
2021-01-26 06:30:00,13.56122256082795,18.75198849220793
2021-01-26 07:00:00,13.354187290283058,19.82621127647231
2021-01-26 07:30:00,13.334237422736363,20.539083801265768
2021-01-26 08:00:00,13.386369804425817,21.42107180342094
2021-01-26 08:30:00,13.705603150587896,21.783361856638045
2021-01-26 09:00:00,13.553871833048749,22.984709063111225
2021-01-26 09:30:00,13.93082236365426,22.69215567579544
2021-01-26 10:00:00,13.970153839269413,24.606678393492565
2021-01-26 10:30:00,13.689952540420645,23.67558870318236
2021-01-26 11:00:00,13.980207307601635,24.723922556217058
2021-01-26 11:30:00,14.188212572424796,25.42228863212653
2021-01-26 12:00:00,13.92074143066427,26.193434551867906
2021-01-26 12:30:00,14.04207379922288,25.624995131923868
2021-01-26 13:00:00,14.339217468042435,26.917185122302325
2021-01-26 13:30:00,14.467265447900857,27.694156617440957
2021-01-26 14:00:00,14.339569723867868,27.350851712611618
2021-01-26 14:30:00,14.411070457727494,28.10568415978207
2021-01-26 15:00:00,14.366783316598717,28.293363210480873
2021-01-26 15:30:00,14.493201786140027,28.898533342885777
2021-01-26 16:00:00,14.27592975321631,29.56450723116158
2021-01-26 16:30:00,14.370392010774648,29.798610121109373
2021-01-26 17:00:00,14.275874427626851,29.864220602745103
2021-01-26 17:30:00,14.03640818696458,29.97632537470351
2021-01-26 18:00:00,14.37987936086912,28.05277245599034
2021-01-26 18:30:00,14.286775348639788,28.55774342238613
2021-01-26 19:00:00,14.197535179109371,26.804666838371666
2021-01-26 19:30:00,14.259089861076049,26.495457556645874
2021-01-26 20:00:00,14.1997038675395,26.964249783956333
2021-01-26 20:30:00,14.05725437594297,25.759135426694396
2021-01-26 21:00:00,14.111396812951867,25.117943795571183
2021-01-26 21:30:00,13.824579700664765,25.646379292015833
2021-01-26 22:00:00,13.820611442559624,22.816233662163032
2021-01-26 22:30:00,13.799750617882943,23.096184817481344
2021-01-26 23:00:00,13.662774392781513,21.82591961680904
2021-01-26 23:30:00,13.711067739876656,21.683781544673455
2021-01-27 00:00:00,13.247111618645938,21.381357400304523
2021-01-27 00:30:00,13.346184853124118,20.416374129658156
2021-01-27 01:00:00,12.992317109846635,20.342096783676688
2021-01-27 01:30:00,13.212709528480964,20.610043985872093
2021-01-27 02:00:00,12.919287244930043,20.516124993122705
2021-01-27 02:30:00,13.021894019452805,20.088150566069583
2021-01-27 03:00:00,13.121078228866832,19.958897536157625
2021-01-27 03:30:00,13.166055125817524,19.562089452644745
2021-01-27 04:00:00,12.866139340649143,20.65378812833872
2021-01-27 04:30:00,12.97567814328642,20.645751565436274
2021-01-27 05:00:00,13.082666625079774,20.08465098772677
2021-01-27 05:30:00,12.988228420381754,20.69498745603118
2021-01-27 06:00:00,13.117979066755783,20.847022994185405
2021-01-27 06:30:00,13.187592784459735,21.16804534714734
2021-01-27 07:00:00,13.273274814486827,22.65444674896213
2021-01-27 07:30:00,13.421732681748237,23.04405986923564
2021-01-27 08:00:00,13.42516105474073,23.076778283532658
2021-01-27 08:30:00,13.435603627786758,23.494339295475097
2021-01-27 09:00:00,13.537686143495943,24.622810345767757
2021-01-27 09:30:00,13.656803773629235,24.41540492824029
2021-01-27 10:00:00,13.773697016255236,24.095805362146738
2021-01-27 10:30:00,13.71469777710264,25.778482505381948
2021-01-27 11:00:00,13.782391354964927,26.03775575677268
2021-01-27 11:30:00,13.906585975131062,25.331117609380332
2021-01-27 12:00:00,13.955082165475323,26.15307622425273
2021-01-27 12:30:00,14.072472792509572,26.279405381123993
2021-01-27 13:00:00,13.963865203549432,26.99854905987254
2021-01-27 13:30:00,14.07798875482919,27.45733101168987
2021-01-27 14:00:00,14.2003590760815,27.985755073110596
2021-01-27 14:30:00,14.095014589353326,28.03642739244583
2021-01-27 15:00:00,14.163365555023164,28.27210272397219
2021-01-27 15:30:00,14.160787109473343,28.12246835230157
2021-01-27 16:00:00,14.363311837746364,27.49463007580933
2021-01-27 16:30:00,14.217303865153278,26.998603538489668
2021-01-27 17:00:00,14.175771642873512,27.247070321620033
2021-01-27 17:30:00,14.03038083959359,26.10560282717573
2021-01-27 18:00:00,14.158202357879965,26.368657990815624
2021-01-27 18:30:00,14.25680340229624,25.787280214954706
2021-01-27 19:00:00,14.100421805459769,25.741505563233382
2021-01-27 19:30:00,13.98474340478172,26.209151597890727
2021-01-27 20:00:00,13.766706863481069,26.167729519045345
2021-01-27 20:30:00,13.832821019185943,24.757359640822482
2021-01-27 21:00:00,13.49584537696817,24.069254747611694
2021-01-27 21:30:00,13.567575223587482,22.842879949830674
2021-01-27 22:00:00,13.49101102055189,21.57364543936137
2021-01-27 22:30:00,13.600138224593056,22.19419661642375
2021-01-27 23:00:00,13.392460729537182,20.362427986516682
2021-01-27 23:30:00,13.452700412287925,21.427500922935184
2021-01-28 00:00:00,13.249092529654165,20.36491712056961
2021-01-28 00:30:00,13.252068083155736,19.598640266365678
2021-01-28 01:00:00,13.162208631240409,19.027889512323256
2021-01-28 01:30:00,13.070588267125952,19.603041032750447
2021-01-28 02:00:00,13.055031853922937,19.490628324816132
2021-01-28 02:30:00,12.973194453897467,18.899068365650876
2021-01-28 03:00:00,13.029436477771174,19.47379710920477
2021-01-28 03:30:00,12.985223043428755,19.78179512308175
2021-01-28 04:00:00,12.906114408759107,18.61296306010305
2021-01-28 04:30:00,12.891671354380701,20.76705603399517
2021-01-28 05:00:00,13.056850521127148,20.14086356506621
2021-01-28 05:30:00,13.137648943124438,20.529318014068828
2021-01-28 06:00:00,13.04526269335827,20.048143048355413
2021-01-28 06:30:00,13.223215394418098,20.29319532661542
2021-01-28 07:00:00,13.003799697260208,20.873528845293563
2021-01-28 07:30:00,13.192627407588722,22.26918373193739
2021-01-28 08:00:00,13.29709141183566,22.33041603256769
2021-01-28 08:30:00,13.185341752493237,23.13256631350806
2021-01-28 09:00:00,13.469513087764971,23.992933083501107
2021-01-28 09:30:00,13.388064337791889,23.50822251033331
2021-01-28 10:00:00,13.481015096649402,23.57993259455243
2021-01-28 10:30:00,13.703258233880108,25.45298562564753
2021-01-28 11:00:00,13.786414102720132,26.16108397119032
2021-01-28 11:30:00,13.775406613065714,26.98336919391972
2021-01-28 12:00:00,13.85341737258684,27.58996537122024
2021-01-28 12:30:00,14.051223628771377,28.016080842082875
2021-01-28 13:00:00,13.872726635697074,28.51340431474019
2021-01-28 13:30:00,13.980708387356916,29.04399559390106
2021-01-28 14:00:00,13.85871259357631,30.018723847642885
2021-01-28 14:30:00,14.16378118090754,30.114909392172898
2021-01-28 15:00:00,13.99924124503264,28.939941694825
2021-01-28 15:30:00,14.268045473244062,30.0652173333175
2021-01-28 16:00:00,14.037658038042478,29.219261242014287
2021-01-28 16:30:00,14.239141049425655,29.568346122354644
2021-01-28 17:00:00,14.110339053127865,29.10057490636842
2021-01-28 17:30:00,13.901364485229001,29.231634412933218
2021-01-28 18:00:00,14.080304472517309,29.076145155099773
2021-01-28 18:30:00,14.057857855751072,29.215513350032595
2021-01-28 19:00:00,13.97938257973054,29.02089321366948
2021-01-28 19:30:00,13.974631729323923,28.013792733616622
2021-01-28 20:00:00,13.836115084446348,28.301289464093514
2021-01-28 20:30:00,13.692911373129368,25.705279361310268
2021-01-28 21:00:00,13.743463526151684,25.779302541285293
2021-01-28 21:30:00,13.677231073376525,24.794145562801614
2021-01-28 22:00:00,13.585680932658036,25.642515301499053
2021-01-28 22:30:00,13.39471460039783,23.72001159089071
2021-01-28 23:00:00,13.544890529483514,23.430467833066725
2021-01-28 23:30:00,13.208683152364783,21.68771130488103
2021-01-29 00:00:00,13.8135060725929,22.820536976658406
2021-01-29 00:30:00,13.74263386685609,22.462241888205668
2021-01-29 01:00:00,13.684799934517443,21.8618064002768
2021-01-29 01:30:00,13.726399623531742,21.284032940888526
2021-01-29 02:00:00,13.532093288879226,20.875731624914426
2021-01-29 02:30:00,13.614861404744625,21.237711394015296
2021-01-29 03:00:00,13.676405905826062,19.852865438199533
2021-01-29 03:30:00,13.510294836491054,21.53312738826481
2021-01-29 04:00:00,13.534254674640753,20.810673148234226
2021-01-29 04:30:00,13.73814151637841,20.697125897046064
2021-01-29 05:00:00,13.604197564383695,20.90658666323333
2021-01-29 05:30:00,13.457718649669633,20.828160850333173
2021-01-29 06:00:00,13.520512600257163,21.880896839247324
2021-01-29 06:30:00,13.718936099624216,23.094376366603395
2021-01-29 07:00:00,13.698458958064476,22.222385936240986
2021-01-29 07:30:00,13.846776634561438,23.923708788178878
2021-01-29 08:00:00,13.851438670065516,25.189044889365423
2021-01-29 08:30:00,13.847203110400661,25.142862992145034
2021-01-29 09:00:00,13.985086908021872,24.948616051753863
2021-01-29 09:30:00,14.104400260680983,25.238248091147014
2021-01-29 10:00:00,14.231192175169888,26.399343508978568
2021-01-29 10:30:00,13.98017473328258,28.25591825133718
2021-01-29 11:00:00,14.247644528436677,27.625202787924255
2021-01-29 11:30:00,14.390453343233698,27.79849252275977
2021-01-29 12:00:00,14.34836364516341,28.02364313303938
2021-01-29 12:30:00,14.4122690280851,28.848177085820073
2021-01-29 13:00:00,14.483119139557692,27.560475180278296
2021-01-29 13:30:00,14.519688141499309,28.4335134257237
2021-01-29 14:00:00,14.640705449533893,30.71676573450491
2021-01-29 14:30:00,14.750897553107722,30.385606447333377
2021-01-29 15:00:00,14.773416704780812,30.30899505756636
2021-01-29 15:30:00,14.778394156365977,29.233691441846766
2021-01-29 16:00:00,14.7113005658934,29.76746844945861
2021-01-29 16:30:00,14.681144991357087,28.763608488423056
2021-01-29 17:00:00,14.591167042549012,28.791339422531557
2021-01-29 17:30:00,14.639287490751691,29.190207395248336
2021-01-29 18:00:00,14.617042122739099,28.34327656575882
2021-01-29 18:30:00,14.690706534028882,29.128941791525865
2021-01-29 19:00:00,14.632752722051658,28.018028401556368
2021-01-29 19:30:00,14.546667823413562,27.783630646831067
2021-01-29 20:00:00,14.556926724707644,27.54279038024089
2021-01-29 20:30:00,14.348559762650515,26.969909377755304
2021-01-29 21:00:00,14.35620376666664,26.15227049936015
2021-01-29 21:30:00,14.178560482937616,25.264940874453323
2021-01-29 22:00:00,14.074739794665275,24.665336032083317
2021-01-29 22:30:00,14.158667972973829,23.994677896608373
2021-01-29 23:00:00,13.976047152593297,25.49843111109971
2021-01-29 23:30:00,14.166385061324826,22.967222724593746
2021-01-30 00:00:00,13.475180904301892,23.498901389008324
2021-01-30 00:30:00,13.524910075189718,21.948050205391024
2021-01-30 01:00:00,13.230067944090857,22.788565078393415
2021-01-30 01:30:00,13.353786601729562,21.36866071386895
2021-01-30 02:00:00,13.256136225542756,21.981284777162944
2021-01-30 02:30:00,13.227628515527138,22.02096093865151
2021-01-30 03:00:00,13.090884746893286,21.61346227550056
2021-01-30 03:30:00,13.345741683475508,21.067875962556077
2021-01-30 04:00:00,13.208107869468952,20.262652308292623
2021-01-30 04:30:00,13.168940660616698,20.345112805721225
2021-01-30 05:00:00,13.264252651160128,21.556662698661274
2021-01-30 05:30:00,13.259235638960428,21.751889173061087
2021-01-30 06:00:00,13.441468459026149,21.462486389086113
2021-01-30 06:30:00,13.337050615414636,21.89002825660892
2021-01-30 07:00:00,13.478254784581111,22.745554672088115
2021-01-30 07:30:00,13.37349327522929,23.391553478410785
2021-01-30 08:00:00,13.528335888493674,24.55426480754079
2021-01-30 08:30:00,13.603689614435375,24.70985288730068
2021-01-30 09:00:00,13.759029489241213,24.642165961078554
2021-01-30 09:30:00,13.782578985072961,25.65419712094127
2021-01-30 10:00:00,13.724803593807456,25.767741609093196
2021-01-30 10:30:00,13.905687309471126,25.37781954945269
2021-01-30 11:00:00,13.874328997254862,26.235753833532662
2021-01-30 11:30:00,13.893676565177275,26.512464824860658
2021-01-30 12:00:00,14.136176843963941,27.33795299519671
2021-01-30 12:30:00,14.2453244457262,27.25452805188422
2021-01-30 13:00:00,14.038210367270908,28.366118758531496
2021-01-30 13:30:00,14.276155798095134,28.193105642505863
2021-01-30 14:00:00,14.08521433271551,28.457823487007268
2021-01-30 14:30:00,14.190298724464114,28.830670723002836
2021-01-30 15:00:00,14.276245214903636,28.922385311592194
2021-01-30 15:30:00,14.306887085521103,28.486917095347295
2021-01-30 16:00:00,14.318017549855275,27.5990984722918
2021-01-30 16:30:00,14.378148378837677,28.519047456540665
2021-01-30 17:00:00,14.393967238351062,27.82175616112759
2021-01-30 17:30:00,14.181215515025674,26.90781671806793
2021-01-30 18:00:00,14.12783606545648,26.96591347954277
2021-01-30 18:30:00,14.160886619025035,26.857134848307652
2021-01-30 19:00:00,14.160587506327355,28.294606176511724
2021-01-30 19:30:00,14.176969167794411,26.313114791447628
2021-01-30 20:00:00,14.123799984304133,25.722921377176288
2021-01-30 20:30:00,13.941734234740926,25.65358575368985
2021-01-30 21:00:00,13.834423935170536,24.76052033966988
2021-01-30 21:30:00,13.740049504347242,24.82129409807004
2021-01-30 22:00:00,13.602680133541567,23.568235879691123
2021-01-30 22:30:00,13.7662939908568,23.5521048697399
2021-01-30 23:00:00,13.55168321189481,22.50895164553165
2021-01-30 23:30:00,13.63321710637976,21.996217947859588
2021-01-31 00:00:00,13.64600937248809,21.41414490140076
2021-01-31 00:30:00,13.622662867723562,20.812884502824218
2021-01-31 01:00:00,13.622747520044776,21.122427061454026
2021-01-31 01:30:00,13.536615261068855,20.643881412845644
2021-01-31 02:00:00,13.510903308902787,21.067064293857346
2021-01-31 02:30:00,13.452187766504197,20.211473535112187
2021-01-31 03:00:00,13.471883261895982,20.142501129480724
2021-01-31 03:30:00,13.51127136459608,20.31729260654274
2021-01-31 04:00:00,13.61111600168699,19.951187863240637
2021-01-31 04:30:00,13.52444961041972,20.907544311957228
2021-01-31 05:00:00,13.332944290388092,20.316471347786354
2021-01-31 05:30:00,13.380546726777077,20.571135611182346
2021-01-31 06:00:00,13.481291045394293,21.294090594533923
2021-01-31 06:30:00,13.581462005117539,21.008285797688572
2021-01-31 07:00:00,13.722128069488551,20.993111626112526
2021-01-31 07:30:00,13.757555683061486,22.4620731175467
2021-01-31 08:00:00,13.792660235211725,22.480906124395425
2021-01-31 08:30:00,13.817249266813842,23.15564893816861
2021-01-31 09:00:00,13.864121534543312,23.63125172450061
2021-01-31 09:30:00,13.883114873148699,24.15415889893564
2021-01-31 10:00:00,14.02136653790162,24.500400674062757
2021-01-31 10:30:00,13.900801848977794,25.952835615222128
2021-01-31 11:00:00,14.19903105979116,27.07947345102024
2021-01-31 11:30:00,14.236780127181914,26.58166616443999
2021-01-31 12:00:00,14.315085721806863,27.43273477482537
2021-01-31 12:30:00,14.215867641158352,27.17865689358533
2021-01-31 13:00:00,14.38451229804737,27.884182138281005
2021-01-31 13:30:00,14.448861935429957,28.665177895962774
2021-01-31 14:00:00,14.542076222324058,29.78122039364119
2021-01-31 14:30:00,14.71252285791829,29.609548802405058
2021-01-31 15:00:00,14.581447432077491,29.20388634766361
2021-01-31 15:30:00,14.481524592019221,30.351864604890018
2021-01-31 16:00:00,14.52183688890833,29.89542889118007
2021-01-31 16:30:00,14.703596395890784,29.622312414184616
2021-01-31 17:00:00,14.666962781347248,28.925656765426933
2021-01-31 17:30:00,14.58165287080494,29.67270532778362
2021-01-31 18:00:00,14.627313154575583,28.3637918605592
2021-01-31 18:30:00,14.546494657087566,29.50616548451742
2021-01-31 19:00:00,14.368937544552123,29.75961935550937
2021-01-31 19:30:00,14.364252031890734,27.921880125566283
2021-01-31 20:00:00,14.38202137363175,28.542453922204103
2021-01-31 20:30:00,14.423588674112443,27.470507478514683
2021-01-31 21:00:00,14.34125714096367,26.910801387888306
2021-01-31 21:30:00,14.158579717810005,26.371495632769292
2021-01-31 22:00:00,14.051543107206784,26.7200491067257
2021-01-31 22:30:00,14.176164854168844,24.39437025776476
2021-01-31 23:00:00,13.86006001034848,25.094564948926408
2021-01-31 23:30:00,13.801769527344748,23.889428577189527
2021-02-01 00:00:00,14.261524466740047,24.168678839598297
2021-02-01 00:30:00,13.91398289022014,24.05336924944954
2021-02-01 01:00:00,14.011556749215192,22.78938701861763
2021-02-01 01:30:00,13.83545892506318,23.01733439620826
2021-02-01 02:00:00,13.858644871892322,22.199297192699476
2021-02-01 02:30:00,14.095755327593121,21.652964032110646
2021-02-01 03:00:00,13.75633245504642,22.478266321457237
2021-02-01 03:30:00,13.840688354758596,22.03594840393784
2021-02-01 04:00:00,13.926427180607167,22.9437380396207
2021-02-01 04:30:00,13.718988365900124,23.27034618343829
2021-02-01 05:00:00,13.802922250909823,23.292724003440853
2021-02-01 05:30:00,13.825420820641463,23.735010968165714
2021-02-01 06:00:00,13.84394687933706,23.41484227465476
2021-02-01 06:30:00,13.921762654528118,23.68933051372474
2021-02-01 07:00:00,13.817374896589296,24.205789682866435
2021-02-01 07:30:00,13.901048831344395,24.410179111150878
2021-02-01 08:00:00,14.10211095177227,25.783773933692547
2021-02-01 08:30:00,14.025606521530328,25.3583295969191
2021-02-01 09:00:00,14.300736482604522,27.435323585473764
2021-02-01 09:30:00,14.50308337854288,27.028484810187546
2021-02-01 10:00:00,14.36637594996632,27.36230431606365
2021-02-01 10:30:00,14.539032534609566,27.325569336026042
2021-02-01 11:00:00,14.543467896948448,28.179248883697316
2021-02-01 11:30:00,14.577644544830944,28.958749342177494
2021-02-01 12:00:00,14.692808871333325,29.76449839695618
2021-02-01 12:30:00,14.61762872011908,29.78319966355208
2021-02-01 13:00:00,14.939998598617573,30.12745765261223
2021-02-01 13:30:00,14.894580483655824,31.286900332262185
2021-02-01 14:00:00,14.99106541210495,31.223479616668154
2021-02-01 14:30:00,14.948946902653836,30.289823530922806
2021-02-01 15:00:00,15.188822097800859,30.831511489091902
2021-02-01 15:30:00,14.823196294568353,30.5494530722576
2021-02-01 16:00:00,14.961281748107197,32.3460437688191
2021-02-01 16:30:00,14.905417060603405,30.513212159687352
2021-02-01 17:00:00,14.972177302223926,30.947414239949822
2021-02-01 17:30:00,14.635084262672281,30.855233268785188
2021-02-01 18:00:00,14.793365535798571,29.91595294325324
2021-02-01 18:30:00,14.742331659470082,29.178882109581814
2021-02-01 19:00:00,14.749345426036667,28.85069395386541
2021-02-01 19:30:00,14.664630520658472,28.357593001156744
2021-02-01 20:00:00,14.806849867259135,28.090481851952944
2021-02-01 20:30:00,14.688369747545122,26.56676537581711
2021-02-01 21:00:00,14.355370051930242,26.452308316484604
2021-02-01 21:30:00,14.406367143372998,25.84339991092852
2021-02-01 22:00:00,14.390031556250893,24.735193342433348
2021-02-01 22:30:00,14.455244684045823,24.59815766867393
2021-02-01 23:00:00,14.327856823184549,23.88963825133719
2021-02-01 23:30:00,14.264082487567865,22.49500325433572
2021-02-02 00:00:00,14.093312723188172,21.942866448972687
2021-02-02 00:30:00,13.867889071379729,20.6372138214102
2021-02-02 01:00:00,13.61280627215927,21.200944341721268
2021-02-02 01:30:00,13.820008107690814,21.04495820974084
2021-02-02 02:00:00,13.795019660316713,21.39855742396884
2021-02-02 02:30:00,13.828040678296453,20.673032970423556
2021-02-02 03:00:00,13.886812784004071,19.757566853932403
2021-02-02 03:30:00,13.587705907361443,20.151861511682704
2021-02-02 04:00:00,13.69326943288559,20.751404986221072
2021-02-02 04:30:00,13.626543533978571,20.014886820877607
2021-02-02 05:00:00,13.856728211873012,20.927005475509134
2021-02-02 05:30:00,14.064874373820224,19.863978466649137
2021-02-02 06:00:00,13.876201149317295,21.906089657357395
2021-02-02 06:30:00,13.877795501921284,21.574134961985507
2021-02-02 07:00:00,13.819274449383522,21.685701336140575
2021-02-02 07:30:00,13.899623897900925,21.821361529276345
2021-02-02 08:00:00,13.93735031243761,22.191306158359616
2021-02-02 08:30:00,14.120134788637873,23.031321127683928
2021-02-02 09:00:00,14.106126926319593,24.264412858925844
2021-02-02 09:30:00,14.393658565446461,24.634051001312947
2021-02-02 10:00:00,14.371920842408567,25.308885533659428
2021-02-02 10:30:00,14.423102774865802,25.817594109098838
2021-02-02 11:00:00,14.411533955117745,26.114244822693575
2021-02-02 11:30:00,14.663413456314071,26.902123886596744
2021-02-02 12:00:00,14.812288435697898,27.593879460168413
2021-02-02 12:30:00,14.639562760829625,27.52632815723903
2021-02-02 13:00:00,14.720827982599474,29.1718032746795
2021-02-02 13:30:00,14.852697087393029,29.486627820227863
2021-02-02 14:00:00,14.913238718620782,30.061633367444628
2021-02-02 14:30:00,14.732814632694348,30.480556133438316
2021-02-02 15:00:00,14.802589455804048,30.765599665269388
2021-02-02 15:30:00,15.080169387130223,30.083356682686954
2021-02-02 16:00:00,15.119340544080107,30.349699714001762
2021-02-02 16:30:00,15.072798856527735,29.03372045713524
2021-02-02 17:00:00,14.875564666095812,28.814654958095446
2021-02-02 17:30:00,14.978188953939588,29.348002828835764
2021-02-02 18:00:00,15.008752827667127,28.670699085959363
2021-02-02 18:30:00,14.929206713564641,28.14969866092872
2021-02-02 19:00:00,14.67985921756349,27.283400504849965
2021-02-02 19:30:00,14.74349692687713,27.285346474750224
2021-02-02 20:00:00,14.758741606745746,26.710874541561104
2021-02-02 20:30:00,14.504289706973594,25.95766371502275
2021-02-02 21:00:00,14.563130623599024,24.716208843154988
2021-02-02 21:30:00,14.401914778258575,25.025926130992737
2021-02-02 22:00:00,14.332138786038604,24.018901804136355
2021-02-02 22:30:00,14.271365991506308,23.21802661365935
2021-02-02 23:00:00,14.314163623413927,23.37400866865482
2021-02-02 23:30:00,14.302468740397362,22.291631525448597
2021-02-03 00:00:00,13.7819860394821,22.41759000127512
2021-02-03 00:30:00,13.68243083251495,22.12034624145025
2021-02-03 01:00:00,13.630338611016676,20.00670332850406
2021-02-03 01:30:00,13.524335916249077,19.703720205418986
2021-02-03 02:00:00,13.557643015245613,19.8439962949205
2021-02-03 02:30:00,13.457982939699773,18.883559677116438
2021-02-03 03:00:00,13.435877317886066,19.093241724873195
2021-02-03 03:30:00,13.447415945001916,18.778279626315243
2021-02-03 04:00:00,13.584935044803577,19.3449592302579
2021-02-03 04:30:00,13.333355385130105,19.142249018611267
2021-02-03 05:00:00,13.487635059977475,19.305801775652718
2021-02-03 05:30:00,13.552886792872942,19.499586941091845
2021-02-03 06:00:00,13.366077024418843,20.164133583694742
2021-02-03 06:30:00,13.428638730686991,20.12153338133821
2021-02-03 07:00:00,13.554056299502223,21.009996128996793
2021-02-03 07:30:00,13.5542907163737,20.370681906972926
2021-02-03 08:00:00,13.70639222184986,21.812398704362153
2021-02-03 08:30:00,13.82231352016288,22.809077105967315
2021-02-03 09:00:00,13.865277233044974,22.277628210722572
2021-02-03 09:30:00,13.865512492447095,23.534509086963126
2021-02-03 10:00:00,13.855285250630523,23.896856258539955
2021-02-03 10:30:00,14.04444809370809,24.377664934610884
2021-02-03 11:00:00,14.284229460888438,24.653296104588577
2021-02-03 11:30:00,14.374769796630726,25.449911161159807
2021-02-03 12:00:00,14.498961700382598,25.806831325964165
2021-02-03 12:30:00,14.163358633926133,26.60128929804886
2021-02-03 13:00:00,14.579193511289752,26.970519216950045
2021-02-03 13:30:00,14.51817938586896,26.828935974599872
2021-02-03 14:00:00,14.516520806017532,28.332092244232747
2021-02-03 14:30:00,14.52921270310287,28.08950426000301
2021-02-03 15:00:00,14.646935722013378,29.24511926728141
2021-02-03 15:30:00,14.768661091132095,29.174190620341275
2021-02-03 16:00:00,14.507925472352063,28.45802225021519
2021-02-03 16:30:00,14.550808401271718,28.552721287991773
2021-02-03 17:00:00,14.410597324548958,28.055527651595966
2021-02-03 17:30:00,14.545928140123488,27.875914965105625
2021-02-03 18:00:00,14.479126634501831,29.025301071905197
2021-02-03 18:30:00,14.681629886137987,27.65755964179965
2021-02-03 19:00:00,14.359855391923249,27.038422479282517
2021-02-03 19:30:00,14.291907859079549,26.503659516111238
2021-02-03 20:00:00,14.272530714934732,25.96211570677815
2021-02-03 20:30:00,14.341265802738475,25.90164573218067
2021-02-03 21:00:00,14.447962123086851,24.451148456720965
2021-02-03 21:30:00,14.205482105915848,24.965125098263716
2021-02-03 22:00:00,14.014177281034339,23.203277643605798
2021-02-03 22:30:00,14.019751413220966,23.49387730299755
2021-02-03 23:00:00,13.95665548476557,21.584973866281718
2021-02-03 23:30:00,13.800318818328499,22.050057735109537
2021-02-04 00:00:00,13.08018223268341,20.998377098820104
2021-02-04 00:30:00,12.850944176624665,21.892061508724705
2021-02-04 01:00:00,12.832323008351645,20.315943018701258
2021-02-04 01:30:00,12.878615904125821,20.04941434750221
2021-02-04 02:00:00,12.906038730355016,21.15381178869309
2021-02-04 02:30:00,12.862447915547497,21.90545349286207
2021-02-04 03:00:00,12.797752549377206,19.92664743758475
2021-02-04 03:30:00,12.761384024093932,21.135370041110136
2021-02-04 04:00:00,12.783536895496075,20.287067566966844
2021-02-04 04:30:00,12.681791830488544,20.596780770557018
2021-02-04 05:00:00,12.796252961568598,20.300777633550034
2021-02-04 05:30:00,12.822723415858947,21.174697408689976
2021-02-04 06:00:00,12.700970459737903,20.844886465025375
2021-02-04 06:30:00,12.874008710060421,21.06341326793793
2021-02-04 07:00:00,12.89794239068809,20.824073079295104
2021-02-04 07:30:00,12.779270662902068,21.89401727687344
2021-02-04 08:00:00,12.909275167307344,22.393573740333128
2021-02-04 08:30:00,13.196542083604221,23.054454470001993
2021-02-04 09:00:00,13.259590036075059,23.421407181132643
2021-02-04 09:30:00,13.239304070994898,22.30329097941823
2021-02-04 10:00:00,13.211406063658853,24.9407496209064
2021-02-04 10:30:00,13.472528327932174,24.465087730836185
2021-02-04 11:00:00,13.622028902467699,25.161768401148667
2021-02-04 11:30:00,13.414918627773487,26.113476177551238
2021-02-04 12:00:00,13.569026265361872,25.649632521518367
2021-02-04 12:30:00,13.633911506307042,26.81497986722512
2021-02-04 13:00:00,13.700800064546574,27.225603606990827
2021-02-04 13:30:00,13.742981807290292,26.482783403538424
2021-02-04 14:00:00,13.830265321841893,27.227394163795143
2021-02-04 14:30:00,13.700497951692705,27.038638927442097
2021-02-04 15:00:00,13.835766630206257,27.132333805132564
2021-02-04 15:30:00,13.887440541255199,26.94438108871445
2021-02-04 16:00:00,13.927202777471628,26.068456417642853
2021-02-04 16:30:00,13.878131975352836,27.618709335975176
2021-02-04 17:00:00,13.931162600795346,26.756482872276674
2021-02-04 17:30:00,13.843252366202853,26.30911410411112
2021-02-04 18:00:00,13.747111451959626,26.789747083189926
2021-02-04 18:30:00,13.648396414732325,26.801254945834867
2021-02-04 19:00:00,13.73983793969007,25.800831704872866
2021-02-04 19:30:00,13.684983537560196,24.575992137253685
2021-02-04 20:00:00,13.570379179152297,24.475792786563694
2021-02-04 20:30:00,13.492218188290245,23.706613477553436
2021-02-04 21:00:00,13.38984409359308,23.99033887797666
2021-02-04 21:30:00,13.451061730155878,23.84079501045287
2021-02-04 22:00:00,13.207907911731384,22.959463493682872
2021-02-04 22:30:00,13.156564288132284,23.235507427569193
2021-02-04 23:00:00,13.377214546434509,21.719474424191457
2021-02-04 23:30:00,13.177245948611251,20.80888156617766
2021-02-05 00:00:00,13.36787442170317,19.99401509279065
2021-02-05 00:30:00,13.358058322617518,20.225515232951466
2021-02-05 01:00:00,13.379269638744146,19.567578331305786
2021-02-05 01:30:00,13.219915893790049,19.742587398785496
2021-02-05 02:00:00,13.072701604220896,18.99818516052764
2021-02-05 02:30:00,12.99259023302446,18.53206451386112
2021-02-05 03:00:00,12.946906192156215,17.704157441934367
2021-02-05 03:30:00,13.016389043841206,18.310202439639482
2021-02-05 04:00:00,13.140313109514977,18.73564993149403
2021-02-05 04:30:00,13.108257167838419,18.124016512168318
2021-02-05 05:00:00,13.157908753227687,18.769461445927718
2021-02-05 05:30:00,13.187495710957288,19.9794643947944
2021-02-05 06:00:00,13.026932810160954,19.517718671806477
2021-02-05 06:30:00,13.282337551171608,19.67707037754621
2021-02-05 07:00:00,13.23622679628369,19.64708036912212
2021-02-05 07:30:00,13.261428457872555,19.877297540813686
2021-02-05 08:00:00,13.47438940326394,21.045871898976163
2021-02-05 08:30:00,13.245459893097957,22.632687330688913
2021-02-05 09:00:00,13.403738696914276,22.16055187866789
2021-02-05 09:30:00,13.512388234761053,23.090659325493174
2021-02-05 10:00:00,13.633659691415328,24.245256255385726
2021-02-05 10:30:00,13.791462239423138,24.486228097992296
2021-02-05 11:00:00,13.625289856300789,25.749944311723176
2021-02-05 11:30:00,13.912001528977271,24.678244761237128
2021-02-05 12:00:00,13.927552120253456,26.69659938514203
2021-02-05 12:30:00,13.851005629138752,26.940357025580536
2021-02-05 13:00:00,14.177374411338096,26.77326292154548
2021-02-05 13:30:00,13.937809822643732,27.88980412151474
2021-02-05 14:00:00,14.220043108016995,27.596614238368
2021-02-05 14:30:00,14.163755077410055,27.28242327208743
2021-02-05 15:00:00,14.222051551733001,27.184697421855567
2021-02-05 15:30:00,14.104899128363503,27.350290177595316
2021-02-05 16:00:00,13.925481212219928,28.82117531798689
2021-02-05 16:30:00,14.012368265868812,26.280084324924037
2021-02-05 17:00:00,14.05196429115457,27.50040451983551
2021-02-05 17:30:00,14.293873300926624,28.684942459820984
2021-02-05 18:00:00,14.094790164667742,27.310555583525574
2021-02-05 18:30:00,13.88846495096457,28.285707217024402
2021-02-05 19:00:00,13.922708539115032,26.98455864165069
2021-02-05 19:30:00,13.861190984205885,26.77387227536428
2021-02-05 20:00:00,13.959533802505348,26.12803755560031
2021-02-05 20:30:00,13.773987465902257,26.123476267422678
2021-02-05 21:00:00,13.599525498329783,25.4143876127024
2021-02-05 21:30:00,13.725877411910457,23.931394809567145
2021-02-05 22:00:00,13.588776766443747,23.71061977776024
2021-02-05 22:30:00,13.54346468402045,22.590314937655208
2021-02-05 23:00:00,13.525965231698367,22.020353568394356
2021-02-05 23:30:00,13.323594906237844,21.37977796163546
2021-02-06 00:00:00,13.729063773620036,20.17523928502717
2021-02-06 00:30:00,13.821661143907837,20.88223073466219
2021-02-06 01:00:00,13.535296690933837,19.54061577884115
2021-02-06 01:30:00,13.488247691974722,18.705221342715024
2021-02-06 02:00:00,13.649002336355283,19.478783778277727
2021-02-06 02:30:00,13.416543771121862,18.820109097346027
2021-02-06 03:00:00,13.495626929210074,18.531629197526225
2021-02-06 03:30:00,13.405364878030365,18.974318642242196
2021-02-06 04:00:00,13.41609863872664,17.91634401231588
2021-02-06 04:30:00,13.542817161975028,19.005780237542705
2021-02-06 05:00:00,13.377554048690486,18.380458269796495
2021-02-06 05:30:00,13.480109321703086,19.1127337830102
2021-02-06 06:00:00,13.474544998624793,19.945922431375852
2021-02-06 06:30:00,13.581845167758974,20.13144954781239
2021-02-06 07:00:00,13.697450600767729,20.2959806710893
2021-02-06 07:30:00,13.726892069287487,21.157001468618336
2021-02-06 08:00:00,13.468070450473807,21.238984896850425
2021-02-06 08:30:00,13.794148434225068,21.623420250457915
2021-02-06 09:00:00,13.875295594007474,22.346778622874965
2021-02-06 09:30:00,14.091852470850359,24.73076058260622
2021-02-06 10:00:00,14.13534363857522,24.403813242197934
2021-02-06 10:30:00,14.231016696952052,25.382058019142395
2021-02-06 11:00:00,14.12504699279558,26.501045925526515
2021-02-06 11:30:00,14.0976976715642,27.241890162120246
2021-02-06 12:00:00,14.233030317452105,27.60860786610789
2021-02-06 12:30:00,14.483492233755133,27.592201904806757
2021-02-06 13:00:00,14.49398980053377,27.783029545181098
2021-02-06 13:30:00,14.549532185611621,29.43995817459978
2021-02-06 14:00:00,14.653717645195858,29.11356363796378
2021-02-06 14:30:00,14.448322032258975,29.495671586463697
2021-02-06 15:00:00,14.63699051003662,29.31446240772844
2021-02-06 15:30:00,14.483443036563372,30.01691703948342
2021-02-06 16:00:00,14.59942073593234,29.330400267514445
2021-02-06 16:30:00,14.712938790217539,30.171960824657244
2021-02-06 17:00:00,14.62174405666862,29.380413822721895
2021-02-06 17:30:00,14.534963753681028,28.107511033689892
2021-02-06 18:00:00,14.456886955330976,28.967652210067858
2021-02-06 18:30:00,14.673123896375623,28.108046475532756
2021-02-06 19:00:00,14.271203867804957,26.823670964639206
2021-02-06 19:30:00,14.350643012815658,27.1806776359206
2021-02-06 20:00:00,14.34607996970444,26.69398922339131
2021-02-06 20:30:00,14.16282554552518,25.639101312369796
2021-02-06 21:00:00,14.195487825785547,25.380602070996297
2021-02-06 21:30:00,14.072609999928273,24.70295303022147
2021-02-06 22:00:00,14.041900057201294,22.88113289470551
2021-02-06 22:30:00,13.868481029497717,21.696963326795267
2021-02-06 23:00:00,13.739865476817934,21.654925902863447
2021-02-06 23:30:00,13.698506312319125,21.15848487206566
2021-02-07 00:00:00,13.813359534301654,20.078845703023706
2021-02-07 00:30:00,13.74166402224181,18.841500690969657
2021-02-07 01:00:00,13.676265019545905,20.667222915203556
2021-02-07 01:30:00,13.661556952565862,19.518231164795967
2021-02-07 02:00:00,13.605119961011564,18.951467622911842
2021-02-07 02:30:00,13.709638994125104,18.682519306419707
2021-02-07 03:00:00,13.536876638874588,18.31268488579963
2021-02-07 03:30:00,13.541926247130277,17.42502896892518
2021-02-07 04:00:00,13.54323544993573,16.97296571626568
2021-02-07 04:30:00,13.384403780839193,17.193141097203643
2021-02-07 05:00:00,13.581648173050324,17.64906845646757
2021-02-07 05:30:00,13.49885479051134,19.64844972668498
2021-02-07 06:00:00,13.546560120170362,19.898376991866247
2021-02-07 06:30:00,13.753406699289892,20.16464834340893
2021-02-07 07:00:00,13.621842957847704,20.75770925092601
2021-02-07 07:30:00,13.67048361914901,20.654228998744415
2021-02-07 08:00:00,13.906902265428904,21.13369486416763
2021-02-07 08:30:00,13.99552090047143,21.867771720952078
2021-02-07 09:00:00,13.922473504711231,22.111552979926973
2021-02-07 09:30:00,14.10637530803746,23.14053875668082
2021-02-07 10:00:00,14.276218980408071,23.07958229798547
2021-02-07 10:30:00,14.33943584279847,23.34129204340715
2021-02-07 11:00:00,14.180702326340311,24.525822892149126
2021-02-07 11:30:00,14.471951610693248,23.93259578110173
2021-02-07 12:00:00,14.417118908912824,25.14537136226078
2021-02-07 12:30:00,14.413741496221489,25.67475270065389
2021-02-07 13:00:00,14.449954007225102,25.42920275841907
2021-02-07 13:30:00,14.514265834538199,26.690805995497456
2021-02-07 14:00:00,14.820875985601814,26.465747968707937
2021-02-07 14:30:00,14.657835436118479,26.97457934103104
2021-02-07 15:00:00,14.604443093861109,26.877764550731893
2021-02-07 15:30:00,14.899202620489227,26.212214653235716
2021-02-07 16:00:00,14.775576113076044,26.215798749577235
2021-02-07 16:30:00,14.735731410567427,26.11216890591645
2021-02-07 17:00:00,14.746194243657339,26.988830636532455
2021-02-07 17:30:00,14.616198787827999,26.011818047926933
2021-02-07 18:00:00,14.679027769668478,25.959045051725287
2021-02-07 18:30:00,14.663155821974474,25.162785832999663
2021-02-07 19:00:00,14.535177981449,25.14928285868381
2021-02-07 19:30:00,14.325500382519781,24.195382554078265
2021-02-07 20:00:00,14.457844704733146,24.008520201832418
2021-02-07 20:30:00,14.307027319655147,22.5887210451652
2021-02-07 21:00:00,14.068175451583786,22.76286976654629
2021-02-07 21:30:00,14.107838290823748,21.69254630805656
2021-02-07 22:00:00,14.074828483625648,21.452272299113663
2021-02-07 22:30:00,14.111653330382047,21.805568194102058
2021-02-07 23:00:00,13.80534198692893,19.919710517949753
2021-02-07 23:30:00,13.788996136754864,18.993256327006133
2021-02-08 00:00:00,13.25857715918692,19.755179698525005
2021-02-08 00:30:00,13.419828712221806,19.114406368358186
2021-02-08 01:00:00,13.370460174064082,18.43313064710217
2021-02-08 01:30:00,13.374698151576219,18.110782846196436
2021-02-08 02:00:00,13.097045776756747,17.73262126073253
2021-02-08 02:30:00,13.148157481092065,17.84538661971646
2021-02-08 03:00:00,12.875964485068701,18.58986767664945
2021-02-08 03:30:00,13.088881145099414,18.705571302526746
2021-02-08 04:00:00,12.96350957767148,19.15062559731354
2021-02-08 04:30:00,13.175443044740218,18.129474055253766
2021-02-08 05:00:00,13.187574427565325,19.502518763808652
2021-02-08 05:30:00,12.969649424471244,17.803220003820442
2021-02-08 06:00:00,13.068348957996662,18.28775969049037
2021-02-08 06:30:00,13.295716296431985,17.636689131859047
2021-02-08 07:00:00,13.196858681072326,19.982635292503964
2021-02-08 07:30:00,13.38090863758117,21.4218083258382
2021-02-08 08:00:00,13.287051329893947,20.226745094413577
2021-02-08 08:30:00,13.439693412304901,21.348201686235573
2021-02-08 09:00:00,13.365443562543371,21.886883897677837
2021-02-08 09:30:00,13.432529255072296,23.167126074681544
2021-02-08 10:00:00,13.43776134367371,22.788650858798484
2021-02-08 10:30:00,13.548490492463008,23.800958734096472
2021-02-08 11:00:00,13.673771733983092,24.17282063259298
2021-02-08 11:30:00,13.881874118213188,24.950579492665494
2021-02-08 12:00:00,13.84097341626947,26.957592408570463
2021-02-08 12:30:00,13.924661522701392,25.816955029427806
2021-02-08 13:00:00,14.089859589003233,26.174483812974586
2021-02-08 13:30:00,13.886024919550128,26.997823274526997
2021-02-08 14:00:00,14.163799455253665,26.873743610628516
2021-02-08 14:30:00,14.143178911773559,27.15172585408576
2021-02-08 15:00:00,14.179300565591964,27.75176531805614
2021-02-08 15:30:00,14.145504511069529,27.866030032866735
2021-02-08 16:00:00,14.23376408930329,26.670133057814127
2021-02-08 16:30:00,14.114151009304349,28.268637385690482
2021-02-08 17:00:00,14.224853471175336,26.948339098522396
2021-02-08 17:30:00,14.192787463299885,27.205768591587983
2021-02-08 18:00:00,14.061778008901038,26.30176440689408
2021-02-08 18:30:00,14.093262382569993,24.661178086492885
2021-02-08 19:00:00,13.924349128279808,25.07185512804485
2021-02-08 19:30:00,14.017786046926872,24.357356634398336
2021-02-08 20:00:00,13.696981931907121,22.8503873158124
2021-02-08 20:30:00,13.712855384932283,23.765249089051224
2021-02-08 21:00:00,13.837579513791713,22.58480561905465
2021-02-08 21:30:00,13.752085314742597,22.180004052643906
2021-02-08 22:00:00,13.66855517784543,21.10724391995486
2021-02-08 22:30:00,13.633706026190737,21.425132524219176
2021-02-08 23:00:00,13.427951191414998,20.767955107778132
2021-02-08 23:30:00,13.322770415570108,19.41193327456117
2021-02-09 00:00:00,13.436881519923489,19.353071330314087
2021-02-09 00:30:00,13.509776783645764,19.37849575953989
2021-02-09 01:00:00,13.348524253583047,17.881354808959586
2021-02-09 01:30:00,13.23239566440459,18.078961697009223
2021-02-09 02:00:00,13.223122214647589,17.776664692450804
2021-02-09 02:30:00,13.277790783954721,17.8306895036418
2021-02-09 03:00:00,13.207419146449478,18.05257984740397
2021-02-09 03:30:00,13.104671857703275,17.1498720566825
2021-02-09 04:00:00,13.243556795009045,16.571911268863484
2021-02-09 04:30:00,13.219409972083842,16.645438496352646
2021-02-09 05:00:00,13.24881123551716,16.84730952882044
2021-02-09 05:30:00,13.380086984267642,18.37401962217582
2021-02-09 06:00:00,13.35710022184016,17.33858332557892
2021-02-09 06:30:00,13.210394770727007,18.542631223920004
2021-02-09 07:00:00,13.457884356865147,19.432363414109982
2021-02-09 07:30:00,13.35975438159278,19.861891661133395
2021-02-09 08:00:00,13.514159180338204,20.648851475628586
2021-02-09 08:30:00,13.695453266735527,21.429992573127183
2021-02-09 09:00:00,13.77919043048447,22.841017387188856
2021-02-09 09:30:00,13.672047077648028,22.15140874247702
2021-02-09 10:00:00,13.87047555685991,23.29674007756433
2021-02-09 10:30:00,13.904491195167902,24.06523470836306
2021-02-09 11:00:00,13.875074263629537,24.310280748233392
2021-02-09 11:30:00,14.05465186949287,25.594990733662996
2021-02-09 12:00:00,14.226310282046745,25.272514562788636
2021-02-09 12:30:00,14.144611406755493,25.840220913884536
2021-02-09 13:00:00,14.1154987351559,25.46708337431988
2021-02-09 13:30:00,14.167454151663796,26.004161416199015
2021-02-09 14:00:00,14.358650968146536,25.715506733123455
2021-02-09 14:30:00,14.365174486571682,27.447928543092704
2021-02-09 15:00:00,14.504309089254527,26.994620479604954
2021-02-09 15:30:00,14.364914246152152,26.45473159740043
2021-02-09 16:00:00,14.380476592677004,26.93470209432042
2021-02-09 16:30:00,14.420335701624206,26.489425513546227
2021-02-09 17:00:00,14.26903537199178,25.714324741394723
2021-02-09 17:30:00,14.378019726936314,26.09946804624979
2021-02-09 18:00:00,14.229108978683014,26.092762055022856
2021-02-09 18:30:00,14.153926007230142,26.570783517132327
2021-02-09 19:00:00,14.313446991877052,25.267072177231388
2021-02-09 19:30:00,14.083164644776897,25.62211335736338
2021-02-09 20:00:00,14.010962612666358,24.785559068506284
2021-02-09 20:30:00,14.04097483162479,23.678855227204473
2021-02-09 21:00:00,13.964811955513873,23.442389839204534
2021-02-09 21:30:00,13.93031940638126,24.05262015748455
2021-02-09 22:00:00,13.755587621646221,23.11797589032467
2021-02-09 22:30:00,13.66664241551765,21.774784730902432
2021-02-09 23:00:00,13.860073049920903,20.304127358825184
2021-02-09 23:30:00,13.706966583777945,20.84428759279188
2021-02-10 00:00:00,13.981473710815106,18.998730611010508
2021-02-10 00:30:00,13.799371582102554,18.934407809010935
2021-02-10 01:00:00,13.804329083263834,18.344448830868917
2021-02-10 01:30:00,13.831655346013234,17.88480534393411
2021-02-10 02:00:00,13.764909582714417,17.572412974216842
2021-02-10 02:30:00,13.643694713410454,17.849134162006273
2021-02-10 03:00:00,13.650858076967424,17.91492333878793
2021-02-10 03:30:00,13.645887181704733,17.559941591270338
2021-02-10 04:00:00,13.692020026115875,17.67309530171659
2021-02-10 04:30:00,13.699506789193855,17.647655699509233
2021-02-10 05:00:00,13.798398777023364,18.309288809430864
2021-02-10 05:30:00,13.708469764641979,18.37027529641155
2021-02-10 06:00:00,13.739274926860224,18.57422806321548
2021-02-10 06:30:00,13.763015267043372,19.37917089561917
2021-02-10 07:00:00,13.81224362107322,20.311201358703688
2021-02-10 07:30:00,13.882311897857612,19.858987793383232
2021-02-10 08:00:00,13.97031444902711,21.59067370422185
2021-02-10 08:30:00,14.005591089946714,22.284753135494025
2021-02-10 09:00:00,14.109993058035146,21.852890874392223
2021-02-10 09:30:00,14.166875825536335,24.441783741458476
2021-02-10 10:00:00,14.202508579971083,23.051133200728017
2021-02-10 10:30:00,14.410910173035253,24.20097160301413
2021-02-10 11:00:00,14.482155909316512,24.786778743742847
2021-02-10 11:30:00,14.448769126756739,26.28406953236584
2021-02-10 12:00:00,14.445530718165683,26.535064304861514
2021-02-10 12:30:00,14.558565145505355,27.347270523489176
2021-02-10 13:00:00,14.663304078165472,27.10694552840936
2021-02-10 13:30:00,14.72681972776001,27.518551224886465
2021-02-10 14:00:00,14.809775628409042,27.928068929031102
2021-02-10 14:30:00,14.823396969712261,27.755766785134345
2021-02-10 15:00:00,14.8732605421663,27.63982225798185
2021-02-10 15:30:00,14.805084769684473,27.44992372496089
2021-02-10 16:00:00,14.794374242403395,28.03999152491193
2021-02-10 16:30:00,14.714123873572978,28.737899495246072
2021-02-10 17:00:00,14.940673540215029,27.702324664018786
2021-02-10 17:30:00,14.753834389127451,27.661404317465127
2021-02-10 18:00:00,14.560327158437493,27.323646637562994
2021-02-10 18:30:00,14.635145657663692,26.99838387968864
2021-02-10 19:00:00,14.704628553361468,26.149693515877683
2021-02-10 19:30:00,14.573866782432512,25.933811151040306
2021-02-10 20:00:00,14.640343760808175,25.46916319551443
2021-02-10 20:30:00,14.559105018764939,25.18769209042912
2021-02-10 21:00:00,14.328348251363751,24.32171926795119
2021-02-10 21:30:00,14.181941556606022,24.058881276751016
2021-02-10 22:00:00,14.086501342258243,23.326871963786637
2021-02-10 22:30:00,14.050353821859703,23.395306351605814
2021-02-10 23:00:00,13.86399861731855,22.423033631517132
2021-02-10 23:30:00,14.002331361185242,23.524156950440545
2021-02-11 00:00:00,14.133545634672126,21.550739834151326
2021-02-11 00:30:00,14.275657566975706,21.27090497762845
2021-02-11 01:00:00,14.017847407458131,21.363400427529246
2021-02-11 01:30:00,14.10996029092913,21.032673670916264
2021-02-11 02:00:00,13.94404228653645,19.637216405447774
2021-02-11 02:30:00,13.887653915776818,20.32281405983351
2021-02-11 03:00:00,13.699565042326155,20.383676562131814
2021-02-11 03:30:00,13.785458852252322,20.359059789769592
2021-02-11 04:00:00,13.707094867014424,19.9977119378906
2021-02-11 04:30:00,13.819251178456856,20.364356988554565
2021-02-11 05:00:00,13.896153161851027,20.50846714516017
2021-02-11 05:30:00,13.869971936946323,20.62556306288776
2021-02-11 06:00:00,14.017048979832131,20.990982537585598
2021-02-11 06:30:00,14.045795248453654,21.13862560363005
2021-02-11 07:00:00,13.809051232364391,23.040703143715902
2021-02-11 07:30:00,14.034207729641151,22.56853428273156
2021-02-11 08:00:00,14.052091037448946,23.50988688533458
2021-02-11 08:30:00,14.242351959589929,24.187360876247308
2021-02-11 09:00:00,14.254960450675114,24.484560184423028
2021-02-11 09:30:00,14.2637712061588,24.469450635098926
2021-02-11 10:00:00,14.458175487630463,24.833615379638506
2021-02-11 10:30:00,14.741001236249062,25.364344025410876
2021-02-11 11:00:00,14.631939052499124,26.425928406953563
2021-02-11 11:30:00,14.667780052717479,26.766272785413925
2021-02-11 12:00:00,14.71832037359806,28.131402589128445
2021-02-11 12:30:00,14.929959976429185,27.47248793120806
2021-02-11 13:00:00,14.877577362907004,29.597790619041056
2021-02-11 13:30:00,14.807324223894824,28.788798473455593
2021-02-11 14:00:00,14.93251097840672,28.89313697834108
2021-02-11 14:30:00,14.954737132975959,29.639762330432024
2021-02-11 15:00:00,15.256964116351444,29.48874289098215
2021-02-11 15:30:00,14.930973609051069,29.71360990922746
2021-02-11 16:00:00,15.176041557279735,29.999016311055055
2021-02-11 16:30:00,15.091405682711928,30.08490835294433
2021-02-11 17:00:00,14.930268863366338,29.70176855196807
2021-02-11 17:30:00,15.068178511335393,29.72049313184624
2021-02-11 18:00:00,15.141938364724426,30.479538019197026
2021-02-11 18:30:00,14.89978324815604,29.259555416095957
2021-02-11 19:00:00,14.827498195836503,28.576757715738662
2021-02-11 19:30:00,14.822691658005919,27.02884598995263
2021-02-11 20:00:00,14.736815906010925,27.560965846407914
2021-02-11 20:30:00,14.671638288921278,25.268290573008795
2021-02-11 21:00:00,14.688646489277204,26.25642006671412
2021-02-11 21:30:00,14.567463811798381,25.53811491490173
2021-02-11 22:00:00,14.504720611299522,25.579193714592446
2021-02-11 22:30:00,14.238576108968049,25.018603802842286
2021-02-11 23:00:00,14.224233032868238,22.616703800610164
2021-02-11 23:30:00,13.979016480656215,23.367594731249294
2021-02-12 00:00:00,14.324728804920204,22.579447722092972
2021-02-12 00:30:00,14.376716018393477,22.57949275300849
2021-02-12 01:00:00,14.127501889176559,23.298742968227145
2021-02-12 01:30:00,14.157685054567189,22.67805629681355
2021-02-12 02:00:00,14.06259521614466,20.438024904629057
2021-02-12 02:30:00,13.982475576219795,21.797744028215813
2021-02-12 03:00:00,14.102810223603152,19.757631868184834
2021-02-12 03:30:00,13.987135453651243,22.337347220951038
2021-02-12 04:00:00,13.886618398451684,21.162153785928943
2021-02-12 04:30:00,14.054472564997976,21.92376447449287
2021-02-12 05:00:00,13.963118096733993,22.089555396772774
2021-02-12 05:30:00,13.947969940234092,21.927854653535412
2021-02-12 06:00:00,13.981238112760428,22.321886902367506
2021-02-12 06:30:00,14.190045512011249,23.144571395869843
2021-02-12 07:00:00,14.079493599168774,24.094757714009262
2021-02-12 07:30:00,14.302680102254813,23.77922389212467
2021-02-12 08:00:00,14.260017826328644,23.57529408940787
2021-02-12 08:30:00,14.540446097170587,24.539716548762506
2021-02-12 09:00:00,14.449574020984484,24.556704210037516
2021-02-12 09:30:00,14.547321411192778,25.935408806067883
2021-02-12 10:00:00,14.47584672543306,26.131595841981625
2021-02-12 10:30:00,14.959857131833123,27.069845143944246
2021-02-12 11:00:00,14.724331197449837,27.845212038092853
2021-02-12 11:30:00,14.937141570548807,28.758866257944526
2021-02-12 12:00:00,14.831600328978991,29.11537354528533
2021-02-12 12:30:00,15.039906650292293,27.877736824769485
2021-02-12 13:00:00,15.174427092912465,30.545105097350344
2021-02-12 13:30:00,15.037433285409422,30.49583105479894
2021-02-12 14:00:00,15.306086422468042,31.323477260622205
2021-02-12 14:30:00,15.129446810317077,30.672577075773226
2021-02-12 15:00:00,15.268818240055852,30.521734615060208
2021-02-12 15:30:00,15.224472583818214,31.610877074143428
2021-02-12 16:00:00,15.096789056621743,31.54661014540569
2021-02-12 16:30:00,15.443365481122083,30.626335813246815
2021-02-12 17:00:00,15.284246671422203,30.642404658622958
2021-02-12 17:30:00,15.16965113633877,30.29031556095373
2021-02-12 18:00:00,15.173404616040738,31.06741872792886
2021-02-12 18:30:00,15.252118251491586,29.858952047199843
2021-02-12 19:00:00,15.230323240216435,30.552839618843056
2021-02-12 19:30:00,15.169168795632746,30.25713217409238
2021-02-12 20:00:00,14.879318555576475,29.117758667956434
2021-02-12 20:30:00,14.89931435836452,28.81562782510244
2021-02-12 21:00:00,15.012803869062665,28.371605076964528
2021-02-12 21:30:00,14.739812212089072,26.729841251026322
2021-02-12 22:00:00,14.547858255082158,26.1180551499938
2021-02-12 22:30:00,14.630460828766383,25.051915254448907
2021-02-12 23:00:00,14.508101739591165,24.49763936791063
2021-02-12 23:30:00,14.387826541597622,24.864897355405564
2021-02-13 00:00:00,14.20160485971117,23.535305324226282
2021-02-13 00:30:00,14.268032903712962,24.605109795715162
2021-02-13 01:00:00,14.095452032929941,24.158528709517455
2021-02-13 01:30:00,13.86169130489521,23.98034768802572
2021-02-13 02:00:00,14.019132058685805,23.999594062173436
2021-02-13 02:30:00,13.887691093456013,23.034591020446804
2021-02-13 03:00:00,13.912010444010852,24.22615586145876
2021-02-13 03:30:00,14.073295877749967,22.186328926097367
2021-02-13 04:00:00,13.995171085821763,23.156992203488457
2021-02-13 04:30:00,13.79199264884099,23.372590664787737
2021-02-13 05:00:00,14.007774346813607,23.011062335392708
2021-02-13 05:30:00,13.870571258245562,22.97375678324292
2021-02-13 06:00:00,14.104550843983361,22.629452283636194
2021-02-13 06:30:00,13.983495469851452,24.288369632265763
2021-02-13 07:00:00,14.044893694801702,23.334458772302522
2021-02-13 07:30:00,14.143456857030932,23.98469297251813
2021-02-13 08:00:00,14.275649439788774,23.630094872611302
2021-02-13 08:30:00,14.30092262927888,25.23491957677036
2021-02-13 09:00:00,14.245664666644586,25.564437745474244
2021-02-13 09:30:00,14.649874599610364,25.839419408125845
2021-02-13 10:00:00,14.484068200580902,26.207279062923302
2021-02-13 10:30:00,14.781745651767173,26.478626503409494
2021-02-13 11:00:00,14.765539763002302,28.326082554018846
2021-02-13 11:30:00,14.840533883643758,28.634263914408812
2021-02-13 12:00:00,14.744062472597333,28.20569121970345
2021-02-13 12:30:00,14.872056839498802,28.954212702506368
2021-02-13 13:00:00,15.045586360940595,28.262196516243876
2021-02-13 13:30:00,15.194717125382986,29.161208307524504
2021-02-13 14:00:00,15.033281886548645,28.912150606262408
2021-02-13 14:30:00,15.008963515640119,29.71027061943589
2021-02-13 15:00:00,15.201547929064585,29.5074485719223
2021-02-13 15:30:00,15.296613635017684,28.365963904192093
2021-02-13 16:00:00,15.292396272963202,29.8786126381613
2021-02-13 16:30:00,15.203426529079218,29.6173408837066
2021-02-13 17:00:00,15.106876786660326,28.89122528633149
2021-02-13 17:30:00,15.008763576968052,29.099595474423957
2021-02-13 18:00:00,14.977823245382357,28.11031625053579
2021-02-13 18:30:00,14.871384624877056,27.682025517246966
2021-02-13 19:00:00,14.88874686655028,27.905903141424016
2021-02-13 19:30:00,14.85463458967582,26.87803698348716
2021-02-13 20:00:00,14.996157281636837,26.669811143304038
2021-02-13 20:30:00,14.682219912305502,26.083117892395997
2021-02-13 21:00:00,14.745189204628183,25.013307870812007
2021-02-13 21:30:00,14.761320617284246,24.870084516262214
2021-02-13 22:00:00,14.519149923712595,24.3779590553773
2021-02-13 22:30:00,14.469863057510944,23.00262247242979
2021-02-13 23:00:00,14.220882277112887,23.750059055646606
2021-02-13 23:30:00,14.199045058903812,21.70893298094296
2021-02-14 00:00:00,14.025847100939947,21.96226673201308
2021-02-14 00:30:00,14.120458075033504,21.587009197893053
2021-02-14 01:00:00,13.993220545032383,20.470907422713953
2021-02-14 01:30:00,13.982729332068569,21.73927306074051
2021-02-14 02:00:00,13.86944307046414,20.488599984852176
2021-02-14 02:30:00,13.936734828259857,20.837603483120194
2021-02-14 03:00:00,13.76693238156077,20.149133006923005
2021-02-14 03:30:00,13.722136949116964,20.639650044595992
2021-02-14 04:00:00,13.752340334068817,20.674779769219253
2021-02-14 04:30:00,13.852581528814984,20.95226645047473
2021-02-14 05:00:00,13.989993742574036,20.796393779186975
2021-02-14 05:30:00,13.879934179974402,20.03493804745394
2021-02-14 06:00:00,13.891631047075307,22.24396611411492
2021-02-14 06:30:00,13.842751696141024,21.54890088968502
2021-02-14 07:00:00,13.851244699618052,21.405008119949436
2021-02-14 07:30:00,13.919413056356714,21.91182863999358
2021-02-14 08:00:00,14.022257391672351,22.25586878655092
2021-02-14 08:30:00,14.019851089860845,23.45640958915125
2021-02-14 09:00:00,14.109898300926925,23.36677795798119
2021-02-14 09:30:00,14.323300755679389,23.654360744968084
2021-02-14 10:00:00,14.472292647054639,25.113218417247065
2021-02-14 10:30:00,14.353316773967409,24.593890700628304
2021-02-14 11:00:00,14.501498442168515,25.05749468179166
2021-02-14 11:30:00,14.628100569615343,26.390443923415077
2021-02-14 12:00:00,14.815423055062315,27.353152771814585
2021-02-14 12:30:00,14.775296001685149,28.4319617109854
2021-02-14 13:00:00,14.648414837571694,28.977074684077557
2021-02-14 13:30:00,14.880566225836121,28.412325227324548
2021-02-14 14:00:00,14.86195080642524,29.973163258741447
2021-02-14 14:30:00,14.819567485892849,29.222542920748243
2021-02-14 15:00:00,15.116967721325453,30.040647225419082
2021-02-14 15:30:00,15.018489577724013,29.462024132862652
2021-02-14 16:00:00,15.04813587199322,30.442177805620403
2021-02-14 16:30:00,14.969888493685408,30.061260996520375
2021-02-14 17:00:00,14.797177706379133,29.597260556655716
2021-02-14 17:30:00,14.86417391415267,29.120979302484123
2021-02-14 18:00:00,14.877946214058323,28.763875146515765
2021-02-14 18:30:00,14.860315353150689,27.856296524423584
2021-02-14 19:00:00,14.726878561142112,27.71914471822279
2021-02-14 19:30:00,14.67377686198353,27.773450757045065
2021-02-14 20:00:00,14.65984050268285,25.832249957420146
2021-02-14 20:30:00,14.416819057900067,26.46072324113568
2021-02-14 21:00:00,14.651014148921652,24.02118081735795
2021-02-14 21:30:00,14.556850803519676,23.85370291375637
2021-02-14 22:00:00,14.259660198159025,23.011619450764982
2021-02-14 22:30:00,14.287299904083016,22.40507071805425
2021-02-14 23:00:00,14.063924052690092,21.657712078932637
2021-02-14 23:30:00,14.077038821333167,21.003188049219613
2021-02-15 00:00:00,13.550396047173178,20.525845160951224
2021-02-15 00:30:00,13.377473727192127,21.20729163286196
2021-02-15 01:00:00,13.55062590853631,20.826134585474215
2021-02-15 01:30:00,13.512329125990139,20.027665370862557
2021-02-15 02:00:00,13.431326838909182,19.908361267780435
2021-02-15 02:30:00,13.37095409368752,20.889272966390664
2021-02-15 03:00:00,13.382354118053597,20.62834723136204
2021-02-15 03:30:00,13.519626018092673,19.263376633689788
2021-02-15 04:00:00,13.361330136051162,20.497206447726967
2021-02-15 04:30:00,13.06113514138125,19.968067297032682
2021-02-15 05:00:00,13.192722417297682,20.347977172791804
2021-02-15 05:30:00,13.268963955281333,19.531898877647546
2021-02-15 06:00:00,13.361827548680173,20.60744196764446
2021-02-15 06:30:00,13.254959344049949,20.41753200770729
2021-02-15 07:00:00,13.420316962767291,20.91296355206937
2021-02-15 07:30:00,13.5430946884379,20.566029234736458
2021-02-15 08:00:00,13.623897393218341,21.592152771843484
2021-02-15 08:30:00,13.573121152945735,21.413616085374297
2021-02-15 09:00:00,13.713300436826556,21.669025560144597
2021-02-15 09:30:00,13.867925381315622,21.809134405774177
2021-02-15 10:00:00,13.900936765434059,22.44459192342811
2021-02-15 10:30:00,13.797392561546788,23.118761404143143
2021-02-15 11:00:00,13.924436566678247,23.306921580293913
2021-02-15 11:30:00,14.004726215679073,24.46221113180769
2021-02-15 12:00:00,14.126779543473734,25.001164977598137
2021-02-15 12:30:00,14.124199194997532,25.22750370087069
2021-02-15 13:00:00,14.363604420134068,25.123792762886993
2021-02-15 13:30:00,14.413065654782248,25.013561889772816
2021-02-15 14:00:00,14.19953840792862,25.907496941467908
2021-02-15 14:30:00,14.348897642069213,25.72552607875022
2021-02-15 15:00:00,14.401585283718795,27.22338742402999
2021-02-15 15:30:00,14.402403258732921,25.39140668964437
2021-02-15 16:00:00,14.398711142363595,26.415930677809328
2021-02-15 16:30:00,14.400660187563892,27.108471317444803
2021-02-15 17:00:00,14.315395222046174,26.7981055982669
2021-02-15 17:30:00,14.192434279097775,27.955015703663026
2021-02-15 18:00:00,14.62765518601699,26.132001040722034
2021-02-15 18:30:00,14.22800564512333,26.765757402053982
2021-02-15 19:00:00,14.238981098923473,25.932379325535084
2021-02-15 19:30:00,14.062690620556276,25.770810014828772
2021-02-15 20:00:00,14.052346301509791,24.189263373794333
2021-02-15 20:30:00,14.143295384509262,24.31404250568545
2021-02-15 21:00:00,14.197183873922196,23.611130097540205
2021-02-15 21:30:00,13.951461496293737,22.431253205585406
2021-02-15 22:00:00,13.81583172446963,22.134894211695087
2021-02-15 22:30:00,13.816210319338527,22.393511168162764
2021-02-15 23:00:00,13.770216664187114,21.089913652364533
2021-02-15 23:30:00,13.611162866399146,21.297500976801125
2021-02-16 00:00:00,13.547582010352,19.90880958122528
2021-02-16 00:30:00,13.357470526669069,20.11092650427473
2021-02-16 01:00:00,13.290961195402465,19.619524492634408
2021-02-16 01:30:00,13.343662063785233,19.29359909168915
2021-02-16 02:00:00,13.364479534731695,18.085063795301707
2021-02-16 02:30:00,13.027378096403464,18.502485775717624
2021-02-16 03:00:00,13.359094204628812,18.6170184088784
2021-02-16 03:30:00,13.319536563906519,18.81409756670395
2021-02-16 04:00:00,13.203886813604525,18.91240397434459
2021-02-16 04:30:00,13.15208177598437,19.624053963269798
2021-02-16 05:00:00,13.123837395542655,19.20378048139866
2021-02-16 05:30:00,13.1183256531755,19.18119225783767
2021-02-16 06:00:00,13.162901387070939,17.979696868610286
2021-02-16 06:30:00,13.143380274666054,19.75222466595807
2021-02-16 07:00:00,13.489192200350285,20.199039580557407
2021-02-16 07:30:00,13.358653433309502,20.723603033033275
2021-02-16 08:00:00,13.408874542235028,20.585732308406936
2021-02-16 08:30:00,13.61758506447832,22.4804200319417
2021-02-16 09:00:00,13.435320128096599,23.580461472597655
2021-02-16 09:30:00,13.756506574232041,24.54102240924974
2021-02-16 10:00:00,13.796305357847565,24.97950375164866
2021-02-16 10:30:00,13.796283170417809,26.029299134511753
2021-02-16 11:00:00,13.864356286929352,26.138839647304394
2021-02-16 11:30:00,13.976691441957138,25.011264868406613
2021-02-16 12:00:00,14.08068514861942,26.117777977324906
2021-02-16 12:30:00,13.860336575169788,26.4924894541837
2021-02-16 13:00:00,14.079058104525481,26.73070607857623
2021-02-16 13:30:00,14.122055046550715,28.350008536865595
2021-02-16 14:00:00,14.14695738916898,27.470314147951044
2021-02-16 14:30:00,14.32670570856719,28.102712694232025
2021-02-16 15:00:00,14.364903647026559,28.256885446963555
2021-02-16 15:30:00,14.270251107429608,29.07262493752552
2021-02-16 16:00:00,14.311356188179392,27.881830836817198
2021-02-16 16:30:00,14.262807901113357,28.986135086694105
2021-02-16 17:00:00,14.279995620100731,27.819209980291138
2021-02-16 17:30:00,14.417390283308697,27.48407670440674
2021-02-16 18:00:00,14.248821456888939,27.971923404104846
2021-02-16 18:30:00,14.03033313009268,27.82472943755774
2021-02-16 19:00:00,14.184677195602099,27.16349983927142
2021-02-16 19:30:00,14.14402692299799,25.92761469872575
2021-02-16 20:00:00,14.22488012666828,26.449885189510688
2021-02-16 20:30:00,14.098366155846485,25.77166154169435
2021-02-16 21:00:00,13.73096785415638,25.95555570925825
2021-02-16 21:30:00,13.7984433917831,24.556337944218065
2021-02-16 22:00:00,13.692942298155495,25.554417462124103
2021-02-16 22:30:00,13.80941608715415,23.922640820237206
2021-02-16 23:00:00,13.535678939583065,23.755651200699237
2021-02-16 23:30:00,13.535589227153123,22.638946721817224
2021-02-17 00:00:00,14.098930224349493,21.506478119474544
2021-02-17 00:30:00,13.976992197476925,22.4284980109
2021-02-17 01:00:00,13.907247879775241,20.435274528803255
2021-02-17 01:30:00,13.92758481408301,21.248939381367
2021-02-17 02:00:00,13.774084486510654,20.839887026424915
2021-02-17 02:30:00,13.846233368621673,19.986063082285913
2021-02-17 03:00:00,13.875973038448041,20.476963148754148
2021-02-17 03:30:00,13.764774208398567,19.67774501446506
2021-02-17 04:00:00,13.71203668017155,19.829356834257307
2021-02-17 04:30:00,13.71267294144743,20.067088976317102
2021-02-17 05:00:00,13.720664805683283,20.088659382142783
2021-02-17 05:30:00,13.817377967371808,21.020618527686548
2021-02-17 06:00:00,13.721750181203213,20.194945001097608
2021-02-17 06:30:00,13.982123778646459,20.27327296925743
2021-02-17 07:00:00,13.933720656237695,20.317883803697853
2021-02-17 07:30:00,13.984770055570158,21.596424811343187
2021-02-17 08:00:00,13.987617903669108,21.87999555930343
2021-02-17 08:30:00,14.126758560353013,21.884192854005427
2021-02-17 09:00:00,14.15487254069662,22.392670278854528
2021-02-17 09:30:00,14.209374031701103,23.513720900849638
2021-02-17 10:00:00,14.251177387989628,22.258081449501184
2021-02-17 10:30:00,14.515778620158207,22.849445506624296
2021-02-17 11:00:00,14.780146865893563,24.014741468860915
2021-02-17 11:30:00,14.562195372122218,25.208052646923107
2021-02-17 12:00:00,14.70052931911374,25.02525581064012
2021-02-17 12:30:00,14.742977083835992,25.773380627388534
2021-02-17 13:00:00,14.578142330481548,25.82395535006893
2021-02-17 13:30:00,14.975445758316342,26.69930138072072
2021-02-17 14:00:00,14.907732861682035,27.23168012928543
2021-02-17 14:30:00,15.011821496292814,28.107815585663086
2021-02-17 15:00:00,14.839956758812974,28.002622886370414
2021-02-17 15:30:00,15.04889731233697,27.580022577021474
2021-02-17 16:00:00,14.851600059419264,27.249812887566264
2021-02-17 16:30:00,14.85658223167857,27.33365426046272
2021-02-17 17:00:00,14.976385896807303,27.6961922152124
2021-02-17 17:30:00,15.09951270073636,26.91633278738328
2021-02-17 18:00:00,14.743664687151776,26.809649242196745
2021-02-17 18:30:00,14.750481410051835,27.569598675214724
2021-02-17 19:00:00,14.781589819693849,25.523647317653325
2021-02-17 19:30:00,14.668254996212822,25.233870156088045
2021-02-17 20:00:00,14.824462774992101,24.75835146171181
2021-02-17 20:30:00,14.637972353267791,25.10509341017013
2021-02-17 21:00:00,14.321443815874245,23.889637196004706
2021-02-17 21:30:00,14.599783009821808,22.44881143159007
2021-02-17 22:00:00,14.34233457806021,21.830294380813218
2021-02-17 22:30:00,14.182995651224378,21.591525708572213
2021-02-17 23:00:00,14.255708372382522,21.689680538852944
2021-02-17 23:30:00,14.1584618880923,21.2433739554619
2021-02-18 00:00:00,14.236910884130323,21.240309139526623
2021-02-18 00:30:00,14.253621498777559,20.70268749692825
2021-02-18 01:00:00,14.032548154477494,20.001301294768947
2021-02-18 01:30:00,14.222396420085392,19.87898601400713
2021-02-18 02:00:00,14.176997337023714,19.741130422901623
2021-02-18 02:30:00,14.105167640993635,19.589545776674562
2021-02-18 03:00:00,14.175444680812005,20.043944664049338
2021-02-18 03:30:00,13.926034821928942,19.88408916460148
2021-02-18 04:00:00,13.900179694566695,19.518223722136
2021-02-18 04:30:00,13.919565632445758,19.799948156418868
2021-02-18 05:00:00,14.259033510623732,18.97127399868112
2021-02-18 05:30:00,14.293652065027823,19.36799948110972
2021-02-18 06:00:00,14.021545839711342,20.567365907814604
2021-02-18 06:30:00,14.124379399405917,21.546788858742357
2021-02-18 07:00:00,14.153984763952193,19.74461427736703
2021-02-18 07:30:00,14.248862800144463,21.42523748471938
2021-02-18 08:00:00,14.36934027740383,22.098377514282607
2021-02-18 08:30:00,14.27003456978894,22.20675516319074
2021-02-18 09:00:00,14.419076792688884,24.483404742728574
2021-02-18 09:30:00,14.496600302107593,23.956485478550444
2021-02-18 10:00:00,14.606822166266568,24.258150765849187
2021-02-18 10:30:00,14.729162719201707,24.873093312854643
2021-02-18 11:00:00,14.838342137173534,26.22258799651282
2021-02-18 11:30:00,14.718833592489668,26.468718674820973
2021-02-18 12:00:00,14.823961939791928,26.83483216768791
2021-02-18 12:30:00,14.851721521192717,27.380123873677633
2021-02-18 13:00:00,15.038535801989415,27.721194191515952
2021-02-18 13:30:00,15.20334557895037,26.85083614997759
2021-02-18 14:00:00,15.009103195100938,27.419501975251976
2021-02-18 14:30:00,15.185607590120004,28.400903621779406
2021-02-18 15:00:00,15.24138751206382,28.568282561026425
2021-02-18 15:30:00,15.261668875322892,28.518885556697118
2021-02-18 16:00:00,15.324045381212136,27.866278246656066
2021-02-18 16:30:00,15.2843949183224,27.191572731824508
2021-02-18 17:00:00,15.29438837999093,27.734115940223344
2021-02-18 17:30:00,15.278751795290809,27.986024318125956
2021-02-18 18:00:00,15.253464566656302,27.53920897772688
2021-02-18 18:30:00,14.884506921359147,26.654692439687068
2021-02-18 19:00:00,15.025417684299912,26.479632252158233
2021-02-18 19:30:00,14.994396374952927,25.533728328376636
2021-02-18 20:00:00,15.00755573677606,26.15212114014515
2021-02-18 20:30:00,14.909774527280085,25.410798888444834
2021-02-18 21:00:00,14.78232583651384,24.451573791765448
2021-02-18 21:30:00,14.63129273409603,22.753933761673025
2021-02-18 22:00:00,14.695614967907593,22.302120318400153
2021-02-18 22:30:00,14.529872593708435,22.42381692886243
2021-02-18 23:00:00,14.319710633598943,21.490115171812203
2021-02-18 23:30:00,14.388846502663903,20.77128418595486
2021-02-19 00:00:00,14.265461988054808,19.67986655531402
2021-02-19 00:30:00,14.365929665580406,20.36363012432356
2021-02-19 01:00:00,14.079259949651776,18.647473670885613
2021-02-19 01:30:00,14.388549469559901,18.645480297220903
2021-02-19 02:00:00,14.030434312665536,18.405890185269214
2021-02-19 02:30:00,14.254912508962628,18.514528938959874
2021-02-19 03:00:00,13.856464545129604,18.262393102875258
2021-02-19 03:30:00,14.041586761836124,18.102346000845404
2021-02-19 04:00:00,14.134094864137255,18.637522452282315
2021-02-19 04:30:00,13.838568248633596,18.869746119369776
2021-02-19 05:00:00,14.126533767818671,18.90155271045269
2021-02-19 05:30:00,14.212229648531524,19.321644482585892
2021-02-19 06:00:00,13.936140730137579,19.850886256268208
2021-02-19 06:30:00,14.25453390117656,20.178661070179345
2021-02-19 07:00:00,14.024986597811637,20.70216877559149
2021-02-19 07:30:00,14.295675660506856,20.896443047143322
2021-02-19 08:00:00,14.410624596521393,22.202424798724763
2021-02-19 08:30:00,14.234491351840246,22.008620824800463
2021-02-19 09:00:00,14.363252111144043,22.297239461271474
2021-02-19 09:30:00,14.507313467784137,23.349072611159208
2021-02-19 10:00:00,14.698454762339797,22.975643781153288
2021-02-19 10:30:00,14.728632376301324,25.604789435378258
2021-02-19 11:00:00,14.76045203291946,25.66078074217224
2021-02-19 11:30:00,14.68386916798929,25.841584721498904
2021-02-19 12:00:00,14.8733026013279,26.421121273166982
2021-02-19 12:30:00,14.966399816851926,26.26687794025254
2021-02-19 13:00:00,15.051035910064108,27.3596293466398
2021-02-19 13:30:00,15.024202426002601,28.32679903855532
2021-02-19 14:00:00,15.25966908368221,28.298115826697305
2021-02-19 14:30:00,15.146515478438827,29.32748771753848
2021-02-19 15:00:00,15.207606169610818,28.673710081053486
2021-02-19 15:30:00,15.138523890082606,29.066223899398356
2021-02-19 16:00:00,15.44237917108855,28.25119796298232
2021-02-19 16:30:00,15.261952008651555,28.097829763997485
2021-02-19 17:00:00,15.22064033648876,28.642632454781996
2021-02-19 17:30:00,15.055237903695664,27.567339781736674
2021-02-19 18:00:00,15.06301221589884,27.810823761046834
2021-02-19 18:30:00,15.11183606226609,27.632452789471692
2021-02-19 19:00:00,15.033091649530798,26.600854609704317
2021-02-19 19:30:00,14.940225493406817,27.041519872106672
2021-02-19 20:00:00,14.93200773845431,24.965775322265866
2021-02-19 20:30:00,14.790795984850993,25.857611740915807
2021-02-19 21:00:00,14.835491470904419,24.588679219802582
2021-02-19 21:30:00,14.656494468378906,24.6005902562148
2021-02-19 22:00:00,14.556070430171225,22.96561084382783
2021-02-19 22:30:00,14.376952086275825,23.55547214107486
2021-02-19 23:00:00,14.373808283312068,22.994366331154044
2021-02-19 23:30:00,14.375415092237265,22.775790249991203
2021-02-20 00:00:00,14.39577240982476,21.0942013140418
2021-02-20 00:30:00,14.362839855991218,20.611600949476383
2021-02-20 01:00:00,14.346618855668645,20.112171276259414
2021-02-20 01:30:00,14.342105110513778,19.935500383713926
2021-02-20 02:00:00,14.274484488731815,19.328616546325414
2021-02-20 02:30:00,14.293621825370746,20.416140675609288
2021-02-20 03:00:00,14.259448443140034,18.95639915093028
2021-02-20 03:30:00,14.222555601859359,20.167863346760903
2021-02-20 04:00:00,14.289488536681686,19.83933699829818
2021-02-20 04:30:00,14.347156762571453,19.51499295364453
2021-02-20 05:00:00,14.309246013314995,19.725659276270356
2021-02-20 05:30:00,14.211590882668775,18.85545535666529
2021-02-20 06:00:00,14.321725358925232,19.71373511112083
2021-02-20 06:30:00,14.243440861365636,20.433809919625293
2021-02-20 07:00:00,14.221620152042616,21.088098993867526
2021-02-20 07:30:00,14.483004409678722,22.216619284776293
2021-02-20 08:00:00,14.396714274193082,22.062800628554434
2021-02-20 08:30:00,14.620477602504081,22.905843834401725
2021-02-20 09:00:00,14.586293432623219,23.0307666122649
2021-02-20 09:30:00,14.732479920039205,24.415562810999855
2021-02-20 10:00:00,14.822151643947311,25.471573182414954
2021-02-20 10:30:00,14.951947405474042,24.538813562654934
2021-02-20 11:00:00,14.828480389709883,25.40758712518089
2021-02-20 11:30:00,15.026480668772892,24.737825312425016
2021-02-20 12:00:00,15.052066307036833,26.43128235044259
2021-02-20 12:30:00,15.10076130295755,27.160102482747984
2021-02-20 13:00:00,15.26641379870986,27.868138214158677
2021-02-20 13:30:00,15.408518618734034,27.03690206931064
2021-02-20 14:00:00,15.446442332506386,28.346606099791426
2021-02-20 14:30:00,15.421266101483665,28.323602345954953
2021-02-20 15:00:00,15.49611100766874,29.159539687024633
2021-02-20 15:30:00,15.462986619884079,29.36938236539871
2021-02-20 16:00:00,15.494943229634133,27.71772639326764
2021-02-20 16:30:00,15.343111418582765,27.932727997851163
2021-02-20 17:00:00,15.45749986301047,27.15171898941267
2021-02-20 17:30:00,15.521853019121364,26.44584593362662
2021-02-20 18:00:00,15.308565705256838,26.424029049103016
2021-02-20 18:30:00,15.404786495706558,26.08275998031031
2021-02-20 19:00:00,15.201166993203275,25.79926495219435
2021-02-20 19:30:00,15.11019592861954,24.373415010705582
2021-02-20 20:00:00,15.124249168930618,23.151207081476606
2021-02-20 20:30:00,15.08140964614001,23.327219421762926
2021-02-20 21:00:00,14.891100033343822,23.431354479701085
2021-02-20 21:30:00,14.938068268875867,21.564911409613643
2021-02-20 22:00:00,14.718869083862788,22.372111654273876
2021-02-20 22:30:00,14.75660145792434,20.56815814871199
2021-02-20 23:00:00,14.676661133600875,20.847074830993797
2021-02-20 23:30:00,14.533495253942302,20.52147720266398
2021-02-21 00:00:00,14.284872717181553,20.27677882453536
2021-02-21 00:30:00,14.318427159353492,20.09480032389683
2021-02-21 01:00:00,14.262535092513081,20.043733243997014
2021-02-21 01:30:00,14.210698147391886,19.21506058428238
2021-02-21 02:00:00,13.9780664618772,18.81403797886307
2021-02-21 02:30:00,14.12054060258602,19.327034207642292
2021-02-21 03:00:00,14.018146323514113,18.52662376021716
2021-02-21 03:30:00,14.12921488774878,18.448574135873923
2021-02-21 04:00:00,14.139177349844198,19.24313311676204
2021-02-21 04:30:00,14.145873824534823,18.820450060122067
2021-02-21 05:00:00,14.046069798242787,18.977244002896498
2021-02-21 05:30:00,14.074557306014807,19.779467463428865
2021-02-21 06:00:00,13.938733680488564,19.743361354168133
2021-02-21 06:30:00,14.243021383876735,20.001858703902016
2021-02-21 07:00:00,14.249515247874522,20.25942971986371
2021-02-21 07:30:00,14.260342845220954,21.439765024149118
2021-02-21 08:00:00,14.22101187512622,21.656431497646757
2021-02-21 08:30:00,14.440970508764801,23.261261600677027
2021-02-21 09:00:00,14.402633529892015,22.972389155881828
2021-02-21 09:30:00,14.494632338361336,24.38963748500206
2021-02-21 10:00:00,14.802129330514491,23.783001064530477
2021-02-21 10:30:00,14.575759041026348,24.681161836953226
2021-02-21 11:00:00,14.698329076626374,25.32100441875891
2021-02-21 11:30:00,14.774899390171338,25.105020698152998
2021-02-21 12:00:00,14.958558023696545,26.47369089684402
2021-02-21 12:30:00,15.062177882526974,27.067214322974042
2021-02-21 13:00:00,15.116204051959828,27.563017740290597
2021-02-21 13:30:00,15.187044401029908,27.711648388357197
2021-02-21 14:00:00,15.24616764900375,28.94162059301027
2021-02-21 14:30:00,15.291546293115001,28.716887025948395
2021-02-21 15:00:00,15.340247203387287,28.803765190102077
2021-02-21 15:30:00,15.140738493883491,28.593491954392203
2021-02-21 16:00:00,14.920996856240688,28.826896556851192
2021-02-21 16:30:00,15.250902054282014,28.220360052154938
2021-02-21 17:00:00,15.243195535241146,27.816133430263715
2021-02-21 17:30:00,15.301725696786873,27.4980896436002
2021-02-21 18:00:00,15.084268645580716,26.672229112463032
2021-02-21 18:30:00,14.9127315584265,27.197454285644834
2021-02-21 19:00:00,14.900245561082643,26.390871532768376
2021-02-21 19:30:00,14.946078304542041,26.289482944549704
2021-02-21 20:00:00,14.93339218107598,25.49250392955769
2021-02-21 20:30:00,14.93321330071409,25.968852012853702
2021-02-21 21:00:00,14.896074957383284,25.306056115578233
2021-02-21 21:30:00,14.805488012097822,24.501176011797707
2021-02-21 22:00:00,14.6803299570455,23.529032445707134
2021-02-21 22:30:00,14.487511717266434,22.862331216158786
2021-02-21 23:00:00,14.573218307831674,22.288799313667344
2021-02-21 23:30:00,14.415529111014719,22.11845579830195
2021-02-22 00:00:00,14.186533965916574,21.73555015858407
2021-02-22 00:30:00,14.112343107523426,20.87684860863837
2021-02-22 01:00:00,13.846351337890153,19.674021609754725
2021-02-22 01:30:00,13.920032524777803,20.399609137248067
2021-02-22 02:00:00,13.946822573299103,19.004422522703486
2021-02-22 02:30:00,13.651091452611432,19.252864643482077
2021-02-22 03:00:00,13.757657042426214,18.721464590140823
2021-02-22 03:30:00,13.781402690933094,19.049995726150584
2021-02-22 04:00:00,13.84022976238093,19.085502711748813
2021-02-22 04:30:00,13.61718018746833,19.506218789762254
2021-02-22 05:00:00,13.73812421248093,17.71755764948075
2021-02-22 05:30:00,13.999574661905868,18.575993058608052
2021-02-22 06:00:00,13.80862835565711,18.57972727178184
2021-02-22 06:30:00,13.800644454165418,19.69992901034662
2021-02-22 07:00:00,13.911078347488642,19.66533004404586
2021-02-22 07:30:00,14.204212511017085,21.057337540086813
2021-02-22 08:00:00,14.01058037274093,20.961731491485015
2021-02-22 08:30:00,14.03089886947004,21.82981457182978
2021-02-22 09:00:00,14.327111521659619,20.980981825046474
2021-02-22 09:30:00,14.223829852318834,22.95217112778511
2021-02-22 10:00:00,14.291376390300512,23.42543287790637
2021-02-22 10:30:00,14.54148621944927,23.05134010009059
2021-02-22 11:00:00,14.457362587218991,24.931477332224787
2021-02-22 11:30:00,14.329414537561728,25.457122938346792
2021-02-22 12:00:00,14.385673781738744,25.701611568283074
2021-02-22 12:30:00,14.772935125323675,25.29926445970221
2021-02-22 13:00:00,14.641061516888524,26.154073558130104
2021-02-22 13:30:00,14.619575744109646,26.932887741379094
2021-02-22 14:00:00,14.895669913728282,27.008708619584315
2021-02-22 14:30:00,14.74806980189586,26.772763018320187
2021-02-22 15:00:00,14.980768950381954,27.677662536946638
2021-02-22 15:30:00,14.87926788415485,27.713054512650285
2021-02-22 16:00:00,15.016514701690749,27.169239543691152
2021-02-22 16:30:00,15.144559171249663,27.26499796670528
2021-02-22 17:00:00,15.17634641260901,26.927242953049586
2021-02-22 17:30:00,14.977965172178576,26.59569247717901
2021-02-22 18:00:00,14.872957533289522,26.120341622130848
2021-02-22 18:30:00,14.848446198626002,25.73846515008891
2021-02-22 19:00:00,14.771223698180721,24.571193063341568
2021-02-22 19:30:00,14.654109963544187,24.456501952134182
2021-02-22 20:00:00,14.62030919415498,24.253499594276928
2021-02-22 20:30:00,14.427133338093428,22.584738356239363
2021-02-22 21:00:00,14.449381846240264,22.992268877523752
2021-02-22 21:30:00,14.272204660145333,22.271855528413973
2021-02-22 22:00:00,14.255993918886999,22.459490587868352
2021-02-22 22:30:00,14.174893205939076,21.061595601572286
2021-02-22 23:00:00,14.211829486431055,19.941312312217857
2021-02-22 23:30:00,14.095297023949756,18.42417092051505
2021-02-23 00:00:00,14.605603806364844,20.254863972202855
2021-02-23 00:30:00,14.536096532626683,17.566679604953567
2021-02-23 01:00:00,14.536600960250421,17.887209451439233
2021-02-23 01:30:00,14.420103768125522,17.516464294844862
2021-02-23 02:00:00,14.308941983962436,17.30920528566996
2021-02-23 02:30:00,14.532440250218404,16.635759104015964
2021-02-23 03:00:00,14.297231792732529,16.96247729745461
2021-02-23 03:30:00,14.429751858209958,17.549205070389004
2021-02-23 04:00:00,14.360589435107357,16.049337303230985
2021-02-23 04:30:00,14.026361881358023,16.525197046716265
2021-02-23 05:00:00,14.427186097859884,17.169928899956748
2021-02-23 05:30:00,14.356128535602688,17.327553008983763
2021-02-23 06:00:00,14.355313458336763,17.008314273194447
2021-02-23 06:30:00,14.471604238025499,16.389982710575374
2021-02-23 07:00:00,14.601214472616848,17.836947362961592
2021-02-23 07:30:00,14.532142668620866,18.681114270868434
2021-02-23 08:00:00,14.65100416054614,20.3443924900445
2021-02-23 08:30:00,14.804650888812713,21.239158837834257
2021-02-23 09:00:00,14.904369841629801,21.312119606413685
2021-02-23 09:30:00,15.024939908683056,22.099707753174812
2021-02-23 10:00:00,14.846803591806085,23.176685628055083
2021-02-23 10:30:00,15.26076779146474,24.18679808092151
2021-02-23 11:00:00,15.169982721365216,24.0343019865626
2021-02-23 11:30:00,15.284128452743202,24.446309269044985
2021-02-23 12:00:00,15.229562695917041,24.838180767735455
2021-02-23 12:30:00,15.36336433651917,25.65988419373234
2021-02-23 13:00:00,15.401112294046868,25.595410559914626
2021-02-23 13:30:00,15.539459097687427,26.06135077230513
2021-02-23 14:00:00,15.385754026517837,26.83391194245886
2021-02-23 14:30:00,15.519816858084493,26.88353151850473
2021-02-23 15:00:00,15.46816423485358,27.67535471455915
2021-02-23 15:30:00,15.78053597970087,28.467615123227166
2021-02-23 16:00:00,15.60364623131634,27.15364917167138
2021-02-23 16:30:00,15.453966479580219,27.6396995869707
2021-02-23 17:00:00,15.448553336198977,26.710607941545703
2021-02-23 17:30:00,15.733101360436956,26.790908806763497
2021-02-23 18:00:00,15.599810413737194,26.65989182485748
2021-02-23 18:30:00,15.500322710591055,25.94672259310178
2021-02-23 19:00:00,15.135878702671327,25.92393373105038
2021-02-23 19:30:00,15.517719919371128,24.08729178434249
2021-02-23 20:00:00,15.41009749823153,23.819125135472234
2021-02-23 20:30:00,15.284850583813427,24.21660064482574
2021-02-23 21:00:00,15.183260923455364,24.109930979181296
2021-02-23 21:30:00,14.979592513618556,23.0651912212239
2021-02-23 22:00:00,14.82782844911611,22.54044161831013
2021-02-23 22:30:00,14.819611881985242,21.613455215867507
2021-02-23 23:00:00,14.763590587202291,21.02054543921693
2021-02-23 23:30:00,14.717617036658016,21.22274731424246
2021-02-24 00:00:00,14.551666203105741,19.438185373582158
2021-02-24 00:30:00,14.448239643091542,20.058978030489286
2021-02-24 01:00:00,14.233901040951432,20.69515538034882
2021-02-24 01:30:00,14.217780276170215,19.371977466247287
2021-02-24 02:00:00,14.239992133480035,19.129442733455704
2021-02-24 02:30:00,14.098056114575105,18.419913840102964
2021-02-24 03:00:00,14.136990599516077,18.481903937752158
2021-02-24 03:30:00,14.205165164353108,18.21253386868884
2021-02-24 04:00:00,13.983243207963127,17.820527232793907
2021-02-24 04:30:00,14.09786464356101,17.84761060095297
2021-02-24 05:00:00,14.199101563396177,17.21061680592433
2021-02-24 05:30:00,14.032421598325474,17.744595267445042
2021-02-24 06:00:00,14.149464761511213,18.18648155044956
2021-02-24 06:30:00,14.243318185812127,18.272685899632958
2021-02-24 07:00:00,14.2087627537865,18.292428463872316
2021-02-24 07:30:00,14.346589141165687,18.642115390088485
2021-02-24 08:00:00,14.473987021613347,19.072524645744046
2021-02-24 08:30:00,14.30617833453279,20.337653048839226
2021-02-24 09:00:00,14.613063716883962,18.557970488975965
2021-02-24 09:30:00,14.618454393140471,21.290494575349754
2021-02-24 10:00:00,14.600220677129093,20.286979213682116
2021-02-24 10:30:00,14.811898469068602,22.642499213988994
2021-02-24 11:00:00,14.75476244174721,22.2681630507655
2021-02-24 11:30:00,15.144766067305985,24.11396624969314
2021-02-24 12:00:00,15.24491602739055,23.19687482051216
2021-02-24 12:30:00,14.687981077315813,24.28797288539477
2021-02-24 13:00:00,15.177498014593382,24.4301593535446
2021-02-24 13:30:00,15.140778092061057,24.24698268060398
2021-02-24 14:00:00,15.314651360857479,24.602328827532062
2021-02-24 14:30:00,15.408530786725512,25.46976408518697
2021-02-24 15:00:00,15.234152171409916,25.825469339425535
2021-02-24 15:30:00,15.412629319146522,26.304137802734562
2021-02-24 16:00:00,15.251058636815628,26.23645476529694
2021-02-24 16:30:00,15.243985012905128,25.742388279385167
2021-02-24 17:00:00,15.241860729889487,25.37787394565587
2021-02-24 17:30:00,15.2499163681754,25.689366925583286
2021-02-24 18:00:00,15.275644651498848,25.400459050682883
2021-02-24 18:30:00,15.154223644304647,25.041208055647438
2021-02-24 19:00:00,14.952405291146215,24.868869556001314
2021-02-24 19:30:00,15.237870726314025,22.81851295116632
2021-02-24 20:00:00,15.017299414718165,23.347071908311662
2021-02-24 20:30:00,15.036544261227665,22.789034007430505
2021-02-24 21:00:00,14.823516143142344,22.49213469861933
2021-02-24 21:30:00,14.714954446879956,21.71292423463999
2021-02-24 22:00:00,14.42040224958385,21.739433736571076
2021-02-24 22:30:00,14.479528348959358,21.961730762663088
2021-02-24 23:00:00,14.726967858849706,20.372878576092067
2021-02-24 23:30:00,14.411954587821677,19.667458110858256
2021-02-25 00:00:00,13.946405988527031,20.094587630252416
2021-02-25 00:30:00,13.722290107171935,19.664604524134077
2021-02-25 01:00:00,13.641146333760837,18.717399537826104
2021-02-25 01:30:00,13.596637647303526,19.041348835251927
2021-02-25 02:00:00,13.637508736785318,17.901911648732465
2021-02-25 02:30:00,13.684209439458819,19.122506969985654
2021-02-25 03:00:00,13.642284889361376,17.99449261098579
2021-02-25 03:30:00,13.616059683756394,16.675324919078612
2021-02-25 04:00:00,13.604979204598395,18.047703782078273
2021-02-25 04:30:00,13.72410405848437,17.439225432485916
2021-02-25 05:00:00,13.362825693359703,17.266718698487715
2021-02-25 05:30:00,13.691711803432291,17.301936631682143
2021-02-25 06:00:00,13.76177348166013,17.702592074335943
2021-02-25 06:30:00,13.723578080929448,18.626156493480796
2021-02-25 07:00:00,13.614924754019643,19.134350107780225
2021-02-25 07:30:00,13.866063661337655,19.790473142569613
2021-02-25 08:00:00,13.920615545968795,20.35993038237172
2021-02-25 08:30:00,14.089863232821507,22.00436667444568
2021-02-25 09:00:00,13.935826032509508,22.22917369318497
2021-02-25 09:30:00,14.098206518484881,21.534873943616084
2021-02-25 10:00:00,13.98395739306746,23.200675473922924
2021-02-25 10:30:00,14.31166195044146,22.75372846903493
2021-02-25 11:00:00,14.327149180240932,24.610865869869706
2021-02-25 11:30:00,14.436000849865183,25.10169928443112
2021-02-25 12:00:00,14.554169534831289,25.27873593803665
2021-02-25 12:30:00,14.337608651563693,24.800507953727507
2021-02-25 13:00:00,14.64341726285075,26.646720995950425
2021-02-25 13:30:00,14.67512223581229,26.06652430055684
2021-02-25 14:00:00,14.695076394498964,26.582640530811272
2021-02-25 14:30:00,14.719799437723912,26.178447989911067
2021-02-25 15:00:00,14.643758411972751,26.575050142457894
2021-02-25 15:30:00,14.752490849081365,25.844316105995528
2021-02-25 16:00:00,14.527288151886601,25.924676279068002
2021-02-25 16:30:00,14.84118332387247,25.589758512288117
2021-02-25 17:00:00,14.932089774610425,25.533264632134465
2021-02-25 17:30:00,14.838519111879695,25.742459805791672
2021-02-25 18:00:00,14.769429359709576,25.765078269657366
2021-02-25 18:30:00,14.435679551768198,24.740358841828684
2021-02-25 19:00:00,14.477786650029069,24.88425635286808
2021-02-25 19:30:00,14.599186282347006,24.645593506015636
2021-02-25 20:00:00,14.536411402961944,23.834275948965978
2021-02-25 20:30:00,14.268902652047652,23.20660752674218
2021-02-25 21:00:00,14.216041565437763,21.67340962538498
2021-02-25 21:30:00,14.14744225883708,21.592332614189523
2021-02-25 22:00:00,14.275339147871462,20.343130491388756
2021-02-25 22:30:00,14.020596562152805,21.013710023540668
2021-02-25 23:00:00,13.824053530595943,19.23418493478343
2021-02-25 23:30:00,13.775649508283045,18.129515963765808
2021-02-26 00:00:00,13.896242378693472,18.111805493000297
2021-02-26 00:30:00,13.712453627053973,17.84065254935116
2021-02-26 01:00:00,13.750425176371001,17.221198088452606
2021-02-26 01:30:00,13.671657849818676,17.976812258683868
2021-02-26 02:00:00,13.773141999302856,16.39161176239211
2021-02-26 02:30:00,13.595659697058986,16.322167656403224
2021-02-26 03:00:00,13.406705042236695,17.53716024750955
2021-02-26 03:30:00,13.634151397667745,16.92362976649482
2021-02-26 04:00:00,13.583718775086448,15.84608371062222
2021-02-26 04:30:00,13.580522460754889,16.62527796511681
2021-02-26 05:00:00,13.509142123866155,16.924452056017778
2021-02-26 05:30:00,13.590280240304253,16.784143778600104
2021-02-26 06:00:00,13.507942368803757,17.43554051312968
2021-02-26 06:30:00,13.556122873534324,18.090702541508126
2021-02-26 07:00:00,13.768227633435288,19.210051888758073
2021-02-26 07:30:00,13.901197431910537,19.67114544436812
2021-02-26 08:00:00,13.802330010440098,19.81358664407026
2021-02-26 08:30:00,13.954761942229998,19.341021750510606
2021-02-26 09:00:00,13.86557259629784,21.392056791431425
2021-02-26 09:30:00,14.069790027956595,22.368542623455053
2021-02-26 10:00:00,14.206112368417863,22.655370209817836
2021-02-26 10:30:00,14.097321502535761,23.45647593383523
2021-02-26 11:00:00,14.312853136615296,22.663682206619317
2021-02-26 11:30:00,14.320218600099023,24.557938707645718
2021-02-26 12:00:00,14.37497710788312,24.466128989683842
2021-02-26 12:30:00,14.453706209750603,23.879569687878867
2021-02-26 13:00:00,14.716353441989787,24.719337363943296
2021-02-26 13:30:00,14.742005192906737,25.37436129355812
2021-02-26 14:00:00,14.587607139485682,24.6927493954683
2021-02-26 14:30:00,14.775170408465073,25.03064058501431
2021-02-26 15:00:00,14.831851224755653,25.735090682703273
2021-02-26 15:30:00,14.884268704284167,24.902367337360992
2021-02-26 16:00:00,14.710569180303581,25.467811577457866
2021-02-26 16:30:00,14.860815827892726,24.962763211036116
2021-02-26 17:00:00,14.652136341555543,24.042378747113204
2021-02-26 17:30:00,14.701436678296401,24.362846114665608
2021-02-26 18:00:00,14.59460440447512,23.560904828327413
2021-02-26 18:30:00,14.502171481688844,22.935242447893817
2021-02-26 19:00:00,14.42413518760766,22.81522760695062
2021-02-26 19:30:00,14.46612397244043,23.683548044548886
2021-02-26 20:00:00,14.393273865864218,22.451885553505242
2021-02-26 20:30:00,14.408338474063925,21.837614456099963
2021-02-26 21:00:00,14.325076215879204,20.80771291106253
2021-02-26 21:30:00,14.137847461696696,20.540542108475858
2021-02-26 22:00:00,14.095029845834608,18.319036129209014
2021-02-26 22:30:00,14.207703963038716,17.986196625656678
2021-02-26 23:00:00,13.870088627949698,18.899411143861506
2021-02-26 23:30:00,13.993434609292827,17.84691214501778
2021-02-27 00:00:00,13.493273949138231,18.097341696289465
2021-02-27 00:30:00,13.392435473145259,17.155280900084918
2021-02-27 01:00:00,13.182878186692857,16.347061182493064
2021-02-27 01:30:00,13.185658955260152,15.939590332429564
2021-02-27 02:00:00,13.220377658651685,16.037433896729855
2021-02-27 02:30:00,13.201395441097658,14.563012031195184
2021-02-27 03:00:00,13.097008590491606,16.296862793681978
2021-02-27 03:30:00,13.111542178172185,15.507928540071612
2021-02-27 04:00:00,13.119840350669028,14.940195252461058
2021-02-27 04:30:00,13.156522804252361,16.066950111620212
2021-02-27 05:00:00,13.241093584273296,15.808915054603192
2021-02-27 05:30:00,13.137524081795483,15.362485772826249
2021-02-27 06:00:00,13.320213546860385,16.20962534677464
2021-02-27 06:30:00,13.290298396074638,16.469182238286628
2021-02-27 07:00:00,13.174874161991598,16.860254444955373
2021-02-27 07:30:00,13.429341005166055,18.12808129565579
2021-02-27 08:00:00,13.470789479342224,18.70244274539558
2021-02-27 08:30:00,13.573789923064224,19.399289391944755
2021-02-27 09:00:00,13.619218245265396,19.458717564740645
2021-02-27 09:30:00,13.375802246263257,20.1963241744745
2021-02-27 10:00:00,13.679182380136245,20.757066056161054
2021-02-27 10:30:00,13.968100885962441,20.99312514286096
2021-02-27 11:00:00,13.831408394697457,22.174470861473537
2021-02-27 11:30:00,14.099472054395052,22.822115414492078
2021-02-27 12:00:00,13.93104534593292,23.17953910787395
2021-02-27 12:30:00,14.058104755690625,23.115919825610447
2021-02-27 13:00:00,14.029668763708544,22.546727814265875
2021-02-27 13:30:00,14.023321263181856,23.394711748389273
2021-02-27 14:00:00,14.346351256079734,24.199186465873975
2021-02-27 14:30:00,14.281175024574935,25.485911235146457
2021-02-27 15:00:00,14.133801158384541,25.01156441801655
2021-02-27 15:30:00,14.317106972029078,23.48401445798627
2021-02-27 16:00:00,14.361028346577429,24.878953431254114
2021-02-27 16:30:00,14.35089365201422,24.55451811425197
2021-02-27 17:00:00,14.16803737403954,23.16084535185472
2021-02-27 17:30:00,14.375183934081061,23.320001181198066
2021-02-27 18:00:00,14.341253479296302,23.646954532899887
2021-02-27 18:30:00,14.108777306464697,23.419152966609786
2021-02-27 19:00:00,14.290712616685958,22.4130992529543
2021-02-27 19:30:00,13.973397675410787,22.00117263213508
2021-02-27 20:00:00,13.963471423651036,20.77279290619441
2021-02-27 20:30:00,13.856621553439746,20.81743238453042
2021-02-27 21:00:00,13.760500585598129,20.14874255009617
2021-02-27 21:30:00,13.663346345962445,19.805675199286693
2021-02-27 22:00:00,13.667381650078855,19.855922776080785
2021-02-27 22:30:00,13.575323126159528,19.228220335938737
2021-02-27 23:00:00,13.57782282920301,18.46549863251792
2021-02-27 23:30:00,13.557161134296644,17.897386109832873
2021-02-28 00:00:00,13.440147823568921,16.873977360950892
2021-02-28 00:30:00,13.451671473837981,17.135230674505344
2021-02-28 01:00:00,13.263617005912831,17.846786397532323
2021-02-28 01:30:00,13.210501612281982,16.962799118935624
2021-02-28 02:00:00,13.006019125025286,16.26457023701504
2021-02-28 02:30:00,13.152044895848203,16.059170692717913
2021-02-28 03:00:00,13.168532014419144,16.40723720083151
2021-02-28 03:30:00,12.984334380725766,16.7694618499324
2021-02-28 04:00:00,13.060404994336063,16.851419385058698
2021-02-28 04:30:00,12.958555561611407,17.67195494741211
2021-02-28 05:00:00,13.21403307630172,17.97844816589133
2021-02-28 05:30:00,13.028170470252416,17.975860728730574
2021-02-28 06:00:00,13.059991591141694,17.331340105793743
2021-02-28 06:30:00,13.16228184233907,18.48993100973231
2021-02-28 07:00:00,13.210378919892571,18.92724378915636
2021-02-28 07:30:00,13.383656484265762,19.313286026175955
2021-02-28 08:00:00,13.429981985131663,19.79460077680761
2021-02-28 08:30:00,13.453476973881504,19.88040593340363
2021-02-28 09:00:00,13.544283192608862,21.895532503149226
2021-02-28 09:30:00,13.781412288768145,21.352051743148547
2021-02-28 10:00:00,13.654049579801047,22.07040829709978
2021-02-28 10:30:00,13.799680467904121,22.16595011039865
2021-02-28 11:00:00,13.969980736142805,22.746545705232474
2021-02-28 11:30:00,14.02125454906385,23.575615709143776
2021-02-28 12:00:00,13.863346602423638,24.572894288915386
2021-02-28 12:30:00,13.879655161478132,25.214563919031548
2021-02-28 13:00:00,14.005720395919747,25.959045927284922
2021-02-28 13:30:00,14.2256918259036,25.821114129689352
2021-02-28 14:00:00,14.362591924605809,24.5861658088332
2021-02-28 14:30:00,14.202075916781393,25.978742682036607
2021-02-28 15:00:00,14.215738470161869,25.36114836111343
2021-02-28 15:30:00,14.234090946563542,25.22569266022133
2021-02-28 16:00:00,14.294806773931777,25.94401999148729
2021-02-28 16:30:00,14.177512819393668,26.509444423610013
2021-02-28 17:00:00,14.262179804728873,25.354791810595646
2021-02-28 17:30:00,14.11790798128823,25.167808580357544
2021-02-28 18:00:00,14.136161560714088,25.312765145763894
2021-02-28 18:30:00,14.11741203297863,25.720752884592258
2021-02-28 19:00:00,13.985252710026593,24.11603221609445
2021-02-28 19:30:00,13.923885819426053,23.94259960435722
2021-02-28 20:00:00,13.846631976310109,24.482728359019493
2021-02-28 20:30:00,13.801263768255323,22.676736946284603
2021-02-28 21:00:00,13.730937321326685,21.860736652155335
2021-02-28 21:30:00,13.700778502573693,21.070650376479943
2021-02-28 22:00:00,13.69340452935652,20.48709104704728
2021-02-28 22:30:00,13.558455426751195,20.355526591265253
2021-02-28 23:00:00,13.437167758396741,19.839801560951877
2021-02-28 23:30:00,13.399723841167786,19.64156434826326
2021-03-01 00:00:00,13.287498895194666,20.344994774538783
2021-03-01 00:30:00,13.40571706935438,19.089486940550714
2021-03-01 01:00:00,13.276899841651497,18.83298373545119
2021-03-01 01:30:00,13.11624963335035,18.182299404590978
2021-03-01 02:00:00,13.014124262610796,18.495355905189527
2021-03-01 02:30:00,13.152675794744349,18.55678502809741
2021-03-01 03:00:00,13.005047367781305,17.852171932289536
2021-03-01 03:30:00,13.041483978295933,17.320716053943134
2021-03-01 04:00:00,13.114634343733016,17.569665498670247
2021-03-01 04:30:00,13.236120687839456,17.64390054189266
2021-03-01 05:00:00,13.254797929840494,18.66633484661811
2021-03-01 05:30:00,13.232656596071292,19.697898925912565
2021-03-01 06:00:00,13.058759302495515,19.083929472295132
2021-03-01 06:30:00,13.188396274914892,19.517560370635735
2021-03-01 07:00:00,13.19096233373682,20.45898587763475
2021-03-01 07:30:00,13.239947781402364,19.767497027568822
2021-03-01 08:00:00,13.365305299899465,22.066040735095118
2021-03-01 08:30:00,13.433772704537377,20.80647919576944
2021-03-01 09:00:00,13.466780155554389,22.533684262272594
2021-03-01 09:30:00,13.50785162747387,23.139578371436254
2021-03-01 10:00:00,13.540147537977418,23.708521527244798
2021-03-01 10:30:00,13.696745667243547,24.43879539778811
2021-03-01 11:00:00,13.966242899886247,24.985408806420207
2021-03-01 11:30:00,13.818013929755189,25.91874129402674
2021-03-01 12:00:00,13.972128504873936,24.980184832126803
2021-03-01 12:30:00,14.108482650515187,26.03838151203742
2021-03-01 13:00:00,14.094234513024306,26.042300090981325
2021-03-01 13:30:00,14.049730431445816,26.134221875480875
2021-03-01 14:00:00,14.13835901300691,25.969987524986745
2021-03-01 14:30:00,14.242847800544444,26.521197998202894
2021-03-01 15:00:00,14.134031738578031,26.32643269457083
2021-03-01 15:30:00,14.355420370906216,27.344797098131462
2021-03-01 16:00:00,14.19108929618098,27.107395336653905
2021-03-01 16:30:00,14.262530351157142,27.276146184341417
2021-03-01 17:00:00,14.217046371734154,26.642775233044947
2021-03-01 17:30:00,14.23610106627576,25.944015615271994
2021-03-01 18:00:00,14.180253799025689,25.536666167622485
2021-03-01 18:30:00,14.076469719401773,26.561317602336068
2021-03-01 19:00:00,14.185731094080122,24.875729197174696
2021-03-01 19:30:00,13.96543999521955,24.611047451667186
2021-03-01 20:00:00,13.905568096559156,24.156390345873817
2021-03-01 20:30:00,13.960803865521154,23.148373598896864
2021-03-01 21:00:00,13.855983248286694,22.178030189548153
2021-03-01 21:30:00,13.53705607328639,21.700736683395746
2021-03-01 22:00:00,13.684882262645555,19.975277028315222
2021-03-01 22:30:00,13.50143151346355,21.04928115460052
2021-03-01 23:00:00,13.450307598662855,20.40006270278743
2021-03-01 23:30:00,13.336015925840522,19.522123021565765
2021-03-02 00:00:00,13.628018291270209,18.673601228930533
2021-03-02 00:30:00,13.45198803183696,19.154280275487306
2021-03-02 01:00:00,13.458181057263337,18.106645890040575
2021-03-02 01:30:00,13.321121470644169,17.990797818681873
2021-03-02 02:00:00,13.313354858855485,17.422121016996652
2021-03-02 02:30:00,13.304535567997608,18.04817786094484
2021-03-02 03:00:00,13.396305696853094,17.44069861148121
2021-03-02 03:30:00,13.181714636696165,17.150896037693126
2021-03-02 04:00:00,13.366744122125336,17.975423753614564
2021-03-02 04:30:00,13.430859690381574,17.822195932751782
2021-03-02 05:00:00,13.288862077416235,17.543481937594347
2021-03-02 05:30:00,13.293543700042873,16.904212231329065
2021-03-02 06:00:00,13.404291746706502,17.892280590520006
2021-03-02 06:30:00,13.49005960109179,17.66296732698038
2021-03-02 07:00:00,13.47903606834863,17.91267009344833
2021-03-02 07:30:00,13.45506024444856,19.4235315215252
2021-03-02 08:00:00,13.524394640681042,20.165648542627345
2021-03-02 08:30:00,13.472553378757326,20.61685447910606
2021-03-02 09:00:00,13.63984329191364,20.790644541323587
2021-03-02 09:30:00,13.752561075318026,21.46082666218627
2021-03-02 10:00:00,13.814106293475735,21.82444734235945
2021-03-02 10:30:00,13.812957651939959,22.363837769539526
2021-03-02 11:00:00,13.97904262008805,22.85068955553682
2021-03-02 11:30:00,14.142212001314897,23.516116162458278
2021-03-02 12:00:00,14.196572817147839,23.817071716444744
2021-03-02 12:30:00,14.246371936780509,24.55623587038394
2021-03-02 13:00:00,14.39842635863947,24.217227361170977
2021-03-02 13:30:00,14.308121658847119,25.798251093398523
2021-03-02 14:00:00,14.481532760492593,26.049066923631912
2021-03-02 14:30:00,14.29854316540124,26.574643821642983
2021-03-02 15:00:00,14.567434561838505,26.19865036356717
2021-03-02 15:30:00,14.462515329620315,26.05568950458879
2021-03-02 16:00:00,14.358033221018587,26.83309476626556
2021-03-02 16:30:00,14.477457141060162,26.918137727137225
2021-03-02 17:00:00,14.593335892155245,26.242843235873607
2021-03-02 17:30:00,14.391516039373107,26.165908716370456
2021-03-02 18:00:00,14.433173588932764,25.03104717461197
2021-03-02 18:30:00,14.110865799670352,25.205741714943557
2021-03-02 19:00:00,14.412641442868713,24.293108426141956
2021-03-02 19:30:00,14.221658173016131,24.851829748972087
2021-03-02 20:00:00,13.969708187587134,23.349108774758673
2021-03-02 20:30:00,14.14136162248507,22.935000398252374
2021-03-02 21:00:00,14.090167215372297,23.31638125597422
2021-03-02 21:30:00,13.837584466991816,21.589477293465908
2021-03-02 22:00:00,13.813643801486776,21.930931167715464
2021-03-02 22:30:00,13.757002081281948,21.234085940886864
2021-03-02 23:00:00,13.84159600539172,20.536078589390527
2021-03-02 23:30:00,13.708301558950698,20.987456762613164
2021-03-03 00:00:00,13.232005939867626,18.11231602982215
2021-03-03 00:30:00,12.912798430944301,18.53728216245958
2021-03-03 01:00:00,13.028918115808798,18.42946452087695
2021-03-03 01:30:00,13.129146768162968,18.247905467814697
2021-03-03 02:00:00,13.078095941393467,17.27433247992609
2021-03-03 02:30:00,13.00483486801929,18.176185733773153
2021-03-03 03:00:00,12.801280169415207,16.99960925734342
2021-03-03 03:30:00,12.863037032045648,18.14613331546484
2021-03-03 04:00:00,12.828720111353533,17.853275258504812
2021-03-03 04:30:00,13.014363867025686,16.89784081869814
2021-03-03 05:00:00,12.977848357557646,17.369794998555104
2021-03-03 05:30:00,12.945597183171039,17.336517296842043
2021-03-03 06:00:00,12.967107848020245,19.098106870253908
2021-03-03 06:30:00,13.110231619218371,19.02197925256415
2021-03-03 07:00:00,13.105366510562112,19.465300197203906
2021-03-03 07:30:00,13.344345725041949,20.154127342103163
2021-03-03 08:00:00,13.204930504728107,20.01894124736081
2021-03-03 08:30:00,13.439183627040403,20.364841983461066
2021-03-03 09:00:00,13.323599625631955,22.824170208206358
2021-03-03 09:30:00,13.479198056182573,22.90440605649768
2021-03-03 10:00:00,13.677048278589535,23.627246176331617
2021-03-03 10:30:00,13.61724800393982,23.490955485578812
2021-03-03 11:00:00,13.615566068779879,24.650149904405296
2021-03-03 11:30:00,13.683908545749212,24.492291688288446
2021-03-03 12:00:00,13.884446014119783,25.272111100210456
2021-03-03 12:30:00,13.767419382995904,25.68548138431606
2021-03-03 13:00:00,14.012157358022504,25.52469054110042
2021-03-03 13:30:00,13.97739046455873,26.7283170106283
2021-03-03 14:00:00,13.972677048677154,27.228830871871594
2021-03-03 14:30:00,13.952296050164756,28.024168862056946
2021-03-03 15:00:00,14.04037995824531,27.5573777836459
2021-03-03 15:30:00,13.978174520172843,27.969007693898412
2021-03-03 16:00:00,14.005966589143547,27.574673296258247
2021-03-03 16:30:00,14.04374692336868,27.052960571572452
2021-03-03 17:00:00,14.024738829209571,27.693591637068195
2021-03-03 17:30:00,14.132585153285158,26.904179047909754
2021-03-03 18:00:00,13.83054757623449,27.431326203856138
2021-03-03 18:30:00,13.934575657296248,27.01938689920473
2021-03-03 19:00:00,13.9443665034711,26.327232450471055
2021-03-03 19:30:00,13.81271570196481,26.356836652349656
2021-03-03 20:00:00,13.871883779630394,24.571237262870298
2021-03-03 20:30:00,13.760520346052234,25.18917239559975
2021-03-03 21:00:00,13.754726118153467,23.9809263341843
2021-03-03 21:30:00,13.778370618577904,23.35062918024816
2021-03-03 22:00:00,13.557164990241583,22.600806755175228
2021-03-03 22:30:00,13.302120738324493,21.18926334693542
2021-03-03 23:00:00,13.533142868349493,20.980472329004375
2021-03-03 23:30:00,13.401454212628725,19.852356747040613
2021-03-04 00:00:00,12.994215943450804,20.458041322003496
2021-03-04 00:30:00,13.067573972966455,20.90664391911298
2021-03-04 01:00:00,12.924282402282333,19.88577397370578
2021-03-04 01:30:00,12.661535839914716,19.18927418339482
2021-03-04 02:00:00,12.99043472253647,19.36036461534791
2021-03-04 02:30:00,12.812327803893407,19.12525175840822
2021-03-04 03:00:00,12.948914285295444,19.20422897593154
2021-03-04 03:30:00,12.841975095043459,17.958167645732225
2021-03-04 04:00:00,12.831115429247005,17.630480268251716
2021-03-04 04:30:00,12.753053136991221,18.957847965638308
2021-03-04 05:00:00,12.796878838787107,17.66877362783895
2021-03-04 05:30:00,12.768697289458094,18.233013981686312
2021-03-04 06:00:00,12.75163415570546,18.98210334843544
2021-03-04 06:30:00,12.94293783602387,19.90178020678376
2021-03-04 07:00:00,12.958404366382991,19.22876490163286
2021-03-04 07:30:00,12.792639631568562,21.12631084825728
2021-03-04 08:00:00,13.182808280026368,21.114760395078676
2021-03-04 08:30:00,13.068763130156247,22.272694497950727
2021-03-04 09:00:00,13.164630288040698,23.138213462533738
2021-03-04 09:30:00,13.202878310984662,21.620978927069714
2021-03-04 10:00:00,13.244719739514492,22.32479944713346
2021-03-04 10:30:00,13.326630476475628,23.55784054610368
2021-03-04 11:00:00,13.3341039675581,23.68175301115511
2021-03-04 11:30:00,13.612919017466739,24.716461679169093
2021-03-04 12:00:00,13.693292171129837,25.13928885373983
2021-03-04 12:30:00,13.690239362242567,25.53179784727316
2021-03-04 13:00:00,13.66684591640837,26.433474252931145
2021-03-04 13:30:00,13.707656539583297,27.067545156168222
2021-03-04 14:00:00,13.940142733922988,27.563062400155857
2021-03-04 14:30:00,13.82239476737224,28.220889504887715
2021-03-04 15:00:00,13.68562376042173,28.414799906402607
2021-03-04 15:30:00,13.737612274687557,29.437420992256847
2021-03-04 16:00:00,13.963209052075289,28.74764899342191
2021-03-04 16:30:00,13.673000665619112,27.846231615156523
2021-03-04 17:00:00,13.855136177739256,28.193060147358583
2021-03-04 17:30:00,13.806577454529082,28.059588165261314
2021-03-04 18:00:00,13.725290404856764,26.345162370545236
2021-03-04 18:30:00,13.667775701684887,27.213542183543044
2021-03-04 19:00:00,13.633281487631178,27.217425807003934
2021-03-04 19:30:00,13.702825126541088,26.546873898384654
2021-03-04 20:00:00,13.484901386585276,25.889213537540343
2021-03-04 20:30:00,13.448624333059215,25.237102170091237
2021-03-04 21:00:00,13.315903148963843,25.297455879301985
2021-03-04 21:30:00,13.37756388042911,24.393195843221303
2021-03-04 22:00:00,13.319258517640955,23.018549630976956
2021-03-04 22:30:00,13.289776998697324,23.309527573846665
2021-03-04 23:00:00,13.223847877659136,22.607949235934154
2021-03-04 23:30:00,13.08888943392271,22.203552785486618
2021-03-05 00:00:00,12.725680408755755,21.093516698426807
2021-03-05 00:30:00,12.434819548029806,20.428406254463727
2021-03-05 01:00:00,12.514691540454624,20.040178070844714
2021-03-05 01:30:00,12.487238161347383,18.716320132662833
2021-03-05 02:00:00,12.426813193021017,19.562946756810135
2021-03-05 02:30:00,12.48160570493649,19.632398880795048
2021-03-05 03:00:00,12.328954210247147,19.546431589113347
2021-03-05 03:30:00,12.479601634246155,20.040515063926122
2021-03-05 04:00:00,12.294426594892498,20.055398523037343
2021-03-05 04:30:00,12.379314893753124,19.66459020194443
2021-03-05 05:00:00,12.275183681885633,18.960015491567454
2021-03-05 05:30:00,12.428856008027818,19.45371960797071
2021-03-05 06:00:00,12.423917494424009,19.35981893973971
2021-03-05 06:30:00,12.40339627339719,19.745986461040864
2021-03-05 07:00:00,12.477746282739417,20.608874590470705
2021-03-05 07:30:00,12.60103173337486,21.31227291673003
2021-03-05 08:00:00,12.577465539306266,20.54182808575168
2021-03-05 08:30:00,12.599257965334646,21.479888284525146
2021-03-05 09:00:00,12.743747749680521,22.580627167113224
2021-03-05 09:30:00,12.756827966715914,22.596858457972118
2021-03-05 10:00:00,12.901543498154581,23.701188244834622
2021-03-05 10:30:00,12.749232144389325,24.57252863146975
2021-03-05 11:00:00,12.847403020951866,24.814786210970016
2021-03-05 11:30:00,12.767864671968377,24.782415013737975
2021-03-05 12:00:00,13.047784618932116,24.474665607899663
2021-03-05 12:30:00,13.183018776312966,25.23799711518072
2021-03-05 13:00:00,13.18104594873951,25.379166343812592
2021-03-05 13:30:00,13.348970945830471,26.012358179045982
2021-03-05 14:00:00,13.093339733037583,25.791924988996392
2021-03-05 14:30:00,13.36032095430206,26.195840890615813
2021-03-05 15:00:00,13.300809656918506,25.607380323576013
2021-03-05 15:30:00,13.301721543805865,26.917721741375185
2021-03-05 16:00:00,13.433246928987641,26.281474926172365
2021-03-05 16:30:00,13.374521712807743,26.083088992125457
2021-03-05 17:00:00,13.277592098175734,26.256462715764357
2021-03-05 17:30:00,13.322896808523343,25.758850219719964
2021-03-05 18:00:00,13.33962009176995,26.330523434914294
2021-03-05 18:30:00,13.084806953393036,25.836790618801473
2021-03-05 19:00:00,13.224513662893191,24.82937084606634
2021-03-05 19:30:00,13.176023566943579,25.58008488020842
2021-03-05 20:00:00,13.032483094570594,24.320947511077268
2021-03-05 20:30:00,13.064775337253414,23.942034832971775
2021-03-05 21:00:00,12.97949870539936,24.134732176495437
2021-03-05 21:30:00,12.813367364468531,23.77391454622839
2021-03-05 22:00:00,12.870930086670626,23.73599151495215
2021-03-05 22:30:00,12.79465748895787,22.104977528005925
2021-03-05 23:00:00,12.671663940591229,22.720504985819133
2021-03-05 23:30:00,12.682474547058408,20.94391109356927
2021-03-06 00:00:00,12.47160929258343,19.34554243434343
2021-03-06 00:30:00,12.482670935953061,20.176644947612605
2021-03-06 01:00:00,12.456694610634305,20.55147428048253
2021-03-06 01:30:00,12.575187470702389,18.77402834689559
2021-03-06 02:00:00,12.355299511855957,18.332528235806596
2021-03-06 02:30:00,12.350781731285705,18.717439517366845
2021-03-06 03:00:00,12.223009445680606,18.604524056214235
2021-03-06 03:30:00,12.238116259961679,18.295618881154656
2021-03-06 04:00:00,12.335042752758902,17.792880955542188
2021-03-06 04:30:00,12.32883334991579,19.512827452009223
2021-03-06 05:00:00,12.475095106957742,17.993231352250213
2021-03-06 05:30:00,12.27578785788623,17.548115323334557
2021-03-06 06:00:00,12.5429514732136,18.31786302913003
2021-03-06 06:30:00,12.502534516215732,18.52009177491594
2021-03-06 07:00:00,12.404423257782407,20.199907606392383
2021-03-06 07:30:00,12.477611398503715,20.198492392292575
2021-03-06 08:00:00,12.618847649958159,20.37990048366753
2021-03-06 08:30:00,12.554532869054777,20.11056728020977
2021-03-06 09:00:00,12.689966900318318,21.445966591239635
2021-03-06 09:30:00,12.732316473728265,22.20348999629444
2021-03-06 10:00:00,12.794706544330786,22.698987012121457
2021-03-06 10:30:00,13.032316777475362,22.9483587062581
2021-03-06 11:00:00,13.092095373595669,23.61049011874092
2021-03-06 11:30:00,13.183281955310841,24.65113758348001
2021-03-06 12:00:00,13.214093857275063,25.541262233958477
2021-03-06 12:30:00,13.237247137480582,25.65786300921907
2021-03-06 13:00:00,13.337001779029642,25.200871944046774
2021-03-06 13:30:00,13.469198456088904,25.605995508694896
2021-03-06 14:00:00,13.29761852592219,26.207389699276337
2021-03-06 14:30:00,13.355633411376814,25.999934630622562
2021-03-06 15:00:00,13.44819982617696,26.2418087755774
2021-03-06 15:30:00,13.493853638708332,27.67814857664073
2021-03-06 16:00:00,13.450664987669832,27.22402579864879
2021-03-06 16:30:00,13.422999302474146,26.845906204679626
2021-03-06 17:00:00,13.297418227747446,26.27284770452131
2021-03-06 17:30:00,13.472188247743759,27.090859381946327
2021-03-06 18:00:00,13.24558098006756,27.25940714990515
2021-03-06 18:30:00,13.232232484550925,26.503007774235616
2021-03-06 19:00:00,13.370536378009716,25.848460589136756
2021-03-06 19:30:00,13.266989791702956,25.019226900098076
2021-03-06 20:00:00,13.21671822961009,25.07115950428115
2021-03-06 20:30:00,13.091137615869538,23.066827589698313
2021-03-06 21:00:00,13.178049618827712,23.83183282752671
2021-03-06 21:30:00,12.972038574656576,22.78673790087397
2021-03-06 22:00:00,12.791806916513119,22.105477330849293
2021-03-06 22:30:00,12.734597918757906,21.466525889680728
2021-03-06 23:00:00,12.65140186249013,21.093981269148895
2021-03-06 23:30:00,12.763499216075678,21.15777492460628
2021-03-07 00:00:00,12.616301433342445,20.344431960685665
2021-03-07 00:30:00,12.661836014629165,18.95496776636319
2021-03-07 01:00:00,12.658843134578165,18.935929873251286
2021-03-07 01:30:00,12.55121657399216,18.786120763588983
2021-03-07 02:00:00,12.528066574366656,19.106950744120404
2021-03-07 02:30:00,12.56162988234471,18.693860490393078
2021-03-07 03:00:00,12.534731461025311,18.92014868202185
2021-03-07 03:30:00,12.535730673115538,19.218381338242015
2021-03-07 04:00:00,12.499628809846074,17.51339606341947
2021-03-07 04:30:00,12.569368796416914,18.12898166223103
2021-03-07 05:00:00,12.61513978224141,18.127042976456856
2021-03-07 05:30:00,12.33649551286353,19.057506378399413
2021-03-07 06:00:00,12.497510928718734,19.267475014698125
2021-03-07 06:30:00,12.573973538279175,19.627067007745875
2021-03-07 07:00:00,12.643407262039528,19.281451724756
2021-03-07 07:30:00,12.670169178465056,19.78678659086093
2021-03-07 08:00:00,12.880856923917028,20.44922484808947
2021-03-07 08:30:00,12.908846293226812,20.319970477520734
2021-03-07 09:00:00,13.057517246484377,22.087041392447894
2021-03-07 09:30:00,12.853953388485424,22.380625978998278
2021-03-07 10:00:00,12.914495997083709,22.957220472041726
2021-03-07 10:30:00,13.018751755390927,22.563812806889498
2021-03-07 11:00:00,13.091328931812559,23.082657952082382
2021-03-07 11:30:00,13.277091101513562,23.940650638479696
2021-03-07 12:00:00,13.432146523460103,24.504306397697064
2021-03-07 12:30:00,13.364113094498748,25.08137120991603
2021-03-07 13:00:00,13.479389177915627,24.394475743421577
2021-03-07 13:30:00,13.357798073688668,24.535656105499022
2021-03-07 14:00:00,13.589346592527885,25.98029407137001
2021-03-07 14:30:00,13.615585956241167,25.024762673652845
2021-03-07 15:00:00,13.652057404264822,25.088287641896084
2021-03-07 15:30:00,13.411944521766038,24.921952707079786
2021-03-07 16:00:00,13.601797023366156,25.010112751333125
2021-03-07 16:30:00,13.607283599392519,24.952333593968966
2021-03-07 17:00:00,13.524984718448152,25.0766991674919
2021-03-07 17:30:00,13.474658761301315,25.00970742980995
2021-03-07 18:00:00,13.566484949334834,25.03136393847568
2021-03-07 18:30:00,13.625619629507229,24.864807927991887
2021-03-07 19:00:00,13.380670051540084,24.52975952482214
2021-03-07 19:30:00,13.445195501492059,24.628238755229294
2021-03-07 20:00:00,13.210086459712315,22.917087626151986
2021-03-07 20:30:00,13.253331320120594,22.867908119487677
2021-03-07 21:00:00,13.237819441600356,22.326671861664728
2021-03-07 21:30:00,13.057126139465295,22.023394072919352
2021-03-07 22:00:00,13.116837711856693,21.326685749417713
2021-03-07 22:30:00,12.967551324083075,21.327637771507757
2021-03-07 23:00:00,12.80235354089674,20.231766940793985
2021-03-07 23:30:00,12.941821316895252,19.774331547425025
2021-03-08 00:00:00,12.95236083115156,19.284012732686744
2021-03-08 00:30:00,12.921663079715367,19.583765650548226
2021-03-08 01:00:00,12.75249704866635,18.612729480069504
2021-03-08 01:30:00,12.839976707741899,19.399499821644365
2021-03-08 02:00:00,12.728724410010804,18.140106549295556
2021-03-08 02:30:00,12.644957383084758,18.130940418502792
2021-03-08 03:00:00,12.726385544858466,17.54930953450374
2021-03-08 03:30:00,12.680652872263835,18.057363772261883
2021-03-08 04:00:00,12.615775170946655,18.513008754569785
2021-03-08 04:30:00,12.69451484427161,19.37623535629441
2021-03-08 05:00:00,12.659497892320477,19.51045006511397
2021-03-08 05:30:00,12.77861291212207,19.299602884245278
2021-03-08 06:00:00,12.812868827671066,19.870893075979055
2021-03-08 06:30:00,12.841095101304706,20.04840820303732
2021-03-08 07:00:00,12.860789233213351,20.44395785720355
2021-03-08 07:30:00,12.604971036672087,20.819070048287728
2021-03-08 08:00:00,12.95304970012353,21.68972902072709
2021-03-08 08:30:00,12.900908215481504,22.48118326977539
2021-03-08 09:00:00,12.915209101850742,23.18078621425871
2021-03-08 09:30:00,13.13376896335822,23.000906659614884
2021-03-08 10:00:00,13.23224773205684,23.58968301743632
2021-03-08 10:30:00,13.318054022490719,24.01461472657701
2021-03-08 11:00:00,13.29332574734565,24.50936872483478
2021-03-08 11:30:00,13.4013202884265,25.566299882426645
2021-03-08 12:00:00,13.438024322378588,25.898378995345798
2021-03-08 12:30:00,13.526389428999565,25.997404961885856
2021-03-08 13:00:00,13.612930964507653,25.58951875752836
2021-03-08 13:30:00,13.707259309286169,25.583162975035783
2021-03-08 14:00:00,13.706206286754592,27.082036683336835
2021-03-08 14:30:00,13.738829587982462,25.893588755891784
2021-03-08 15:00:00,13.661519506312194,26.759104184108853
2021-03-08 15:30:00,13.692114441402891,27.34492762182897
2021-03-08 16:00:00,13.751424607796167,28.01296343452577
2021-03-08 16:30:00,13.770480613567175,27.128484449600112
2021-03-08 17:00:00,13.691193287477375,26.338436421731327
2021-03-08 17:30:00,13.744167929666505,26.965292997849254
2021-03-08 18:00:00,13.808225898352273,25.995586809327378
2021-03-08 18:30:00,13.536228809622909,25.385976316625644
2021-03-08 19:00:00,13.592519002189967,25.380001282884926
2021-03-08 19:30:00,13.50260209025515,24.781497024314717
2021-03-08 20:00:00,13.39419160371017,25.311056088867716
2021-03-08 20:30:00,13.57766300526406,24.1220508211574
2021-03-08 21:00:00,13.30623876845525,23.89097202706964
2021-03-08 21:30:00,13.372954251230006,23.447922097543554
2021-03-08 22:00:00,13.008754041131086,21.44946191595191
2021-03-08 22:30:00,13.25489610634112,22.065261837754175
2021-03-08 23:00:00,12.948122999200063,21.554947472096757
2021-03-08 23:30:00,12.940891668310977,21.65038817899817
2021-03-09 00:00:00,13.232122141356426,20.81628991335105
2021-03-09 00:30:00,12.978778168537003,19.51128923387014
2021-03-09 01:00:00,13.150337731929014,18.77687386948048
2021-03-09 01:30:00,12.995987847123327,18.68289944393449
2021-03-09 02:00:00,12.947294484516508,18.04752437163896
2021-03-09 02:30:00,12.986674282397088,18.33898519129857
2021-03-09 03:00:00,12.967264921611473,18.434548933837394
2021-03-09 03:30:00,12.61065155026385,17.562820120598996
2021-03-09 04:00:00,12.918979283579477,19.532735511419947
2021-03-09 04:30:00,12.807957648884903,18.579481557762037
2021-03-09 05:00:00,12.84901173009234,18.72640425710453
2021-03-09 05:30:00,12.777132000232267,20.18786107941555
2021-03-09 06:00:00,12.999773569766301,19.205199339227097
2021-03-09 06:30:00,12.963691052594763,19.469951230265035
2021-03-09 07:00:00,12.947124679448322,20.42481716199625
2021-03-09 07:30:00,13.005909622763182,20.50879074307806
2021-03-09 08:00:00,13.055966773248983,20.27375542615865
2021-03-09 08:30:00,13.145852338973446,22.70841931562304
2021-03-09 09:00:00,13.257639224196963,22.042826723671432
2021-03-09 09:30:00,13.434408291900134,22.298191352952074
2021-03-09 10:00:00,13.24280086472806,23.54229592819136
2021-03-09 10:30:00,13.442421990877822,23.482916322297793
2021-03-09 11:00:00,13.484219587916584,24.261556610372118
2021-03-09 11:30:00,13.642354819663463,24.738445085665052
2021-03-09 12:00:00,13.694584431195786,24.679546163738898
2021-03-09 12:30:00,13.775403239678043,25.106854682520442
2021-03-09 13:00:00,13.846383209205486,25.08381198801241
2021-03-09 13:30:00,13.882513778793465,24.98007474695625
2021-03-09 14:00:00,13.765052100928166,26.411158341408385
2021-03-09 14:30:00,13.961951850376822,26.7492661169623
2021-03-09 15:00:00,13.921188078966939,26.40106499170965
2021-03-09 15:30:00,14.167598197285226,26.28184610786407
2021-03-09 16:00:00,13.697013399023808,26.08311403449061
2021-03-09 16:30:00,13.990553866323589,26.19100518057531
2021-03-09 17:00:00,14.070380106445626,26.475967787898522
2021-03-09 17:30:00,13.82028088160397,25.757811079728103
2021-03-09 18:00:00,13.960441129272759,24.393830148900292
2021-03-09 18:30:00,13.93289700891441,25.19031950898201
2021-03-09 19:00:00,13.796136218667893,24.183091602115383
2021-03-09 19:30:00,13.94631116370136,24.057771801611615
2021-03-09 20:00:00,13.59034262804226,22.551500755290018
2021-03-09 20:30:00,13.53623552472827,21.39831781553492
2021-03-09 21:00:00,13.614176074348205,21.110002678371114
2021-03-09 21:30:00,13.46624063513434,21.033001253394772
2021-03-09 22:00:00,13.48560211751979,19.383736468986857
2021-03-09 22:30:00,13.336380409960496,19.396397046760278
2021-03-09 23:00:00,13.33342541587889,18.80034579412364
2021-03-09 23:30:00,13.235189787641069,17.61167426170724
2021-03-10 00:00:00,12.973118275877225,18.503614485933852
2021-03-10 00:30:00,13.125379230992802,16.351292378186066
2021-03-10 01:00:00,12.766408572196935,16.91172667463057
2021-03-10 01:30:00,12.793098508277454,16.37873363854503
2021-03-10 02:00:00,12.822195165091715,15.261058407701396
2021-03-10 02:30:00,12.69413747369939,15.418476730236797
2021-03-10 03:00:00,12.563244743750268,16.749834826770055
2021-03-10 03:30:00,12.790215608206173,15.891441152326182
2021-03-10 04:00:00,12.91620093696305,15.660042386676327
2021-03-10 04:30:00,12.630953787860816,15.779626106875368
2021-03-10 05:00:00,12.693947924628448,16.106445614043405
2021-03-10 05:30:00,12.725699626773093,16.181522021980133
2021-03-10 06:00:00,12.831004694910186,17.36781851191363
2021-03-10 06:30:00,12.908439414006184,17.039055015357484
2021-03-10 07:00:00,12.81079827046971,17.452166994057766
2021-03-10 07:30:00,12.998002367759135,18.512788577527914
2021-03-10 08:00:00,13.084309062325078,18.849264600925803
2021-03-10 08:30:00,13.039634555911851,18.568101208728994
2021-03-10 09:00:00,13.068935388374522,19.98415608132057
2021-03-10 09:30:00,13.214323677344336,20.089188594731397
2021-03-10 10:00:00,13.399908831454715,20.018595675107292
2021-03-10 10:30:00,13.251023550047694,20.891197214589447
2021-03-10 11:00:00,13.58514144044656,21.36038056508986
2021-03-10 11:30:00,13.52992562664767,22.251791167898066
2021-03-10 12:00:00,13.669778636904688,22.46508415378971
2021-03-10 12:30:00,13.488191957793301,23.993801209940276
2021-03-10 13:00:00,13.684328230627738,23.44281021470877
2021-03-10 13:30:00,13.625500342709797,23.890107283107128
2021-03-10 14:00:00,13.739857622006623,24.603576775029133
2021-03-10 14:30:00,13.773101766586892,23.30066944173721
2021-03-10 15:00:00,13.727506628767777,23.680361165275922
2021-03-10 15:30:00,13.8431946790874,23.452693626506974
2021-03-10 16:00:00,13.679447626494772,24.32271021769846
2021-03-10 16:30:00,13.834589976922025,24.292108816361118
2021-03-10 17:00:00,13.749165890871927,23.48682145987233
2021-03-10 17:30:00,13.660586798525859,22.458260342253613
2021-03-10 18:00:00,13.672870560743913,23.354929841495178
2021-03-10 18:30:00,13.839355273916816,23.83483110210614
2021-03-10 19:00:00,13.501693293794997,23.543461559327728
2021-03-10 19:30:00,13.448762114576706,22.99818032983888
2021-03-10 20:00:00,13.459974968477818,22.20345357199554
2021-03-10 20:30:00,13.400116456186344,20.888969616018
2021-03-10 21:00:00,13.467945312393404,21.430609045450414
2021-03-10 21:30:00,13.318814283967582,20.041810232498705
2021-03-10 22:00:00,13.160495175224682,20.481490840886146
2021-03-10 22:30:00,13.107179651695986,18.958433844210738
2021-03-10 23:00:00,12.919952502754382,19.211908458274596
2021-03-10 23:30:00,13.351560533080496,16.8833866148359
2021-03-11 00:00:00,13.653722879106978,17.442374579116894
2021-03-11 00:30:00,13.230369111282467,16.40246898036354
2021-03-11 01:00:00,13.361486827246877,15.870600717052524
2021-03-11 01:30:00,13.187756011640454,15.91154324939271
2021-03-11 02:00:00,13.46566236661712,15.673545411245442
2021-03-11 02:30:00,13.203265104589248,15.060232286445988
2021-03-11 03:00:00,13.3231726212677,14.706099798177313
2021-03-11 03:30:00,13.219865410902065,15.335945614284524
2021-03-11 04:00:00,13.157276910991486,14.67685537047908
2021-03-11 04:30:00,13.191278316435135,14.945793936262907
2021-03-11 05:00:00,13.22981391748411,14.53672619989962
2021-03-11 05:30:00,13.176951166350207,14.941575947976284
2021-03-11 06:00:00,13.141241237390334,15.948154858927781
2021-03-11 06:30:00,13.150143972450081,15.980419913474666
2021-03-11 07:00:00,13.348510674439503,16.02041245534065
2021-03-11 07:30:00,13.475220751783366,17.664288391003243
2021-03-11 08:00:00,13.523098268262075,17.369162268817377
2021-03-11 08:30:00,13.351268634831,17.96466003545967
2021-03-11 09:00:00,13.620278370935116,17.697458517760737
2021-03-11 09:30:00,13.707102304656757,19.00732266556755
2021-03-11 10:00:00,13.840965715452962,18.845537702513955
2021-03-11 10:30:00,13.953773367140812,19.96211414615708
2021-03-11 11:00:00,13.881215457674553,21.21869472440885
2021-03-11 11:30:00,13.854769309753383,21.22710136206511
2021-03-11 12:00:00,13.96805831459215,22.11137968154614
2021-03-11 12:30:00,14.215419202415472,21.63843707531118
2021-03-11 13:00:00,14.167809212448946,21.949291685116517
2021-03-11 13:30:00,14.24202220713851,22.275145814406198
2021-03-11 14:00:00,14.241745443008467,22.946826268214213
2021-03-11 14:30:00,14.336934090724927,24.50555201126245
2021-03-11 15:00:00,14.371143032966483,23.07889473699472
2021-03-11 15:30:00,14.453982311905902,23.681073926129546
2021-03-11 16:00:00,14.376749459663044,23.07183228884925
2021-03-11 16:30:00,14.433683783200557,23.537108482081717
2021-03-11 17:00:00,14.291914385674252,24.45077508322028
2021-03-11 17:30:00,14.374018995115518,23.23531766273544
2021-03-11 18:00:00,14.151810831604589,22.685237467028067
2021-03-11 18:30:00,14.363199163564577,22.367453430815523
2021-03-11 19:00:00,14.236174204459461,22.150415161469198
2021-03-11 19:30:00,14.12556587204166,21.331892805762745
2021-03-11 20:00:00,14.211178057137555,21.650447886743507
2021-03-11 20:30:00,13.80593309587759,21.60974418859594
2021-03-11 21:00:00,13.933033182671766,20.251411533169136
2021-03-11 21:30:00,13.714303865086894,19.572419724492836
2021-03-11 22:00:00,13.909913413893209,19.355797343238677
2021-03-11 22:30:00,13.726367578870434,17.99175279174363
2021-03-11 23:00:00,13.53059641850304,18.343366142218372
2021-03-11 23:30:00,13.633738191306144,17.740368882613225
2021-03-12 00:00:00,13.435554442570858,17.30067822987578
2021-03-12 00:30:00,13.484238410400712,16.727704737890953
2021-03-12 01:00:00,13.412195201005916,16.51866779498083
2021-03-12 01:30:00,13.386646364640994,15.576422410667085
2021-03-12 02:00:00,13.176283319377895,14.92494253242754
2021-03-12 02:30:00,13.216603032695778,16.19403860967656
2021-03-12 03:00:00,13.200129985078643,14.926653099662763
2021-03-12 03:30:00,13.10583727955835,15.192993479325736
2021-03-12 04:00:00,13.12308541343711,15.01564666120559
2021-03-12 04:30:00,13.15780457118019,15.490534559802331
2021-03-12 05:00:00,13.329734132428781,16.131194089090098
2021-03-12 05:30:00,13.25088997876167,16.029963824664602
2021-03-12 06:00:00,13.185517382936174,17.05107979227863
2021-03-12 06:30:00,13.249767463846233,17.009113187619906
2021-03-12 07:00:00,13.324073040742915,17.112433447573782
2021-03-12 07:30:00,13.225799375326625,18.10073804514937
2021-03-12 08:00:00,13.433928140353162,17.952023217381846
2021-03-12 08:30:00,13.310797573155659,18.806641369356043
2021-03-12 09:00:00,13.440977583403727,19.024994039020807
2021-03-12 09:30:00,13.705788531145835,20.61745065069023
2021-03-12 10:00:00,13.750213002273327,20.51694273998015
2021-03-12 10:30:00,13.712897391546766,20.798577704684288
2021-03-12 11:00:00,13.9673369972637,20.91848622838082
2021-03-12 11:30:00,13.949927435015237,22.777432785577073
2021-03-12 12:00:00,14.065646887063691,22.528638467381978
2021-03-12 12:30:00,13.93359629105611,23.480244117644528
2021-03-12 13:00:00,14.204169552794859,24.16048322709903
2021-03-12 13:30:00,14.298149405683969,23.730318202944854
2021-03-12 14:00:00,14.171426063353596,23.021175393593957
2021-03-12 14:30:00,14.36108714837944,24.615036314032203
2021-03-12 15:00:00,14.054030952023131,22.792864879369958
2021-03-12 15:30:00,14.354754796572085,22.919272040100186
2021-03-12 16:00:00,14.383087701393242,23.934076408918543
2021-03-12 16:30:00,14.28400731610646,23.116156254577643
2021-03-12 17:00:00,14.474893680966483,23.411865482748198
2021-03-12 17:30:00,14.275617751829635,21.90759102308782
2021-03-12 18:00:00,14.260273182930398,22.065366503338172
2021-03-12 18:30:00,14.193015067290808,20.8731084411515
2021-03-12 19:00:00,14.058442703184681,21.226929446414267
2021-03-12 19:30:00,14.152073406632546,21.15120067302405
2021-03-12 20:00:00,14.008578050633911,19.592160294743017
2021-03-12 20:30:00,13.879282136610577,20.382456723281717
2021-03-12 21:00:00,13.974199197941958,18.564537423669485
2021-03-12 21:30:00,13.873133623049634,18.474911237666134
2021-03-12 22:00:00,13.83125566354287,18.225040169307583
2021-03-12 22:30:00,13.692592490203344,17.259072111428022
2021-03-12 23:00:00,13.5479678720477,17.30784381892645
2021-03-12 23:30:00,13.59511634500227,16.728991914993497
2021-03-13 00:00:00,13.456819297838042,16.21396689247564
2021-03-13 00:30:00,13.453283101906539,16.153738164352934
2021-03-13 01:00:00,13.510744321601946,15.370148327643564
2021-03-13 01:30:00,13.222780547715185,15.571727399767129
2021-03-13 02:00:00,13.292295336944399,15.477762647659855
2021-03-13 02:30:00,13.423083263440827,16.069407066527752
2021-03-13 03:00:00,13.306004434359501,16.17239973381201
2021-03-13 03:30:00,13.404839690819186,15.862805286394037
2021-03-13 04:00:00,13.281021128765172,15.46818762844093
2021-03-13 04:30:00,13.271606436428792,17.353727166230378
2021-03-13 05:00:00,13.299732915194465,16.75017831204708
2021-03-13 05:30:00,13.382450752946145,17.299689496201268
2021-03-13 06:00:00,13.574886492865614,17.541628641341173
2021-03-13 06:30:00,13.47790730687133,17.6014874560298
2021-03-13 07:00:00,13.608038677884698,18.578708264065607
2021-03-13 07:30:00,13.393199968661019,19.12943407078216
2021-03-13 08:00:00,13.689048640843307,19.39787087903665
2021-03-13 08:30:00,13.68716222621319,21.246240678603883
2021-03-13 09:00:00,13.57312734706269,20.843876969334467
2021-03-13 09:30:00,13.881497991663366,20.9459834182209
2021-03-13 10:00:00,13.86815888148802,21.647864765785414
2021-03-13 10:30:00,14.033051711822326,22.831106874830045
2021-03-13 11:00:00,14.0545498285967,23.85941997119406
2021-03-13 11:30:00,14.254889639715893,23.52664693311232
2021-03-13 12:00:00,14.107483576171443,24.35024503186783
2021-03-13 12:30:00,14.243742752721579,25.470690080434785
2021-03-13 13:00:00,14.2223092534975,25.515907806725142
2021-03-13 13:30:00,14.498419394986819,26.154779235801502
2021-03-13 14:00:00,14.603451350833561,26.16434365938028
2021-03-13 14:30:00,14.486101025932035,26.139814631990546
2021-03-13 15:00:00,14.524031589332822,26.505502996967657
2021-03-13 15:30:00,14.595972530524191,26.42245220760938
2021-03-13 16:00:00,14.608262550739534,25.8015342708977
2021-03-13 16:30:00,14.563576744331073,26.167805365455518
2021-03-13 17:00:00,14.374415079834254,27.41875949821922
2021-03-13 17:30:00,14.37181884775057,26.979404127633842
2021-03-13 18:00:00,14.467004117908928,26.84372803828538
2021-03-13 18:30:00,14.21254936931683,25.839094060770556
2021-03-13 19:00:00,14.416007340401679,25.35922834742763
2021-03-13 19:30:00,14.370922159813391,24.744548066661842
2021-03-13 20:00:00,14.2338017237664,24.28379281747969
2021-03-13 20:30:00,14.222145997591019,24.6748083452724
2021-03-13 21:00:00,14.256042066459777,23.549002736971254
2021-03-13 21:30:00,14.012041489681534,22.656335158265406
2021-03-13 22:00:00,13.851488027524912,21.796711246557333
2021-03-13 22:30:00,13.88962766416105,21.29657581047187
2021-03-13 23:00:00,13.679126067799979,21.064734363396603
2021-03-13 23:30:00,13.672966146432191,20.01723146077178
2021-03-14 00:00:00,13.375284131626868,19.56502910436519
2021-03-14 00:30:00,13.260825329793715,20.281704086838214
2021-03-14 01:00:00,13.287982489533809,18.892174907264202
2021-03-14 01:30:00,13.330166112851954,19.026340822947628
2021-03-14 02:00:00,13.161438795503758,19.51570641094639
2021-03-14 02:30:00,13.060432592317174,19.165878433051628
2021-03-14 03:00:00,13.37718328747555,17.86671903256797
2021-03-14 03:30:00,13.218507727688676,18.04115781229714
2021-03-14 04:00:00,13.14572176569208,18.350280022687354
2021-03-14 04:30:00,12.952723513936535,17.940469978674493
2021-03-14 05:00:00,13.17769120233449,18.525262398705806
2021-03-14 05:30:00,13.249764860663465,18.737342719336898
2021-03-14 06:00:00,13.253950924384268,19.43173367841961
2021-03-14 06:30:00,13.384017043480275,20.293118699948707
2021-03-14 07:00:00,13.220632206008387,19.69234402337473
2021-03-14 07:30:00,13.32198188948902,21.51550117025219
2021-03-14 08:00:00,13.372387557480172,21.63241485287176
2021-03-14 08:30:00,13.576189005377945,21.691948408366653
2021-03-14 09:00:00,13.786635263315501,21.846469802364734
2021-03-14 09:30:00,13.504552295960064,22.235019393694497
2021-03-14 10:00:00,13.834824147626577,23.919392089765655
2021-03-14 10:30:00,13.713308647615309,24.502129417517533
2021-03-14 11:00:00,13.928566877711871,24.946281269592998
2021-03-14 11:30:00,13.941866925466307,25.56968928464565
2021-03-14 12:00:00,14.078124194077573,26.097184961083183
2021-03-14 12:30:00,14.270839746904533,26.342956445553536
2021-03-14 13:00:00,14.166900114991273,25.552367239395338
2021-03-14 13:30:00,14.0859765773257,25.894307369615277
2021-03-14 14:00:00,14.208349046123022,26.955759602473623
2021-03-14 14:30:00,14.228751052050573,27.398130088143933
2021-03-14 15:00:00,14.138225084312918,26.5383243416072
2021-03-14 15:30:00,14.418756901174614,26.713200344381356
2021-03-14 16:00:00,14.14902970412314,25.19835268570267
2021-03-14 16:30:00,14.284914927194075,25.615681844188945
2021-03-14 17:00:00,13.985574944812145,26.302095002462966
2021-03-14 17:30:00,14.178054467221042,24.67068906377836
2021-03-14 18:00:00,14.13740265737181,23.918389403734178
2021-03-14 18:30:00,14.07653843846775,23.420847014367485
2021-03-14 19:00:00,14.287616730339302,23.690939515810637
2021-03-14 19:30:00,14.15793597864351,22.64183094731923
2021-03-14 20:00:00,13.975455792038176,22.806932608315194
2021-03-14 20:30:00,14.044565554425478,20.618186364419078
2021-03-14 21:00:00,13.811453357221987,21.254739772638352
2021-03-14 21:30:00,13.849028571134449,20.107902106215917
2021-03-14 22:00:00,13.619156417144751,20.002777688986214
2021-03-14 22:30:00,13.753404545401118,20.008011402184554
2021-03-14 23:00:00,13.520717730300184,19.156696874075916
2021-03-14 23:30:00,13.35458920363606,19.39745788964766
2021-03-15 00:00:00,13.718147267942559,18.581346542998425
2021-03-15 00:30:00,13.627128344653105,18.461881344414184
2021-03-15 01:00:00,13.535290312342823,17.398216773304828
2021-03-15 01:30:00,13.755897644913144,17.104841699364837
2021-03-15 02:00:00,13.426924344042304,16.788728413687913
2021-03-15 02:30:00,13.386774102995478,16.56014054969394
2021-03-15 03:00:00,13.473506079642325,16.10167563995301
2021-03-15 03:30:00,13.346039828569301,16.027463056960357
2021-03-15 04:00:00,13.46456132485392,15.848213578139223
2021-03-15 04:30:00,13.472955711264289,15.912299080986852
2021-03-15 05:00:00,13.351550772637891,15.733809384234819
2021-03-15 05:30:00,13.222778061759078,16.551864584253632
2021-03-15 06:00:00,13.434338081486041,15.442518813057074
2021-03-15 06:30:00,13.516770799382625,17.001177857186633
2021-03-15 07:00:00,13.506352031731582,17.504972283002502
2021-03-15 07:30:00,13.575759430665045,17.392108245757502
2021-03-15 08:00:00,13.800740454320765,16.997478435770724
2021-03-15 08:30:00,13.567073277320844,17.839573839353385
2021-03-15 09:00:00,13.844461755784705,17.396872107501807
2021-03-15 09:30:00,13.817653811042645,19.022280862558606
2021-03-15 10:00:00,13.822384278803217,19.404620151279325
2021-03-15 10:30:00,13.799692779839582,19.385918770392234
2021-03-15 11:00:00,13.985046149985015,20.886280478468844
2021-03-15 11:30:00,14.158104973259217,22.4438733509986
2021-03-15 12:00:00,14.123708446418082,21.95663235521994
2021-03-15 12:30:00,14.255493203043265,23.05487287142323
2021-03-15 13:00:00,14.429657787615925,24.09588392661277
2021-03-15 13:30:00,14.193904852631434,24.066299851932214
2021-03-15 14:00:00,14.45010318406509,23.344872253852007
2021-03-15 14:30:00,14.47873289401159,25.964021752580177
2021-03-15 15:00:00,14.37777974125643,24.95969843744066
2021-03-15 15:30:00,14.431575603277564,25.08528194831505
2021-03-15 16:00:00,14.516380161364406,24.286433913240305
2021-03-15 16:30:00,14.546207202117348,24.188555816321916
2021-03-15 17:00:00,14.43368989273004,24.434261998620205
2021-03-15 17:30:00,14.356395648406139,24.571681750039133
2021-03-15 18:00:00,14.240973905287149,24.6760275563743
2021-03-15 18:30:00,14.211679043085097,23.656615822758855
2021-03-15 19:00:00,14.338948721449757,23.121701649499254
2021-03-15 19:30:00,14.19873022158582,22.834277849484018
2021-03-15 20:00:00,14.148073341353836,21.43543099497571
2021-03-15 20:30:00,14.004673595548782,21.002131015126533
2021-03-15 21:00:00,14.141246511652003,20.47785063292673
2021-03-15 21:30:00,13.790316151779352,20.342692691018243
2021-03-15 22:00:00,13.857378738530796,20.03339759360798
2021-03-15 22:30:00,13.863618109958718,18.358647986977942
2021-03-15 23:00:00,13.758373187031003,17.941170126605943
2021-03-15 23:30:00,13.650831735387086,18.951340300417073
2021-03-16 00:00:00,13.083137484809038,17.236930929785572
2021-03-16 00:30:00,13.041406897407887,16.662457635571723
2021-03-16 01:00:00,13.008142865940687,15.721225813710184
2021-03-16 01:30:00,12.830120526530957,16.072707159168857
2021-03-16 02:00:00,12.94797945209644,15.618429276119983
2021-03-16 02:30:00,12.717260040423943,14.633576566416606
2021-03-16 03:00:00,12.733494520032398,15.502237983029627
2021-03-16 03:30:00,12.73469702571599,14.994510006435965
2021-03-16 04:00:00,12.970869468070697,14.515115458832373
2021-03-16 04:30:00,12.812149860794415,15.24793153046491
2021-03-16 05:00:00,12.858573554682163,14.594543407001813
2021-03-16 05:30:00,12.73320060907093,15.627776365988954
2021-03-16 06:00:00,12.930277858297082,15.96332897839376
2021-03-16 06:30:00,12.875439333485913,17.134081890745335
2021-03-16 07:00:00,12.955914667053708,16.442492189948304
2021-03-16 07:30:00,12.856697096604174,17.67593826041104
2021-03-16 08:00:00,13.41353483497601,18.17382445360872
2021-03-16 08:30:00,13.194399520298312,18.636872442171033
2021-03-16 09:00:00,13.332533760697752,19.796761291509245
2021-03-16 09:30:00,13.190246343834566,19.461784205982525
2021-03-16 10:00:00,13.337694651137754,20.163487253236635
2021-03-16 10:30:00,13.415217748810825,21.482230263631546
2021-03-16 11:00:00,13.42414734359881,22.06034045663243
2021-03-16 11:30:00,13.281397701298745,22.316250822372467
2021-03-16 12:00:00,13.719525178804131,23.0835589450388
2021-03-16 12:30:00,13.621178396459674,23.256598525110235
2021-03-16 13:00:00,13.572188344885241,23.58267950844346
2021-03-16 13:30:00,13.836032825713122,23.99864800601635
2021-03-16 14:00:00,13.7597315156109,24.494841475593617
2021-03-16 14:30:00,13.87769503790188,24.23091457247043
2021-03-16 15:00:00,14.041698969566266,25.13462627705612
2021-03-16 15:30:00,13.87928355560856,23.93701340573864
2021-03-16 16:00:00,13.682052202308732,25.415125272084833
2021-03-16 16:30:00,13.910389180260124,24.421578144492937
2021-03-16 17:00:00,13.842597633545086,25.04826058163006
2021-03-16 17:30:00,13.69354738778427,23.849000669031717
2021-03-16 18:00:00,13.988705051753087,24.589493585377742
2021-03-16 18:30:00,13.864945715218726,22.95395740538328
2021-03-16 19:00:00,13.799944943426699,22.95319629332406
2021-03-16 19:30:00,13.795669819596187,23.01648623997446
2021-03-16 20:00:00,13.76128867523648,21.833267558879367
2021-03-16 20:30:00,13.648511393220051,22.207366581546676
2021-03-16 21:00:00,13.639566279348342,20.592892113691605
2021-03-16 21:30:00,13.567999402080407,21.144230081753303
2021-03-16 22:00:00,13.434571174579583,19.84587450876913
2021-03-16 22:30:00,13.346773322249463,19.514435077098018
2021-03-16 23:00:00,13.133105431204166,19.25456974167194
2021-03-16 23:30:00,13.145661599647227,18.363623965468914
2021-03-17 00:00:00,13.11993601769277,17.97874898041762
2021-03-17 00:30:00,12.927228049553142,17.356843505547364
2021-03-17 01:00:00,12.967176291810299,16.643258101063733
2021-03-17 01:30:00,12.804130813693014,17.395037647755974
2021-03-17 02:00:00,12.900025917452677,16.86765023835371
2021-03-17 02:30:00,12.80723278045755,15.989395575472921
2021-03-17 03:00:00,12.74387582089898,16.541399379944664
2021-03-17 03:30:00,12.755658895540146,16.42877884088826
2021-03-17 04:00:00,12.717248343662767,15.993788818355757
2021-03-17 04:30:00,12.549294827069275,16.765406791090786
2021-03-17 05:00:00,12.856262019999006,17.669603670436807
2021-03-17 05:30:00,12.714361063477732,16.9448528336337
2021-03-17 06:00:00,12.60043649791997,17.129857729257715
2021-03-17 06:30:00,12.827196160122167,17.03576701573205
2021-03-17 07:00:00,12.893425159567139,17.5831951281285
2021-03-17 07:30:00,12.92187374288162,18.29905293258549
2021-03-17 08:00:00,13.193286622696421,19.525494870721094
2021-03-17 08:30:00,13.099104415024247,20.48244874492359
2021-03-17 09:00:00,13.152783672013028,21.352347523098818
2021-03-17 09:30:00,13.244696986961818,21.014169891525388
2021-03-17 10:00:00,13.243409298346961,21.548696872017285
2021-03-17 10:30:00,13.312903879874902,21.938221133084348
2021-03-17 11:00:00,13.572511246680511,23.383337938732964
2021-03-17 11:30:00,13.310037384847666,23.44945575392324
2021-03-17 12:00:00,13.602417101848665,24.53554164145121
2021-03-17 12:30:00,13.675039353869494,24.920144032776438
2021-03-17 13:00:00,13.551136274740394,26.218438236045856
2021-03-17 13:30:00,13.690945733484629,27.862230527659516
2021-03-17 14:00:00,13.703575021100551,26.71695818697676
2021-03-17 14:30:00,13.684462824368417,26.38046596542392
2021-03-17 15:00:00,13.689612809409619,26.358700287985595
2021-03-17 15:30:00,13.849234383842267,27.293434469591002
2021-03-17 16:00:00,13.983670569535754,26.148101094279532
2021-03-17 16:30:00,13.837833562187553,26.087274321803207
2021-03-17 17:00:00,13.79420791399821,26.516084962261644
2021-03-17 17:30:00,13.968894147886953,25.699488186909203
2021-03-17 18:00:00,13.777992878000198,25.108536538134647
2021-03-17 18:30:00,13.710400920107054,25.5712829237339
2021-03-17 19:00:00,13.779062743836985,24.476520372297898
2021-03-17 19:30:00,13.463008359091656,24.146444350203083
2021-03-17 20:00:00,13.649401230259082,23.822811697969954
2021-03-17 20:30:00,13.654202714534746,23.434224271070303
2021-03-17 21:00:00,13.389790777672465,22.347908945007614
2021-03-17 21:30:00,13.436988021802286,22.509089723252323
2021-03-17 22:00:00,13.218131586735835,22.490430280204674
2021-03-17 22:30:00,13.322115192331054,21.713091983719316
2021-03-17 23:00:00,13.179259659961463,21.126220496944743
2021-03-17 23:30:00,12.988833976343274,20.2131288605541
2021-03-18 00:00:00,12.928851280474737,21.15743124412048
2021-03-18 00:30:00,12.688203601923572,19.134036339171537
2021-03-18 01:00:00,12.816735924244274,19.23306302853589
2021-03-18 01:30:00,12.877012785998122,18.45462558439175
2021-03-18 02:00:00,12.695879668232303,16.98880133633045
2021-03-18 02:30:00,12.540054786546133,17.572468229878684
2021-03-18 03:00:00,12.491489306425857,16.64610336198737
2021-03-18 03:30:00,12.72172179130975,15.773498425382495
2021-03-18 04:00:00,12.576360667130869,17.26197937007835
2021-03-18 04:30:00,12.487201561291336,17.31047972865114
2021-03-18 05:00:00,12.610546270814206,19.056239185898377
2021-03-18 05:30:00,12.507100367170063,17.886145275597304
2021-03-18 06:00:00,12.678509925944157,18.233654074581388
2021-03-18 06:30:00,12.834565841823387,18.68464382590918
2021-03-18 07:00:00,12.752548350284593,18.130555518468647
2021-03-18 07:30:00,12.943776510482135,19.767377070990012
2021-03-18 08:00:00,12.90412425959294,19.758135635083796
2021-03-18 08:30:00,12.920350297073535,20.82365159413423
2021-03-18 09:00:00,12.923916961817351,22.03621646304937
2021-03-18 09:30:00,12.862720357257233,22.579105333129323
2021-03-18 10:00:00,13.243451015557364,23.18587520020038
2021-03-18 10:30:00,13.238339087501329,22.774760261338223
2021-03-18 11:00:00,13.310447399945211,23.96877156362619
2021-03-18 11:30:00,13.433293404827337,24.68644962905291
2021-03-18 12:00:00,13.265882390717763,23.972350462891335
2021-03-18 12:30:00,13.41764073933816,25.06816676543774
2021-03-18 13:00:00,13.486272049827615,25.489185403385093
2021-03-18 13:30:00,13.465142323255598,25.287102090776703
2021-03-18 14:00:00,13.63374177330479,26.589515425257012
2021-03-18 14:30:00,13.756944060116815,26.337458774000936
2021-03-18 15:00:00,13.6982641040026,26.3344841014994
2021-03-18 15:30:00,13.759871820776416,27.327869901493703
2021-03-18 16:00:00,13.688859181773182,25.195229866842297
2021-03-18 16:30:00,13.761904390304558,25.104239846811268
2021-03-18 17:00:00,13.8474381738886,25.347200667051244
2021-03-18 17:30:00,13.657061582182594,26.107043636322857
2021-03-18 18:00:00,13.645797676126923,23.71823980050972
2021-03-18 18:30:00,13.428498541148294,25.018909195182168
2021-03-18 19:00:00,13.521464344213166,24.6765941536481
2021-03-18 19:30:00,13.545138529219626,24.19659998171375
2021-03-18 20:00:00,13.524243440911114,23.78091481999767
2021-03-18 20:30:00,13.327011668615055,22.943320342860634
2021-03-18 21:00:00,13.353376653179087,22.01011131969168
2021-03-18 21:30:00,13.273504923003973,22.09272185825823
2021-03-18 22:00:00,12.92749128755199,21.19877103677346
2021-03-18 22:30:00,12.938338914231858,19.34767258131996
2021-03-18 23:00:00,12.97480878882119,19.134776005122113
2021-03-18 23:30:00,12.85974880007747,18.51946715092611
2021-03-19 00:00:00,13.138636289129018,18.54795001914523
2021-03-19 00:30:00,12.977623275744508,16.323649043101813
2021-03-19 01:00:00,12.934614371687513,17.02729350677323
2021-03-19 01:30:00,12.995724311982254,16.904204393953822
2021-03-19 02:00:00,12.865594899130377,16.231347513585295
2021-03-19 02:30:00,12.939600418807919,16.76182358832119
2021-03-19 03:00:00,12.83574177284372,16.500285241411774
2021-03-19 03:30:00,12.898712652368838,15.973359102791216
2021-03-19 04:00:00,12.770432072785676,15.204858454926997
2021-03-19 04:30:00,12.774873897960115,14.830810342073624
2021-03-19 05:00:00,12.807368806963682,15.119285754892264
2021-03-19 05:30:00,12.855642192075083,15.000962362172288
2021-03-19 06:00:00,13.090963670183804,15.413364380694043
2021-03-19 06:30:00,13.046323255605639,16.39921797095715
2021-03-19 07:00:00,13.090182533802894,16.703596008339
2021-03-19 07:30:00,12.80894238187022,17.190680056354843
2021-03-19 08:00:00,13.084522564411973,17.267305388535192
2021-03-19 08:30:00,13.126316541071386,17.894672395617384
2021-03-19 09:00:00,13.14750906197583,17.537085337341672
2021-03-19 09:30:00,13.22404686152942,19.14203844956924
2021-03-19 10:00:00,13.32448759996125,20.29717437914481
2021-03-19 10:30:00,13.394583804132763,21.168488272176088
2021-03-19 11:00:00,13.526534656977809,20.6490166177575
2021-03-19 11:30:00,13.604453098233435,20.638450903877015
2021-03-19 12:00:00,13.82727002102952,21.525425183515306
2021-03-19 12:30:00,13.835095746354003,22.444170045222304
2021-03-19 13:00:00,13.748117366641976,22.878471337631144
2021-03-19 13:30:00,13.841360111534078,22.50442801824532
2021-03-19 14:00:00,13.71039573669984,24.00734924862412
2021-03-19 14:30:00,14.005313828567129,22.446899004687456
2021-03-19 15:00:00,13.972829050952415,23.18216637745444
2021-03-19 15:30:00,13.712827957574307,24.183865805483993
2021-03-19 16:00:00,14.12468715478552,23.89685355550529
2021-03-19 16:30:00,13.906524854683271,22.869993261898845
2021-03-19 17:00:00,13.978299767072064,23.969287947554523
2021-03-19 17:30:00,13.83829027479279,23.54960281621099
2021-03-19 18:00:00,13.703363546001526,23.607920856893916
2021-03-19 18:30:00,13.67609645522112,23.746515036045018
2021-03-19 19:00:00,13.884590052634323,22.119641630357524
2021-03-19 19:30:00,13.685837136790902,21.899737817405768
2021-03-19 20:00:00,13.526181734320673,22.414635463016026
2021-03-19 20:30:00,13.441721836217711,21.906212425131397
2021-03-19 21:00:00,13.473420986299036,20.446447563591423
2021-03-19 21:30:00,13.424543495090202,20.00014649330492
2021-03-19 22:00:00,13.371153027343574,20.259834968221885
2021-03-19 22:30:00,13.309623609602427,19.216034947828057
2021-03-19 23:00:00,13.271097857517399,18.29237879568001
2021-03-19 23:30:00,13.192114133775355,18.13864325090027
2021-03-20 00:00:00,12.972843107826915,18.037995162959508
2021-03-20 00:30:00,12.888554908062144,16.63875354769192
2021-03-20 01:00:00,12.707128730949167,16.96012098324359
2021-03-20 01:30:00,12.852457253542184,16.902130750108807
2021-03-20 02:00:00,12.739110329028911,17.429282509618552
2021-03-20 02:30:00,12.772282638075193,15.826410619536588
2021-03-20 03:00:00,12.73133761948793,17.27835582918095
2021-03-20 03:30:00,12.782797099738007,15.972109478474149
2021-03-20 04:00:00,12.661259016741143,16.105946729849844
2021-03-20 04:30:00,12.66564593794317,16.845935551799972
2021-03-20 05:00:00,12.787471655428199,14.97222335827638
2021-03-20 05:30:00,12.515877208270158,15.881049625627286
2021-03-20 06:00:00,12.673722676433945,15.11615779991178
2021-03-20 06:30:00,12.712884086592679,16.576526282702122
2021-03-20 07:00:00,12.858628901050103,18.26209331005166
2021-03-20 07:30:00,12.894360147437993,17.9255336632244
2021-03-20 08:00:00,13.123274309492553,18.568874285505775
2021-03-20 08:30:00,13.015553470870978,18.33505159109488
2021-03-20 09:00:00,13.030435859855132,18.816201259654715
2021-03-20 09:30:00,13.119954341153122,19.298991099246525
2021-03-20 10:00:00,13.264784897075776,20.661747204438843
2021-03-20 10:30:00,13.360181065826529,20.55106166396324
2021-03-20 11:00:00,13.3606067469023,21.84848706873235
2021-03-20 11:30:00,13.551432619493399,21.016159080702476
2021-03-20 12:00:00,13.353589172739701,21.79367993067942
2021-03-20 12:30:00,13.49461894065471,22.513267189495906
2021-03-20 13:00:00,13.600571170136192,22.56586576173966
2021-03-20 13:30:00,13.62836248374097,23.240502455627617
2021-03-20 14:00:00,13.838875978729215,22.899147035731772
2021-03-20 14:30:00,13.816701949340711,23.626078882367473
2021-03-20 15:00:00,13.71334962858461,23.905026265602274
2021-03-20 15:30:00,13.781508792121969,24.45050630172371
2021-03-20 16:00:00,13.830199892827412,24.23146123701777
2021-03-20 16:30:00,13.852280620584267,24.58384578598056
2021-03-20 17:00:00,13.660694886685581,24.595486781072186
2021-03-20 17:30:00,13.785095062743013,23.341141052668306
2021-03-20 18:00:00,13.584001968221092,23.61218030567103
2021-03-20 18:30:00,13.708590556366937,23.012737441623692
2021-03-20 19:00:00,13.595748712405136,23.09773266286989
2021-03-20 19:30:00,13.520169370225016,21.987632247413206
2021-03-20 20:00:00,13.451521524951517,20.55427576243978
2021-03-20 20:30:00,13.337776232070711,21.545575358595773
2021-03-20 21:00:00,13.464274154558904,20.749599771400657
2021-03-20 21:30:00,13.301768829900364,19.179241575981333
2021-03-20 22:00:00,13.315752092438533,18.521443273632123
2021-03-20 22:30:00,13.257247868364876,18.82974612455415
2021-03-20 23:00:00,13.089354556073479,18.518161234877134
2021-03-20 23:30:00,12.971746312109445,17.974060242634042
2021-03-21 00:00:00,13.49239828023089,17.980366006812638
2021-03-21 00:30:00,13.280738841599254,18.041488688303144
2021-03-21 01:00:00,13.257054037205867,18.463749168394262
2021-03-21 01:30:00,13.143903278193944,17.01356167841979
2021-03-21 02:00:00,13.055861513657137,16.14021651997847
2021-03-21 02:30:00,13.235692164972152,17.117415089789308
2021-03-21 03:00:00,13.267202604533693,17.58939084851077
2021-03-21 03:30:00,13.076588590044238,16.800103800890966
2021-03-21 04:00:00,13.167834482402554,15.875863617476048
2021-03-21 04:30:00,13.191850542039553,16.907849866018775
2021-03-21 05:00:00,13.106753850907896,17.611325463588287
2021-03-21 05:30:00,13.123484738326278,18.15825333434168
2021-03-21 06:00:00,13.148835461625957,17.251671249475876
2021-03-21 06:30:00,13.287359587957546,17.96252904086846
2021-03-21 07:00:00,13.169152339390495,19.26125666725101
2021-03-21 07:30:00,13.25239305087643,19.43866822695668
2021-03-21 08:00:00,13.385112964518528,18.91481352270837
2021-03-21 08:30:00,13.437249418276528,19.39588905411476
2021-03-21 09:00:00,13.684544957299988,19.66689376425506
2021-03-21 09:30:00,13.682422896277478,21.11654486352099
2021-03-21 10:00:00,13.799202019045431,21.342447086856403
2021-03-21 10:30:00,13.8869575785327,21.182000049966614
2021-03-21 11:00:00,13.769987046062534,22.551528874202997
2021-03-21 11:30:00,13.898622285868763,22.50578705866266
2021-03-21 12:00:00,14.037156636336174,23.58543584485891
2021-03-21 12:30:00,13.824922640844203,22.903067013243014
2021-03-21 13:00:00,14.08542701292003,24.21366619258209
2021-03-21 13:30:00,14.150978311401895,23.6358750608743
2021-03-21 14:00:00,14.301273723137953,25.715530146825156
2021-03-21 14:30:00,14.385320274274509,25.58120666884128
2021-03-21 15:00:00,14.342634835628928,25.583471447755347
2021-03-21 15:30:00,14.323329234544321,25.394896280557965
2021-03-21 16:00:00,14.153331443186365,25.05505441370824
2021-03-21 16:30:00,14.165626128197463,24.768154935996655
2021-03-21 17:00:00,14.190279896895523,24.670842542432418
2021-03-21 17:30:00,14.234822056734803,24.09321914151618
2021-03-21 18:00:00,14.288836196762661,23.71328166787978
2021-03-21 18:30:00,14.207654401670368,23.598857905421937
2021-03-21 19:00:00,14.145970429875726,23.365355671997072
2021-03-21 19:30:00,14.020387111002691,22.01814588759764
2021-03-21 20:00:00,14.156177227122129,22.59239878809534
2021-03-21 20:30:00,13.854987951093463,22.433466346577806
2021-03-21 21:00:00,13.559561306435022,20.62567037414688
2021-03-21 21:30:00,13.677128280549258,21.723670737491013
2021-03-21 22:00:00,13.58760371561367,19.349565233506876
2021-03-21 22:30:00,13.724032994007457,18.45992932322653
2021-03-21 23:00:00,13.750557949679047,18.714260171088394
2021-03-21 23:30:00,13.373722260804243,17.402822525061552
2021-03-22 00:00:00,13.414176637577237,17.53326636522013
2021-03-22 00:30:00,13.455296598139515,16.61775196069504
2021-03-22 01:00:00,13.134267369222178,16.029497768612423
2021-03-22 01:30:00,13.193608576700791,16.799219359651108
2021-03-22 02:00:00,13.198145110965763,16.53785502356913
2021-03-22 02:30:00,13.330636791573776,15.623783711517552
2021-03-22 03:00:00,13.122487544069681,15.562107798959463
2021-03-22 03:30:00,13.179001264737327,16.0189584933828
2021-03-22 04:00:00,13.241530414515555,15.125087440540254
2021-03-22 04:30:00,13.18662647471065,15.486961865666967
2021-03-22 05:00:00,13.231478202420154,16.674751799792098
2021-03-22 05:30:00,13.137999328972262,15.324665633565584
2021-03-22 06:00:00,13.256880062212543,16.93714286077
2021-03-22 06:30:00,13.274772354393122,17.329333867987312
2021-03-22 07:00:00,13.494396999044508,17.77756039270071
2021-03-22 07:30:00,13.212945454222774,17.82724418300417
2021-03-22 08:00:00,13.454794685837026,18.217527374097077
2021-03-22 08:30:00,13.55735546750748,18.38639791508663
2021-03-22 09:00:00,13.72011543980133,20.114220180834465
2021-03-22 09:30:00,13.586017759322768,19.82253049124473
2021-03-22 10:00:00,13.633896881438934,19.815351420134817
2021-03-22 10:30:00,13.778740640163706,20.556092305374857
2021-03-22 11:00:00,13.852725406433334,19.843724468759625
2021-03-22 11:30:00,14.015694512457207,21.591930353595696
2021-03-22 12:00:00,14.021385525478946,22.2985878098482
2021-03-22 12:30:00,14.174770416282412,23.004343389949554
2021-03-22 13:00:00,14.107177412392817,23.21601106701139
2021-03-22 13:30:00,14.216250884216711,23.515222966002476
2021-03-22 14:00:00,14.23609514451026,22.550895848956745
2021-03-22 14:30:00,14.262599444408064,22.019427288523755
2021-03-22 15:00:00,14.318194220104122,24.114442961147187
2021-03-22 15:30:00,14.275009829454467,23.81632140166518
2021-03-22 16:00:00,14.451639787755143,23.520265623371838
2021-03-22 16:30:00,14.325404485532522,24.174394349683084
2021-03-22 17:00:00,14.396102327804272,23.972461839539577
2021-03-22 17:30:00,14.220733077002638,24.734808167087134
2021-03-22 18:00:00,14.176694070838384,23.711663064634436
2021-03-22 18:30:00,14.129836271404526,22.9213350813203
2021-03-22 19:00:00,14.15596471232111,21.835789103508098
2021-03-22 19:30:00,13.984634069108827,22.050425729658677
2021-03-22 20:00:00,14.058354111271546,21.05866975053281
2021-03-22 20:30:00,13.702651960803665,21.304894182328336
2021-03-22 21:00:00,13.814213772582205,20.488228637363033
2021-03-22 21:30:00,13.777535335327439,19.80275986931293
2021-03-22 22:00:00,13.682902764411054,19.65907484887439
2021-03-22 22:30:00,13.766756464025216,18.94572715693532
2021-03-22 23:00:00,13.53719396563707,18.179689936300676
2021-03-22 23:30:00,13.389830263959636,17.99369130926797
2021-03-23 00:00:00,13.026002749653854,17.572343844765246
2021-03-23 00:30:00,12.89505534182899,17.313149450919077
2021-03-23 01:00:00,12.854640975476684,16.325934567902674
2021-03-23 01:30:00,12.7828485544208,16.650317381830778
2021-03-23 02:00:00,12.7858422397696,16.902810619170882
2021-03-23 02:30:00,12.697136096730956,16.304526183861135
2021-03-23 03:00:00,12.626409607552803,15.207605250219249
2021-03-23 03:30:00,12.788229611562413,15.76395867553762
2021-03-23 04:00:00,12.747578877793732,17.051565980079612
2021-03-23 04:30:00,12.633854018309878,15.61742366687686
2021-03-23 05:00:00,12.504742012576624,16.51937937338116
2021-03-23 05:30:00,12.740664414217603,16.908606251316396
2021-03-23 06:00:00,12.749390716625003,16.415264975412
2021-03-23 06:30:00,12.88470965851715,17.47050810160328
2021-03-23 07:00:00,12.905305707119723,16.15131367813095
2021-03-23 07:30:00,12.988923691321485,17.491796682181025
2021-03-23 08:00:00,13.0259282323788,18.635034254612318
2021-03-23 08:30:00,13.070329761644055,19.220728569413822
2021-03-23 09:00:00,13.14578900837851,18.97454650052256
2021-03-23 09:30:00,13.098437600587468,19.330312773304904
2021-03-23 10:00:00,13.289254960972864,20.423648518257302
2021-03-23 10:30:00,13.156345945613708,21.581471408158798
2021-03-23 11:00:00,13.402333488474685,21.23418850087526
2021-03-23 11:30:00,13.46727393964967,22.769142038096785
2021-03-23 12:00:00,13.47896439956026,22.10521804502122
2021-03-23 12:30:00,13.544136302646438,23.732161320164195
2021-03-23 13:00:00,13.56396153727689,23.935365004242197
2021-03-23 13:30:00,13.857916378936263,23.72768069372082
2021-03-23 14:00:00,13.762370059041658,23.29735920028317
2021-03-23 14:30:00,13.936516556137864,24.540105606955738
2021-03-23 15:00:00,13.751357099890832,23.74844424777967
2021-03-23 15:30:00,13.650093732989752,22.547851946540074
2021-03-23 16:00:00,13.727164481542099,24.04629083241945
2021-03-23 16:30:00,13.747389197839889,22.508861050558316
2021-03-23 17:00:00,13.639269879817292,22.73189060835671
2021-03-23 17:30:00,13.769344604646953,23.592085162715
2021-03-23 18:00:00,13.64606245724147,21.5224517233169
2021-03-23 18:30:00,13.65299802779879,23.017304389791846
2021-03-23 19:00:00,13.566068830866309,21.087796193981998
2021-03-23 19:30:00,13.51611567566115,20.995798608541925
2021-03-23 20:00:00,13.505315346426524,20.948398293996963
2021-03-23 20:30:00,13.508381744012006,21.576180661128866
2021-03-23 21:00:00,13.306543648383784,20.740544341531056
2021-03-23 21:30:00,13.236133474421035,19.26839194186163
2021-03-23 22:00:00,13.200794479769703,19.788037000266314
2021-03-23 22:30:00,13.104680180318972,17.597920668473066
2021-03-23 23:00:00,13.213225070312882,17.78257499860995
2021-03-23 23:30:00,13.08238347989929,16.813196848137913
2021-03-24 00:00:00,13.063235794025648,16.938225365917567
2021-03-24 00:30:00,12.880956724679995,16.476722605060736
2021-03-24 01:00:00,12.934400339017506,16.844954539761687
2021-03-24 01:30:00,12.961315224478195,15.957999926946746
2021-03-24 02:00:00,12.741026302021979,15.813021512519713
2021-03-24 02:30:00,12.850269052398707,15.974677011831226
2021-03-24 03:00:00,12.805938771163147,15.612549497970091
2021-03-24 03:30:00,12.592406701394745,15.986632240207122
2021-03-24 04:00:00,12.929954287059292,16.224078688137347
2021-03-24 04:30:00,12.731552918917519,16.44462099226167
2021-03-24 05:00:00,12.766540027099408,17.016001105466888
2021-03-24 05:30:00,12.798169877672253,16.629507229920957
2021-03-24 06:00:00,12.79223942745989,16.64918823577854
2021-03-24 06:30:00,12.882451274691785,16.98632432523981
2021-03-24 07:00:00,12.908230465694787,17.47595961865893
2021-03-24 07:30:00,13.144377423914108,18.367672600808866
2021-03-24 08:00:00,13.050353317321363,17.87875459758744
2021-03-24 08:30:00,13.202896958360247,19.209840882792786
2021-03-24 09:00:00,13.261268973740668,19.723580491075445
2021-03-24 09:30:00,13.38648229456676,19.491361320120358
2021-03-24 10:00:00,13.297871577752973,20.92083534369922
2021-03-24 10:30:00,13.26124386039902,21.585654148458232
2021-03-24 11:00:00,13.455839440216682,21.526410212297954
2021-03-24 11:30:00,13.596054678154147,22.3092567454099
2021-03-24 12:00:00,13.618530706894951,23.75422129405498
2021-03-24 12:30:00,13.694644609055606,24.129456064656992
2021-03-24 13:00:00,13.674071584254687,24.285585041227222
2021-03-24 13:30:00,13.770538763997717,24.600447987416924
2021-03-24 14:00:00,13.864200496190985,25.326859445544837
2021-03-24 14:30:00,13.835689280062416,25.71548587897903
2021-03-24 15:00:00,13.80740824502183,25.80446166973292
2021-03-24 15:30:00,13.94596295540654,25.691195123632365
2021-03-24 16:00:00,13.85078363823032,25.515867718608828
2021-03-24 16:30:00,13.757390410239315,25.67077554939393
2021-03-24 17:00:00,13.825484975881901,24.53831557472086
2021-03-24 17:30:00,13.804176497079489,24.13098943085571
2021-03-24 18:00:00,13.685814865285884,25.231102412478034
2021-03-24 18:30:00,13.778161069554285,23.997982654196573
2021-03-24 19:00:00,13.729638128883657,25.060685949375976
2021-03-24 19:30:00,13.684962719681542,22.529798898047407
2021-03-24 20:00:00,13.41169188258567,22.573498764480554
2021-03-24 20:30:00,13.390729853799188,23.568044425879652
2021-03-24 21:00:00,13.35886106914699,21.472726267597988
2021-03-24 21:30:00,13.39067044305677,20.966393989729195
2021-03-24 22:00:00,13.197763360239197,20.50017229278319
2021-03-24 22:30:00,13.209311701161583,20.46418421965089
2021-03-24 23:00:00,13.1950122801427,21.040196139453396
2021-03-24 23:30:00,13.151832037715904,19.261702452595937
2021-03-25 00:00:00,13.383301199727216,18.60808381933692
2021-03-25 00:30:00,13.281100018364501,18.89494980629039
2021-03-25 01:00:00,13.218056024219631,17.951091632107786
2021-03-25 01:30:00,13.065152190998607,18.887109294710342
2021-03-25 02:00:00,13.096417585603032,18.37941025326466
2021-03-25 02:30:00,12.956440051597719,17.875896274162532
2021-03-25 03:00:00,13.084568584507249,17.08736662697808
2021-03-25 03:30:00,12.988123479289712,17.85014153440634
2021-03-25 04:00:00,12.864170593359328,17.003510027588586
2021-03-25 04:30:00,12.962317571687777,17.861760955295857
2021-03-25 05:00:00,13.077038871922403,18.204508195009463
2021-03-25 05:30:00,13.155300352885883,19.173794615149454
2021-03-25 06:00:00,13.038153970080064,18.882302627245444
2021-03-25 06:30:00,13.008916357008852,19.208775451703463
2021-03-25 07:00:00,13.164938540620536,18.995047350042977
2021-03-25 07:30:00,13.230926770003048,20.296290886055292
2021-03-25 08:00:00,13.388221651632856,20.57231464578677
2021-03-25 08:30:00,13.351389776403789,21.251279215000785
2021-03-25 09:00:00,13.39421297482003,21.691819230865352
2021-03-25 09:30:00,13.354419559106134,22.79960229931333
2021-03-25 10:00:00,13.463661397685602,22.7564173632838
2021-03-25 10:30:00,13.503721119047615,24.195887683709806
2021-03-25 11:00:00,13.714642484354826,24.335582277235186
2021-03-25 11:30:00,13.857095539755138,24.9894708700385
2021-03-25 12:00:00,13.906571247940661,25.614365570997546
2021-03-25 12:30:00,14.074338974306347,26.37013546871693
2021-03-25 13:00:00,13.903861349081968,25.737328106946972
2021-03-25 13:30:00,14.158516080201382,27.414741703997876
2021-03-25 14:00:00,14.000482910700994,27.51970342480334
2021-03-25 14:30:00,14.085040538008112,27.959110742551605
2021-03-25 15:00:00,14.008016817725434,26.814216382819524
2021-03-25 15:30:00,14.35608483101669,27.42365227345735
2021-03-25 16:00:00,14.212598410074763,28.404262800710974
2021-03-25 16:30:00,14.033023177190143,27.310897624327417
2021-03-25 17:00:00,14.034036040822405,27.37072509364775
2021-03-25 17:30:00,14.13628548448175,26.862421819902107
2021-03-25 18:00:00,14.117248048541962,26.085573274164638
2021-03-25 18:30:00,13.849125821805536,26.784171554520313
2021-03-25 19:00:00,14.03065099690044,25.903351695841636
2021-03-25 19:30:00,13.937778791987279,25.018747351725818
2021-03-25 20:00:00,13.841120654316647,25.686851749303433
2021-03-25 20:30:00,13.932306130963925,24.71410475806591
2021-03-25 21:00:00,13.813763276783195,23.753733945615497
2021-03-25 21:30:00,13.66866548383151,23.421557429734126
2021-03-25 22:00:00,13.60559946703367,22.943668312513505
2021-03-25 22:30:00,13.569332150701866,22.475732083176908
2021-03-25 23:00:00,13.582553170220462,22.934083062597047
2021-03-25 23:30:00,13.338788082039919,20.45279469601254
2021-03-26 00:00:00,13.43099714652926,20.49978567029343
2021-03-26 00:30:00,13.605381409988869,19.24157162461185
2021-03-26 01:00:00,13.540350715699473,18.491385012760148
2021-03-26 01:30:00,13.364985237309835,18.246043258465804
2021-03-26 02:00:00,13.519271348350927,17.674961812005233
2021-03-26 02:30:00,13.365094293870236,17.74256285561691
2021-03-26 03:00:00,13.302195382076395,17.649582167431937
2021-03-26 03:30:00,13.34078615448564,18.413517335063922
2021-03-26 04:00:00,13.370019752273592,18.345310905924283
2021-03-26 04:30:00,13.238890258892425,17.822310466285703
2021-03-26 05:00:00,13.344585254022595,17.76409761228939
2021-03-26 05:30:00,13.212624150485675,18.240069758862663
2021-03-26 06:00:00,13.420668752916137,18.45857347093424
2021-03-26 06:30:00,13.549148859989538,18.667375661309055
2021-03-26 07:00:00,13.665740324864336,19.492733416566338
2021-03-26 07:30:00,13.511054894581461,20.194569911807463
2021-03-26 08:00:00,13.761797493317484,20.500893728635244
2021-03-26 08:30:00,13.692181499746944,20.262968136033248
2021-03-26 09:00:00,13.701904985080526,20.813322507872535
2021-03-26 09:30:00,13.815640920237282,22.95223647276141
2021-03-26 10:00:00,14.002525012793615,23.370661761157226
2021-03-26 10:30:00,13.890810938745004,22.836906013781064
2021-03-26 11:00:00,14.025736872459303,24.186549819047844
2021-03-26 11:30:00,13.978882604265623,24.917304731535413
2021-03-26 12:00:00,14.151478498142245,25.14705667457299
2021-03-26 12:30:00,14.2482457333348,25.808518680882692
2021-03-26 13:00:00,14.29276406425214,25.423798599313923
2021-03-26 13:30:00,14.420840230799636,26.59041607599259
2021-03-26 14:00:00,14.244737786330006,26.244034410624018
2021-03-26 14:30:00,14.504523484421679,27.6514918052497
2021-03-26 15:00:00,14.62564185389055,26.755535240579636
2021-03-26 15:30:00,14.543715474074057,27.30648019043687
2021-03-26 16:00:00,14.395022229400269,26.36390953470055
2021-03-26 16:30:00,14.58256418875961,25.840396584865392
2021-03-26 17:00:00,14.648206265560509,25.386710157378793
2021-03-26 17:30:00,14.504967782910855,26.249526304013347
2021-03-26 18:00:00,14.54621972047557,25.122391842401566
2021-03-26 18:30:00,14.546205068100958,24.786825639239545
2021-03-26 19:00:00,14.533142038523508,24.05349575813884
2021-03-26 19:30:00,14.35330130776433,23.147277470474823
2021-03-26 20:00:00,14.211066799862621,22.10380878005821
2021-03-26 20:30:00,14.057641723094727,21.934078798616863
2021-03-26 21:00:00,14.09040953835502,21.26142155941957
2021-03-26 21:30:00,14.163686838978293,20.744236285811592
2021-03-26 22:00:00,13.74586666635102,19.17472650105091
2021-03-26 22:30:00,14.102746864223548,18.54028675857823
2021-03-26 23:00:00,13.624814297349207,18.28953253388629
2021-03-26 23:30:00,13.77743924043607,18.857952536597114
2021-03-27 00:00:00,13.356365690398762,18.567275567154
2021-03-27 00:30:00,13.379768530066817,17.615504112710493
2021-03-27 01:00:00,13.144780895020096,17.545213328622676
2021-03-27 01:30:00,13.17445301889468,16.406525990073433
2021-03-27 02:00:00,13.017623817324546,15.980383855632057
2021-03-27 02:30:00,13.16263011565233,15.778852966595785
2021-03-27 03:00:00,13.168615036773634,15.606054731066482
2021-03-27 03:30:00,12.990747901338718,16.805521924169682
2021-03-27 04:00:00,12.996948530341692,16.25442247114834
2021-03-27 04:30:00,13.002602718440551,16.23024039336115
2021-03-27 05:00:00,13.113544782305137,17.468523754715445
2021-03-27 05:30:00,13.178453217062911,16.763446803332688
2021-03-27 06:00:00,13.218748318223694,17.499664663112235
2021-03-27 06:30:00,13.224756205793684,18.29673551723903
2021-03-27 07:00:00,13.281064915575927,18.416844658631938
2021-03-27 07:30:00,13.180522997848245,17.732842018132523
2021-03-27 08:00:00,13.268125172508514,19.06795086380672
2021-03-27 08:30:00,13.40107092612377,20.202165802938673
2021-03-27 09:00:00,13.575746813223004,19.761382057815943
2021-03-27 09:30:00,13.585426834197573,21.206299328919336
2021-03-27 10:00:00,13.55224299855453,23.166443999141784
2021-03-27 10:30:00,13.73541718171752,23.1326941569395
2021-03-27 11:00:00,13.734200040548071,24.562275684424346
2021-03-27 11:30:00,13.78971486225189,23.444770579742187
2021-03-27 12:00:00,13.970401414288423,24.41920471074947
2021-03-27 12:30:00,14.02974258857544,24.707594543917107
2021-03-27 13:00:00,14.05847694800197,25.115025784938815
2021-03-27 13:30:00,14.19442937729483,25.39500107607976
2021-03-27 14:00:00,14.231172877164825,26.149098607320852
2021-03-27 14:30:00,14.188279894500162,25.042761844253704
2021-03-27 15:00:00,14.192156369602468,25.578208443910135
2021-03-27 15:30:00,14.150332970006898,25.86930071115815
2021-03-27 16:00:00,14.125128537579346,25.603205287731992
2021-03-27 16:30:00,14.18974105276928,24.597640394738203
2021-03-27 17:00:00,14.337060534914519,26.310731894496378
2021-03-27 17:30:00,14.219004342225716,24.695571733298898
2021-03-27 18:00:00,14.040415829149522,25.566461344634558
2021-03-27 18:30:00,14.130008848996507,24.897075473163774
2021-03-27 19:00:00,14.210605745946143,24.640712212351655
2021-03-27 19:30:00,13.91864911067904,22.925092599381752
2021-03-27 20:00:00,13.870232121037583,23.04629575219917
2021-03-27 20:30:00,13.836995815060865,22.63897471640702
2021-03-27 21:00:00,13.963079135903914,21.17662367694414
2021-03-27 21:30:00,13.735070918494163,20.406635908741272
2021-03-27 22:00:00,13.667265326908373,19.412680650484184
2021-03-27 22:30:00,13.597952109675719,19.317733115439893
2021-03-27 23:00:00,13.55420126810829,18.24569908192062
2021-03-27 23:30:00,13.316658604226564,18.48492210914827
2021-03-28 00:00:00,12.968442443102042,18.547523660582872
2021-03-28 00:30:00,12.863308138214196,18.057677972318796
2021-03-28 01:00:00,12.89615312802493,17.816126241707206
2021-03-28 01:30:00,12.933642220132075,17.80004467749967
2021-03-28 02:00:00,12.970011325806224,16.393450733776145
2021-03-28 02:30:00,12.90195242717414,16.82575552406049
2021-03-28 03:00:00,12.803501158414432,16.44323579959371
2021-03-28 03:30:00,12.99440464408172,16.09036410728507
2021-03-28 04:00:00,12.860092447241632,17.265536540417294
2021-03-28 04:30:00,12.756786298221874,16.393719006520694
2021-03-28 05:00:00,12.807004323593942,17.115963848023004
2021-03-28 05:30:00,12.846488885197425,16.276412410703443
2021-03-28 06:00:00,13.014831372989505,17.82625724423583
2021-03-28 06:30:00,12.918641421900805,18.08092858934665
2021-03-28 07:00:00,13.124594086173975,18.868814230277867
2021-03-28 07:30:00,12.98981224217022,18.68841483076297
2021-03-28 08:00:00,13.11459547709537,19.608812732243443
2021-03-28 08:30:00,13.112512476760108,20.023037204661186
2021-03-28 09:00:00,13.28994559198821,21.736549337197804
2021-03-28 09:30:00,13.284827866951584,21.94750088331426
2021-03-28 10:00:00,13.320755118555242,22.535779374413824
2021-03-28 10:30:00,13.5391016898868,23.108229360267778
2021-03-28 11:00:00,13.427622990829677,23.451807356282696
2021-03-28 11:30:00,13.416944696395143,23.701106477868812
2021-03-28 12:00:00,13.727302762341822,24.078220317534274
2021-03-28 12:30:00,13.743236751735665,24.519795647515902
2021-03-28 13:00:00,13.78038906752461,25.327414154577784
2021-03-28 13:30:00,13.794167769345584,25.006808347609606
2021-03-28 14:00:00,13.76091770924766,25.349501835077934
2021-03-28 14:30:00,13.777916279429656,25.514959733491395
2021-03-28 15:00:00,13.834573268895843,25.57417901478122
2021-03-28 15:30:00,13.969404420914236,24.778380592779264
2021-03-28 16:00:00,13.988574543616483,25.566770556274037
2021-03-28 16:30:00,13.862884706452904,24.938395869561756
2021-03-28 17:00:00,13.932690075945391,24.13306734502885
2021-03-28 17:30:00,13.674498115629603,25.371050713897105
2021-03-28 18:00:00,13.934909012751756,24.61352163596956
2021-03-28 18:30:00,13.79129152010953,23.2519440014303
2021-03-28 19:00:00,13.744756675595143,24.114346297895835
2021-03-28 19:30:00,13.880318860778353,22.013968958959197
2021-03-28 20:00:00,13.529301305232549,22.041448165487456
2021-03-28 20:30:00,13.617928484824256,21.552854752227177
2021-03-28 21:00:00,13.63347474614659,21.126191760661442
2021-03-28 21:30:00,13.508335479259602,21.131101713371326
2021-03-28 22:00:00,13.398970604392156,20.559409846148622
2021-03-28 22:30:00,13.437513253457887,20.011238095177745
2021-03-28 23:00:00,13.138715127952024,19.27727232376585
2021-03-28 23:30:00,12.95322602732854,18.043503668045094
2021-03-29 00:00:00,13.073234863346592,18.224131628627347
2021-03-29 00:30:00,12.869537721276782,17.675606832011308
2021-03-29 01:00:00,13.201580539528395,17.10644126622963
2021-03-29 01:30:00,12.924751943379087,16.480975189008458
2021-03-29 02:00:00,12.90697864401292,16.708516254750435
2021-03-29 02:30:00,12.880755821770236,16.24264405634099
2021-03-29 03:00:00,12.737134103353062,14.870584592571804
2021-03-29 03:30:00,12.878787674695554,17.01460482599533
2021-03-29 04:00:00,12.86059730408919,16.87564359238313
2021-03-29 04:30:00,12.830805574047957,17.116800792835868
2021-03-29 05:00:00,12.722725136390311,17.39934274545403
2021-03-29 05:30:00,12.830562585994805,16.441899898933197
2021-03-29 06:00:00,12.671266070706984,17.497010554051112
2021-03-29 06:30:00,12.961947207015063,18.792433695063878
2021-03-29 07:00:00,12.969141398356156,18.496664529007
2021-03-29 07:30:00,13.13062448920174,17.989286398441134
2021-03-29 08:00:00,13.121898932176904,19.652397475288744
2021-03-29 08:30:00,13.061520145290872,19.859086599941374
2021-03-29 09:00:00,13.254845431219543,21.153501935019417
2021-03-29 09:30:00,13.335454363640345,21.505767450543857
2021-03-29 10:00:00,13.243172159046054,21.950943445682
2021-03-29 10:30:00,13.382335324021069,22.319425322855327
2021-03-29 11:00:00,13.595737146813455,22.090713577748563
2021-03-29 11:30:00,13.549339067777353,24.835497483489128
2021-03-29 12:00:00,13.656902879485525,25.28049533661104
2021-03-29 12:30:00,13.857424553025288,24.915738977438938
2021-03-29 13:00:00,13.863433017381523,24.871352203361553
2021-03-29 13:30:00,13.901505022872227,25.336435895472896
2021-03-29 14:00:00,13.903904073497161,26.446237794521423
2021-03-29 14:30:00,13.8889754101405,25.85743292048353
2021-03-29 15:00:00,13.804828633779668,26.155731585271724
2021-03-29 15:30:00,14.047770813438621,26.582104556310828
2021-03-29 16:00:00,13.948082605449777,26.585318129002548
2021-03-29 16:30:00,13.865078709576903,25.409700103324067
2021-03-29 17:00:00,13.857968631857446,25.920954308536455
2021-03-29 17:30:00,13.853220700504343,26.125645135093322
2021-03-29 18:00:00,13.987112237480352,25.07313895368984
2021-03-29 18:30:00,13.693758184669036,25.47298827840549
2021-03-29 19:00:00,13.612694769361013,23.53249309116746
2021-03-29 19:30:00,13.626968128803414,24.69122653230905
2021-03-29 20:00:00,13.77398412599805,23.280622924088032
2021-03-29 20:30:00,13.592920724387213,23.06887665064984
2021-03-29 21:00:00,13.602795772810657,22.057331782758904
2021-03-29 21:30:00,13.541764852135534,22.282294242891847
2021-03-29 22:00:00,13.450488494246931,20.450487337906182
2021-03-29 22:30:00,13.284039976474673,20.549381030406337
2021-03-29 23:00:00,13.406372054120908,18.916693938546466
2021-03-29 23:30:00,13.148866315111947,18.869270524336976
2021-03-30 00:00:00,12.784799574363229,17.88633638091314
2021-03-30 00:30:00,12.897587864391193,18.03876926415623
2021-03-30 01:00:00,12.631235822512226,16.735194142053718
2021-03-30 01:30:00,12.641061803910073,16.510464655905306
2021-03-30 02:00:00,12.60484816354699,16.28952157858582
2021-03-30 02:30:00,12.414167009891877,17.281136248395196
2021-03-30 03:00:00,12.693069516864838,17.74121206056172
2021-03-30 03:30:00,12.457519543141515,18.286353303021087
2021-03-30 04:00:00,12.466061548407614,16.808155329325512
2021-03-30 04:30:00,12.626146781525252,16.851067797427095
2021-03-30 05:00:00,12.496914870307993,17.848533818144574
2021-03-30 05:30:00,12.538836166880628,17.427843174012814
2021-03-30 06:00:00,12.621759520852804,18.801752657113617
2021-03-30 06:30:00,12.577140605820032,18.148290180013184
2021-03-30 07:00:00,12.74361281741433,18.173624413064374
2021-03-30 07:30:00,12.593018009746899,18.97806534930163
2021-03-30 08:00:00,12.908483704286002,19.64655748028177
2021-03-30 08:30:00,12.882164712314486,18.823718356178073
2021-03-30 09:00:00,13.030895591525379,19.799393622807933
2021-03-30 09:30:00,13.01011286568886,19.98821462465996
2021-03-30 10:00:00,13.055505143428379,20.810920353940865
2021-03-30 10:30:00,13.075899847789124,22.16885844402968
2021-03-30 11:00:00,13.32393796323333,22.37395817515253
2021-03-30 11:30:00,13.202746159410198,22.844818219566207
2021-03-30 12:00:00,13.457979651572446,23.177234353988293
2021-03-30 12:30:00,13.505921187777341,24.506399502675556
2021-03-30 13:00:00,13.285897995101896,24.797119744135863
2021-03-30 13:30:00,13.428417573074253,24.714531835653343
2021-03-30 14:00:00,13.35127749733914,24.92672794319617
2021-03-30 14:30:00,13.62810528723224,24.90687672989728
2021-03-30 15:00:00,13.766873456766202,25.168700341853704
2021-03-30 15:30:00,13.48530360310209,25.374903318602286
2021-03-30 16:00:00,13.599592539028873,24.84627842231524
2021-03-30 16:30:00,13.671527688602582,25.235247060183024
2021-03-30 17:00:00,13.747987104706356,24.894723273218542
2021-03-30 17:30:00,13.555529272324465,23.634351058801197
2021-03-30 18:00:00,13.677044369879424,23.96647109464103
2021-03-30 18:30:00,13.389162996790116,23.798022716251527
2021-03-30 19:00:00,13.558158556325461,23.55745416276883
2021-03-30 19:30:00,13.25948654987022,22.189785968786783
2021-03-30 20:00:00,13.305931360552318,20.65989891729364
2021-03-30 20:30:00,13.273571070743353,20.758738714556998
2021-03-30 21:00:00,12.951102870330896,19.749120361521136
2021-03-30 21:30:00,13.106249051847927,20.437351922443465
2021-03-30 22:00:00,13.072782832774251,19.999069681695687
2021-03-30 22:30:00,13.008787860390264,18.566414840410037
2021-03-30 23:00:00,12.953901540927388,17.89962167905075
2021-03-30 23:30:00,12.805975113455084,16.22093546650924
2021-03-31 00:00:00,13.146019754523886,15.926677344073399
2021-03-31 00:30:00,13.07921591855168,16.286158919822537
2021-03-31 01:00:00,13.059890868212987,15.06495891890591
2021-03-31 01:30:00,12.983770891070607,14.162557276713974
2021-03-31 02:00:00,13.12294172591796,14.678746040403421
2021-03-31 02:30:00,12.820845006057642,14.509337043061123
2021-03-31 03:00:00,12.925232876180953,14.198665147008779
2021-03-31 03:30:00,12.731274552483002,13.252026792977643
2021-03-31 04:00:00,12.823643893795653,15.358661431942368
2021-03-31 04:30:00,13.018439832276526,15.02576796691841
2021-03-31 05:00:00,12.988349991679218,15.995051594789308
2021-03-31 05:30:00,12.899240608869835,14.714535775694653
2021-03-31 06:00:00,12.927820285032034,14.210518909157202
2021-03-31 06:30:00,12.838786901523031,15.207431963938623
2021-03-31 07:00:00,12.874407133708868,15.702012663412578
2021-03-31 07:30:00,12.98015856236484,15.834175239971248
2021-03-31 08:00:00,13.164355102122476,15.381485004599245
2021-03-31 08:30:00,13.158987735945903,17.342769391287185
2021-03-31 09:00:00,13.221376647494159,17.378111379901142
2021-03-31 09:30:00,13.36788247254689,18.31870301135225
2021-03-31 10:00:00,13.468595519523463,18.922745775443584
2021-03-31 10:30:00,13.252307573661756,19.662094723949266
2021-03-31 11:00:00,13.694473681981853,20.413430969033513
2021-03-31 11:30:00,13.616255088226835,20.785317805223535
2021-03-31 12:00:00,13.772120258399282,21.862910601992713
2021-03-31 12:30:00,13.88102918096371,21.753478020453574
2021-03-31 13:00:00,13.795589515748224,21.496736263892824
2021-03-31 13:30:00,13.887625638226757,20.337869869529857
2021-03-31 14:00:00,13.812944178629333,22.051719644013495
2021-03-31 14:30:00,13.796678013000475,21.394237654204044
2021-03-31 15:00:00,14.055145007024974,22.407822360528524
2021-03-31 15:30:00,14.132375902861083,22.519507659790055
2021-03-31 16:00:00,13.887767954003035,23.085568585864664
2021-03-31 16:30:00,14.03342287825146,22.826553311870327
2021-03-31 17:00:00,13.8649427995963,23.013374392871025
2021-03-31 17:30:00,13.904211267665621,23.530824907982677
2021-03-31 18:00:00,13.722017140107196,22.12064766721833
2021-03-31 18:30:00,13.890856107815406,21.891614408427756
2021-03-31 19:00:00,14.051056329936499,22.439118537602734
2021-03-31 19:30:00,13.906391296473318,20.607490333265105
2021-03-31 20:00:00,13.754428623652847,20.873704789753262
2021-03-31 20:30:00,13.632703824216506,20.25371540214772
2021-03-31 21:00:00,13.59978834766078,19.091230388591363
2021-03-31 21:30:00,13.475890216022686,18.871027102087975
2021-03-31 22:00:00,13.660249012053727,17.248355615500223
2021-03-31 22:30:00,13.411016476020857,16.623182239919846
2021-03-31 23:00:00,13.43570684228877,15.549581574982419
2021-03-31 23:30:00,13.219801963269497,16.547793759676736
2021-04-01 00:00:00,13.352859953531674,14.320828831267383
2021-04-01 00:30:00,13.158091197271155,14.179599058597255
2021-04-01 01:00:00,13.140812353091663,14.16031390102947
2021-04-01 01:30:00,13.015159631808134,14.527855718071548
2021-04-01 02:00:00,12.984234181267617,13.6106598096823
2021-04-01 02:30:00,12.902036269618167,14.234151385185685
2021-04-01 03:00:00,12.937768919339327,13.688770427554159
2021-04-01 03:30:00,13.037487420760154,13.496895865003943
2021-04-01 04:00:00,13.026100316726096,13.614451519135628
2021-04-01 04:30:00,13.118630599240127,14.333794442588623
2021-04-01 05:00:00,12.843060204260018,14.269235264307047
2021-04-01 05:30:00,12.817903292515723,14.9609247163819
2021-04-01 06:00:00,13.047612186494252,14.27481570319407
2021-04-01 06:30:00,12.87205422643271,14.96744269301377
2021-04-01 07:00:00,13.176360074107453,16.021806176417485
2021-04-01 07:30:00,13.25858689076253,16.579224445603572
2021-04-01 08:00:00,13.204513493894945,17.565056179548904
2021-04-01 08:30:00,13.455979215889862,16.280509455522868
2021-04-01 09:00:00,13.300667106522994,18.17983521689498
2021-04-01 09:30:00,13.400329908576706,19.340399237173436
2021-04-01 10:00:00,13.55998682201185,19.971342151860803
2021-04-01 10:30:00,13.481867317323498,20.67771020052237
2021-04-01 11:00:00,13.662482833702029,22.099171445613226
2021-04-01 11:30:00,13.718148996366988,22.674561814831755
2021-04-01 12:00:00,13.694437599910955,22.83042586946451
2021-04-01 12:30:00,13.87799217264598,24.32299373454468
2021-04-01 13:00:00,13.913374565961377,24.411072397050148
2021-04-01 13:30:00,14.061217234934675,24.009987943266474
2021-04-01 14:00:00,14.093354414301912,24.396059193624282
2021-04-01 14:30:00,13.95309602634234,25.106392225272803
2021-04-01 15:00:00,13.986111621547613,25.005962936274436
2021-04-01 15:30:00,14.139423532745482,24.852830037145136
2021-04-01 16:00:00,14.30988597297704,24.71061636651929
2021-04-01 16:30:00,14.34415261571622,24.67862998014738
2021-04-01 17:00:00,14.231245067311516,24.101503264245892
2021-04-01 17:30:00,13.927348210598325,23.405554944496533
2021-04-01 18:00:00,13.898062674581187,23.457330228270113
2021-04-01 18:30:00,13.995806086320052,23.80952438198088
2021-04-01 19:00:00,13.913127144349666,22.01543695061959
2021-04-01 19:30:00,13.93308519941865,23.095560326498866
2021-04-01 20:00:00,13.830940417366923,22.11019246219738
2021-04-01 20:30:00,13.828058033770047,21.271703469401398
2021-04-01 21:00:00,13.675038046604199,19.60052678569356
2021-04-01 21:30:00,13.51794812291403,19.849410287639994
2021-04-01 22:00:00,13.54837563582703,18.46434966144208
2021-04-01 22:30:00,13.540338323132548,17.408895311269116
2021-04-01 23:00:00,13.219132902741393,16.9848659796866
2021-04-01 23:30:00,13.420145639305863,17.046534561000627
2021-04-02 00:00:00,13.18600246143285,16.663550410309803
2021-04-02 00:30:00,13.224896690514163,15.095321960245585
2021-04-02 01:00:00,12.953505299233138,14.22039094308812
2021-04-02 01:30:00,12.702684483381773,14.614500865547367
2021-04-02 02:00:00,12.821037837149433,14.978658574248826
2021-04-02 02:30:00,12.689696403736576,15.523481417149984
2021-04-02 03:00:00,12.729388222709932,13.054688156185126
2021-04-02 03:30:00,12.855370951857127,14.268164421337463
2021-04-02 04:00:00,12.839064910213278,14.53175666656051
2021-04-02 04:30:00,12.764504686888424,15.577716205262321
2021-04-02 05:00:00,12.771962012784458,14.234143833725673
2021-04-02 05:30:00,12.818882267191794,14.863988952017253
2021-04-02 06:00:00,12.945321746619229,16.726875372258746
2021-04-02 06:30:00,12.857828641737417,16.032060433613886
2021-04-02 07:00:00,13.087226298259527,17.741522617569125
2021-04-02 07:30:00,13.126891949948543,17.103121941583776
2021-04-02 08:00:00,13.128578082590089,17.28875166091784
2021-04-02 08:30:00,13.131221698667687,17.649886176589245
2021-04-02 09:00:00,13.225828962848361,18.783986094669572
2021-04-02 09:30:00,13.312284712414758,19.085928108036356
2021-04-02 10:00:00,13.129328989046488,20.828589976183117
2021-04-02 10:30:00,13.453656948145701,22.215872913801086
2021-04-02 11:00:00,13.501739671073361,21.96588184865801
2021-04-02 11:30:00,13.447799735296545,22.342892566802288
2021-04-02 12:00:00,13.632515931284093,22.96216655558888
2021-04-02 12:30:00,13.692434815150955,23.194032652437294
2021-04-02 13:00:00,13.637638664600695,23.3601433888459
2021-04-02 13:30:00,13.733320909619815,24.443832576978426
2021-04-02 14:00:00,13.85058015599888,25.679389012432548
2021-04-02 14:30:00,13.862195408121304,24.63666778167251
2021-04-02 15:00:00,13.749539903199121,24.293566774767864
2021-04-02 15:30:00,13.896648584177644,24.308199697811148
2021-04-02 16:00:00,13.770296129908775,24.29405637350578
2021-04-02 16:30:00,13.958660704759964,24.712697711326264
2021-04-02 17:00:00,13.824089491869868,24.23358730954835
2021-04-02 17:30:00,13.773693988802554,23.956566708373394
2021-04-02 18:00:00,13.768147013599807,23.237379583293276
2021-04-02 18:30:00,13.67730056815306,21.951679267171183
2021-04-02 19:00:00,13.831481990543178,22.586528671990628
2021-04-02 19:30:00,13.677583028862564,21.5762792045687
2021-04-02 20:00:00,13.685284879905298,21.36146065104129
2021-04-02 20:30:00,13.557934255343094,19.780624938700722
2021-04-02 21:00:00,13.7266986096262,20.07174856116579
2021-04-02 21:30:00,13.360532059893355,19.843075599238404
2021-04-02 22:00:00,13.265480914471382,18.180905062142813
2021-04-02 22:30:00,13.292392402308364,17.651776284736314
2021-04-02 23:00:00,13.178428222705328,16.631964546104836
2021-04-02 23:30:00,13.24067366760401,16.733343902228608
2021-04-03 00:00:00,13.353061574517323,16.98146632955506
2021-04-03 00:30:00,13.270371747550106,16.602605942027868
2021-04-03 01:00:00,13.345539907487687,16.018218156448274
2021-04-03 01:30:00,13.184620800301857,15.425321469848367
2021-04-03 02:00:00,13.094284671339883,15.231102710396724
2021-04-03 02:30:00,12.908075663480666,14.541595678950054
2021-04-03 03:00:00,13.093839365317395,14.294757007437346
2021-04-03 03:30:00,12.964385106182164,15.24998884047865
2021-04-03 04:00:00,13.021119735821783,14.658606565387212
2021-04-03 04:30:00,13.017333742936485,15.398426911050015
2021-04-03 05:00:00,13.017964037320093,15.088529964537816
2021-04-03 05:30:00,13.17070468263186,14.218077814751553
2021-04-03 06:00:00,13.100186522783458,14.642041972492946
2021-04-03 06:30:00,13.132200831664347,15.56643373243971
2021-04-03 07:00:00,13.038800665839803,16.56070530226649
2021-04-03 07:30:00,13.200316184403317,16.992445073801434
2021-04-03 08:00:00,13.247480907344302,16.596065698208523
2021-04-03 08:30:00,13.310039829185902,18.14259456504359
2021-04-03 09:00:00,13.288597839143513,17.419364791796216
2021-04-03 09:30:00,13.37646460827282,19.17193406216686
2021-04-03 10:00:00,13.695172450457708,18.48005684584008
2021-04-03 10:30:00,13.84955197697034,19.500100970968244
2021-04-03 11:00:00,13.609795151573252,20.27660323049186
2021-04-03 11:30:00,13.819370755196754,20.288010590502104
2021-04-03 12:00:00,13.815801524156283,21.243461303140716
2021-04-03 12:30:00,13.841426765768983,22.043611281050115
2021-04-03 13:00:00,13.99466697982892,22.04648561177404
2021-04-03 13:30:00,14.043509593538635,22.147497182945703
2021-04-03 14:00:00,14.060668618159657,22.430506962302882
2021-04-03 14:30:00,14.182381702144442,22.859182842599562
2021-04-03 15:00:00,14.323876317906429,23.018503443285763
2021-04-03 15:30:00,14.116740069524457,23.980477651214102
2021-04-03 16:00:00,14.101986917133809,23.097648139204026
2021-04-03 16:30:00,14.214273446969832,22.943017213847224
2021-04-03 17:00:00,14.298425836369159,23.272150505220647
2021-04-03 17:30:00,13.932571727773437,22.079688296113233
2021-04-03 18:00:00,14.013107594102884,22.767038783643958
2021-04-03 18:30:00,13.942638219781282,22.39602728853679
2021-04-03 19:00:00,13.791358518950728,22.022497993974298
2021-04-03 19:30:00,14.022430084112722,22.219945667647774
2021-04-03 20:00:00,13.817296432946568,21.11160957177572
2021-04-03 20:30:00,13.685044295848728,20.943674836020904
2021-04-03 21:00:00,13.731570366529132,20.33210132095043
2021-04-03 21:30:00,13.779637220867736,19.879911284305177
2021-04-03 22:00:00,13.717661349936732,18.937783683559328
2021-04-03 22:30:00,13.540750215951299,17.952826577263515
2021-04-03 23:00:00,13.541317136430582,16.466428440178756
2021-04-03 23:30:00,13.403124593397354,16.739914476261585
2021-04-04 00:00:00,12.758343490516229,17.005604767650556
2021-04-04 00:30:00,12.757529669712623,16.12558865455433
2021-04-04 01:00:00,12.740734632739251,14.993770483518562
2021-04-04 01:30:00,12.480229297061587,14.79119041543421
2021-04-04 02:00:00,12.597674202495766,15.230602984971473
2021-04-04 02:30:00,12.614864893059035,15.068160463040666
2021-04-04 03:00:00,12.326238266673409,15.012702930878708
2021-04-04 03:30:00,12.359093669629152,14.560502671384205
2021-04-04 04:00:00,12.394107072651288,14.158642495796842
2021-04-04 04:30:00,12.425394591249741,15.394353436712803
2021-04-04 05:00:00,12.55570027317285,15.070893003791207
2021-04-04 05:30:00,12.55158886977938,16.199709423999597
2021-04-04 06:00:00,12.63375229496757,14.883350622244164
2021-04-04 06:30:00,12.395369886417337,16.68122934390203
2021-04-04 07:00:00,12.713002114244961,16.766053493168357
2021-04-04 07:30:00,12.708807360844363,17.870606649647275
2021-04-04 08:00:00,12.756797974428311,19.114058164592592
2021-04-04 08:30:00,12.593199442118184,19.011875277087043
2021-04-04 09:00:00,12.976521498159112,19.33901762695777
2021-04-04 09:30:00,12.926473530675874,20.13448011510631
2021-04-04 10:00:00,13.105292159905893,20.717763458977604
2021-04-04 10:30:00,12.93461965147742,22.34177124501118
2021-04-04 11:00:00,13.121631445288326,21.43539733707844
2021-04-04 11:30:00,13.223712612968987,22.802558948933413
2021-04-04 12:00:00,13.356621813840276,23.934349954757103
2021-04-04 12:30:00,13.259353656802276,23.743919300089175
2021-04-04 13:00:00,13.426648397067792,24.556062088574407
2021-04-04 13:30:00,13.59810085244132,24.081005196482128
2021-04-04 14:00:00,13.563288195768152,24.8612099450457
2021-04-04 14:30:00,13.508525675059559,24.56498676969071
2021-04-04 15:00:00,13.508585905735883,25.445418142706
2021-04-04 15:30:00,13.651131786663642,24.343853883416834
2021-04-04 16:00:00,13.643725760557793,24.134337308042642
2021-04-04 16:30:00,13.62594029554524,24.65407274822308
2021-04-04 17:00:00,13.606615108986903,23.622724142441193
2021-04-04 17:30:00,13.56644094235336,25.048468092286726
2021-04-04 18:00:00,13.478194560345859,23.939631845992782
2021-04-04 18:30:00,13.441259111156121,22.9190714669664
2021-04-04 19:00:00,13.406185309833338,22.35350933349627
2021-04-04 19:30:00,13.315203193956405,23.02975877288723
2021-04-04 20:00:00,13.255597741914858,21.987506573365607
2021-04-04 20:30:00,13.140665821311906,22.243158932312397
2021-04-04 21:00:00,13.049558565422545,21.70929864837964
2021-04-04 21:30:00,12.974086300358453,20.43798151289977
2021-04-04 22:00:00,12.899656681735026,20.127492361584004
2021-04-04 22:30:00,12.98542661541695,19.783200434586433
2021-04-04 23:00:00,12.865622448538808,17.963589879655164
2021-04-04 23:30:00,13.030169860727561,18.070110452957927
2021-04-05 00:00:00,13.272794173500564,17.839998828345664
2021-04-05 00:30:00,13.307861550310356,18.249862631510634
2021-04-05 01:00:00,13.419460849535618,17.753713877582932
2021-04-05 01:30:00,13.22342790370233,17.103601464039095
2021-04-05 02:00:00,13.367096316415958,15.821457596735247
2021-04-05 02:30:00,13.138662330387195,15.473895201135308
2021-04-05 03:00:00,13.074949058464272,15.979419218640643
2021-04-05 03:30:00,12.977780923859953,16.632735589318116
2021-04-05 04:00:00,12.900871669837725,16.37326718186074
2021-04-05 04:30:00,13.091841051830002,16.11049769370627
2021-04-05 05:00:00,13.096608044796948,16.278205872428153
2021-04-05 05:30:00,13.049415538217987,16.293641602618155
2021-04-05 06:00:00,13.109085877374087,16.89755101414256
2021-04-05 06:30:00,13.073628911582691,18.34335478598728
2021-04-05 07:00:00,13.064814097902115,16.67319829518096
2021-04-05 07:30:00,13.370435565906018,17.847794402388814
2021-04-05 08:00:00,13.209843055993215,19.052054823799143
2021-04-05 08:30:00,13.657895583796456,19.607074494895826
2021-04-05 09:00:00,13.312344252104257,19.506817993318165
2021-04-05 09:30:00,13.57051900380213,20.631975389192153
2021-04-05 10:00:00,13.687074194681832,20.971641411457842
2021-04-05 10:30:00,13.816325536970545,21.670626290435017
2021-04-05 11:00:00,13.783035391255442,21.610032946539242
2021-04-05 11:30:00,13.910400866161465,22.81729369462323
2021-04-05 12:00:00,13.770349777913863,23.47199625435773
2021-04-05 12:30:00,13.83258306997927,23.376461790481784
2021-04-05 13:00:00,14.03143610289829,23.557966398638026
2021-04-05 13:30:00,13.940150309909459,23.50559037857978
2021-04-05 14:00:00,13.98640049401196,24.700706579359288
2021-04-05 14:30:00,14.129539898334826,23.355572154573917
2021-04-05 15:00:00,14.11924711017507,24.411020968234258
2021-04-05 15:30:00,14.15386165621315,24.375552682137766
2021-04-05 16:00:00,14.268732333215274,24.914515365337802
2021-04-05 16:30:00,13.973015922975828,23.379105791715116
2021-04-05 17:00:00,14.229374191410791,24.462537419590117
2021-04-05 17:30:00,14.235780457818077,24.140070698118958
2021-04-05 18:00:00,14.074116724044979,23.18662810259038
2021-04-05 18:30:00,14.062447368223403,22.874831502436205
2021-04-05 19:00:00,13.809059661886147,22.887199301031494
2021-04-05 19:30:00,13.82909098401002,22.68672438420088
2021-04-05 20:00:00,13.746975935148178,21.30052221765336
2021-04-05 20:30:00,13.910962189901722,19.901099746288523
2021-04-05 21:00:00,13.629674910281095,20.2299878285277
2021-04-05 21:30:00,13.813986228050437,18.414390062528298
2021-04-05 22:00:00,13.540273558943902,17.556551734893297
2021-04-05 22:30:00,13.563153538196374,18.250136689046013
2021-04-05 23:00:00,13.456461922753636,16.90024056096096
2021-04-05 23:30:00,13.26521388328558,17.101925327255714
2021-04-06 00:00:00,13.24534232157862,16.364183529023222
2021-04-06 00:30:00,13.056478294251413,14.82471609451083
2021-04-06 01:00:00,13.101435115717175,14.917304342689086
2021-04-06 01:30:00,12.88555964105782,14.095849925355532
2021-04-06 02:00:00,12.775253837495194,13.769464624637632
2021-04-06 02:30:00,12.880750509317696,14.89441428323904
2021-04-06 03:00:00,13.010659067813226,13.656802963540937
2021-04-06 03:30:00,12.861046219657245,13.35193839483785
2021-04-06 04:00:00,12.832777716658628,12.949876080940658
2021-04-06 04:30:00,12.763398772992003,13.42725861378579
2021-04-06 05:00:00,12.822030064394836,13.865111806411042
2021-04-06 05:30:00,12.960681467251396,14.106391941600656
2021-04-06 06:00:00,12.95371663055327,15.092496822429686
2021-04-06 06:30:00,12.889135280529642,15.43918553747301
2021-04-06 07:00:00,12.96618956266331,16.46363053692849
2021-04-06 07:30:00,12.998050262755362,16.375801468775034
2021-04-06 08:00:00,13.211466208983804,16.886345577315424
2021-04-06 08:30:00,13.075605586744237,16.94550259220432
2021-04-06 09:00:00,13.283499428879562,18.23774181457692
2021-04-06 09:30:00,13.156796462161461,19.458830759464014
2021-04-06 10:00:00,13.439978031486095,19.352838886961656
2021-04-06 10:30:00,13.463594481449427,20.531972498520414
2021-04-06 11:00:00,13.667914613972206,19.377780141955803
2021-04-06 11:30:00,13.794449605074796,20.79388089782604
2021-04-06 12:00:00,13.563410100563592,21.15624559660389
2021-04-06 12:30:00,13.662933093555418,22.54602756287183
2021-04-06 13:00:00,13.841331226124803,22.45245419676824
2021-04-06 13:30:00,13.833956600904783,22.879321817633883
2021-04-06 14:00:00,13.86514190858612,21.601389238407563
2021-04-06 14:30:00,13.91088166845144,23.51499639111484
2021-04-06 15:00:00,14.068401951866395,23.898581316786284
2021-04-06 15:30:00,14.035251044997048,23.63965353665794
2021-04-06 16:00:00,13.942573237321799,23.84521247095802
2021-04-06 16:30:00,13.710968993364883,23.542099994574563
2021-04-06 17:00:00,13.920454114082935,22.907804274775135
2021-04-06 17:30:00,13.850507933682334,22.489891731722192
2021-04-06 18:00:00,13.897140874714712,23.61745339596297
2021-04-06 18:30:00,13.951745804960902,22.443567946197714
2021-04-06 19:00:00,13.915684641957254,20.890423416530876
2021-04-06 19:30:00,13.884356624067182,21.354205485161728
2021-04-06 20:00:00,13.894427526655228,21.51915053759052
2021-04-06 20:30:00,13.689361365493246,19.560769554558885
2021-04-06 21:00:00,13.613340060613185,19.451410083697418
2021-04-06 21:30:00,13.415490307207197,18.577184590112836
2021-04-06 22:00:00,13.461276012834503,18.712004559380098
2021-04-06 22:30:00,13.226672083357151,17.188630279453097
2021-04-06 23:00:00,13.360192322137479,16.4517803569152
2021-04-06 23:30:00,13.244044100875463,16.02958272474303
2021-04-07 00:00:00,13.228022263964537,14.614008173095145
2021-04-07 00:30:00,13.21473883588426,14.670401351897183
2021-04-07 01:00:00,13.155532922311073,15.174223195752655
2021-04-07 01:30:00,13.062961893075835,13.637408786078069
2021-04-07 02:00:00,13.10984673847796,13.800553207635259
2021-04-07 02:30:00,12.99155053074096,13.669156320251941
2021-04-07 03:00:00,13.076231752763055,13.57900814911871
2021-04-07 03:30:00,12.982952831886434,12.14992479817467
2021-04-07 04:00:00,12.988925976960381,13.373538259009543
2021-04-07 04:30:00,12.980321560733735,13.227959355313057
2021-04-07 05:00:00,13.143477597059638,13.1488213517846
2021-04-07 05:30:00,13.006111461619284,13.656619835418853
2021-04-07 06:00:00,13.003936494431823,13.398283050939442
2021-04-07 06:30:00,12.968550801295828,13.043704450581467
2021-04-07 07:00:00,12.933500479499788,13.524221015433403
2021-04-07 07:30:00,13.179326877289984,14.265749898095386
2021-04-07 08:00:00,13.117325974553378,16.04553403202743
2021-04-07 08:30:00,13.379548857980351,16.165733267641492
2021-04-07 09:00:00,13.396499344209323,16.83672539842558
2021-04-07 09:30:00,13.567443397237039,17.012657453184595
2021-04-07 10:00:00,13.682247281087053,17.29705122840221
2021-04-07 10:30:00,13.39562089593519,17.97320257316933
2021-04-07 11:00:00,13.781288650779269,18.605236105708343
2021-04-07 11:30:00,13.752010357329254,18.687345228088724
2021-04-07 12:00:00,13.884264285661828,19.637682383474413
2021-04-07 12:30:00,13.92307118883494,19.88343133076134
2021-04-07 13:00:00,14.00821216473339,20.900117361598028
2021-04-07 13:30:00,13.978638729832007,21.147555360528873
2021-04-07 14:00:00,13.96405262850978,20.9185454299067
2021-04-07 14:30:00,14.088359948900914,21.363182746202213
2021-04-07 15:00:00,14.052059110348644,22.45707734570708
2021-04-07 15:30:00,14.29548794129592,20.572673086396243
2021-04-07 16:00:00,13.996282134930354,21.92426110372651
2021-04-07 16:30:00,14.08368228009474,20.057602846030694
2021-04-07 17:00:00,13.997487084994956,20.646367821784406
2021-04-07 17:30:00,14.168815964663585,20.4387372423156
2021-04-07 18:00:00,13.92391047564661,19.848384423038524
2021-04-07 18:30:00,13.893341738801846,20.06914294759454
2021-04-07 19:00:00,13.811241141545947,19.53931772993243
2021-04-07 19:30:00,13.869650540395885,18.813864762539783
2021-04-07 20:00:00,13.76159007652006,18.330139404339228
2021-04-07 20:30:00,13.78991814954227,18.13898507938455
2021-04-07 21:00:00,13.75767794814569,18.66017816720678
2021-04-07 21:30:00,13.553110022305068,17.428872485808597
2021-04-07 22:00:00,13.425896780160508,17.206724106497468
2021-04-07 22:30:00,13.459626018484244,16.09829969004131
2021-04-07 23:00:00,13.32849063386396,15.967393159517776
2021-04-07 23:30:00,13.286845700680916,15.723134497443336
2021-04-08 00:00:00,13.191324403072466,14.584766540068747
2021-04-08 00:30:00,13.355279441650469,14.719377143185314
2021-04-08 01:00:00,13.092352361954198,13.857652192053926
2021-04-08 01:30:00,13.01446138260064,13.496556601047626
2021-04-08 02:00:00,13.094298627998516,14.388747502468473
2021-04-08 02:30:00,13.03829992135394,13.630598215713
2021-04-08 03:00:00,13.074203648553729,12.862127442375058
2021-04-08 03:30:00,12.819520504715275,12.637136380047645
2021-04-08 04:00:00,12.990218550594989,12.764053148407408
2021-04-08 04:30:00,13.039337161662782,13.620941887300482
2021-04-08 05:00:00,12.998298462871253,13.357237467165739
2021-04-08 05:30:00,12.81756299760109,14.08683924290071
2021-04-08 06:00:00,13.0921668504667,14.492738260464698
2021-04-08 06:30:00,13.216995576434273,14.288838649040848
2021-04-08 07:00:00,13.131040067629705,15.124695766967353
2021-04-08 07:30:00,13.121102931798088,15.611620579075053
2021-04-08 08:00:00,13.240861024118578,14.852512198288338
2021-04-08 08:30:00,13.345321636443382,15.239712588729912
2021-04-08 09:00:00,13.293317019073962,15.710846655027192
2021-04-08 09:30:00,13.456721144601875,16.56624944836936
2021-04-08 10:00:00,13.804765347751472,17.486576000992212
2021-04-08 10:30:00,13.634094288874339,18.140409100816143
2021-04-08 11:00:00,13.632725426305116,18.75260785119735
2021-04-08 11:30:00,13.711832657058073,18.51941667768219
2021-04-08 12:00:00,13.898719439229719,19.644901188329953
2021-04-08 12:30:00,13.909898774091861,21.163125377007585
2021-04-08 13:00:00,13.808027050627757,20.31519084417859
2021-04-08 13:30:00,13.985696692572288,21.52586800779299
2021-04-08 14:00:00,13.8823675592861,20.992362956546877
2021-04-08 14:30:00,14.023464045737311,21.4535963498603
2021-04-08 15:00:00,14.092062341374161,21.97694360755982
2021-04-08 15:30:00,14.109532174253877,22.172444276995254
2021-04-08 16:00:00,14.237534640931388,21.928401047214987
2021-04-08 16:30:00,14.145998776136695,21.235052147508814
2021-04-08 17:00:00,14.068059059147307,20.09545983782281
2021-04-08 17:30:00,13.938967839163384,20.682155841655682
2021-04-08 18:00:00,14.046952661748676,20.573749651110514
2021-04-08 18:30:00,13.869817894618496,20.653141677970186
2021-04-08 19:00:00,13.920600126925429,18.88319280432667
2021-04-08 19:30:00,13.860191801728664,19.185940414485383
2021-04-08 20:00:00,13.769078510950905,18.74396655883473
2021-04-08 20:30:00,13.63291571282283,17.8139502632998
2021-04-08 21:00:00,13.523418672063643,17.964328650478706
2021-04-08 21:30:00,13.694043399724459,16.78928454824576
2021-04-08 22:00:00,13.353842961717433,15.017615833101992
2021-04-08 22:30:00,13.499338499739903,14.736334894695554
2021-04-08 23:00:00,13.343211431162334,14.743816884434757
2021-04-08 23:30:00,13.162709765026396,14.038318631210828
2021-04-09 00:00:00,13.22548582001575,13.55775123829217
2021-04-09 00:30:00,13.060724668348096,13.700275485829717
2021-04-09 01:00:00,13.128869134505184,13.054205371512197
2021-04-09 01:30:00,12.893107206504478,12.357636495211452
2021-04-09 02:00:00,12.959875855973445,11.701815578484322
2021-04-09 02:30:00,12.87573190829081,12.66818496108611
2021-04-09 03:00:00,12.961275528710024,11.957126023198002
2021-04-09 03:30:00,12.844814066936255,12.015942054837447
2021-04-09 04:00:00,12.961435058114487,12.833280049291691
2021-04-09 04:30:00,12.816269397185923,12.476878280547039
2021-04-09 05:00:00,12.870171595400345,13.423965619853904
2021-04-09 05:30:00,13.079771226007123,12.496864938907326
2021-04-09 06:00:00,12.949445002053702,13.405440712619919
2021-04-09 06:30:00,12.91281463948719,13.676396296447903
2021-04-09 07:00:00,12.952628996686052,14.47584228831616
2021-04-09 07:30:00,13.319152492734762,14.228849738362918
2021-04-09 08:00:00,13.242180534958324,15.030301598794516
2021-04-09 08:30:00,13.27310453187258,15.364804754983593
2021-04-09 09:00:00,13.238625092206288,15.944894941857894
2021-04-09 09:30:00,13.265657788231511,15.928413224595928
2021-04-09 10:00:00,13.425533038748572,16.906888288258504
2021-04-09 10:30:00,13.506505471290719,18.619388129219644
2021-04-09 11:00:00,13.419507384717182,18.097642111511504
2021-04-09 11:30:00,13.598759671408168,19.032463315668046
2021-04-09 12:00:00,13.72422140323624,19.16656936949813
2021-04-09 12:30:00,13.616867447243278,19.653818110650423
2021-04-09 13:00:00,13.84848623730448,20.33255247984916
2021-04-09 13:30:00,13.798530107208252,20.81708383035645
2021-04-09 14:00:00,13.7665161463706,21.474490117440684
2021-04-09 14:30:00,13.808921149583345,22.159739106387544
2021-04-09 15:00:00,14.00617545072231,21.405443264467564
2021-04-09 15:30:00,14.092274049433446,21.975009518495696
2021-04-09 16:00:00,14.020583326439045,21.37684625015025
2021-04-09 16:30:00,14.006959859475161,21.52296039769975
2021-04-09 17:00:00,13.90231126754439,21.715456142313347
2021-04-09 17:30:00,13.867088908785215,22.105104290402704
2021-04-09 18:00:00,13.727518097229515,21.537724042445156
2021-04-09 18:30:00,13.761671007353062,22.18804146465387
2021-04-09 19:00:00,13.745187208723436,20.782880608128142
2021-04-09 19:30:00,13.655772619562704,20.73166501072673
2021-04-09 20:00:00,13.746341106579997,18.86383340125997
2021-04-09 20:30:00,13.766628903338585,20.239746305739573
2021-04-09 21:00:00,13.626249037280983,19.278631746454955
2021-04-09 21:30:00,13.356250852063924,18.30422627052641
2021-04-09 22:00:00,13.42441052696789,18.050232381185197
2021-04-09 22:30:00,13.39718754505621,17.095712049295322
2021-04-09 23:00:00,13.318808548659353,16.34442505989883
2021-04-09 23:30:00,13.242120938171103,15.435735252031757
2021-04-10 00:00:00,13.14863948380376,14.955830279983017
2021-04-10 00:30:00,13.006089622052324,14.998795717686015
2021-04-10 01:00:00,12.930459103688424,14.71458615337635
2021-04-10 01:30:00,12.878273217138917,14.590608724533023
2021-04-10 02:00:00,12.824736674641256,13.91377695463383
2021-04-10 02:30:00,12.999461588579464,14.485172485966093
2021-04-10 03:00:00,12.81283515925164,14.523030693133139
2021-04-10 03:30:00,12.810269869527447,13.681154897870849
2021-04-10 04:00:00,12.70794270473165,13.937333507024873
2021-04-10 04:30:00,12.895348176102685,13.954587513253179
2021-04-10 05:00:00,12.632847598081982,14.427159826527264
2021-04-10 05:30:00,12.89229177805002,15.06015520141224
2021-04-10 06:00:00,12.865227161015781,14.414976880265673
2021-04-10 06:30:00,13.006340936475288,15.422778817117338
2021-04-10 07:00:00,12.835413787128777,15.220011575493793
2021-04-10 07:30:00,12.91675508739618,15.518890084757325
2021-04-10 08:00:00,12.897506534722494,15.825252791794533
2021-04-10 08:30:00,13.207760246161918,16.38012882748311
2021-04-10 09:00:00,13.154128889478491,16.977580230120246
2021-04-10 09:30:00,13.443457325053503,17.14279707913893
2021-04-10 10:00:00,13.349227350336049,18.315387459336865
2021-04-10 10:30:00,13.37266586214548,19.365990041188578
2021-04-10 11:00:00,13.313225309166727,19.052175262251872
2021-04-10 11:30:00,13.529228980218686,19.638632994653186
2021-04-10 12:00:00,13.588492007397898,20.4446323225246
2021-04-10 12:30:00,13.884073776128416,20.300991523016364
2021-04-10 13:00:00,13.82521975935224,21.142907853482757
2021-04-10 13:30:00,13.75670176464688,20.904264113367315
2021-04-10 14:00:00,13.616585464235424,21.373122614029903
2021-04-10 14:30:00,13.667253844194127,21.212536255760963
2021-04-10 15:00:00,13.777140862230514,20.343120765344295
2021-04-10 15:30:00,13.877609173607866,20.211137262120687
2021-04-10 16:00:00,13.760293611060003,21.788496862635288
2021-04-10 16:30:00,13.778409187403067,20.495979390367168
2021-04-10 17:00:00,13.801623246534351,19.922539673930604
2021-04-10 17:30:00,13.945671495042408,20.375415816475222
2021-04-10 18:00:00,13.747920618666747,20.062656593822688
2021-04-10 18:30:00,13.768895497217454,18.796837120757488
2021-04-10 19:00:00,13.747314527941704,18.51796822152823
2021-04-10 19:30:00,13.60354405365119,17.93290048472049
2021-04-10 20:00:00,13.7193469019815,18.949870278275583
2021-04-10 20:30:00,13.559121976165,17.85506656118871
2021-04-10 21:00:00,13.455243847950085,18.11745595155528
2021-04-10 21:30:00,13.348142565459408,15.815551697181311
2021-04-10 22:00:00,13.312771433707562,16.155152346078825
2021-04-10 22:30:00,13.328237445205998,16.168496368896385
2021-04-10 23:00:00,13.141856821515827,14.365840390876185
2021-04-10 23:30:00,13.090793105781268,13.5746832201708
2021-04-11 00:00:00,12.864810810754648,12.455330945524675
2021-04-11 00:30:00,12.90971712585525,11.903309320462924
2021-04-11 01:00:00,12.903138712715768,12.506623289540228
2021-04-11 01:30:00,12.787840006222991,11.137928664203363
2021-04-11 02:00:00,12.799493310670382,11.544962643036937
2021-04-11 02:30:00,12.755725543865982,11.231489749781955
2021-04-11 03:00:00,12.687403430897165,11.355949514769792
2021-04-11 03:30:00,12.6979819017954,10.819999327680762
2021-04-11 04:00:00,12.534047978063244,11.799636943070483
2021-04-11 04:30:00,12.675165441524125,11.508338121939271
2021-04-11 05:00:00,12.722417057234114,11.790557728253063
2021-04-11 05:30:00,12.732391648363869,10.615668438394103
2021-04-11 06:00:00,12.829404615954294,11.492621422060767
2021-04-11 06:30:00,12.76170596883106,12.203958049523523
2021-04-11 07:00:00,12.726222866962523,12.98367858292994
2021-04-11 07:30:00,12.90457153104585,13.343592863067032
2021-04-11 08:00:00,12.97326692484073,14.56562741367123
2021-04-11 08:30:00,13.059013121202502,14.451693005095624
2021-04-11 09:00:00,13.070031627776098,14.03184153261622
2021-04-11 09:30:00,12.934015168727115,15.08795480445067
2021-04-11 10:00:00,13.242012177821614,16.573230044468865
2021-04-11 10:30:00,13.21911649615701,16.938007263390723
2021-04-11 11:00:00,13.22183953136935,17.04826687493476
2021-04-11 11:30:00,13.282239238815174,18.222242973153897
2021-04-11 12:00:00,13.31531033300608,18.215809411994407
2021-04-11 12:30:00,13.420157682213313,18.40447471862262
2021-04-11 13:00:00,13.654514457072986,18.64944234609948
2021-04-11 13:30:00,13.472102778964166,18.473888062278014
2021-04-11 14:00:00,13.617666232943412,18.321008655821785
2021-04-11 14:30:00,13.758069513030945,20.33551179890311
2021-04-11 15:00:00,13.696443283466078,18.387723227101816
2021-04-11 15:30:00,13.63182103057688,19.420872826865654
2021-04-11 16:00:00,13.82349480134751,19.489046996114702
2021-04-11 16:30:00,13.692156068501225,19.09578274881244
2021-04-11 17:00:00,13.648793733095252,20.312518323450394
2021-04-11 17:30:00,13.777425725444242,19.4816156319312
2021-04-11 18:00:00,13.576707890756158,18.70421670606553
2021-04-11 18:30:00,13.591594451793389,18.412662996533573
2021-04-11 19:00:00,13.482110792237778,18.568230621908118
2021-04-11 19:30:00,13.7210239665851,17.68922116930847
2021-04-11 20:00:00,13.374977214960973,16.75062561187826
2021-04-11 20:30:00,13.478939677568722,16.06456827501018
2021-04-11 21:00:00,13.26900224825735,16.590888831735043
2021-04-11 21:30:00,13.394122777760774,15.088091294099621
2021-04-11 22:00:00,13.17814581275108,15.331288116761895
2021-04-11 22:30:00,13.265316015511583,15.063137306460073
2021-04-11 23:00:00,13.049495716746051,14.297646386546946
2021-04-11 23:30:00,12.970159222005949,13.51447669814449
2021-04-12 00:00:00,13.003758027169903,12.946483328581145
2021-04-12 00:30:00,12.92063954841851,13.535563401835804
2021-04-12 01:00:00,12.83818187499348,12.49545217548147
2021-04-12 01:30:00,12.849032220734484,11.396300318267864
2021-04-12 02:00:00,12.875296355841037,11.994607672720129
2021-04-12 02:30:00,12.832718730106329,10.534552825188358
2021-04-12 03:00:00,12.636743462941277,10.264452054438257
2021-04-12 03:30:00,12.687032886419585,11.062775594883858
2021-04-12 04:00:00,12.749505612107843,11.95894509623826
2021-04-12 04:30:00,12.621976401049011,10.34544812400759
2021-04-12 05:00:00,12.597437355716579,10.818153496646616
2021-04-12 05:30:00,12.712227540978107,11.06370342343356
2021-04-12 06:00:00,12.7532250746574,11.039864155317014
2021-04-12 06:30:00,12.945199469664692,11.91740471672797
2021-04-12 07:00:00,12.84958520863354,10.60672322695553
2021-04-12 07:30:00,12.922309362231172,12.955212544782322
2021-04-12 08:00:00,12.894621544969779,13.272592081209169
2021-04-12 08:30:00,13.011333484127109,13.176542638340262
2021-04-12 09:00:00,13.071927892616753,14.77148242050498
2021-04-12 09:30:00,13.2080586393365,15.591756875983661
2021-04-12 10:00:00,13.312251125013452,16.428753401176934
2021-04-12 10:30:00,13.190763875270042,16.985530285053954
2021-04-12 11:00:00,13.471695028714011,17.540446180256826
2021-04-12 11:30:00,13.449489480932094,18.08639829275167
2021-04-12 12:00:00,13.543412129736875,18.687099069912595
2021-04-12 12:30:00,13.51587991860511,19.735923805305447
2021-04-12 13:00:00,13.625184106156324,19.482311064255615
2021-04-12 13:30:00,13.64107703768043,19.682823475836802
2021-04-12 14:00:00,13.626242928064412,20.788709543342062
2021-04-12 14:30:00,13.841007195822671,20.13665437932928
2021-04-12 15:00:00,13.82320654923924,20.140430018178115
2021-04-12 15:30:00,13.831031016000283,20.975065609253203
2021-04-12 16:00:00,13.830532743369178,20.384235135419782
2021-04-12 16:30:00,13.74216441793872,20.551804199363264
2021-04-12 17:00:00,13.658552248126714,19.890494867002307
2021-04-12 17:30:00,13.768558098785265,19.67321746177759
2021-04-12 18:00:00,13.590277035357559,19.3902610610538
2021-04-12 18:30:00,13.617095196954187,19.158212470128483
2021-04-12 19:00:00,13.708321311607387,18.77112711963998
2021-04-12 19:30:00,13.590165826630678,17.254451933328184
2021-04-12 20:00:00,13.567490622114605,16.30729125526123
2021-04-12 20:30:00,13.550164775514489,15.354502051960099
2021-04-12 21:00:00,13.21729079258255,15.271580595068464
2021-04-12 21:30:00,13.350253921381897,14.973844827416828
2021-04-12 22:00:00,13.331564928243585,14.914078489665478
2021-04-12 22:30:00,13.007182761729656,13.254939566260656
2021-04-12 23:00:00,13.100784554894524,13.545508477395055
2021-04-12 23:30:00,12.976869924906067,13.534840577548861
2021-04-13 00:00:00,12.811685236378057,12.588339404493498
2021-04-13 00:30:00,12.708010513970159,11.937541576749808
2021-04-13 01:00:00,12.53250927859873,11.935553554621963
2021-04-13 01:30:00,12.538798061201067,11.846942544430412
2021-04-13 02:00:00,12.498387025361403,11.316840044032626
2021-04-13 02:30:00,12.591050670092233,11.3379038594496
2021-04-13 03:00:00,12.469919678781759,10.552563342598237
2021-04-13 03:30:00,12.636150644350153,9.564102019082378
2021-04-13 04:00:00,12.397770470691343,10.680859926498826
2021-04-13 04:30:00,12.471139180476424,9.240487944449635
2021-04-13 05:00:00,12.470824461668883,10.857225928014387
2021-04-13 05:30:00,12.680406557682856,12.191410594069728
2021-04-13 06:00:00,12.56685499363448,12.400781057636042
2021-04-13 06:30:00,12.476276324363358,13.643311256356029
2021-04-13 07:00:00,12.547394561269288,13.961344230201618
2021-04-13 07:30:00,12.62121473871432,12.843279579656796
2021-04-13 08:00:00,12.757276443896602,12.98311652908754
2021-04-13 08:30:00,12.773539958837805,14.964068165982196
2021-04-13 09:00:00,12.904975854586228,15.76644903031304
2021-04-13 09:30:00,12.911521449407607,15.983387142257737
2021-04-13 10:00:00,13.029095802666047,16.07356073321019
2021-04-13 10:30:00,13.189900612440448,17.64307109114713
2021-04-13 11:00:00,13.175975435189574,18.68428719033174
2021-04-13 11:30:00,13.21415619636675,18.48781153526047
2021-04-13 12:00:00,13.31346136136225,18.90222582354433
2021-04-13 12:30:00,13.386760409279557,19.247268830352244
2021-04-13 13:00:00,13.498638771030627,20.107814783144697
2021-04-13 13:30:00,13.486565376642558,20.804645822929928
2021-04-13 14:00:00,13.269502188413766,20.563798462279806
2021-04-13 14:30:00,13.563545585462478,22.08363231132384
2021-04-13 15:00:00,13.530623154905665,21.069008311502817
2021-04-13 15:30:00,13.467335358109112,21.003328610031005
2021-04-13 16:00:00,13.520309251783255,20.359620522906717
2021-04-13 16:30:00,13.457640271211215,20.767577630835316
2021-04-13 17:00:00,13.540771961987696,19.4094013195129
2021-04-13 17:30:00,13.667166673114933,21.637635706206677
2021-04-13 18:00:00,13.65560889125461,19.62207664480589
2021-04-13 18:30:00,13.455615202465973,19.03483750759644
2021-04-13 19:00:00,13.562020581657167,18.577217043951087
2021-04-13 19:30:00,13.254336531211534,18.68842175052668
2021-04-13 20:00:00,13.330387635495764,18.281085317021503
2021-04-13 20:30:00,13.198912812766089,17.693757796925908
2021-04-13 21:00:00,13.023547914079165,17.15597936684595
2021-04-13 21:30:00,13.094440780290661,17.016787583550304
2021-04-13 22:00:00,12.933611171945218,16.753799865788494
2021-04-13 22:30:00,12.945934204276769,16.050191875218637
2021-04-13 23:00:00,12.610424600870402,15.512087901963211
2021-04-13 23:30:00,12.787045244229752,15.070332315108944
2021-04-14 00:00:00,12.417626862439148,14.11446493448449
2021-04-14 00:30:00,12.429849634727187,13.338325483476448
2021-04-14 01:00:00,12.25118381600231,12.722123743831073
2021-04-14 01:30:00,12.118437615537363,13.444933496895972
2021-04-14 02:00:00,11.967185273564422,13.226570729160956
2021-04-14 02:30:00,12.211820490197764,11.345425138125352
2021-04-14 03:00:00,12.023129745986921,11.152617987442744
2021-04-14 03:30:00,12.137280749724152,11.090078901984885
2021-04-14 04:00:00,12.101457977843008,12.163022377551883
2021-04-14 04:30:00,12.009535414946958,11.94249279499559
2021-04-14 05:00:00,12.029089166162391,12.23758134799289
2021-04-14 05:30:00,12.133433326900068,12.37005950667741
2021-04-14 06:00:00,12.137854994247705,12.033981676095133
2021-04-14 06:30:00,12.26668261900194,13.91791329259942
2021-04-14 07:00:00,12.22195747006128,14.355424061231556
2021-04-14 07:30:00,12.32579219789872,14.076168327159131
2021-04-14 08:00:00,12.404639391435534,14.302518638221729
2021-04-14 08:30:00,12.409330579269666,14.86868857058245
2021-04-14 09:00:00,12.475800820479117,14.997415337011052
2021-04-14 09:30:00,12.591140923483144,15.730254001880768
2021-04-14 10:00:00,12.734750009152137,16.150397963484544
2021-04-14 10:30:00,12.698638883075404,16.293016790222662
2021-04-14 11:00:00,12.688993868771487,18.196447706720324
2021-04-14 11:30:00,12.73864403527876,18.82058814868837
2021-04-14 12:00:00,12.85523833292334,19.190404729137978
2021-04-14 12:30:00,12.950310543656887,20.123431759809414
2021-04-14 13:00:00,13.047026158136372,19.280340632527274
2021-04-14 13:30:00,13.179539400760651,19.748324940268805
2021-04-14 14:00:00,13.071874749571904,20.684673796581855
2021-04-14 14:30:00,13.16475750068594,20.71715362952361
2021-04-14 15:00:00,13.186060696491364,21.311233403405456
2021-04-14 15:30:00,13.039326010314689,20.61662666299342
2021-04-14 16:00:00,13.054705941186974,20.127082570573677
2021-04-14 16:30:00,13.083342122067378,20.57236355240324
2021-04-14 17:00:00,13.140732918762877,20.244695958752104
2021-04-14 17:30:00,13.097254257614871,20.050621360162292
2021-04-14 18:00:00,13.125781113526266,19.07955496008656
2021-04-14 18:30:00,13.060528920390365,18.763320935688363
2021-04-14 19:00:00,13.106389004858482,19.244594208604212
2021-04-14 19:30:00,12.860704824044559,18.01889931314158
2021-04-14 20:00:00,13.016712551571855,17.479203875185007
2021-04-14 20:30:00,12.818984769272253,17.088225536991743
2021-04-14 21:00:00,12.773633914519474,16.135378428560127
2021-04-14 21:30:00,12.714451838849424,15.494743629621187
2021-04-14 22:00:00,12.716301977121212,15.618313515841576
2021-04-14 22:30:00,12.463754488782428,15.25784138572963
2021-04-14 23:00:00,12.635709598067702,13.349933464719792
2021-04-14 23:30:00,12.419771774904394,13.014915216668282
2021-04-15 00:00:00,12.654828423025487,12.601552323470555
2021-04-15 00:30:00,12.725571136278832,12.12621718203161
2021-04-15 01:00:00,12.820407486766031,11.249992763109782
2021-04-15 01:30:00,12.44086665558446,12.2442510075172
2021-04-15 02:00:00,12.456481999040161,10.60510107358238
2021-04-15 02:30:00,12.498989605403578,11.834395900110781
2021-04-15 03:00:00,12.625604330410585,11.635056396242604
2021-04-15 03:30:00,12.517357043065587,11.540288490403887
2021-04-15 04:00:00,12.487780442234461,12.251982005841016
2021-04-15 04:30:00,12.518129777190007,12.83190660919706
2021-04-15 05:00:00,12.621873512272629,12.33743781072335
2021-04-15 05:30:00,12.512362938289968,12.121477929653315
2021-04-15 06:00:00,12.629848272277654,12.369290343798406
2021-04-15 06:30:00,12.486265144202918,13.063712560343399
2021-04-15 07:00:00,12.54331130408243,14.261456222306432
2021-04-15 07:30:00,12.598160520329207,14.595983570407205
2021-04-15 08:00:00,12.652075447335237,14.015031092116379
2021-04-15 08:30:00,12.796265652122903,14.764584442932925
2021-04-15 09:00:00,12.977248652859556,14.763595669772506
2021-04-15 09:30:00,12.97859922429472,16.18973227981506
2021-04-15 10:00:00,13.111739193252637,16.176905108899962
2021-04-15 10:30:00,13.088931487268157,16.111104380647078
2021-04-15 11:00:00,13.20588146152592,17.367743678439542
2021-04-15 11:30:00,13.543629120703585,16.93780863542971
2021-04-15 12:00:00,13.17997818935677,17.498837573469235
2021-04-15 12:30:00,13.424967945804054,18.204306283308007
2021-04-15 13:00:00,13.56111026105799,18.177692245380953
2021-04-15 13:30:00,13.420991252590158,18.355041037101056
2021-04-15 14:00:00,13.561647571600616,18.725935672721988
2021-04-15 14:30:00,13.610848454805168,20.172919781045135
2021-04-15 15:00:00,13.696642562866748,20.688595787876654
2021-04-15 15:30:00,13.47366682885855,19.604939086460366
2021-04-15 16:00:00,13.522161625608419,18.87996069545152
2021-04-15 16:30:00,13.531517259024536,19.531230648271457
2021-04-15 17:00:00,13.479926959478455,19.681378014535092
2021-04-15 17:30:00,13.661098027484714,20.21114899342482
2021-04-15 18:00:00,13.362740855989657,18.434878009178902
2021-04-15 18:30:00,13.70337039895808,18.3809183894968
2021-04-15 19:00:00,13.38000551299959,17.849821271766253
2021-04-15 19:30:00,13.291142096478985,17.811986861323827
2021-04-15 20:00:00,13.391115375019291,16.612762589588424
2021-04-15 20:30:00,13.286258865590094,16.7615282914183
2021-04-15 21:00:00,13.12322478092833,14.913880512248305
2021-04-15 21:30:00,12.981009975107463,16.28603207786432
2021-04-15 22:00:00,13.036689305551896,14.953776108473507
2021-04-15 22:30:00,13.12402780882724,12.879539748898893
2021-04-15 23:00:00,12.865265014474831,13.120052784109172
2021-04-15 23:30:00,12.882645949388555,13.609901352661913
2021-04-16 00:00:00,13.197645297990622,12.438972529485346
2021-04-16 00:30:00,13.171192449110778,12.974361065063563
2021-04-16 01:00:00,13.19676372471656,12.857679550012511
2021-04-16 01:30:00,13.163088881649806,13.051682710351661
2021-04-16 02:00:00,13.180730217660408,11.810638083439192
2021-04-16 02:30:00,13.003691184262008,12.148611849149434
2021-04-16 03:00:00,13.086146046836584,11.923912521387152
2021-04-16 03:30:00,12.977385005788419,11.625371157528795
2021-04-16 04:00:00,13.044816658163668,12.198361723943648
2021-04-16 04:30:00,12.797220882589194,11.579684784310427
2021-04-16 05:00:00,12.923445590721457,12.697788569854925
2021-04-16 05:30:00,12.945428760758551,12.327968571303664
2021-04-16 06:00:00,13.035943312752206,12.102605769019895
2021-04-16 06:30:00,13.160714568782696,13.599091174875642
2021-04-16 07:00:00,13.150814189968745,13.593152753429564
2021-04-16 07:30:00,13.209899583930822,13.962999436135405
2021-04-16 08:00:00,13.230421797265008,14.00196609341637
2021-04-16 08:30:00,13.249013906643656,15.589849580781513
2021-04-16 09:00:00,13.307436168442779,15.077325764361598
2021-04-16 09:30:00,13.30167087726554,15.795592313777737
2021-04-16 10:00:00,13.547581145836551,15.90290459220391
2021-04-16 10:30:00,13.67918511084354,16.17883487690954
2021-04-16 11:00:00,13.671220946746885,16.863979051097743
2021-04-16 11:30:00,13.819700147518741,17.9913125240264
2021-04-16 12:00:00,13.950137661680815,18.68817923497709
2021-04-16 12:30:00,13.859517744104005,18.700364729613913
2021-04-16 13:00:00,13.818024066459882,18.22866506831591
2021-04-16 13:30:00,14.012628562903668,19.354586065935234
2021-04-16 14:00:00,14.106349440380816,19.56153274472422
2021-04-16 14:30:00,14.013313243223342,19.46995948197723
2021-04-16 15:00:00,14.05427683562709,20.579184631891568
2021-04-16 15:30:00,13.94652051584332,19.41984914774437
2021-04-16 16:00:00,13.928880431049222,20.449974185704793
2021-04-16 16:30:00,14.228713846431258,20.011028201321945
2021-04-16 17:00:00,14.030780251898873,18.78518165245384
2021-04-16 17:30:00,13.995613588120783,20.192146631961087
2021-04-16 18:00:00,13.946475028934321,19.09833102428922
2021-04-16 18:30:00,14.061065015333645,20.00002659082429
2021-04-16 19:00:00,14.03611702673772,17.6296121798417
2021-04-16 19:30:00,13.895539561090482,17.767401563081346
2021-04-16 20:00:00,13.727279941080328,17.450733613622955
2021-04-16 20:30:00,13.757240412715335,15.616234883778008
2021-04-16 21:00:00,13.822334230978392,15.652178998783558
2021-04-16 21:30:00,13.605568822563166,15.394708510674501
2021-04-16 22:00:00,13.538104314846667,14.803293300890067
2021-04-16 22:30:00,13.436414000863923,14.198918092214011
2021-04-16 23:00:00,13.640041365081569,13.191523011222795
2021-04-16 23:30:00,13.353819811410892,13.223926402024484
2021-04-17 00:00:00,13.126250205221183,11.620836452613213
2021-04-17 00:30:00,13.039510498333179,11.342503548568338
2021-04-17 01:00:00,13.00232585571525,10.839956282846371
2021-04-17 01:30:00,12.964603434704815,11.471871934361403
2021-04-17 02:00:00,12.86715122040637,10.698291751031597
2021-04-17 02:30:00,12.821903150967229,10.69069920860056
2021-04-17 03:00:00,12.830454545698295,10.3490671820519
2021-04-17 03:30:00,12.774955439893244,10.697958158060416
2021-04-17 04:00:00,12.85416334098291,10.116839160010006
2021-04-17 04:30:00,12.840189762120206,9.67006281342904
2021-04-17 05:00:00,12.80775451513403,10.322144954744038
2021-04-17 05:30:00,12.79852187662562,10.085482730235407
2021-04-17 06:00:00,12.810163403380296,12.2558770483383
2021-04-17 06:30:00,12.901868134057226,11.96389595876808
2021-04-17 07:00:00,13.094101386022276,13.03270296135503
2021-04-17 07:30:00,13.065014499270925,12.457890241876934
2021-04-17 08:00:00,13.025270841422442,13.659791438409643
2021-04-17 08:30:00,13.145251992500587,13.147219978549213
2021-04-17 09:00:00,13.186356073247469,14.222127426455181
2021-04-17 09:30:00,13.203822964617727,15.204312184213057
2021-04-17 10:00:00,13.315892555668087,15.854863568081951
2021-04-17 10:30:00,13.397038157211586,17.037223057896355
2021-04-17 11:00:00,13.49718371962532,17.54735105943872
2021-04-17 11:30:00,13.576771656026768,17.600664472602514
2021-04-17 12:00:00,13.635024094826436,17.972032155018482
2021-04-17 12:30:00,13.63001860256091,18.509108092354353
2021-04-17 13:00:00,13.692595513665452,17.91502382235222
2021-04-17 13:30:00,13.75759594621145,19.65213352582042
2021-04-17 14:00:00,13.791431309060265,18.66522586125488
2021-04-17 14:30:00,13.928078162333655,19.088167505079316
2021-04-17 15:00:00,13.926763566040027,19.45539178533067
2021-04-17 15:30:00,13.859673053976932,19.507739246696772
2021-04-17 16:00:00,13.811296258191627,19.496268986854243
2021-04-17 16:30:00,14.017923821712543,19.682662397263176
2021-04-17 17:00:00,13.894609570725967,18.768329694197885
2021-04-17 17:30:00,13.82393088520776,18.988419540063852
2021-04-17 18:00:00,13.907326158280576,18.028008199536732
2021-04-17 18:30:00,13.684999968856877,18.141294465141833
2021-04-17 19:00:00,13.593258777264433,17.56090865048682
2021-04-17 19:30:00,13.652382936654213,17.449447507094337
2021-04-17 20:00:00,13.657920473161,16.579212388611133
2021-04-17 20:30:00,13.712685623376537,16.658161072393007
2021-04-17 21:00:00,13.55119719683412,15.644776707173103
2021-04-17 21:30:00,13.347899691349955,15.415269710844157
2021-04-17 22:00:00,13.367858979135894,13.67381207923306
2021-04-17 22:30:00,13.16046400559366,14.616917669714294
2021-04-17 23:00:00,13.19714156877653,12.985306260124583
2021-04-17 23:30:00,13.227033354205034,13.74028648999615
2021-04-18 00:00:00,13.260013377595774,13.013200805813687
2021-04-18 00:30:00,13.324480870532685,12.343437877717621
2021-04-18 01:00:00,13.32839934305426,11.46995673440376
2021-04-18 01:30:00,13.212409603377704,12.186448769041574
2021-04-18 02:00:00,13.069279917355058,12.307194043725744
2021-04-18 02:30:00,13.192087808623077,12.062100756830036
2021-04-18 03:00:00,13.012226866600558,11.580925270196953
2021-04-18 03:30:00,13.14908127222428,10.901421327192592
2021-04-18 04:00:00,12.851198782806442,11.171112358617808
2021-04-18 04:30:00,12.989830163015776,12.253235932950162
2021-04-18 05:00:00,13.07979975489383,11.900560686492874
2021-04-18 05:30:00,13.113596716041565,12.950431183412377
2021-04-18 06:00:00,13.15275965063775,13.18000265514948
2021-04-18 06:30:00,13.042186682963056,14.634373382076271
2021-04-18 07:00:00,13.026866035952121,14.888545372389578
2021-04-18 07:30:00,13.273165595892033,14.952316446313366
2021-04-18 08:00:00,13.199374645250963,14.929246924029508
2021-04-18 08:30:00,13.495563149935709,15.453278150621106
2021-04-18 09:00:00,13.222092223731874,16.254886580407963
2021-04-18 09:30:00,13.600988739623782,16.348667215933144
2021-04-18 10:00:00,13.500159552339086,18.15948323267705
2021-04-18 10:30:00,13.719427898765005,19.17217603654338
2021-04-18 11:00:00,13.673947911028067,19.545218825940335
2021-04-18 11:30:00,13.748425627027505,19.901938768793524
2021-04-18 12:00:00,13.902639512808731,19.97438972727669
2021-04-18 12:30:00,13.995602675550147,19.568742601811483
2021-04-18 13:00:00,13.991369072658205,20.503098823421034
2021-04-18 13:30:00,14.135874712933637,19.964807245125122
2021-04-18 14:00:00,14.041258529776934,21.346533979405695
2021-04-18 14:30:00,14.125876889062402,20.938097393603634
2021-04-18 15:00:00,14.090464615899371,21.59366612419282
2021-04-18 15:30:00,14.097534239525956,21.002035823356678
2021-04-18 16:00:00,14.258893695327071,20.54632093232752
2021-04-18 16:30:00,14.053379945717003,20.92462655384978
2021-04-18 17:00:00,14.093844702021281,20.363644382900162
2021-04-18 17:30:00,14.11922952951593,20.095484982372177
2021-04-18 18:00:00,14.143224877276445,20.026729955003674
2021-04-18 18:30:00,14.263961627022345,18.93307413010888
2021-04-18 19:00:00,13.948327946588954,19.50074358710853
2021-04-18 19:30:00,13.982161089702394,18.714482896159872
2021-04-18 20:00:00,14.043557150629209,19.516248923873494
2021-04-18 20:30:00,13.89302110633918,18.543803545532878
2021-04-18 21:00:00,13.776973161712478,16.59415806389842
2021-04-18 21:30:00,13.509687772259403,17.80408504044876
2021-04-18 22:00:00,13.699186085051188,16.39287473615914
2021-04-18 22:30:00,13.394373520190115,16.507064957183857
2021-04-18 23:00:00,13.246611557648928,15.36575640622402
2021-04-18 23:30:00,13.394175526525252,14.53352636560115
2021-04-19 00:00:00,13.220803722420952,14.044813756285764
2021-04-19 00:30:00,12.933106658314399,13.649868117127646
2021-04-19 01:00:00,13.090780676631725,12.633806399688876
2021-04-19 01:30:00,12.76709947063674,13.63520047198927
2021-04-19 02:00:00,12.83765315212157,13.088032501817095
2021-04-19 02:30:00,12.855952673826435,12.51725269513663
2021-04-19 03:00:00,12.880905185876948,12.174682331702686
2021-04-19 03:30:00,12.72863400140741,12.714957421429967
2021-04-19 04:00:00,12.829631295529005,12.871902870352907
2021-04-19 04:30:00,12.94081751003,11.806111485511254
2021-04-19 05:00:00,12.750981058079853,12.940709051563875
2021-04-19 05:30:00,12.904209579026226,12.596713900014395
2021-04-19 06:00:00,13.111699215427343,12.77666492754308
2021-04-19 06:30:00,13.190164657306726,13.72950633247893
2021-04-19 07:00:00,13.061565115355892,12.739593517885899
2021-04-19 07:30:00,13.059807687807801,15.06288619551549
2021-04-19 08:00:00,13.182077350504256,14.443563990252377
2021-04-19 08:30:00,13.290420813932995,14.976991031855803
2021-04-19 09:00:00,13.122734727000392,14.339421249772082
2021-04-19 09:30:00,13.36311516019565,15.659500632254897
2021-04-19 10:00:00,13.533423413595289,15.528161970140756
2021-04-19 10:30:00,13.342466585562454,16.1928746519958
2021-04-19 11:00:00,13.59599049218101,16.61537673476351
2021-04-19 11:30:00,13.530770345920951,18.382686351485383
2021-04-19 12:00:00,13.797749277085023,18.58123450648964
2021-04-19 12:30:00,13.749785818007169,18.51221502285874
2021-04-19 13:00:00,13.94529752104667,19.81209342921015
2021-04-19 13:30:00,13.85927075331019,19.76743543917306
2021-04-19 14:00:00,14.040890606469203,19.698014919124784
2021-04-19 14:30:00,13.988532800304036,19.927369980459474
2021-04-19 15:00:00,13.855685210065811,20.805901991274812
2021-04-19 15:30:00,14.060421273421497,20.503030019148657
2021-04-19 16:00:00,14.077604638261707,19.657821273817504
2021-04-19 16:30:00,14.073252410442462,20.70567356360942
2021-04-19 17:00:00,14.005444786556797,20.609400514608243
2021-04-19 17:30:00,13.954673444524895,19.93571076762038
2021-04-19 18:00:00,13.894524482681252,19.15245541032602
2021-04-19 18:30:00,13.95856792268738,18.93479852262253
2021-04-19 19:00:00,13.807990474069856,18.54597468478194
2021-04-19 19:30:00,13.678596677366667,18.171022906869062
2021-04-19 20:00:00,13.874646770394094,18.044066434884474
2021-04-19 20:30:00,13.48450868064694,17.160096038692696
2021-04-19 21:00:00,13.516115185231738,15.99837555550116
2021-04-19 21:30:00,13.404918545532318,16.127468840750385
2021-04-19 22:00:00,13.477521864836126,16.08226588578565
2021-04-19 22:30:00,13.30839802760811,15.072258800207633
2021-04-19 23:00:00,13.170738451589854,14.211568988246304
2021-04-19 23:30:00,13.136676496047214,13.730415643101676
2021-04-20 00:00:00,13.458083120316482,13.473215118344205
2021-04-20 00:30:00,13.328079709476377,12.75058247794256
2021-04-20 01:00:00,13.215194344409037,11.733138721239877
2021-04-20 01:30:00,13.161656385235105,11.906692235514758
2021-04-20 02:00:00,13.254024236600316,12.517651089455969
2021-04-20 02:30:00,13.040381134105152,12.339276484398018
2021-04-20 03:00:00,12.996475239930671,10.771029035771967
2021-04-20 03:30:00,13.116114680584758,11.892693527242493
2021-04-20 04:00:00,13.1781712876753,11.86610415532634
2021-04-20 04:30:00,13.076457354595053,12.366505302518162
2021-04-20 05:00:00,13.129668210640116,12.289978356711954
2021-04-20 05:30:00,13.099041096929074,12.13656652071562
2021-04-20 06:00:00,13.286512911781822,11.458666172388563
2021-04-20 06:30:00,13.1263390660449,12.88564189120302
2021-04-20 07:00:00,13.081130358261714,13.808655300505835
2021-04-20 07:30:00,13.480111965454842,13.973736846845842
2021-04-20 08:00:00,13.5179597071957,13.641323555213788
2021-04-20 08:30:00,13.534748834593387,14.60838209141485
2021-04-20 09:00:00,13.397028057488084,14.286506871119379
2021-04-20 09:30:00,13.68866941842773,15.769396558049365
2021-04-20 10:00:00,13.71435766879298,16.332712963589625
2021-04-20 10:30:00,13.64927701715219,15.66800841457152
2021-04-20 11:00:00,13.810505305732123,17.127836755567785
2021-04-20 11:30:00,13.952054694486481,17.46629852724953
2021-04-20 12:00:00,13.976346002993969,18.781863524458295
2021-04-20 12:30:00,13.892433585258301,18.74939595511711
2021-04-20 13:00:00,14.078901342738462,18.885180592243163
2021-04-20 13:30:00,14.205449439452138,19.789382310501328
2021-04-20 14:00:00,14.191587473568555,19.903560167734515
2021-04-20 14:30:00,14.211329375091804,19.11866411309034
2021-04-20 15:00:00,14.228008021773272,19.165161740429415
2021-04-20 15:30:00,14.22212633286519,19.7247613713959
2021-04-20 16:00:00,14.360039990951487,18.98086737793081
2021-04-20 16:30:00,14.336185078468638,19.473856507856908
2021-04-20 17:00:00,14.233422835490265,18.518003499187675
2021-04-20 17:30:00,14.104101538641967,19.820399194911793
2021-04-20 18:00:00,14.250513321200602,17.897622575614832
2021-04-20 18:30:00,14.06935257368265,17.852834489852516
2021-04-20 19:00:00,14.104828933981393,17.796682647062795
2021-04-20 19:30:00,13.913975138190532,16.6608613203789
2021-04-20 20:00:00,13.969624007321517,15.261063753375591
2021-04-20 20:30:00,13.871524320811583,15.73405423835768
2021-04-20 21:00:00,13.756114669872185,15.603901492860542
2021-04-20 21:30:00,13.692329906376521,15.477807254706411
2021-04-20 22:00:00,13.623874159176184,14.718494341691272
2021-04-20 22:30:00,13.690094301311168,15.15485835813766
2021-04-20 23:00:00,13.506146895030659,14.052355870564584
2021-04-20 23:30:00,13.378639066499892,12.974502856663902
2021-04-21 00:00:00,13.159626403455043,13.02309901635346
2021-04-21 00:30:00,13.227212918635088,12.935768491916498
2021-04-21 01:00:00,13.295692050938419,12.268199133866796
2021-04-21 01:30:00,12.934170273256699,12.182316165377614
2021-04-21 02:00:00,13.049632530745695,11.927712544373318
2021-04-21 02:30:00,12.733981246064502,11.006051889520778
2021-04-21 03:00:00,12.784045321459946,12.428662510208971
2021-04-21 03:30:00,12.669936415486296,12.176432512781588
2021-04-21 04:00:00,12.851704321086677,12.063854793603692
2021-04-21 04:30:00,12.917146800073098,12.097774857498889
2021-04-21 05:00:00,12.927145399466527,13.112566731540422
2021-04-21 05:30:00,12.91218243102409,12.665840658530163
2021-04-21 06:00:00,13.083819104757927,12.226891939038408
2021-04-21 06:30:00,12.929833583443939,12.583752855824333
2021-04-21 07:00:00,13.10836517884322,13.011410978329677
2021-04-21 07:30:00,13.10506533055315,13.579964797187076
2021-04-21 08:00:00,13.272016604964962,13.78857374993673
2021-04-21 08:30:00,13.195283086712692,15.638022158947923
2021-04-21 09:00:00,13.242027326948902,15.944311082445731
2021-04-21 09:30:00,13.315788904553356,16.569827356291185
2021-04-21 10:00:00,13.378202097186222,17.191158076791986
2021-04-21 10:30:00,13.442477897832953,16.828307097756475
2021-04-21 11:00:00,13.4230994934099,17.701423726841195
2021-04-21 11:30:00,13.605109038742473,17.871750188900062
2021-04-21 12:00:00,13.852335716058382,20.217809012780425
2021-04-21 12:30:00,13.786593962743295,18.91005086437405
2021-04-21 13:00:00,13.674878391018353,21.661007869850526
2021-04-21 13:30:00,14.00058530493152,21.51769005670528
2021-04-21 14:00:00,13.881944298790065,20.1328225194532
2021-04-21 14:30:00,13.954063043657055,22.003524923477546
2021-04-21 15:00:00,13.9920243678182,22.62941929667017
2021-04-21 15:30:00,13.856165271045203,22.151015467751385
2021-04-21 16:00:00,14.008345483156308,22.62177996588759
2021-04-21 16:30:00,14.031740158855882,22.375506018354972
2021-04-21 17:00:00,13.930542614794476,21.50999781014922
2021-04-21 17:30:00,14.009241187265927,21.24939858348656
2021-04-21 18:00:00,13.8679060070953,20.852178808863737
2021-04-21 18:30:00,13.891871458448875,20.784473735435103
2021-04-21 19:00:00,13.818017913169335,20.869946888550817
2021-04-21 19:30:00,13.832837324807347,19.171173650085034
2021-04-21 20:00:00,13.650493883860012,18.974728050747178
2021-04-21 20:30:00,13.765979947443647,19.0649706116485
2021-04-21 21:00:00,13.619969900631888,18.408916104355413
2021-04-21 21:30:00,13.474688555621146,18.20153795274224
2021-04-21 22:00:00,13.578490982142757,16.994544669183057
2021-04-21 22:30:00,13.478634392880197,17.16549257378935
2021-04-21 23:00:00,13.311285867034947,16.701585772646048
2021-04-21 23:30:00,13.11671939482004,16.361548914577277
2021-04-22 00:00:00,13.054962231495875,16.050971821220692
2021-04-22 00:30:00,12.868921861708612,14.27432680518291
2021-04-22 01:00:00,12.93733494780739,15.1509924900922
2021-04-22 01:30:00,12.941371612516026,14.744710949699808
2021-04-22 02:00:00,12.816228624273327,13.962144954120062
2021-04-22 02:30:00,12.870863714807182,12.13819385679769
2021-04-22 03:00:00,12.774562718357334,13.337829026832994
2021-04-22 03:30:00,12.858446836786015,13.131163093076381
2021-04-22 04:00:00,12.717779831695896,14.10252483893876
2021-04-22 04:30:00,12.788462644159281,13.99259897057371
2021-04-22 05:00:00,12.762771852103338,14.28902986840839
2021-04-22 05:30:00,12.723533230905424,13.327399010006141
2021-04-22 06:00:00,12.855981474515396,14.636988358735726
2021-04-22 06:30:00,12.716866471649972,15.715910266308596
2021-04-22 07:00:00,12.943074584792365,15.378782567054616
2021-04-22 07:30:00,12.721934179913683,16.128037487669967
2021-04-22 08:00:00,13.138671701299677,16.948135997808553
2021-04-22 08:30:00,13.058969238787155,17.41119425019028
2021-04-22 09:00:00,13.225200395576486,18.46478158139391
2021-04-22 09:30:00,13.165333155903367,18.7758997169602
2021-04-22 10:00:00,13.19984432584809,19.35414648719673
2021-04-22 10:30:00,13.394566873870817,19.511295674660236
2021-04-22 11:00:00,13.420322207162911,20.20250306502453
2021-04-22 11:30:00,13.507662052958734,20.870304583514304
2021-04-22 12:00:00,13.56766068681425,23.10557020508265
2021-04-22 12:30:00,13.404915811505681,22.177730949084026
2021-04-22 13:00:00,13.576373672860443,23.523049572165114
2021-04-22 13:30:00,13.52707397494369,21.89547046021933
2021-04-22 14:00:00,13.66377392268334,23.31491919306565
2021-04-22 14:30:00,13.88752073838194,22.982090303607105
2021-04-22 15:00:00,13.87502752215336,23.579220819592436
2021-04-22 15:30:00,13.852478507399754,23.110148600687562
2021-04-22 16:00:00,13.829616411451871,22.945478833977248
2021-04-22 16:30:00,13.84641813975569,23.24017377546632
2021-04-22 17:00:00,13.69453057772497,22.585327731794624
2021-04-22 17:30:00,13.733536224532271,22.54133422700845
2021-04-22 18:00:00,13.883405398444255,21.952960279932913
2021-04-22 18:30:00,13.83635549657944,21.070494509107416
2021-04-22 19:00:00,13.699435144050177,21.042254730144265
2021-04-22 19:30:00,13.639528988330165,20.735352499473386
2021-04-22 20:00:00,13.70339853072446,20.461774808027858
2021-04-22 20:30:00,13.353508384338344,18.979128716202744
2021-04-22 21:00:00,13.329400323800714,19.09687734540212
2021-04-22 21:30:00,13.514315359488547,17.956694647705564
2021-04-22 22:00:00,13.290970820392168,17.450329797464786
2021-04-22 22:30:00,13.178347167009552,17.089960376662134
2021-04-22 23:00:00,13.08417633337122,16.505305653895
2021-04-22 23:30:00,13.080351796280373,15.441107778009513
2021-04-23 00:00:00,13.34153636430066,14.669953596027664
2021-04-23 00:30:00,13.31345692848992,13.908336886779447
2021-04-23 01:00:00,13.270373479854177,12.541159242675567
2021-04-23 01:30:00,13.051502217281959,12.669989720699446
2021-04-23 02:00:00,13.079075973836892,11.651551331759242
2021-04-23 02:30:00,12.938101575928503,11.646142558274821
2021-04-23 03:00:00,13.027759402849592,11.614135858835915
2021-04-23 03:30:00,12.92976028698346,11.40880571521047
2021-04-23 04:00:00,12.906636574263965,11.981914671930243
2021-04-23 04:30:00,13.076131341560252,11.765280577842113
2021-04-23 05:00:00,13.14578804590981,12.67826332974477
2021-04-23 05:30:00,13.196342706449554,12.187518606431878
2021-04-23 06:00:00,12.969496370789756,12.509787964094643
2021-04-23 06:30:00,13.172853000082469,12.991613956400723
2021-04-23 07:00:00,13.3310043158537,12.153057548917658
2021-04-23 07:30:00,13.32253742164284,13.996981228177612
2021-04-23 08:00:00,13.225630512975542,14.318227814147246
2021-04-23 08:30:00,13.368574836058222,15.815950104868044
2021-04-23 09:00:00,13.42991661229725,16.589690900678907
2021-04-23 09:30:00,13.642002395730648,16.31342372534294
2021-04-23 10:00:00,13.66051272165356,17.662068825838695
2021-04-23 10:30:00,13.801108741769266,17.56659520862152
2021-04-23 11:00:00,13.838356607480053,18.53047448886022
2021-04-23 11:30:00,13.810454751099929,18.92130883342744
2021-04-23 12:00:00,13.730922963810276,19.161804642884977
2021-04-23 12:30:00,13.840106936617305,20.33622630687683
2021-04-23 13:00:00,14.012973111401076,21.00084218214544
2021-04-23 13:30:00,14.203364317179778,21.889399461587765
2021-04-23 14:00:00,14.159360424361783,21.280637886058134
2021-04-23 14:30:00,14.178513801224913,21.36249213881476
2021-04-23 15:00:00,14.224772152087365,21.82811618515828
2021-04-23 15:30:00,14.184366203951372,20.64574135858952
2021-04-23 16:00:00,13.953231944798864,21.459558411052353
2021-04-23 16:30:00,14.181394717492356,21.57779259078571
2021-04-23 17:00:00,13.947168894172929,21.68769071118422
2021-04-23 17:30:00,14.16548329206016,21.1760430271359
2021-04-23 18:00:00,14.24918997697917,20.354152322825986
2021-04-23 18:30:00,13.958223133869163,20.107197372218913
2021-04-23 19:00:00,14.054794510068453,20.048724406776667
2021-04-23 19:30:00,13.948335820226955,20.014107754819285
2021-04-23 20:00:00,13.933248954261385,19.669556073308378
2021-04-23 20:30:00,13.729544351256967,19.283653591049404
2021-04-23 21:00:00,13.939415413719653,17.969804372921725
2021-04-23 21:30:00,13.577717047103222,16.361652992308965
2021-04-23 22:00:00,13.607850882546972,16.150757586897928
2021-04-23 22:30:00,13.487598856572452,16.060502925028633
2021-04-23 23:00:00,13.431925502966799,14.878914349173382
2021-04-23 23:30:00,13.385611069141682,15.873929358985752
2021-04-24 00:00:00,12.869461428681273,14.518603964737895
2021-04-24 00:30:00,12.982317267001834,13.498738607217524
2021-04-24 01:00:00,12.810331743263582,13.900909593796593
2021-04-24 01:30:00,12.738926756064302,12.70807675379988
2021-04-24 02:00:00,12.620648462424429,12.38688540280267
2021-04-24 02:30:00,12.743209803150929,11.86127571197869
2021-04-24 03:00:00,12.614534980377114,12.526664157017214
2021-04-24 03:30:00,12.717161459167023,13.331156017903226
2021-04-24 04:00:00,12.550379671043276,12.16797862873682
2021-04-24 04:30:00,12.76299364856867,12.180281918207475
2021-04-24 05:00:00,12.646584344259244,14.345252531974676
2021-04-24 05:30:00,12.62733522014658,14.08992511130142
2021-04-24 06:00:00,12.725954696107518,13.857924573832221
2021-04-24 06:30:00,12.737794288999677,14.35281139871763
2021-04-24 07:00:00,12.866122854927102,13.802189265122108
2021-04-24 07:30:00,12.879103355790681,15.746906951720826
2021-04-24 08:00:00,12.911241503333207,15.416141764214244
2021-04-24 08:30:00,12.955171135731543,15.960483961668592
2021-04-24 09:00:00,13.137863441687768,16.707791389100514
2021-04-24 09:30:00,13.021866552859573,18.270860729332544
2021-04-24 10:00:00,13.236155576039154,17.30485714937565
2021-04-24 10:30:00,13.142985443203226,17.940459706085857
2021-04-24 11:00:00,13.42857457465134,18.45587590967686
2021-04-24 11:30:00,13.284076933761305,19.64006033490932
2021-04-24 12:00:00,13.506814789722634,19.44740253150418
2021-04-24 12:30:00,13.474669665998578,20.34321060030296
2021-04-24 13:00:00,13.55198893553258,21.647114996727595
2021-04-24 13:30:00,13.63702788764548,21.228811999160158
2021-04-24 14:00:00,13.482673853962577,22.187632241397257
2021-04-24 14:30:00,13.582860301651523,21.54918466609057
2021-04-24 15:00:00,13.862103710020607,21.353116018979062
2021-04-24 15:30:00,13.612809028560429,22.1516554114584
2021-04-24 16:00:00,13.760526271928898,21.553930994531296
2021-04-24 16:30:00,13.70283910961427,21.155201139651094
2021-04-24 17:00:00,13.678116448171409,21.212482199765596
2021-04-24 17:30:00,13.603272227351296,21.013809814990246
2021-04-24 18:00:00,13.597626429493575,21.28197704835566
2021-04-24 18:30:00,13.749512603300603,19.72003238401691
2021-04-24 19:00:00,13.553655070180785,19.740126479707257
2021-04-24 19:30:00,13.520738548026017,19.527481174097467
2021-04-24 20:00:00,13.817925215024802,18.33657009989085
2021-04-24 20:30:00,13.476332305840621,17.74139807179722
2021-04-24 21:00:00,13.506724122919982,17.37288906290592
2021-04-24 21:30:00,13.269457113683925,16.961781693137862
2021-04-24 22:00:00,13.032844290180835,16.489455612726736
2021-04-24 22:30:00,12.991120472430095,16.605451434917278
2021-04-24 23:00:00,13.143782703290375,14.850202433851315
2021-04-24 23:30:00,13.041672905588362,14.152736354480007
2021-04-25 00:00:00,13.27489317943887,14.565207993567693
2021-04-25 00:30:00,13.393203949431921,14.257978133413072
2021-04-25 01:00:00,13.381941389554783,13.951583043673086
2021-04-25 01:30:00,13.190697955879823,13.25066911506393
2021-04-25 02:00:00,13.231391222971046,12.470447853486641
2021-04-25 02:30:00,12.973403929053982,13.353434707360165
2021-04-25 03:00:00,13.206244143812267,12.958817881716318
2021-04-25 03:30:00,13.06830505382472,12.487241176656262
2021-04-25 04:00:00,13.183886299527725,12.464960492156388
2021-04-25 04:30:00,13.087756795850837,11.320436505710578
2021-04-25 05:00:00,12.996470345704871,13.184833323471013
2021-04-25 05:30:00,13.196680577906987,13.064491171024233
2021-04-25 06:00:00,13.226243861100867,13.574367233962226
2021-04-25 06:30:00,13.232274170934321,13.499175257528375
2021-04-25 07:00:00,13.183760980285374,14.493477011771176
2021-04-25 07:30:00,13.430063493345058,15.320979028319499
2021-04-25 08:00:00,13.355131278553353,15.955064093898196
2021-04-25 08:30:00,13.59829217362631,16.27922287158368
2021-04-25 09:00:00,13.552799107796577,16.79978291523759
2021-04-25 09:30:00,13.897518484929103,18.70145363896942
2021-04-25 10:00:00,13.720857842157267,18.639961803823297
2021-04-25 10:30:00,13.577130593364743,18.328242436511285
2021-04-25 11:00:00,13.787245804710018,19.537717656674428
2021-04-25 11:30:00,13.879223844164933,19.802384790457683
2021-04-25 12:00:00,13.917008102577649,20.658244701030416
2021-04-25 12:30:00,13.889762625232176,21.836567219299287
2021-04-25 13:00:00,14.044357772579103,21.289977816275396
2021-04-25 13:30:00,14.262512730899257,22.882235918974605
2021-04-25 14:00:00,14.21101980078648,22.25204473878095
2021-04-25 14:30:00,14.129045794769008,22.732740177648722
2021-04-25 15:00:00,14.085552702979609,22.436683775035746
2021-04-25 15:30:00,14.165276573445842,21.66409090054872
2021-04-25 16:00:00,14.276254541349111,21.715986378174723
2021-04-25 16:30:00,14.287929904433671,21.887252133175437
2021-04-25 17:00:00,14.344096125861933,22.238786143051726
2021-04-25 17:30:00,14.195222015174934,21.774161926504835
2021-04-25 18:00:00,14.13078656530084,22.191613738634054
2021-04-25 18:30:00,13.976620924034336,21.456870017858765
2021-04-25 19:00:00,13.92086894678729,19.974138753024
2021-04-25 19:30:00,14.083350779168,19.777838938615197
2021-04-25 20:00:00,13.952089732695056,19.985823900354443
2021-04-25 20:30:00,13.93329870774179,18.657780199898394
2021-04-25 21:00:00,13.834754575775284,17.972396370968735
2021-04-25 21:30:00,13.691854653877208,17.773644179604833
2021-04-25 22:00:00,13.784851886944859,17.41767860819243
2021-04-25 22:30:00,13.500082804688,16.370822796559057
2021-04-25 23:00:00,13.602824839657387,17.163447655692856
2021-04-25 23:30:00,13.369318167230281,15.67448940332377
2021-04-26 00:00:00,13.155948979730987,13.11878183149784
2021-04-26 00:30:00,13.09381290660905,14.249040391748382
2021-04-26 01:00:00,13.138019585963082,13.365678713630718
2021-04-26 01:30:00,13.118731758165374,11.785152253735568
2021-04-26 02:00:00,13.107908781742474,12.499227473677212
2021-04-26 02:30:00,13.104293596293259,11.36923280609316
2021-04-26 03:00:00,12.962716570408508,10.647520400948633
2021-04-26 03:30:00,12.87987528286153,12.065479265508449
2021-04-26 04:00:00,13.049816912362628,10.841209346145295
2021-04-26 04:30:00,13.137909782911287,10.568068830835784
2021-04-26 05:00:00,12.862870021016636,11.842326929348557
2021-04-26 05:30:00,13.14623107355634,11.172985395473905
2021-04-26 06:00:00,13.076033679315154,12.564736209080259
2021-04-26 06:30:00,13.109229610936417,13.26492927561351
2021-04-26 07:00:00,13.084976243944922,13.345788038903402
2021-04-26 07:30:00,13.100169113716055,13.330398720676918
2021-04-26 08:00:00,13.326157124752195,14.455839310645464
2021-04-26 08:30:00,13.295508036771832,14.868686117230252
2021-04-26 09:00:00,13.415471013686881,15.661187162111288
2021-04-26 09:30:00,13.623987264288413,14.984143809064136
2021-04-26 10:00:00,13.599306552132573,15.729271005364083
2021-04-26 10:30:00,13.565357741096006,18.495423051829878
2021-04-26 11:00:00,13.577007564390426,16.953234399411645
2021-04-26 11:30:00,13.889627347290462,18.792493960568418
2021-04-26 12:00:00,13.556700000113938,18.715401357265183
2021-04-26 12:30:00,13.626804444811693,19.1193725306316
2021-04-26 13:00:00,13.981239714440237,19.318792454856464
2021-04-26 13:30:00,14.031405908987939,19.2818083759137
2021-04-26 14:00:00,14.119570095280167,19.304492488731693
2021-04-26 14:30:00,13.938177576497795,20.805898899837175
2021-04-26 15:00:00,14.235863013873328,19.2974693103067
2021-04-26 15:30:00,14.138055126633093,19.21497949103247
2021-04-26 16:00:00,14.246347354149098,19.73864255544164
2021-04-26 16:30:00,14.044704868667237,20.880982653985782
2021-04-26 17:00:00,14.04424014418178,19.629296881494415
2021-04-26 17:30:00,14.179974000950624,18.891674305157526
2021-04-26 18:00:00,14.026395324124087,18.842635035065964
2021-04-26 18:30:00,14.03049281372387,19.0090037960206
2021-04-26 19:00:00,13.91715906934605,17.762046511922897
2021-04-26 19:30:00,13.956977896335058,17.2032892159612
2021-04-26 20:00:00,13.948646026167543,17.404954750270846
2021-04-26 20:30:00,13.813024543698063,15.651003911825422
2021-04-26 21:00:00,13.656014965016055,15.998809697146099
2021-04-26 21:30:00,13.608753963685892,15.530814988301914
2021-04-26 22:00:00,13.665736606939777,15.281139256312017
2021-04-26 22:30:00,13.44772304391082,14.005765775277359
2021-04-26 23:00:00,13.408505846925975,13.435278215164002
2021-04-26 23:30:00,13.388222144320489,11.737534649239405
2021-04-27 00:00:00,13.19663961280295,11.853275788766398
2021-04-27 00:30:00,13.115277713555276,11.757639988755827
2021-04-27 01:00:00,13.022032376325145,10.58493912912219
2021-04-27 01:30:00,13.109897044212396,11.19720896828175
2021-04-27 02:00:00,13.034970583256829,10.215735753449243
2021-04-27 02:30:00,12.644091931269626,10.76905858837012
2021-04-27 03:00:00,12.696318268409966,10.989250937333521
2021-04-27 03:30:00,12.834322080161986,11.057111105506403
2021-04-27 04:00:00,12.957335637970457,11.039981300436406
2021-04-27 04:30:00,12.771132792002547,10.316328663931774
2021-04-27 05:00:00,12.906069254885082,11.580006788631763
2021-04-27 05:30:00,12.764846249672098,11.94047747837775
2021-04-27 06:00:00,12.814846776511112,12.184596744713716
2021-04-27 06:30:00,12.953837317564552,11.824298185283546
2021-04-27 07:00:00,12.937257303270751,12.344429306318844
2021-04-27 07:30:00,13.05088551392309,12.915837537703853
2021-04-27 08:00:00,13.195125099783855,13.208697880914485
2021-04-27 08:30:00,13.394394698437745,13.75570994172453
2021-04-27 09:00:00,13.31925319482425,15.97985324138198
2021-04-27 09:30:00,13.308759600260654,15.848197701729967
2021-04-27 10:00:00,13.53331109086566,16.63892783429216
2021-04-27 10:30:00,13.635522030995265,17.303581528416426
2021-04-27 11:00:00,13.569864704476371,17.635852455143535
2021-04-27 11:30:00,13.614913192599587,19.438590847873076
2021-04-27 12:00:00,13.74394034584808,19.020186109380795
2021-04-27 12:30:00,13.783985698864415,19.334782507194408
2021-04-27 13:00:00,13.999364281458519,20.679612458987556
2021-04-27 13:30:00,13.916086638765742,20.932967813143414
2021-04-27 14:00:00,14.05788187005547,21.35250567846578
2021-04-27 14:30:00,13.935878327045966,22.96942254847593
2021-04-27 15:00:00,13.937117327061207,21.08398953679647
2021-04-27 15:30:00,14.135353044069129,21.974128954745282
2021-04-27 16:00:00,13.944897023285616,21.72153382922496
2021-04-27 16:30:00,13.827215665853332,20.584376344104463
2021-04-27 17:00:00,14.141258962023311,21.059873865741903
2021-04-27 17:30:00,13.831391965683908,20.027502486122557
2021-04-27 18:00:00,14.110649648308316,20.461786693849394
2021-04-27 18:30:00,13.961244463580638,19.936848725417914
2021-04-27 19:00:00,13.840440551487873,20.02700099825643
2021-04-27 19:30:00,13.645812433454509,19.622747016121473
2021-04-27 20:00:00,13.928616374713034,18.846415639951697
2021-04-27 20:30:00,13.614397322380398,18.601543660973913
2021-04-27 21:00:00,13.570472582023088,17.122303722299172
2021-04-27 21:30:00,13.522851792262726,16.551673918372103
2021-04-27 22:00:00,13.489411611999655,15.988632853529396
2021-04-27 22:30:00,13.285748091574586,14.985837536297531
2021-04-27 23:00:00,13.35395262593826,15.578003379362896
2021-04-27 23:30:00,13.273091296340143,14.78278146553696
2021-04-28 00:00:00,12.883335480755616,14.106468970472116
2021-04-28 00:30:00,12.962136852639496,13.10623140414999
2021-04-28 01:00:00,12.929811021553714,13.162815155942136
2021-04-28 01:30:00,12.778511110160172,13.477289842607437
2021-04-28 02:00:00,12.862525021345366,12.792314295137704
2021-04-28 02:30:00,12.895206279798966,11.476940693666098
2021-04-28 03:00:00,12.748834729690083,11.949063393587315
2021-04-28 03:30:00,12.656388339923923,11.777976204849754
2021-04-28 04:00:00,12.86728487475552,11.824817281356639
2021-04-28 04:30:00,12.760298954984078,12.272978823503323
2021-04-28 05:00:00,12.858584277374572,12.810285781839752
2021-04-28 05:30:00,12.757429055010899,12.135487703250782
2021-04-28 06:00:00,12.717795881023918,12.54200918432743
2021-04-28 06:30:00,12.759536255653462,13.285203574542905
2021-04-28 07:00:00,12.901763504621162,14.039380529427469
2021-04-28 07:30:00,13.155856891076139,14.766634095400255
2021-04-28 08:00:00,13.061436333045139,15.794076728206479
2021-04-28 08:30:00,13.175874666543207,15.379999627986823
2021-04-28 09:00:00,13.214206106765053,16.546979187203966
2021-04-28 09:30:00,13.191051629323967,17.712320356576715
2021-04-28 10:00:00,13.248524873818829,16.579724402001997
2021-04-28 10:30:00,13.410254221952775,18.26682029271156
2021-04-28 11:00:00,13.584470599710142,18.556636763795403
2021-04-28 11:30:00,13.595748246756783,19.889252514562525
2021-04-28 12:00:00,13.52316473970447,20.011028799165594
2021-04-28 12:30:00,13.75411086034978,20.121151314286276
2021-04-28 13:00:00,13.875653057490863,21.852108215834267
2021-04-28 13:30:00,13.8738181453611,21.89988165209569
2021-04-28 14:00:00,13.788141718064981,22.312498853787133
2021-04-28 14:30:00,13.876972296444112,21.657736063642645
2021-04-28 15:00:00,13.964871796163346,21.152474804795
2021-04-28 15:30:00,13.876083349887997,21.26754150236017
2021-04-28 16:00:00,14.04971017751077,21.161771768683554
2021-04-28 16:30:00,13.628537563158048,20.079045234296146
2021-04-28 17:00:00,14.122832313527812,20.85562095730608
2021-04-28 17:30:00,14.006833603629946,19.763509535894098
2021-04-28 18:00:00,13.762439447650669,20.71750565541339
2021-04-28 18:30:00,13.799786431169517,19.892944391286562
2021-04-28 19:00:00,13.61143480540336,19.322482564181605
2021-04-28 19:30:00,13.83517839090035,19.224340600738792
2021-04-28 20:00:00,13.547893138123623,18.287730321212887
2021-04-28 20:30:00,13.59359824447084,17.31679968509144
2021-04-28 21:00:00,13.532836021699483,17.639044035688567
2021-04-28 21:30:00,13.440344032649449,16.752168174872846
2021-04-28 22:00:00,13.350047517322803,16.14776744620553
2021-04-28 22:30:00,13.101424792852564,14.856992995546994
2021-04-28 23:00:00,13.251343847775683,14.101566897606407
2021-04-28 23:30:00,12.984026539711321,14.009665569592512
2021-04-29 00:00:00,12.910479983759105,14.703433737791253
2021-04-29 00:30:00,13.007106028089483,14.187154247658611
2021-04-29 01:00:00,12.819613960113516,13.691806261620732
2021-04-29 01:30:00,12.738543022750878,13.603682852316936
2021-04-29 02:00:00,12.724113837543307,13.728040520855393
2021-04-29 02:30:00,12.838234154436401,13.405566416102708
2021-04-29 03:00:00,12.674211599750155,13.52085017456828
2021-04-29 03:30:00,12.723802594055769,13.956871981619742
2021-04-29 04:00:00,12.637454023451983,14.430754062665784
2021-04-29 04:30:00,12.772471970562037,14.12217844310036
2021-04-29 05:00:00,12.545253561283118,14.12096544277446
2021-04-29 05:30:00,12.795822483664423,14.176000667937968
2021-04-29 06:00:00,12.629981337066853,14.212176229913567
2021-04-29 06:30:00,12.705652974998674,15.170616537668328
2021-04-29 07:00:00,12.72215260540941,15.675236870867483
2021-04-29 07:30:00,12.896554215890978,14.211732193434601
2021-04-29 08:00:00,12.835362498738792,15.858264800981857
2021-04-29 08:30:00,13.116333804063471,16.982015617824594
2021-04-29 09:00:00,12.975519426364453,17.49194520549601
2021-04-29 09:30:00,13.10241124487534,16.954168739308276
2021-04-29 10:00:00,13.330184298642274,18.01886575616694
2021-04-29 10:30:00,13.353434868085097,18.93056946406786
2021-04-29 11:00:00,13.254027253776911,19.348585233558182
2021-04-29 11:30:00,13.505176249052848,19.405596190996455
2021-04-29 12:00:00,13.391781854730823,19.928906735040524
2021-04-29 12:30:00,13.712591654239562,20.268781097706288
2021-04-29 13:00:00,13.570995404172173,20.593467833759043
2021-04-29 13:30:00,13.677345191652261,21.097858927683053
2021-04-29 14:00:00,13.622121113035634,21.748640830635864
2021-04-29 14:30:00,13.807732344990377,22.025607657693246
2021-04-29 15:00:00,13.765181028517544,22.722704163743934
2021-04-29 15:30:00,13.690740032663667,21.404988976259002
2021-04-29 16:00:00,13.755030838580208,22.46185177079233
2021-04-29 16:30:00,13.793357226127203,21.698871901531263
2021-04-29 17:00:00,13.78982843893358,22.069980563920648
2021-04-29 17:30:00,13.705929585881275,22.295329744818808
2021-04-29 18:00:00,13.68541291051305,21.255050252693035
2021-04-29 18:30:00,13.78034192525847,22.403086163658333
2021-04-29 19:00:00,13.6458571454333,21.726920565538258
2021-04-29 19:30:00,13.524556466811669,20.16587673086778
2021-04-29 20:00:00,13.316503058593371,19.750202765630856
2021-04-29 20:30:00,13.289093723147731,18.906220910419695
2021-04-29 21:00:00,13.37889104674826,18.25107824495909
2021-04-29 21:30:00,13.295588020705306,18.874484166270744
2021-04-29 22:00:00,13.322187726275022,17.657257861763807
2021-04-29 22:30:00,13.17981062251025,16.75783353884278
2021-04-29 23:00:00,12.929065278729025,16.3209294544416
2021-04-29 23:30:00,13.064865603407041,15.839123943962365
2021-04-30 00:00:00,12.560702106860898,15.532346613818369
2021-04-30 00:30:00,12.612727511647039,14.449425986733942
2021-04-30 01:00:00,12.563660679260009,13.768895072908844
2021-04-30 01:30:00,12.700137447405714,13.85107882132141
2021-04-30 02:00:00,12.544678166841248,14.278886415188161
2021-04-30 02:30:00,12.399195117729723,13.516702776370021
2021-04-30 03:00:00,12.334318383308704,12.866835139015695
2021-04-30 03:30:00,12.467733147370838,11.427531805706861
2021-04-30 04:00:00,12.384049165812094,12.958279569600624
2021-04-30 04:30:00,12.523567777290488,13.856356695466813
2021-04-30 05:00:00,12.412155106207223,13.316989738092945
2021-04-30 05:30:00,12.51010442411999,13.916261737733244
2021-04-30 06:00:00,12.594931668475994,14.114199638356762
2021-04-30 06:30:00,12.453703763389859,14.5612530377439
2021-04-30 07:00:00,12.51386777141595,14.17762230268583
2021-04-30 07:30:00,12.654837981919375,14.76734300382359
2021-04-30 08:00:00,12.693117780582188,15.649062774095276
2021-04-30 08:30:00,12.700202755523986,16.178476515733255
2021-04-30 09:00:00,12.685922067248345,15.113279310363541
2021-04-30 09:30:00,12.811487715253689,15.72261195691443
2021-04-30 10:00:00,12.773775248391326,16.553053041173204
2021-04-30 10:30:00,13.188822709492396,18.23527950866235
2021-04-30 11:00:00,13.311081024558339,19.257993902295198
2021-04-30 11:30:00,13.307853729820975,20.155998629282095
2021-04-30 12:00:00,13.253344626720535,19.34621843528491
2021-04-30 12:30:00,13.372354372416401,21.567349067937307
2021-04-30 13:00:00,13.355936426874221,21.296493999716315
2021-04-30 13:30:00,13.362738097618985,20.581330986594093
2021-04-30 14:00:00,13.501752494326889,20.86171662887348
2021-04-30 14:30:00,13.4765404479989,20.163428128701472
2021-04-30 15:00:00,13.469698289528651,21.98694281331578
2021-04-30 15:30:00,13.548971976350451,21.385461979191035
2021-04-30 16:00:00,13.626182157095275,21.66290544899294
2021-04-30 16:30:00,13.607530831372946,22.301472726690648
2021-04-30 17:00:00,13.47485567729203,21.60918119815848
2021-04-30 17:30:00,13.416815345838572,22.128512788257105
2021-04-30 18:00:00,13.346187047489376,20.322739734550073
2021-04-30 18:30:00,13.488871680348758,21.439028881468403
2021-04-30 19:00:00,13.243161123902041,18.433531362692744
2021-04-30 19:30:00,13.274417935064468,18.582854356000254
2021-04-30 20:00:00,13.209559910123073,18.15615743975904
2021-04-30 20:30:00,13.357529784970124,17.014712344715374
2021-04-30 21:00:00,13.027731917779692,17.590949482963474
2021-04-30 21:30:00,13.05958853183332,16.57949981248885
2021-04-30 22:00:00,12.830243854755484,15.348120961633528
2021-04-30 22:30:00,12.804481383165653,15.8082164122269
2021-04-30 23:00:00,12.880789136751192,14.75109736351709
2021-04-30 23:30:00,12.721684804047833,14.099124153129685
2021-05-01 00:00:00,12.73572438152607,14.291654246476703
2021-05-01 00:30:00,12.783921797141195,14.256954573781481
2021-05-01 01:00:00,12.810739199983104,12.33258635537906
2021-05-01 01:30:00,12.654020418435517,12.06113496635956
2021-05-01 02:00:00,12.616528235719517,12.324864550404463
2021-05-01 02:30:00,12.632593282572891,11.544526946810578
2021-05-01 03:00:00,12.606628220163891,11.610249255144385
2021-05-01 03:30:00,12.437069592822457,11.993464654270078
2021-05-01 04:00:00,12.53261662826872,11.522848997906198
2021-05-01 04:30:00,12.693030495499169,11.986370740101039
2021-05-01 05:00:00,12.636322299534676,12.515183441649192
2021-05-01 05:30:00,12.342016881612873,11.98758502180023
2021-05-01 06:00:00,12.726959157478525,12.188858661990208
2021-05-01 06:30:00,12.784785299138402,11.702238314236332
2021-05-01 07:00:00,12.789083127375608,12.19118755892353
2021-05-01 07:30:00,12.804444318842794,13.6817398412707
2021-05-01 08:00:00,12.71421204432104,13.736073448089783
2021-05-01 08:30:00,12.847166730000373,14.356579454282002
2021-05-01 09:00:00,12.86655043905615,15.464463788570734
2021-05-01 09:30:00,13.109858246182302,16.27674123952465
2021-05-01 10:00:00,13.136032001018116,15.829544178101658
2021-05-01 10:30:00,13.075866910810435,15.936717977681274
2021-05-01 11:00:00,13.1479362932674,16.29729504420255
2021-05-01 11:30:00,13.255786282448426,17.968327247903098
2021-05-01 12:00:00,13.23990828198683,18.64533330700867
2021-05-01 12:30:00,13.383060308721022,19.68018572870664
2021-05-01 13:00:00,13.597120786190665,19.55813958993039
2021-05-01 13:30:00,13.51677502058039,19.56712324311838
2021-05-01 14:00:00,13.571767180658814,20.613099834317843
2021-05-01 14:30:00,13.530360219184017,20.269310056958563
2021-05-01 15:00:00,13.589300396899972,19.614546741066054
2021-05-01 15:30:00,13.639085709167164,19.727752116731725
2021-05-01 16:00:00,13.772522469735302,19.334576465000907
2021-05-01 16:30:00,13.628117377911797,21.62073768815791
2021-05-01 17:00:00,13.554951677666073,20.59297810715147
2021-05-01 17:30:00,13.645801756162406,20.339102333793626
2021-05-01 18:00:00,13.4477353302682,19.28151377955118
2021-05-01 18:30:00,13.646957258526045,19.50010968769377
2021-05-01 19:00:00,13.534338325272481,18.312071234027897
2021-05-01 19:30:00,13.384706586928656,19.225051113980243
2021-05-01 20:00:00,13.306093965368186,18.245131188078386
2021-05-01 20:30:00,13.282021045762407,16.595950040068534
2021-05-01 21:00:00,13.451165662656,17.279104250643925
2021-05-01 21:30:00,13.215604047104122,15.82313842173648
2021-05-01 22:00:00,13.140495110397167,16.203160734249135
2021-05-01 22:30:00,13.17682144577357,15.204682457946653
2021-05-01 23:00:00,12.775384048096962,14.758796334178914
2021-05-01 23:30:00,12.96438835437481,13.966497439670075
2021-05-02 00:00:00,12.791964538547363,13.377701703685837
2021-05-02 00:30:00,12.787215803706442,13.214058789944483
2021-05-02 01:00:00,12.640066322884076,11.975553045588695
2021-05-02 01:30:00,12.727891269349639,11.662436074950747
2021-05-02 02:00:00,12.634606406580328,11.7901404860364
2021-05-02 02:30:00,12.63422671614935,12.194635533068533
2021-05-02 03:00:00,12.626972329463538,10.38783127094558
2021-05-02 03:30:00,12.526572157084665,10.642477028400165
2021-05-02 04:00:00,12.681531527712396,10.073798267468687
2021-05-02 04:30:00,12.507698716390715,11.186347562385786
2021-05-02 05:00:00,12.545259702902266,10.848418768232673
2021-05-02 05:30:00,12.624486931655087,11.756757114293235
2021-05-02 06:00:00,12.744750586989495,12.477989122819208
2021-05-02 06:30:00,12.653624359243675,12.403394229745526
2021-05-02 07:00:00,12.827107815432468,13.550191607552819
2021-05-02 07:30:00,12.755809773719763,13.542199834136522
2021-05-02 08:00:00,12.806026334758402,14.748937244760674
2021-05-02 08:30:00,13.012396511153389,14.27928860929627
2021-05-02 09:00:00,13.050805791120089,15.345055642057346
2021-05-02 09:30:00,12.99273104341224,15.052775359062249
2021-05-02 10:00:00,13.182084058949487,15.51611288786244
2021-05-02 10:30:00,12.991651597005859,17.011214624565095
2021-05-02 11:00:00,13.249775834437818,16.38686358029806
2021-05-02 11:30:00,13.43573260178252,17.49703878369213
2021-05-02 12:00:00,13.436757815859274,18.113714123496344
2021-05-02 12:30:00,13.257155622626637,18.036496111593614
2021-05-02 13:00:00,13.409793258081494,18.095935398711823
2021-05-02 13:30:00,13.57079456362102,17.847958857729996
2021-05-02 14:00:00,13.480016483905025,18.3838318484629
2021-05-02 14:30:00,13.754071239229264,18.278679388499746
2021-05-02 15:00:00,13.655590616264304,18.75351529308632
2021-05-02 15:30:00,13.540054191264506,17.670429237106628
2021-05-02 16:00:00,13.670579609736475,18.67938848343254
2021-05-02 16:30:00,13.500037441459863,17.54737569878548
2021-05-02 17:00:00,13.511079577902724,18.016347297972402
2021-05-02 17:30:00,13.530888519701666,17.418693564159096
2021-05-02 18:00:00,13.591705509148971,17.640544182648814
2021-05-02 18:30:00,13.56219306197102,17.190398235505842
2021-05-02 19:00:00,13.325864070754866,17.011531034844374
2021-05-02 19:30:00,13.187161968977401,16.50599333317789
2021-05-02 20:00:00,13.340948280748622,16.562133520718152
2021-05-02 20:30:00,13.255898456152263,16.462546559653386
2021-05-02 21:00:00,13.165961223502997,14.937304565391454
2021-05-02 21:30:00,13.001328712501643,14.15459880041048
2021-05-02 22:00:00,13.021005497649234,13.848847364648341
2021-05-02 22:30:00,13.084258372521981,14.421805158982236
2021-05-02 23:00:00,13.02918283531086,11.738640969472558
2021-05-02 23:30:00,12.778681516212322,11.592073617653272
2021-05-03 00:00:00,12.614067980844183,11.409901579388048
2021-05-03 00:30:00,12.702285611910323,11.321599922999122
2021-05-03 01:00:00,12.638294099809515,10.993086915527307
2021-05-03 01:30:00,12.541013046920368,10.452739672520433
2021-05-03 02:00:00,12.585369247144024,10.265141468282707
2021-05-03 02:30:00,12.628764061326459,9.811748260545643
2021-05-03 03:00:00,12.46925671921548,10.064037329640588
2021-05-03 03:30:00,12.530192471092354,10.016934314944226
2021-05-03 04:00:00,12.417078131958919,9.574688968108195
2021-05-03 04:30:00,12.411259957965967,9.993850070024921
2021-05-03 05:00:00,12.539087287040868,9.152953769114125
2021-05-03 05:30:00,12.498217569952914,10.832655990722966
2021-05-03 06:00:00,12.434353082905226,10.09842202148011
2021-05-03 06:30:00,12.53095395834148,10.399971987577247
2021-05-03 07:00:00,12.742559277841597,11.419568224772636
2021-05-03 07:30:00,12.659739019109091,12.709004976802234
2021-05-03 08:00:00,12.805286353423893,12.318376395999332
2021-05-03 08:30:00,12.727348155948338,12.263282908675247
2021-05-03 09:00:00,12.871999043954723,13.502044564092978
2021-05-03 09:30:00,12.944038045515084,15.239403295982186
2021-05-03 10:00:00,12.939349786259958,14.300999611072523
2021-05-03 10:30:00,13.145699037027526,16.268637029629826
2021-05-03 11:00:00,13.16478366396294,15.953656484236776
2021-05-03 11:30:00,13.14431370214467,15.834240523328504
2021-05-03 12:00:00,13.419605758563433,16.73929719845906
2021-05-03 12:30:00,13.295788728890974,16.957104650131324
2021-05-03 13:00:00,13.344290785902995,18.08505019607611
2021-05-03 13:30:00,13.539956901151808,18.461749127281237
2021-05-03 14:00:00,13.591133158269434,18.766639681880747
2021-05-03 14:30:00,13.569010584521239,18.399544465238122
2021-05-03 15:00:00,13.420732666080463,19.33052558431031
2021-05-03 15:30:00,13.541199961757117,19.947473471122958
2021-05-03 16:00:00,13.66401884398541,19.648213162461612
2021-05-03 16:30:00,13.52119024346196,18.844167674994917
2021-05-03 17:00:00,13.592072303891165,19.19594854089914
2021-05-03 17:30:00,13.451672285072275,17.991332107797746
2021-05-03 18:00:00,13.483779390892805,18.905952538353716
2021-05-03 18:30:00,13.374168626495898,17.729256550035636
2021-05-03 19:00:00,13.408534433540481,17.73686776308752
2021-05-03 19:30:00,13.343616955186631,17.525268710898494
2021-05-03 20:00:00,13.287351765682853,15.037487658456353
2021-05-03 20:30:00,13.107657154826665,14.841324107771834
2021-05-03 21:00:00,13.229704625955687,14.709233644138791
2021-05-03 21:30:00,13.141020072028576,13.45676864186102
2021-05-03 22:00:00,13.06265546460291,13.625034592557752
2021-05-03 22:30:00,12.953713634293045,12.552734893282352
2021-05-03 23:00:00,12.875168251597456,11.618672945499677
2021-05-03 23:30:00,12.742840291383672,11.902260864699691
2021-05-04 00:00:00,12.6241313648283,11.875520829955653
2021-05-04 00:30:00,12.53556108208911,9.452580676243304
2021-05-04 01:00:00,12.680304949617087,10.13953148606887
2021-05-04 01:30:00,12.50959527050175,9.644257102220966
2021-05-04 02:00:00,12.448078164287208,9.140109583552531
2021-05-04 02:30:00,12.412733878654599,8.48145309798443
2021-05-04 03:00:00,12.441397366008703,8.321108274476666
2021-05-04 03:30:00,12.430429416388572,8.49155098694701
2021-05-04 04:00:00,12.45483268818789,7.641135511883252
2021-05-04 04:30:00,12.444242122936453,8.546440812391651
2021-05-04 05:00:00,12.438964670011636,8.798239182191594
2021-05-04 05:30:00,12.2655194694849,9.455377314806512
2021-05-04 06:00:00,12.398860456267876,8.72730232806557
2021-05-04 06:30:00,12.465460107489696,8.087250826482757
2021-05-04 07:00:00,12.580424113421165,8.85280542487622
2021-05-04 07:30:00,12.604767269987802,9.614805414765113
2021-05-04 08:00:00,12.714770386058925,11.267095301618532
2021-05-04 08:30:00,12.67369022364743,10.70552989721842
2021-05-04 09:00:00,12.824220331702785,11.616099360768523
2021-05-04 09:30:00,13.080481826491523,12.112738496205115
2021-05-04 10:00:00,12.96939270327102,12.70319372132192
2021-05-04 10:30:00,12.889027024832636,14.09037335837159
2021-05-04 11:00:00,13.020398868305888,15.24515366054905
2021-05-04 11:30:00,13.002280567174092,15.107860965845129
2021-05-04 12:00:00,13.224558421564787,14.93062044232309
2021-05-04 12:30:00,13.257877622158805,16.53297280330231
2021-05-04 13:00:00,13.358805116609968,16.331577384420562
2021-05-04 13:30:00,13.423261789965277,16.120736316147422
2021-05-04 14:00:00,13.177132556946109,17.21153883299229
2021-05-04 14:30:00,13.27895687963862,17.086511560715365
2021-05-04 15:00:00,13.609721808826968,17.393433892003134
2021-05-04 15:30:00,13.404079762642453,18.442464635522125
2021-05-04 16:00:00,13.391118937271804,18.59656318927233
2021-05-04 16:30:00,13.416440563535522,17.32870249242332
2021-05-04 17:00:00,13.497083179710314,18.357596421858048
2021-05-04 17:30:00,13.53171142401362,17.902950416301096
2021-05-04 18:00:00,13.398091754057704,17.440136230717794
2021-05-04 18:30:00,13.34011373685138,17.562605095534956
2021-05-04 19:00:00,13.3558565929117,15.769174137365738
2021-05-04 19:30:00,13.262157462824838,16.34584197510382
2021-05-04 20:00:00,13.114915787930979,15.379990369435493
2021-05-04 20:30:00,13.280528181202216,14.055342547807847
2021-05-04 21:00:00,12.922548879021239,13.721213065030344
2021-05-04 21:30:00,12.993651377084081,12.914798001190894
2021-05-04 22:00:00,12.776774984372251,13.215588656987045
2021-05-04 22:30:00,12.838935260916491,11.581735842145676
2021-05-04 23:00:00,12.837623020129804,11.343168450624235
2021-05-04 23:30:00,12.735651368463975,11.201800616399705
2021-05-05 00:00:00,13.350829633760014,10.318257853350495
2021-05-05 00:30:00,13.351668886794908,9.118630415242567
2021-05-05 01:00:00,13.360770519171135,9.115871354117095
2021-05-05 01:30:00,13.09130648191008,9.556170817022306
2021-05-05 02:00:00,13.254341399828812,9.498501655241887
2021-05-05 02:30:00,13.071848135766812,9.723789682412834
2021-05-05 03:00:00,13.171015826139872,8.199331693155036
2021-05-05 03:30:00,13.111189374408339,8.974140312943483
2021-05-05 04:00:00,12.881618383620275,8.357454488913657
2021-05-05 04:30:00,13.243513798897089,9.054689832230812
2021-05-05 05:00:00,13.17695730796675,9.090318787359761
2021-05-05 05:30:00,12.879169248830571,9.225332413268585
2021-05-05 06:00:00,13.081514892190313,10.241767839719808
2021-05-05 06:30:00,13.13427626228884,10.350258273220328
2021-05-05 07:00:00,13.159217228340585,11.361004027004677
2021-05-05 07:30:00,13.348054896731036,10.539380324672315
2021-05-05 08:00:00,13.322711942357625,12.452042878175313
2021-05-05 08:30:00,13.424057416340874,13.30594877031876
2021-05-05 09:00:00,13.483724978366865,13.775216502228988
2021-05-05 09:30:00,13.696167931584537,13.707283450178748
2021-05-05 10:00:00,13.621935655360733,14.339397959237349
2021-05-05 10:30:00,13.656764818945485,14.950053121339378
2021-05-05 11:00:00,13.684241754563354,14.474670422834226
2021-05-05 11:30:00,13.877976628669794,16.270786805367806
2021-05-05 12:00:00,13.873347550529953,16.57525428136331
2021-05-05 12:30:00,13.794347242796679,16.31035023078824
2021-05-05 13:00:00,13.869769457639158,16.844048522302856
2021-05-05 13:30:00,14.125798256671182,16.275985926223193
2021-05-05 14:00:00,14.160682846179432,18.15251562349167
2021-05-05 14:30:00,14.198367042350144,17.798471308794664
2021-05-05 15:00:00,14.206509037591154,18.808172714362566
2021-05-05 15:30:00,14.280488534304839,16.51283072829216
2021-05-05 16:00:00,14.202691814745917,17.18269159873053
2021-05-05 16:30:00,14.141926501062516,16.7073286344038
2021-05-05 17:00:00,14.067181270186852,16.37507607591907
2021-05-05 17:30:00,14.093955228100695,16.392387545323416
2021-05-05 18:00:00,14.291856046753287,15.019165783984787
2021-05-05 18:30:00,14.181573347083495,15.137819045782516
2021-05-05 19:00:00,14.07112293326948,15.553616924475216
2021-05-05 19:30:00,13.976135766013579,14.883429588737023
2021-05-05 20:00:00,13.988549843676047,14.587318115473273
2021-05-05 20:30:00,13.910240034447748,14.523708015331858
2021-05-05 21:00:00,13.773694642203179,14.087157954607216
2021-05-05 21:30:00,13.817948005770923,13.193652857077089
2021-05-05 22:00:00,13.469780901737787,11.787101181813625
2021-05-05 22:30:00,13.476730546261184,11.129150484555305
2021-05-05 23:00:00,13.323652166614002,10.746765466624984
2021-05-05 23:30:00,13.549247489666769,11.318467310207804
2021-05-06 00:00:00,13.89909094079009,9.836917934068639
2021-05-06 00:30:00,13.931147731162039,9.261895376178797
2021-05-06 01:00:00,13.760568138687887,8.925136765920477
2021-05-06 01:30:00,13.632480443356133,8.144956139962199
2021-05-06 02:00:00,13.61499218848503,7.822595656909341
2021-05-06 02:30:00,13.475216638737468,8.360885522423699
2021-05-06 03:00:00,13.47871010885904,7.939019311365112
2021-05-06 03:30:00,13.58607820373691,8.089290681821883
2021-05-06 04:00:00,13.679090014122123,7.701432767302362
2021-05-06 04:30:00,13.443695042841554,7.495799782038397
2021-05-06 05:00:00,13.551239626157328,8.733091468471338
2021-05-06 05:30:00,13.748493657641461,8.406356741440844
2021-05-06 06:00:00,13.530423455539715,8.818326499110984
2021-05-06 06:30:00,13.57205660233589,8.171316262703431
2021-05-06 07:00:00,13.731839215750007,10.295731710301851
2021-05-06 07:30:00,13.793055464043954,10.03566618409156
2021-05-06 08:00:00,14.104324429436637,10.610633273013544
2021-05-06 08:30:00,14.07342702620845,11.827973488266721
2021-05-06 09:00:00,13.912463434970839,12.24357321849338
2021-05-06 09:30:00,13.924012790406607,11.87024930484766
2021-05-06 10:00:00,14.167878747878659,13.426864002285855
2021-05-06 10:30:00,14.139171401024438,13.773221264871543
2021-05-06 11:00:00,14.365425088927129,14.65243476649898
2021-05-06 11:30:00,14.274833548489875,14.257906992724646
2021-05-06 12:00:00,14.27870766507969,15.026329975411434
2021-05-06 12:30:00,14.60395538492374,15.382825945162152
2021-05-06 13:00:00,14.37680581940816,16.61222991836029
2021-05-06 13:30:00,14.558830481120648,16.801296497456374
2021-05-06 14:00:00,14.648624373827749,15.841608475831757
2021-05-06 14:30:00,14.76253804849822,17.53071055129162
2021-05-06 15:00:00,14.615589577337095,18.257385077132206
2021-05-06 15:30:00,14.797161761952456,17.429777622221795
2021-05-06 16:00:00,14.541089904759906,17.822732286687536
2021-05-06 16:30:00,14.679723527696192,16.820952122916633
2021-05-06 17:00:00,14.62670955873455,16.204634782734043
2021-05-06 17:30:00,14.875413588150993,15.744625813558926
2021-05-06 18:00:00,14.487800110013668,15.736773177372257
2021-05-06 18:30:00,14.62630079589854,15.481057360045467
2021-05-06 19:00:00,14.45661368616575,15.21054317025209
2021-05-06 19:30:00,14.491493021782816,14.510169512504348
2021-05-06 20:00:00,14.418553393088743,14.108124411581773
2021-05-06 20:30:00,14.317700495514565,13.467512105074917
2021-05-06 21:00:00,14.3048058278029,13.557991923992954
2021-05-06 21:30:00,14.279196746104219,12.148299303970775
2021-05-06 22:00:00,13.94076065335529,11.59138575977295
2021-05-06 22:30:00,13.839610887938058,11.70857854926467
2021-05-06 23:00:00,14.020667983518214,9.908584548014527
2021-05-06 23:30:00,13.945813561000785,9.368530299520899
2021-05-07 00:00:00,13.888388754260184,9.30387165090776
2021-05-07 00:30:00,13.832111111391264,9.380116631982268
2021-05-07 01:00:00,13.723572130966053,8.137298800502094
2021-05-07 01:30:00,13.775012570884883,7.8804890339903215
2021-05-07 02:00:00,13.757866165468899,6.988369309772519
2021-05-07 02:30:00,13.643860288430645,7.417985393983368
2021-05-07 03:00:00,13.593328697601779,6.723986817641817
2021-05-07 03:30:00,13.560336917065577,7.15340101817666
2021-05-07 04:00:00,13.601293475883569,8.719475958878224
2021-05-07 04:30:00,13.710156407720454,7.630593405583801
2021-05-07 05:00:00,13.59344360345578,8.533243639467381
2021-05-07 05:30:00,13.447114053232836,8.756996224274442
2021-05-07 06:00:00,13.622761475346,9.518812876874115
2021-05-07 06:30:00,13.681100788057071,9.737212366353127
2021-05-07 07:00:00,13.724154963990587,10.466619938157605
2021-05-07 07:30:00,13.675668581335762,10.187308729838257
2021-05-07 08:00:00,13.896042356005163,12.065316073616373
2021-05-07 08:30:00,13.96176607589658,13.076476047683101
2021-05-07 09:00:00,13.986488920475859,12.001805932457486
2021-05-07 09:30:00,14.209348738852178,13.987227944235938
2021-05-07 10:00:00,14.062885014021758,13.83880207814357
2021-05-07 10:30:00,14.140578622388228,13.619738378647355
2021-05-07 11:00:00,14.389270548681123,14.314779923380351
2021-05-07 11:30:00,14.453092424978434,15.355716697851296
2021-05-07 12:00:00,14.468301130151014,14.807622887894832
2021-05-07 12:30:00,14.351939874705517,15.941062371406616
2021-05-07 13:00:00,14.708143533974097,16.1203819396607
2021-05-07 13:30:00,14.497311858887759,16.736443801780574
2021-05-07 14:00:00,14.651290145523827,17.243230813021928
2021-05-07 14:30:00,14.63494213336508,18.309163168339644
2021-05-07 15:00:00,14.527753912269917,17.730366379098843
2021-05-07 15:30:00,14.890796310261994,17.225979464046354
2021-05-07 16:00:00,14.791951775359973,18.240746741161626
2021-05-07 16:30:00,14.693491204279239,16.9844827483911
2021-05-07 17:00:00,14.63830014358117,17.33801006566023
2021-05-07 17:30:00,14.885082011166558,16.91959264166675
2021-05-07 18:00:00,14.850034823417065,15.673325864939889
2021-05-07 18:30:00,14.622119850673975,15.646363717776318
2021-05-07 19:00:00,14.715112259989654,14.782123659618138
2021-05-07 19:30:00,14.616733332083365,13.196848603021637
2021-05-07 20:00:00,14.4293611589178,13.840484898215884
2021-05-07 20:30:00,14.501442494313403,13.824509803116106
2021-05-07 21:00:00,14.412040213308188,13.819477775994146
2021-05-07 21:30:00,14.421894814350425,12.887799634766992
2021-05-07 22:00:00,14.168217330147138,10.983843305083493
2021-05-07 22:30:00,14.174793646875413,11.626066277853822
2021-05-07 23:00:00,13.91006963855043,11.507111210526555
2021-05-07 23:30:00,14.162940387200893,11.22568925660453
2021-05-08 00:00:00,13.945604982052268,10.613460555816074
2021-05-08 00:30:00,14.054819900660346,10.326435603904594
2021-05-08 01:00:00,13.810923814730526,9.152739760901444
2021-05-08 01:30:00,13.938162858235271,7.689951496671291
2021-05-08 02:00:00,13.80769053139324,9.147726211868205
2021-05-08 02:30:00,13.6995475675317,8.832503294948074
2021-05-08 03:00:00,13.615135333185835,8.529276026280089
2021-05-08 03:30:00,13.628443859080797,7.646156014414001
2021-05-08 04:00:00,13.95068923689839,8.67709564223662
2021-05-08 04:30:00,13.74224742361919,8.653366471874936
2021-05-08 05:00:00,13.767031724084642,8.308505531335747
2021-05-08 05:30:00,13.799777402886894,9.182303345119541
2021-05-08 06:00:00,13.720892020740875,9.914221492297504
2021-05-08 06:30:00,13.764927609640134,9.533140948373093
2021-05-08 07:00:00,13.70319790235867,9.696021119341562
2021-05-08 07:30:00,13.936006550145319,10.78101995378963
2021-05-08 08:00:00,14.20013139974799,11.672305452528295
2021-05-08 08:30:00,14.078942347769008,11.806517721454895
2021-05-08 09:00:00,13.907533726463427,11.403474069631807
2021-05-08 09:30:00,14.207904663821989,12.832793603154524
2021-05-08 10:00:00,14.135389094618361,13.981455728194518
2021-05-08 10:30:00,14.408240211185138,13.090423803615494
2021-05-08 11:00:00,14.360308478501175,14.476966500459852
2021-05-08 11:30:00,14.369917293654666,13.757250233225296
2021-05-08 12:00:00,14.54510627762436,14.754384141515798
2021-05-08 12:30:00,14.590073202103357,14.746351218076892
2021-05-08 13:00:00,14.796712543473152,15.211406679635676
2021-05-08 13:30:00,14.905228248121166,15.849462536743088
2021-05-08 14:00:00,14.885109079147837,14.855614063871478
2021-05-08 14:30:00,14.921950262591547,15.635347722465205
2021-05-08 15:00:00,14.73346902200304,14.846326122524953
2021-05-08 15:30:00,14.78803849613002,15.562723250417815
2021-05-08 16:00:00,14.78733237501618,14.97296933824366
2021-05-08 16:30:00,14.97899784273594,13.745107734433747
2021-05-08 17:00:00,14.93419044041903,14.832125020283911
2021-05-08 17:30:00,14.948807785737568,14.538619185771847
2021-05-08 18:00:00,14.75540279357119,14.388125224448311
2021-05-08 18:30:00,14.728390663892343,13.520508620799685
2021-05-08 19:00:00,14.876428287011805,13.202953854778855
2021-05-08 19:30:00,14.625016317083043,13.216399810767102
2021-05-08 20:00:00,14.677357441746757,13.989840347775704
2021-05-08 20:30:00,14.421934934504291,12.403885172502463
2021-05-08 21:00:00,14.259127511252316,12.679397528983912
2021-05-08 21:30:00,14.257411437297497,11.716965253385501
2021-05-08 22:00:00,14.29337773926951,10.437732037321444
2021-05-08 22:30:00,14.318869139418506,9.834559382591548
2021-05-08 23:00:00,14.103120648659523,10.101527778757555
2021-05-08 23:30:00,14.115107532717943,9.29906216852416
2021-05-09 00:00:00,14.090985473453285,8.030641837588716
2021-05-09 00:30:00,13.9955678016168,8.175059958575794
2021-05-09 01:00:00,13.941742774114509,7.451088787903675
2021-05-09 01:30:00,13.909843320199837,8.029939694446519
2021-05-09 02:00:00,13.743634476544152,6.486626516196958
2021-05-09 02:30:00,13.599679900788368,7.865690219434723
2021-05-09 03:00:00,13.65514866132884,8.117940476704781
2021-05-09 03:30:00,13.630892757854472,7.548530060675264
2021-05-09 04:00:00,13.7494725522541,7.4515672939988065
2021-05-09 04:30:00,13.750714255095675,7.50768778600917
2021-05-09 05:00:00,13.676264806517427,7.54523188895017
2021-05-09 05:30:00,13.866293654147098,8.399119122611042
2021-05-09 06:00:00,13.849667332197534,8.690426922603775
2021-05-09 06:30:00,13.641355117661778,9.590445208741983
2021-05-09 07:00:00,13.782349897955772,9.179913357695623
2021-05-09 07:30:00,13.922128916188075,10.19840323659873
2021-05-09 08:00:00,14.036996777141038,10.772251885336994
2021-05-09 08:30:00,14.047334127856264,11.885283514619665
2021-05-09 09:00:00,14.075568019155227,12.301313230019302
2021-05-09 09:30:00,14.128405947275795,12.375688524315345
2021-05-09 10:00:00,14.276988530171328,12.863198567455813
2021-05-09 10:30:00,14.310425131749946,12.856205430758298
2021-05-09 11:00:00,14.603307828551081,14.277847487192364
2021-05-09 11:30:00,14.449219246114927,13.974847937179337
2021-05-09 12:00:00,14.605921158869338,13.854089151009553
2021-05-09 12:30:00,14.779588857795675,13.740751983029828
2021-05-09 13:00:00,14.578765631072564,15.828285654177764
2021-05-09 13:30:00,14.745860936133601,14.68967623414819
2021-05-09 14:00:00,14.832716867912753,13.817556848688
2021-05-09 14:30:00,14.814829068088937,13.993981884814655
2021-05-09 15:00:00,14.740096921039727,13.987494612430634
2021-05-09 15:30:00,14.75936849361792,13.406431056098235
2021-05-09 16:00:00,14.772634219414373,13.822835586159375
2021-05-09 16:30:00,15.127738111946167,14.375481765530001
2021-05-09 17:00:00,15.047590484842738,13.954051941915822
2021-05-09 17:30:00,14.953090472140877,14.017370238763519
2021-05-09 18:00:00,14.900054637489587,13.535836137963207
2021-05-09 18:30:00,14.743149110392402,13.05678174703321
2021-05-09 19:00:00,14.611926217865756,13.213673699501207
2021-05-09 19:30:00,14.69501271242067,12.381292123333628
2021-05-09 20:00:00,14.611206841870787,11.335209984782859
2021-05-09 20:30:00,14.447606303206426,11.600702330187955
2021-05-09 21:00:00,14.605619386790627,10.349617339233378
2021-05-09 21:30:00,14.571875419619337,9.710868296000736
2021-05-09 22:00:00,14.37935045282178,8.675814883707776
2021-05-09 22:30:00,14.163985964435962,7.974333997271362
2021-05-09 23:00:00,14.213264804424748,7.567641199387109
2021-05-09 23:30:00,13.939625898669561,7.193614800259831
2021-05-10 00:00:00,14.034324847060699,6.993977605303709
2021-05-10 00:30:00,13.990534685072873,6.426932778071924
2021-05-10 01:00:00,13.84317776729419,5.85468639305314
2021-05-10 01:30:00,13.78534688047173,5.159791637877664
2021-05-10 02:00:00,13.858340189355223,6.569618983792468
2021-05-10 02:30:00,13.662769776403499,5.645515279751581
2021-05-10 03:00:00,13.666010440614835,5.909617455014426
2021-05-10 03:30:00,13.911655682979031,4.87956504559146
2021-05-10 04:00:00,13.925000030614704,5.444590760035481
2021-05-10 04:30:00,13.758159065129385,5.995613796588491
2021-05-10 05:00:00,13.817744432844535,6.398619675238478
2021-05-10 05:30:00,13.95245598258992,5.6531812308270135
2021-05-10 06:00:00,13.834554438187153,7.495301117392539
2021-05-10 06:30:00,14.032290147415813,6.69566727125358
2021-05-10 07:00:00,14.078666308033553,7.1911108288062175
2021-05-10 07:30:00,13.957430102977643,9.695045136614311
2021-05-10 08:00:00,14.01406002581982,8.81714459166996
2021-05-10 08:30:00,13.929233200071288,10.756607464459115
2021-05-10 09:00:00,14.02107390345622,11.198801656325053
2021-05-10 09:30:00,14.30868310522022,12.138090898765972
2021-05-10 10:00:00,14.1206145011747,13.033617563088232
2021-05-10 10:30:00,14.50547585842251,12.849397132392124
2021-05-10 11:00:00,14.608201170698706,14.90380414683164
2021-05-10 11:30:00,14.523921944009684,14.832936437187994
2021-05-10 12:00:00,14.617879260278533,15.505783175210086
2021-05-10 12:30:00,14.674333638525532,15.9303096754257
2021-05-10 13:00:00,14.643208298151302,15.887499456524933
2021-05-10 13:30:00,14.715294533517179,14.735288461439737
2021-05-10 14:00:00,14.942902800740505,15.401344147743142
2021-05-10 14:30:00,14.839841086431408,16.397152754724956
2021-05-10 15:00:00,14.940577166418514,16.136366592826075
2021-05-10 15:30:00,14.936978385088887,16.307093487113853
2021-05-10 16:00:00,15.055868732116574,16.42320666406684
2021-05-10 16:30:00,14.984945662674592,15.771898759416485
2021-05-10 17:00:00,14.90217537641541,15.66670015531373
2021-05-10 17:30:00,15.039466339289035,15.281606805665257
2021-05-10 18:00:00,14.581295571764155,16.171710497299138
2021-05-10 18:30:00,15.01414211444966,15.34635104105069
2021-05-10 19:00:00,14.654857174446912,15.255875886100352
2021-05-10 19:30:00,14.687987379719635,15.010454577662172
2021-05-10 20:00:00,14.543812662204017,14.053846255840483
2021-05-10 20:30:00,14.74116704494051,13.239430261668108
2021-05-10 21:00:00,14.531495391250921,11.557114511612353
2021-05-10 21:30:00,14.45051822456467,11.546542661312293
2021-05-10 22:00:00,14.299945689888766,12.085963328358282
2021-05-10 22:30:00,14.142076346374353,11.06886756021465
2021-05-10 23:00:00,14.251446375105132,10.079176230559646
2021-05-10 23:30:00,14.180663382429154,9.813923634358312
2021-05-11 00:00:00,14.118029796221808,8.536799631410553
2021-05-11 00:30:00,14.05901402524709,7.499810185568315
2021-05-11 01:00:00,13.664580810959192,7.157612086526705
2021-05-11 01:30:00,13.881671654688269,7.999556043701202
2021-05-11 02:00:00,13.930166754338332,7.012066833127165
2021-05-11 02:30:00,13.974017639331507,7.500634260363724
2021-05-11 03:00:00,13.65873139737519,6.346364632521178
2021-05-11 03:30:00,13.763441288975834,7.963141183677262
2021-05-11 04:00:00,13.647621819546812,6.432465819136893
2021-05-11 04:30:00,13.814356972489758,7.289915238749738
2021-05-11 05:00:00,13.84263171444145,6.334261707993732
2021-05-11 05:30:00,13.92849208100887,8.022718077313009
2021-05-11 06:00:00,13.663080710785096,8.309450950347053
2021-05-11 06:30:00,14.074818511500133,8.543089019370992
2021-05-11 07:00:00,13.90837795987564,8.708765430391074
2021-05-11 07:30:00,14.000682853910655,8.971625975142516
2021-05-11 08:00:00,14.154476345732677,9.609543234985424
2021-05-11 08:30:00,14.251469317423574,10.02514057719232
2021-05-11 09:00:00,14.351397803067837,10.963386424535665
2021-05-11 09:30:00,14.295301741262834,12.100578505522035
2021-05-11 10:00:00,14.218486501478296,12.120523819898565
2021-05-11 10:30:00,14.485841958115788,12.240473396696352
2021-05-11 11:00:00,14.512452620371358,12.68444437423531
2021-05-11 11:30:00,14.57810785835616,13.85250478846183
2021-05-11 12:00:00,14.706310968442047,14.124559660801962
2021-05-11 12:30:00,14.75085356654151,13.711970143398688
2021-05-11 13:00:00,14.979472688139941,14.29933659427927
2021-05-11 13:30:00,15.009577412605756,14.997986113577042
2021-05-11 14:00:00,14.90315227400334,15.588725961552706
2021-05-11 14:30:00,14.834761890191478,14.205889813007387
2021-05-11 15:00:00,15.068225076807945,15.38158982906465
2021-05-11 15:30:00,15.113352434383305,15.638631353465051
2021-05-11 16:00:00,14.961903351203787,15.152933320058962
2021-05-11 16:30:00,15.11442447498201,14.841636870515169
2021-05-11 17:00:00,14.905125035300065,15.665168654625916
2021-05-11 17:30:00,15.120400009593192,14.968114155913247
2021-05-11 18:00:00,14.959162711550011,14.242477454793951
2021-05-11 18:30:00,14.765703671940622,14.690573590733848
2021-05-11 19:00:00,14.583238318631235,14.117697470578106
2021-05-11 19:30:00,14.813913189223037,13.919222651982553
2021-05-11 20:00:00,14.709264509223889,13.20822349555886
2021-05-11 20:30:00,14.64182168355062,13.93680975313683
2021-05-11 21:00:00,14.705349783522557,12.551170981856908
2021-05-11 21:30:00,14.33877722389724,12.388527994128344
2021-05-11 22:00:00,14.342592688338463,10.857285043512846
2021-05-11 22:30:00,14.480603448636012,10.514159824719062
2021-05-11 23:00:00,14.297416269945588,9.617371900313305
2021-05-11 23:30:00,14.026027171942612,8.373102864358884
2021-05-12 00:00:00,14.043670845595178,9.060998840984944
2021-05-12 00:30:00,13.672565527446839,8.039165017682379
2021-05-12 01:00:00,13.63322758357205,8.641255502191916
2021-05-12 01:30:00,13.74187807575516,7.37685570097839
2021-05-12 02:00:00,13.524101130911701,7.287493148281253
2021-05-12 02:30:00,13.6663674375374,7.511260766690527
2021-05-12 03:00:00,13.725994765727519,7.464475522666373
2021-05-12 03:30:00,13.684064770465866,7.420469322956925
2021-05-12 04:00:00,13.602729300981366,6.849096927559865
2021-05-12 04:30:00,13.643235193771513,8.712084313792955
2021-05-12 05:00:00,13.536078080083767,6.848877966028137
2021-05-12 05:30:00,13.656619565474209,7.764816791480778
2021-05-12 06:00:00,13.643381983052778,8.267313180794972
2021-05-12 06:30:00,13.834009640938474,8.0063349655578
2021-05-12 07:00:00,13.5420233262115,9.361416041599574
2021-05-12 07:30:00,13.821878899397005,9.425169143819284
2021-05-12 08:00:00,13.920076110031788,10.800239907177168
2021-05-12 08:30:00,13.912615731249451,11.026717536115475
2021-05-12 09:00:00,13.90237080554223,11.481569203912679
2021-05-12 09:30:00,13.986876309960932,12.384083180852395
2021-05-12 10:00:00,14.206489936123335,13.409680728085505
2021-05-12 10:30:00,14.242748968084504,13.648952552990716
2021-05-12 11:00:00,14.232657594118638,14.08479836138857
2021-05-12 11:30:00,14.366649107631986,15.816352181702499
2021-05-12 12:00:00,14.67234705874591,15.927110092304446
2021-05-12 12:30:00,14.343325454505274,15.187750505178942
2021-05-12 13:00:00,14.642858750039794,15.3245283816721
2021-05-12 13:30:00,14.633885115090417,15.324012449986766
2021-05-12 14:00:00,14.687531180332023,15.96444157848863
2021-05-12 14:30:00,14.815347403545662,16.955416073554893
2021-05-12 15:00:00,14.554840734607438,16.59468487655558
2021-05-12 15:30:00,14.718523926738216,18.17829478704102
2021-05-12 16:00:00,14.722581022052733,17.490380897458483
2021-05-12 16:30:00,14.845837981657583,16.580326945685474
2021-05-12 17:00:00,14.692790916789123,16.388652439201937
2021-05-12 17:30:00,14.763807363103293,16.953187229452045
2021-05-12 18:00:00,14.494346810949137,15.548917156900613
2021-05-12 18:30:00,14.55567067978603,15.566493945585204
2021-05-12 19:00:00,14.52934518867845,16.07599371150968
2021-05-12 19:30:00,14.508373479760502,15.385549517793343
2021-05-12 20:00:00,14.469642189822578,14.303098144055912
2021-05-12 20:30:00,14.303058731444182,13.951996488402214
2021-05-12 21:00:00,14.396597382149027,13.044100619231225
2021-05-12 21:30:00,14.350008357466718,11.373518859153048
2021-05-12 22:00:00,14.022217617198129,10.838284436283205
2021-05-12 22:30:00,14.194350573776694,10.22520246361948
2021-05-12 23:00:00,13.955391375059332,10.837298269414287
2021-05-12 23:30:00,14.080075221538381,9.635685808124219
2021-05-13 00:00:00,13.773269669205192,8.434258748019698
2021-05-13 00:30:00,13.650645973801062,8.676282200552802
2021-05-13 01:00:00,13.641805457755595,8.311014782579761
2021-05-13 01:30:00,13.53767135921263,8.239288729613454
2021-05-13 02:00:00,13.424651674131415,7.725704448299819
2021-05-13 02:30:00,13.53576204288005,6.975371275734671
2021-05-13 03:00:00,13.476482843455194,7.791577429441442
2021-05-13 03:30:00,13.494218864683392,7.643523504330926
2021-05-13 04:00:00,13.348612088198808,7.810981951190688
2021-05-13 04:30:00,13.364808958916898,7.949277931110287
2021-05-13 05:00:00,13.325778554613485,9.039802203520292
2021-05-13 05:30:00,13.531485342506945,8.076382674707888
2021-05-13 06:00:00,13.358555277892702,9.450164303793555
2021-05-13 06:30:00,13.470399652851954,10.209651104062885
2021-05-13 07:00:00,13.523611444567033,10.151228164034647
2021-05-13 07:30:00,13.595977964056546,10.60735905169754
2021-05-13 08:00:00,13.528009709387607,10.855519716653209
2021-05-13 08:30:00,13.707432927135248,11.788417985330954
2021-05-13 09:00:00,13.812991536421965,12.259355227780505
2021-05-13 09:30:00,13.740507277278835,11.99781394478467
2021-05-13 10:00:00,13.885846456318184,13.4770624633889
2021-05-13 10:30:00,14.012944850062508,13.815484646260105
2021-05-13 11:00:00,14.024591277375189,14.368247064533755
2021-05-13 11:30:00,13.984048585033504,14.65419101003144
2021-05-13 12:00:00,14.379838973223354,14.711389610141948
2021-05-13 12:30:00,14.288066734890233,15.798109278851202
2021-05-13 13:00:00,14.34999889254199,16.627321337977484
2021-05-13 13:30:00,14.310921039010342,16.810418027373508
2021-05-13 14:00:00,14.575443516755584,18.060103264015407
2021-05-13 14:30:00,14.434051884541653,17.475803499734365
2021-05-13 15:00:00,14.447164288561495,16.77269189302264
2021-05-13 15:30:00,14.559293286485222,17.170158982388426
2021-05-13 16:00:00,14.615623367644364,16.75758178585996
2021-05-13 16:30:00,14.722892069846012,18.17232355425124
2021-05-13 17:00:00,14.538676021370925,17.266771153425104
2021-05-13 17:30:00,14.601335900056736,17.168535883364896
2021-05-13 18:00:00,14.38275956817552,16.57455266277134
2021-05-13 18:30:00,14.28211379304286,16.26854004326813
2021-05-13 19:00:00,14.3441997346986,16.71426078029517
2021-05-13 19:30:00,14.332334235015946,15.83421190998814
2021-05-13 20:00:00,14.085592663565635,13.846309130165602
2021-05-13 20:30:00,14.195165136788168,14.653796525554355
2021-05-13 21:00:00,13.918911164189005,13.366965009958966
2021-05-13 21:30:00,14.005075867368658,14.139135559296745
2021-05-13 22:00:00,14.025999971166828,13.717675047802269
2021-05-13 22:30:00,13.9795304049474,13.060622569488531
2021-05-13 23:00:00,13.863602230768144,12.451410126411403
2021-05-13 23:30:00,13.648000299004122,11.317420895892598
2021-05-14 00:00:00,13.678848480073091,10.597849543547968
2021-05-14 00:30:00,13.504395992457182,10.790313252652776
2021-05-14 01:00:00,13.588270326648294,10.269842670313345
2021-05-14 01:30:00,13.290264980518275,9.501021067001258
2021-05-14 02:00:00,13.314279274205216,9.295611801878659
2021-05-14 02:30:00,13.397391568016745,8.955223011156459
2021-05-14 03:00:00,13.222483451304116,9.315609263709293
2021-05-14 03:30:00,13.272240846257427,8.721063720833618
2021-05-14 04:00:00,13.435878169727415,8.485404963755316
2021-05-14 04:30:00,13.340346704635516,8.509200248506524
2021-05-14 05:00:00,13.324887819921504,9.373938102460434
2021-05-14 05:30:00,13.341965481577487,8.548666083412911
2021-05-14 06:00:00,13.411165134751842,8.673898365742929
2021-05-14 06:30:00,13.409260663174543,10.223664589620087
2021-05-14 07:00:00,13.530219581539292,10.034281706721924
2021-05-14 07:30:00,13.512985666939604,11.195648048505168
2021-05-14 08:00:00,13.717042697420819,10.99158953506796
2021-05-14 08:30:00,13.69888016441601,11.377365127109439
2021-05-14 09:00:00,13.768367453216676,12.577817456648631
2021-05-14 09:30:00,13.696214841273065,13.903603524911786
2021-05-14 10:00:00,13.75342056490639,13.983519987322804
2021-05-14 10:30:00,13.909818386154733,13.853392522188065
2021-05-14 11:00:00,14.062823049041805,15.194579544427535
2021-05-14 11:30:00,14.198672030656383,15.405835303670255
2021-05-14 12:00:00,14.005028170216226,15.6108097986186
2021-05-14 12:30:00,14.306988398166709,16.2914501129149
2021-05-14 13:00:00,14.424803759700596,15.805106416403746
2021-05-14 13:30:00,14.44764910993026,17.259258936683878
2021-05-14 14:00:00,14.38955196421309,16.97717847450242
2021-05-14 14:30:00,14.334043479404855,18.01933271236183
2021-05-14 15:00:00,14.337486945109546,18.082858689326336
2021-05-14 15:30:00,14.414151320692929,17.83767899261643
2021-05-14 16:00:00,14.616577542793342,17.4227635183371
2021-05-14 16:30:00,14.336700363952538,16.8169216650821
2021-05-14 17:00:00,14.352607083576814,16.998426527935344
2021-05-14 17:30:00,14.406721188209872,15.342062188054301
2021-05-14 18:00:00,14.378163484247429,15.13631122501677
2021-05-14 18:30:00,14.346646759208694,15.368685532725
2021-05-14 19:00:00,14.418667279541392,15.385527232937807
2021-05-14 19:30:00,14.0992226748294,15.45528898489838
2021-05-14 20:00:00,14.154051260601051,13.410170389537523
2021-05-14 20:30:00,14.028295265535922,13.014901588533249
2021-05-14 21:00:00,14.118487661897875,13.243713487063834
2021-05-14 21:30:00,14.078643279224586,11.684158707226974
2021-05-14 22:00:00,13.964965089378618,11.53654190704779
2021-05-14 22:30:00,13.9262947592069,11.099150603539613
2021-05-14 23:00:00,13.699266410993944,10.009159485984105
2021-05-14 23:30:00,13.582021474333153,10.75070217048838
2021-05-15 00:00:00,12.967984047621588,8.480337025899276
2021-05-15 00:30:00,13.101823361390146,8.920577849006207
2021-05-15 01:00:00,12.900608936020726,8.827223409933234
2021-05-15 01:30:00,13.030256512204083,8.392656644784443
2021-05-15 02:00:00,12.95977011055045,8.930987072528568
2021-05-15 02:30:00,13.021348928754591,7.7955655811459525
2021-05-15 03:00:00,12.842163768309826,8.291775589183203
2021-05-15 03:30:00,12.99054906980914,7.7101409790157245
2021-05-15 04:00:00,12.896151642928595,7.865346854702585
2021-05-15 04:30:00,12.797234559387412,8.35020128979404
2021-05-15 05:00:00,12.964371087210145,8.84014560444494
2021-05-15 05:30:00,12.927486095081932,7.796904134161058
2021-05-15 06:00:00,12.981743994107049,8.834390864009999
2021-05-15 06:30:00,12.939965794214164,10.038111383411287
2021-05-15 07:00:00,13.054139681190373,9.561295500851003
2021-05-15 07:30:00,13.221384751428335,10.305028145628492
2021-05-15 08:00:00,13.08910356558504,11.526203945475695
2021-05-15 08:30:00,13.297051316467565,10.983969977022657
2021-05-15 09:00:00,13.289816474350262,12.151799853898122
2021-05-15 09:30:00,13.282657902728914,12.352706347122417
2021-05-15 10:00:00,13.45278551187258,13.922294150334986
2021-05-15 10:30:00,13.538138030708495,14.786169580084861
2021-05-15 11:00:00,13.429349987797723,14.89317806327787
2021-05-15 11:30:00,13.726371952852295,15.051922773389524
2021-05-15 12:00:00,13.705391813793735,15.335226647712515
2021-05-15 12:30:00,13.648937805988936,16.328965491986168
2021-05-15 13:00:00,13.919912520472916,16.559252055197152
2021-05-15 13:30:00,14.02183651743229,16.619141727346438
2021-05-15 14:00:00,13.959859546420232,17.76239946155494
2021-05-15 14:30:00,13.881339407161652,18.136025040279243
2021-05-15 15:00:00,13.946163445653669,16.792846518952185
2021-05-15 15:30:00,13.998993446086613,17.07868087393726
2021-05-15 16:00:00,14.03861757578585,17.79948516559307
2021-05-15 16:30:00,13.757668945806282,17.5771324281489
2021-05-15 17:00:00,14.005770309142251,16.994765758130246
2021-05-15 17:30:00,13.912438011307378,17.01026668956542
2021-05-15 18:00:00,13.753247464422477,17.615589538539986
2021-05-15 18:30:00,13.855775801930363,17.400271274148498
2021-05-15 19:00:00,13.938322035223836,16.87752024598219
2021-05-15 19:30:00,13.765288697862374,15.720409902884798
2021-05-15 20:00:00,13.870702707032496,15.942805956823948
2021-05-15 20:30:00,13.607945615849102,15.511213413356547
2021-05-15 21:00:00,13.68393707945835,15.027283045339551
2021-05-15 21:30:00,13.442817487804845,13.930622560697485
2021-05-15 22:00:00,13.473473678355797,12.453141965031362
2021-05-15 22:30:00,13.47647321047492,12.849471244753945
2021-05-15 23:00:00,13.218082683306687,11.30820835047677
2021-05-15 23:30:00,13.056241114082038,12.190381047782148
2021-05-16 00:00:00,12.875508502992142,10.44369753888217
2021-05-16 00:30:00,13.130338102705302,10.125379951360717
2021-05-16 01:00:00,12.740135128182429,10.523655921564911
2021-05-16 01:30:00,12.99939402750263,9.6307704026068
2021-05-16 02:00:00,12.727968351057989,9.685319606442539
2021-05-16 02:30:00,12.748678427498334,9.222496435872094
2021-05-16 03:00:00,12.81111759358152,9.931906677137658
2021-05-16 03:30:00,12.649285580123827,9.661330949444821
2021-05-16 04:00:00,12.696430884271644,9.444663712012078
2021-05-16 04:30:00,12.688825384699767,9.486446771689936
2021-05-16 05:00:00,12.784085031293994,8.368990303704228
2021-05-16 05:30:00,12.808195765523752,8.474836134071182
2021-05-16 06:00:00,12.800836648099295,9.504432596200985
2021-05-16 06:30:00,12.941383623139942,8.976017379110429
2021-05-16 07:00:00,12.851032998100049,11.279995854139614
2021-05-16 07:30:00,12.932990434831968,11.176007719125787
2021-05-16 08:00:00,13.002570923779164,11.197526627493351
2021-05-16 08:30:00,13.230025528656482,12.453228637876602
2021-05-16 09:00:00,13.164264698189024,13.01098303365213
2021-05-16 09:30:00,13.253545318878539,13.555200958812424
2021-05-16 10:00:00,13.233688139576332,14.33410099282541
2021-05-16 10:30:00,13.412948325322143,13.801257934088431
2021-05-16 11:00:00,13.4304166000096,14.92213783236573
2021-05-16 11:30:00,13.55750469024056,14.455769234769665
2021-05-16 12:00:00,13.540922832156198,16.427860355504137
2021-05-16 12:30:00,13.652766653503448,16.321343120822526
2021-05-16 13:00:00,13.518306222346377,17.075197235395297
2021-05-16 13:30:00,13.864225968028855,16.782043119639525
2021-05-16 14:00:00,13.579551658119774,17.174109764597294
2021-05-16 14:30:00,13.757468454675013,18.13682578245941
2021-05-16 15:00:00,13.78356843941492,18.452024655655112
2021-05-16 15:30:00,13.792064888252831,17.762165409645814
2021-05-16 16:00:00,13.818494125769643,17.85827500374848
2021-05-16 16:30:00,13.852575628695416,17.282682579016374
2021-05-16 17:00:00,13.96065128101636,16.93271295397106
2021-05-16 17:30:00,13.650436278368844,17.065357377083508
2021-05-16 18:00:00,13.756077618210243,16.234161922429628
2021-05-16 18:30:00,13.634410125169959,15.874800827901348
2021-05-16 19:00:00,13.875306700719468,15.702491980281343
2021-05-16 19:30:00,13.460474669339822,15.025816556755228
2021-05-16 20:00:00,13.577379775396983,14.115843757414797
2021-05-16 20:30:00,13.429400352944178,13.854830115766783
2021-05-16 21:00:00,13.540553228295982,14.905495766117108
2021-05-16 21:30:00,13.465307197629976,13.40018239224084
2021-05-16 22:00:00,13.218831773756781,11.51121054660702
2021-05-16 22:30:00,13.103028101324286,11.925833601121779
2021-05-16 23:00:00,13.131783477490437,12.602729400331915
2021-05-16 23:30:00,13.018421575554507,11.248031911462117
2021-05-17 00:00:00,13.382823727665142,10.473304520485376
2021-05-17 00:30:00,13.14194658598131,10.002972161272291
2021-05-17 01:00:00,13.207903186291569,9.016310641477956
2021-05-17 01:30:00,12.97320185333176,8.821595210087521
2021-05-17 02:00:00,13.044393693014467,8.855985169738489
2021-05-17 02:30:00,13.046450060282211,8.086553396688261
2021-05-17 03:00:00,12.91509300493965,8.33474012911844
2021-05-17 03:30:00,13.089616378087133,8.407496942502883
2021-05-17 04:00:00,12.924175999377423,7.792391228986973
2021-05-17 04:30:00,12.896920397298386,7.916417396919998
2021-05-17 05:00:00,13.013907772521382,9.30804610060297
2021-05-17 05:30:00,13.020945616624317,9.680965745131427
2021-05-17 06:00:00,12.928292827926823,10.620013107614712
2021-05-17 06:30:00,13.166941957987708,10.17781261528815
2021-05-17 07:00:00,13.31992923260896,10.08185167037194
2021-05-17 07:30:00,13.314475882410749,11.412225186802072
2021-05-17 08:00:00,13.326334903598113,12.390555160628985
2021-05-17 08:30:00,13.25273270856176,11.942093356188131
2021-05-17 09:00:00,13.738080772143162,12.693526298917657
2021-05-17 09:30:00,13.638222069194322,13.211492062030327
2021-05-17 10:00:00,13.538779904398993,14.924225434509752
2021-05-17 10:30:00,13.623673345311795,14.822371544949563
2021-05-17 11:00:00,13.965597581281779,16.14717645006709
2021-05-17 11:30:00,13.880136670206667,16.588965721803508
2021-05-17 12:00:00,13.954199514503367,16.792742962405057
2021-05-17 12:30:00,13.859286613494103,17.216704023640503
2021-05-17 13:00:00,14.009003088313507,16.872273753600453
2021-05-17 13:30:00,13.99007830949638,18.728767741624925
2021-05-17 14:00:00,14.144398878090767,18.20715465905506
2021-05-17 14:30:00,14.085289126704211,18.45699004372235
2021-05-17 15:00:00,14.163618795812974,18.602862193811816
2021-05-17 15:30:00,14.173016775915494,18.025717729982542
2021-05-17 16:00:00,14.248399077179085,17.43799783609057
2021-05-17 16:30:00,14.10979014220786,18.282327441343636
2021-05-17 17:00:00,14.067396760579147,18.707317988379142
2021-05-17 17:30:00,14.133171979105448,17.54628681481773
2021-05-17 18:00:00,13.970050447677961,17.015089637916226
2021-05-17 18:30:00,14.040187148516528,16.631733207288715
2021-05-17 19:00:00,13.8641880627617,16.128074814367547
2021-05-17 19:30:00,13.942996145538721,15.123144634075057
2021-05-17 20:00:00,13.802981424424113,14.431243730104677
2021-05-17 20:30:00,13.65124413851771,13.349633357657513
2021-05-17 21:00:00,13.82776136017295,13.299082637502382
2021-05-17 21:30:00,13.385006169734268,14.49736659227794
2021-05-17 22:00:00,13.47063811392925,11.85564833016797
2021-05-17 22:30:00,13.519554059079649,12.279564244872
2021-05-17 23:00:00,13.43505403894078,11.746305200232914
2021-05-17 23:30:00,13.467979180764118,11.677088011092247
2021-05-18 00:00:00,13.450522653953644,10.762588630864153
2021-05-18 00:30:00,13.549513413878547,9.778323025726907
2021-05-18 01:00:00,13.207448467275364,10.19771432784377
2021-05-18 01:30:00,13.425135956129425,9.92562361133683
2021-05-18 02:00:00,13.285642989055619,10.606125378761549
2021-05-18 02:30:00,13.263745698109902,9.427138332058169
2021-05-18 03:00:00,13.261334183523788,9.419590205320594
2021-05-18 03:30:00,13.354034243186412,9.621130379083176
2021-05-18 04:00:00,13.276135877877005,9.624745733761888
2021-05-18 04:30:00,13.298593973758898,10.357807041346303
2021-05-18 05:00:00,13.285544712785558,9.105358118937495
2021-05-18 05:30:00,13.232783387351763,10.93212937305162
2021-05-18 06:00:00,13.180606365408437,11.652351228591634
2021-05-18 06:30:00,13.445788116209183,11.332938306345218
2021-05-18 07:00:00,13.24780720807289,12.44631507295638
2021-05-18 07:30:00,13.234048945691963,11.611240781207776
2021-05-18 08:00:00,13.315942912247165,12.877094636805625
2021-05-18 08:30:00,13.635697160919353,13.65727970122722
2021-05-18 09:00:00,13.618847874608166,12.962301869832864
2021-05-18 09:30:00,13.731468831542072,14.296352904020276
2021-05-18 10:00:00,13.858362993609498,13.88022515798529
2021-05-18 10:30:00,13.860239163458719,15.60404752684698
2021-05-18 11:00:00,14.1699689954263,15.850633842370272
2021-05-18 11:30:00,14.086807360833884,16.474580230056603
2021-05-18 12:00:00,13.975346472259345,16.59599210877951
2021-05-18 12:30:00,14.02062712466077,17.435962616380074
2021-05-18 13:00:00,14.256553677800532,17.687275537597973
2021-05-18 13:30:00,14.199747032942858,18.76261668897843
2021-05-18 14:00:00,14.205905843035376,17.842595362825616
2021-05-18 14:30:00,14.224389184033836,18.757134516557734
2021-05-18 15:00:00,14.297980349068403,18.566197210518208
2021-05-18 15:30:00,14.407718431027332,18.139692517352888
2021-05-18 16:00:00,14.362482784724424,18.876358822798455
2021-05-18 16:30:00,14.258829119239698,17.60995663621461
2021-05-18 17:00:00,14.323185291990846,17.525041100902264
2021-05-18 17:30:00,14.392736416803968,19.101553914403507
2021-05-18 18:00:00,14.198608967550834,18.367519504638867
2021-05-18 18:30:00,14.320897774011419,18.20307514536998
2021-05-18 19:00:00,14.144999955293917,18.70282203676435
2021-05-18 19:30:00,14.146479507258976,17.467951539305567
2021-05-18 20:00:00,14.02575911908798,16.99074284030255
2021-05-18 20:30:00,13.913183651114666,16.980113579400033
2021-05-18 21:00:00,14.062204813970398,15.027126592474978
2021-05-18 21:30:00,13.912396116568505,14.471586152242962
2021-05-18 22:00:00,13.72353755873095,14.223446678840826
2021-05-18 22:30:00,13.731503474798407,14.00030063305124
2021-05-18 23:00:00,13.672159515763637,12.877136038380042
2021-05-18 23:30:00,13.551036384209908,13.206654459817925
2021-05-19 00:00:00,13.674148323978644,11.754746104835792
2021-05-19 00:30:00,13.605923058044315,11.616274654500776
2021-05-19 01:00:00,13.467940176736663,10.950732745113005
2021-05-19 01:30:00,13.37633329118055,10.77306390180895
2021-05-19 02:00:00,13.412926688230478,11.006859820805884
2021-05-19 02:30:00,13.4014348206525,11.661770335189765
2021-05-19 03:00:00,13.275082974030376,9.880890823280627
2021-05-19 03:30:00,13.336432846579122,10.257133658362317
2021-05-19 04:00:00,13.31561403586342,9.470306828078055
2021-05-19 04:30:00,13.265603722035646,10.792993099220547
2021-05-19 05:00:00,13.492171868829862,10.502820218251891
2021-05-19 05:30:00,13.431015043461333,9.749702434374987
2021-05-19 06:00:00,13.329298068849525,11.539939305849492
2021-05-19 06:30:00,13.457282557204463,11.55759167133634
2021-05-19 07:00:00,13.534577167143512,12.486454545639605
2021-05-19 07:30:00,13.565841297592513,11.820906233221972
2021-05-19 08:00:00,13.763126736650081,12.20649452473817
2021-05-19 08:30:00,13.78394818491906,13.636291268298658
2021-05-19 09:00:00,13.706583642449507,12.942411175882674
2021-05-19 09:30:00,13.851408003068903,13.633314993305461
2021-05-19 10:00:00,14.040132938998877,15.111686325491576
2021-05-19 10:30:00,14.060784689005743,15.420763564397811
2021-05-19 11:00:00,13.93973389425659,15.12035547266084
2021-05-19 11:30:00,14.269773922741253,16.655809040313507
2021-05-19 12:00:00,14.106695449003498,17.541848922379696
2021-05-19 12:30:00,14.30268865515849,18.672010108319686
2021-05-19 13:00:00,14.349191787090286,18.877346139480718
2021-05-19 13:30:00,14.542981632069242,18.369366982758454
2021-05-19 14:00:00,14.317138803905307,18.891931978019542
2021-05-19 14:30:00,14.566944009788081,19.177292327280636
2021-05-19 15:00:00,14.511770980828414,19.42215960598223
2021-05-19 15:30:00,14.540987808239421,20.340408742085966
2021-05-19 16:00:00,14.566012716003861,19.182118148388
2021-05-19 16:30:00,14.46568074459489,19.03399580491841
2021-05-19 17:00:00,14.50475661560097,18.845836596509407
2021-05-19 17:30:00,14.59469139576371,19.77158559053157
2021-05-19 18:00:00,14.37829906786313,18.947203998014537
2021-05-19 18:30:00,14.371188002116227,18.775001212483826
2021-05-19 19:00:00,14.23515298885181,18.288427577435595
2021-05-19 19:30:00,14.325668122499328,17.560366150369425
2021-05-19 20:00:00,14.225835367226868,17.015251890997554
2021-05-19 20:30:00,14.2422641985605,17.323044444554018
2021-05-19 21:00:00,13.972788059165028,15.140371566511185
2021-05-19 21:30:00,14.088940496066472,14.115887029503817
2021-05-19 22:00:00,13.99060600438057,14.117866436630262
2021-05-19 22:30:00,14.09805984114834,12.67472517641462
2021-05-19 23:00:00,13.870872241307916,11.753221086974449
2021-05-19 23:30:00,13.621261244123465,11.43324210063468
2021-05-20 00:00:00,13.273091519368501,10.936163510999098
2021-05-20 00:30:00,13.044783349201335,11.069356565269008
2021-05-20 01:00:00,13.282628777719575,10.57237341907525
2021-05-20 01:30:00,13.174478448644942,9.467242826727436
2021-05-20 02:00:00,13.043586555834096,10.05950472142895
2021-05-20 02:30:00,12.96319996381231,8.815460164570561
2021-05-20 03:00:00,12.969458909870625,8.124390852156084
2021-05-20 03:30:00,12.909118306921481,8.257828206112771
2021-05-20 04:00:00,13.074950582361389,8.498329139431338
2021-05-20 04:30:00,13.12341812972096,8.945679589331204
2021-05-20 05:00:00,12.98366021202148,7.809742362311101
2021-05-20 05:30:00,13.21811204105045,8.887726460405586
2021-05-20 06:00:00,12.922746419662642,9.76150105177024
2021-05-20 06:30:00,13.245400990979705,9.522248634641794
2021-05-20 07:00:00,13.014220887965045,10.166511205434706
2021-05-20 07:30:00,13.268002149205953,10.514990352932157
2021-05-20 08:00:00,13.20613415399557,11.774685187281213
2021-05-20 08:30:00,13.441567862098163,13.576526562465254
2021-05-20 09:00:00,13.51137460571298,13.140795696035818
2021-05-20 09:30:00,13.817515610667822,13.547923895047045
2021-05-20 10:00:00,13.711956833570921,14.386970154597046
2021-05-20 10:30:00,13.731365297949731,15.18322154620152
2021-05-20 11:00:00,13.982783342416417,15.908372422817733
2021-05-20 11:30:00,14.003920481115873,15.514865739010919
2021-05-20 12:00:00,13.980242075899655,16.4602448653023
2021-05-20 12:30:00,13.982169155356583,17.696667137324066
2021-05-20 13:00:00,14.22199549282678,16.905052219639376
2021-05-20 13:30:00,14.167600981534818,18.62638318327589
2021-05-20 14:00:00,14.074744063408353,19.18256428796474
2021-05-20 14:30:00,14.001864312394824,19.69960593921204
2021-05-20 15:00:00,8.208568705097889,19.22037363108352
2021-05-20 15:30:00,8.290939886974291,18.235240426206044
2021-05-20 16:00:00,8.175535138977606,18.636959238753843
2021-05-20 16:30:00,8.319203593277296,18.188707531400294
2021-05-20 17:00:00,8.178473703202519,18.463219978134816
2021-05-20 17:30:00,8.245132815136547,17.52901740659636
2021-05-20 18:00:00,8.190327710227049,17.20369371736809
2021-05-20 18:30:00,8.09967208772738,17.17215053939678
2021-05-20 19:00:00,8.090601024844453,16.42377415402073
2021-05-20 19:30:00,8.036581674434304,16.03258085800851
2021-05-20 20:00:00,14.038733668464472,16.08532360905481
2021-05-20 20:30:00,13.788935160743929,14.6801839743741
2021-05-20 21:00:00,13.726230338076288,13.7392206180547
2021-05-20 21:30:00,13.66412402635178,14.076175481644805
2021-05-20 22:00:00,13.67059694140776,14.000723874396087
2021-05-20 22:30:00,13.445605651549762,13.053538718455963
2021-05-20 23:00:00,13.256256063029108,13.138158784391104
2021-05-20 23:30:00,13.462099100377587,11.179539740323355
2021-05-21 00:00:00,13.17106628532274,11.202732070013424
2021-05-21 00:30:00,13.165503813281171,11.387926412771018
2021-05-21 01:00:00,12.796278677289049,10.937846524929569
2021-05-21 01:30:00,12.987555883413853,10.161198250367768
2021-05-21 02:00:00,12.794090079413039,9.591173084349355
2021-05-21 02:30:00,12.853389227990212,9.563673984991253
2021-05-21 03:00:00,12.812623445054133,8.861017579161384
2021-05-21 03:30:00,12.68545487895758,9.140099912402372
2021-05-21 04:00:00,12.831990456448313,8.865352265952582
2021-05-21 04:30:00,12.753558807975946,10.204725589738802
2021-05-21 05:00:00,12.750403404739892,10.26893502091934
2021-05-21 05:30:00,12.817547084502186,9.828302736025176
2021-05-21 06:00:00,12.716625564014516,9.972824905609622
2021-05-21 06:30:00,12.72096391473419,10.497091563385814
2021-05-21 07:00:00,12.948767483319974,10.39446011995213
2021-05-21 07:30:00,12.965828013695301,10.679361897916602
2021-05-21 08:00:00,13.0327785996557,11.415011965606514
2021-05-21 08:30:00,13.0783108714699,12.077005237049029
2021-05-21 09:00:00,13.294342544706572,11.69830488882738
2021-05-21 09:30:00,13.280327827716782,13.533428141087777
2021-05-21 10:00:00,13.400403168558366,13.164009413345793
2021-05-21 10:30:00,13.477540912839387,13.282831827038043
2021-05-21 11:00:00,13.461213143243524,14.734142880234355
2021-05-21 11:30:00,13.604715056065467,15.235654144125046
2021-05-21 12:00:00,13.611906344771649,16.271662218723293
2021-05-21 12:30:00,13.629877990439441,16.0430626684599
2021-05-21 13:00:00,13.83214045323444,17.033397245655046
2021-05-21 13:30:00,13.730723440001249,17.13139680002979
2021-05-21 14:00:00,13.795888626306862,17.01075828601081
2021-05-21 14:30:00,13.880864200843863,17.677302869665823
2021-05-21 15:00:00,13.7748136322519,16.79086166127276
2021-05-21 15:30:00,14.03079427375882,16.848855997331835
2021-05-21 16:00:00,13.885543747165942,16.87911280875653
2021-05-21 16:30:00,13.771435935528357,15.924510995711442
2021-05-21 17:00:00,14.011460397503832,15.901948515532222
2021-05-21 17:30:00,13.85013710817721,16.865904965508843
2021-05-21 18:00:00,13.861620786835594,15.80946632883105
2021-05-21 18:30:00,13.836259818454977,16.58858708962764
2021-05-21 19:00:00,13.627394132420566,14.580811455862479
2021-05-21 19:30:00,13.570632355941902,14.342202517393474
2021-05-21 20:00:00,13.798247688886223,13.452263231725428
2021-05-21 20:30:00,13.47148120430716,13.948990870057285
2021-05-21 21:00:00,13.447393106081412,12.652928882882078
2021-05-21 21:30:00,13.51143855537091,12.630530140849547
2021-05-21 22:00:00,13.247611208481175,11.734766226881495
2021-05-21 22:30:00,13.49051347276225,11.6421421374657
2021-05-21 23:00:00,13.306966825614376,11.040708999810583
2021-05-21 23:30:00,12.99650974199055,9.450980927270683
2021-05-22 00:00:00,12.764099269342415,9.071287578319387
2021-05-22 00:30:00,12.754519798974764,9.040808354041904
2021-05-22 01:00:00,12.583809531721359,8.771406744033964
2021-05-22 01:30:00,12.64072638938528,7.484373096624127
2021-05-22 02:00:00,12.60182073604154,7.929088057990587
2021-05-22 02:30:00,12.41025523363939,8.604533009099686
2021-05-22 03:00:00,12.510037508841087,7.42276706566553
2021-05-22 03:30:00,12.416233949237698,7.77409927012249
2021-05-22 04:00:00,12.464035233288753,7.259001184213655
2021-05-22 04:30:00,12.433603770560946,7.267251707362266
2021-05-22 05:00:00,12.616641011569007,7.7247797011462325
2021-05-22 05:30:00,12.508527577704378,7.876041234774527
2021-05-22 06:00:00,12.620629479696554,9.298136819452788
2021-05-22 06:30:00,12.615279111814782,10.341927981906313
2021-05-22 07:00:00,12.70395446858535,10.05703695244522
2021-05-22 07:30:00,12.66245558686785,10.86845430817247
2021-05-22 08:00:00,12.846599883553301,10.455318275117628
2021-05-22 08:30:00,12.909984946405565,11.237881589244054
2021-05-22 09:00:00,12.814843004870314,12.749001744428345
2021-05-22 09:30:00,12.913102821862282,12.240136345373157
2021-05-22 10:00:00,13.115415789374085,13.827125500501136
2021-05-22 10:30:00,13.15999457309652,13.42028811906033
2021-05-22 11:00:00,13.153970245350658,14.932713060432345
2021-05-22 11:30:00,13.302593275731981,16.00202944625739
2021-05-22 12:00:00,13.363163230120337,16.803104371594856
2021-05-22 12:30:00,13.200233989757065,16.407902820567642
2021-05-22 13:00:00,13.466718489504801,16.95385057378311
2021-05-22 13:30:00,13.395421202726354,17.09094762201207
2021-05-22 14:00:00,13.661386337048855,16.141283143804145
2021-05-22 14:30:00,13.630568633484282,17.20239072051785
2021-05-22 15:00:00,13.653062696928107,17.016163673772965
2021-05-22 15:30:00,13.566872109758824,18.065949868158807
2021-05-22 16:00:00,13.778285471516856,16.93906480343683
2021-05-22 16:30:00,13.559015176412553,17.802699155076233
2021-05-22 17:00:00,13.312171992722465,16.852120456734067
2021-05-22 17:30:00,13.601274878077342,16.549970302910374
2021-05-22 18:00:00,13.516439721185405,17.073826911866487
2021-05-22 18:30:00,13.534712422618803,16.48424968333288
2021-05-22 19:00:00,13.390579819861351,16.727304895471658
2021-05-22 19:30:00,13.431353969984462,16.132036424300566
2021-05-22 20:00:00,13.243490126732844,16.04678281655402
2021-05-22 20:30:00,13.447776340627282,14.295827020847156
2021-05-22 21:00:00,13.153921116910585,13.629342640780806
2021-05-22 21:30:00,13.194393705360653,12.321753535189911
2021-05-22 22:00:00,13.007167813826374,12.513945736415932
2021-05-22 22:30:00,13.163627933284664,12.771763136767209
2021-05-22 23:00:00,12.77037987311246,11.259469211284214
2021-05-22 23:30:00,12.817099629295491,11.623393136998263
2021-05-23 00:00:00,12.286510361459895,10.027973203568566
2021-05-23 00:30:00,12.274976373871652,10.955245647393742
2021-05-23 01:00:00,12.285823593917394,9.003880083748436
2021-05-23 01:30:00,12.39606015152239,9.199960423552954
2021-05-23 02:00:00,11.951730246129378,8.963500499683187
2021-05-23 02:30:00,12.018356347698607,9.061824122123651
2021-05-23 03:00:00,12.073221133953679,8.532142284464703
2021-05-23 03:30:00,12.160407860610842,7.929800175241929
2021-05-23 04:00:00,11.991220734713457,9.409914180642572
2021-05-23 04:30:00,12.106044110552471,8.041760007725527
2021-05-23 05:00:00,11.975062346296749,8.761759773462256
2021-05-23 05:30:00,12.101097786116389,9.193051170161072
2021-05-23 06:00:00,12.015926217791518,8.68034716598147
2021-05-23 06:30:00,12.133717728312979,9.240280921058046
2021-05-23 07:00:00,12.145132166687887,9.514717421153506
2021-05-23 07:30:00,12.20660795387533,10.451106312705305
2021-05-23 08:00:00,12.335583996010252,10.593415896782899
2021-05-23 08:30:00,12.401605693814545,11.82857117699393
2021-05-23 09:00:00,12.441837818949047,12.84765487209273
2021-05-23 09:30:00,12.518560613037753,13.30402327933215
2021-05-23 10:00:00,12.560529013212873,13.738078893173643
2021-05-23 10:30:00,12.622711862922666,14.95008347463791
2021-05-23 11:00:00,12.675299042168445,14.82764262627334
2021-05-23 11:30:00,12.694734868463945,16.225335041661534
2021-05-23 12:00:00,12.761449187427214,15.423972231288108
2021-05-23 12:30:00,12.896176458184607,15.845862553032749
2021-05-23 13:00:00,13.054766576776299,16.331737027356034
2021-05-23 13:30:00,13.125210844443325,16.450310186942655
2021-05-23 14:00:00,13.139958343154982,17.135963271954292
2021-05-23 14:30:00,13.162120383166524,16.377013014239434
2021-05-23 15:00:00,13.248977561557897,16.850754880288974
2021-05-23 15:30:00,13.209008887374539,16.20632041424399
2021-05-23 16:00:00,13.165145478013832,16.517797489429448
2021-05-23 16:30:00,13.012757621760235,17.38762792756831
2021-05-23 17:00:00,13.284665371687217,17.456704089286283
2021-05-23 17:30:00,13.043724248818584,16.898620127030718
2021-05-23 18:00:00,12.94631521893274,16.17847056900568
2021-05-23 18:30:00,12.9936108145005,16.202178544501617
2021-05-23 19:00:00,12.972287237192742,16.03648579483232
2021-05-23 19:30:00,12.792334232190367,15.915218075795302
2021-05-23 20:00:00,12.862149113403806,15.132417095665764
2021-05-23 20:30:00,12.81722074517624,13.845056653553026
2021-05-23 21:00:00,12.877734351654745,13.508629898791575
2021-05-23 21:30:00,12.530977526823365,12.952920786183734
2021-05-23 22:00:00,12.731964674809328,11.961614810790618
2021-05-23 22:30:00,12.677311203643603,10.943503241551056
2021-05-23 23:00:00,12.48491299651038,10.416352492348322
2021-05-23 23:30:00,12.291812769288452,10.41094206461497
2021-05-24 00:00:00,12.810663783470968,9.207223773726371
2021-05-24 00:30:00,12.75977745988554,8.117931992241044
2021-05-24 01:00:00,12.524095724526639,8.607853980966185
2021-05-24 01:30:00,12.694814819134223,8.230980342682452
2021-05-24 02:00:00,12.6782500920446,7.993123274085181
2021-05-24 02:30:00,12.754134537661507,8.32344029237559
2021-05-24 03:00:00,12.59887851224577,7.617253417649159
2021-05-24 03:30:00,12.463854775041902,7.451299724904663
2021-05-24 04:00:00,12.629199883193222,6.697440503405339
2021-05-24 04:30:00,12.603746817032365,7.549058540072107
2021-05-24 05:00:00,12.635921493300868,7.714701853484953
2021-05-24 05:30:00,12.624327453949862,8.099795343420798
2021-05-24 06:00:00,12.600866463455317,7.749428158575812
2021-05-24 06:30:00,12.586019500725277,8.176183418870197
2021-05-24 07:00:00,12.87359804540094,9.225973342059948
2021-05-24 07:30:00,12.849717789586519,9.795280336473349
2021-05-24 08:00:00,12.802439453237648,10.047170984138027
2021-05-24 08:30:00,13.008915940806244,10.219539456852106
2021-05-24 09:00:00,12.82688383510483,11.20708146787521
2021-05-24 09:30:00,13.172881949467527,11.258077542739208
2021-05-24 10:00:00,13.191566081977482,11.536460998740106
2021-05-24 10:30:00,13.185076547377182,12.09423557227819
2021-05-24 11:00:00,13.20140908730404,13.26391605984639
2021-05-24 11:30:00,13.317044272151701,13.583030057907546
2021-05-24 12:00:00,13.73361693151389,13.645827343610462
2021-05-24 12:30:00,13.45482155408633,13.827690998910416
2021-05-24 13:00:00,13.707882389111669,15.710445075579095
2021-05-24 13:30:00,13.640403078550019,14.036686367205007
2021-05-24 14:00:00,13.637434737380955,15.512254405482706
2021-05-24 14:30:00,13.750282822655123,14.309812005799348
2021-05-24 15:00:00,13.745732867839036,14.429820396180004
2021-05-24 15:30:00,13.547834364028494,15.67863694769673
2021-05-24 16:00:00,13.669784324742517,15.059538492410095
2021-05-24 16:30:00,13.633907362262834,15.531601097138395
2021-05-24 17:00:00,13.732933211441672,15.085832746357914
2021-05-24 17:30:00,13.70643976603357,14.147576268204805
2021-05-24 18:00:00,13.562438246440053,14.032351493114152
2021-05-24 18:30:00,13.60982380172945,13.108004227311906
2021-05-24 19:00:00,13.642329773611644,13.093093734099778
2021-05-24 19:30:00,13.569926422435548,13.382118248630153
2021-05-24 20:00:00,13.148893372459904,12.426853556498974
2021-05-24 20:30:00,13.312604888391837,11.339562199139785
2021-05-24 21:00:00,13.231068068035368,11.247948054292774
2021-05-24 21:30:00,13.194723024962446,11.007835588912268
2021-05-24 22:00:00,13.040901530414754,10.3396969756777
2021-05-24 22:30:00,13.220832773397289,9.35213083452561
2021-05-24 23:00:00,12.875205946986917,9.774093272761801
2021-05-24 23:30:00,13.106052511946856,7.7661853403966425
2021-05-25 00:00:00,12.62824173511225,8.465289338872319
2021-05-25 00:30:00,12.692659735037463,7.395396469926878
2021-05-25 01:00:00,12.825815168421299,7.5252455600306245
2021-05-25 01:30:00,12.687663154007721,7.99130133029483
2021-05-25 02:00:00,12.689789715692172,7.579211882516752
2021-05-25 02:30:00,12.555178730990685,8.131947539793329
2021-05-25 03:00:00,12.59082034119428,6.805385454783089
2021-05-25 03:30:00,12.446446363410347,6.754478999898586
2021-05-25 04:00:00,12.635961238194998,7.187625483997318
2021-05-25 04:30:00,12.431643900980596,7.373420250682801
2021-05-25 05:00:00,12.607498899875457,6.821718537748857
2021-05-25 05:30:00,12.579846416907218,6.914986191618277
2021-05-25 06:00:00,12.64240197716727,8.845282259719337
2021-05-25 06:30:00,12.616204123266739,8.411390925242255
2021-05-25 07:00:00,12.636958704717163,8.566450232583609
2021-05-25 07:30:00,12.772638541348567,9.751907258269657
2021-05-25 08:00:00,12.752602415805931,10.241346966909784
2021-05-25 08:30:00,12.967646453406779,9.741925036089153
2021-05-25 09:00:00,12.808938002468322,10.32781984970491
2021-05-25 09:30:00,13.011006393229826,10.835741248296964
2021-05-25 10:00:00,13.08523734463097,11.258340532089637
2021-05-25 10:30:00,13.13483157643499,11.748053024210309
2021-05-25 11:00:00,13.156118512774043,12.096051832145065
2021-05-25 11:30:00,13.204326938261573,13.855080862392853
2021-05-25 12:00:00,13.362534554930672,12.624495399919923
2021-05-25 12:30:00,13.41723278929002,13.348906821542773
2021-05-25 13:00:00,13.636345567236036,13.222905211801477
2021-05-25 13:30:00,13.56186301510493,12.857753244194763
2021-05-25 14:00:00,13.610805277540187,14.561639520617916
2021-05-25 14:30:00,13.59955730141869,15.407091826729015
2021-05-25 15:00:00,13.658974070840934,15.857581261666956
2021-05-25 15:30:00,13.559234961978449,15.310554520193234
2021-05-25 16:00:00,13.56457953434145,15.119706362178114
2021-05-25 16:30:00,13.643856503048125,15.27333917409452
2021-05-25 17:00:00,13.566335813285816,15.113909710141908
2021-05-25 17:30:00,13.657207048730054,14.510271622117207
2021-05-25 18:00:00,13.303806463453459,15.101505835222962
2021-05-25 18:30:00,13.472951254369914,13.39328051796831
2021-05-25 19:00:00,13.616004164875223,13.454296984366659
2021-05-25 19:30:00,13.41931262698426,13.033095352101776
2021-05-25 20:00:00,13.316877592319152,11.934231856740805
2021-05-25 20:30:00,13.249268230873612,12.418715409070536
2021-05-25 21:00:00,13.144215786747418,11.02731862710025
2021-05-25 21:30:00,13.078979392423069,10.751055349275276
2021-05-25 22:00:00,13.119415939994623,9.408973040325337
2021-05-25 22:30:00,12.976478277430216,8.68083851218065
2021-05-25 23:00:00,12.870913524447138,7.803373277523969
2021-05-25 23:30:00,12.893583836331606,8.37546167958474
