,demand,temperature
2020-11-10 00:00:00,10.608615831429942,15.966008707447806
2020-11-10 00:30:00,10.570395354298332,16.049436932163836
2020-11-10 01:00:00,10.330938918330316,15.386393648298025
2020-11-10 01:30:00,10.19681135389358,15.290276288762966
2020-11-10 02:00:00,10.208753436411474,15.323154219480537
2020-11-10 02:30:00,10.014184570289268,15.054636520070268
2020-11-10 03:00:00,10.141474330637108,14.54808957408607
2020-11-10 03:30:00,10.044876970094066,14.687434826027776
2020-11-10 04:00:00,10.114198266192037,14.817638116563305
2020-11-10 04:30:00,10.095207766917804,15.009075699084937
2020-11-10 05:00:00,10.348814508561178,15.397237032415891
2020-11-10 05:30:00,10.069930450869629,15.087030389453302
2020-11-10 06:00:00,10.21466406211592,16.492341890733034
2020-11-10 06:30:00,10.173509894196094,16.18142942490048
2020-11-10 07:00:00,10.41587888962625,17.070928193094527
2020-11-10 07:30:00,10.405996564315114,17.012354828715722
2020-11-10 08:00:00,10.185927551946842,18.31437788292094
2020-11-10 08:30:00,10.293318306387677,18.613271018377723
2020-11-10 09:00:00,10.479562196956726,19.235777715966226
2020-11-10 09:30:00,10.441638382312917,20.188477146136833
2020-11-10 10:00:00,10.611903626033792,20.54416523533832
2020-11-10 10:30:00,10.630413360900063,20.64734495524933
2020-11-10 11:00:00,10.56270230515243,21.28802243168751
2020-11-10 11:30:00,10.700572487625404,20.957059073167184
2020-11-10 12:00:00,10.836019339532271,21.615016520939818
2020-11-10 12:30:00,10.824459136442393,20.834257629605407
2020-11-10 13:00:00,10.89080760979105,21.09881707093377
2020-11-10 13:30:00,10.954481133165153,22.120651545054812
2020-11-10 14:00:00,10.932302381721234,22.104353340144577
2020-11-10 14:30:00,11.1194308443974,23.160426469023673
2020-11-10 15:00:00,10.850226209267761,23.074448688687053
2020-11-10 15:30:00,11.052829391194393,23.28938758488817
2020-11-10 16:00:00,10.947395322480332,22.397383823525672
2020-11-10 16:30:00,11.045487592479278,22.74988358432076
2020-11-10 17:00:00,11.082738093101995,23.084748139159096
2020-11-10 17:30:00,11.041380233497195,22.453852800869587
2020-11-10 18:00:00,11.019886043143174,22.170337045109346
2020-11-10 18:30:00,10.997108372542113,21.896598937269868
2020-11-10 19:00:00,10.933931963380008,20.9095939724634
2020-11-10 19:30:00,10.807491748061494,20.260491440569908
2020-11-10 20:00:00,10.864052893177844,19.55139902435103
2020-11-10 20:30:00,10.837840021219247,19.963798954810212
2020-11-10 21:00:00,10.771388887580912,19.299615275433563
2020-11-10 21:30:00,10.652002972793474,18.23430430734234
2020-11-10 22:00:00,10.594401389398875,18.01673509017537
2020-11-10 22:30:00,10.297679347516159,16.804511984734454
2020-11-10 23:00:00,10.36482320348359,16.67442035803906
2020-11-10 23:30:00,10.375051036889431,16.614340318486033
2020-11-11 00:00:00,10.21467062108402,15.679331152857303
2020-11-11 00:30:00,10.187102690809985,14.522566548557744
2020-11-11 01:00:00,10.038176046339135,14.054745115309082
2020-11-11 01:30:00,9.87405213221707,15.650429588565444
2020-11-11 02:00:00,10.003897318615932,14.76543651791382
2020-11-11 02:30:00,10.028688696330741,13.868009370011208
2020-11-11 03:00:00,9.988233471408542,15.079700868229246
2020-11-11 03:30:00,9.831934148701656,13.39789435536803
2020-11-11 04:00:00,9.790458609034644,14.18323804013091
2020-11-11 04:30:00,9.811720280441174,14.535687175953033
2020-11-11 05:00:00,9.805050587664661,14.278955539569395
2020-11-11 05:30:00,10.02978626333073,14.237759830287771
2020-11-11 06:00:00,9.986151011392062,16.26298680856556
2020-11-11 06:30:00,10.202629457017885,15.449498586109844
2020-11-11 07:00:00,10.189181685971727,16.18689318338227
2020-11-11 07:30:00,10.167705164136317,16.506169953793762
2020-11-11 08:00:00,10.043114701847166,16.3069826341289
2020-11-11 08:30:00,10.230415102611964,17.196477096209097
2020-11-11 09:00:00,10.262376100556184,18.287653811939094
2020-11-11 09:30:00,10.126520164390458,19.214944058439613
2020-11-11 10:00:00,10.195869820443482,19.284870297510196
2020-11-11 10:30:00,10.306742218295387,20.104548415281617
2020-11-11 11:00:00,10.570796090530418,20.557640416759497
2020-11-11 11:30:00,10.450711786174486,21.681009687348737
2020-11-11 12:00:00,10.395822385950797,20.6166777735782
2020-11-11 12:30:00,10.598241804083806,22.72355290804273
2020-11-11 13:00:00,10.69560019439225,22.784266654335532
2020-11-11 13:30:00,10.538506931394982,23.524492930369295
2020-11-11 14:00:00,10.9050681618635,22.31083839460561
2020-11-11 14:30:00,10.643828059131117,23.574330742671265
2020-11-11 15:00:00,10.856643425986478,24.618582443415598
2020-11-11 15:30:00,10.827291990441926,25.47335547331081
2020-11-11 16:00:00,10.677696232214762,23.713873937832005
2020-11-11 16:30:00,10.740512461276891,23.894285979555097
2020-11-11 17:00:00,10.743993288231664,23.993399815520117
2020-11-11 17:30:00,10.685480093925097,23.75434964519609
2020-11-11 18:00:00,10.78011359634274,23.2760946005842
2020-11-11 18:30:00,10.673820838176526,22.73774378189402
2020-11-11 19:00:00,10.44516687885673,22.119015721822226
2020-11-11 19:30:00,10.597999451764153,21.83687761362549
2020-11-11 20:00:00,10.419549466038854,21.450190115361337
2020-11-11 20:30:00,10.466122261025488,21.70583450257769
2020-11-11 21:00:00,10.461899933411216,21.152665784507292
2020-11-11 21:30:00,10.37051694955136,20.042350031362762
2020-11-11 22:00:00,10.431893632207373,19.07156743216449
2020-11-11 22:30:00,10.261910345871161,19.03438634592486
2020-11-11 23:00:00,10.161104595395866,17.866060675731696
2020-11-11 23:30:00,10.330079855225925,18.984380078079823
2020-11-12 00:00:00,10.987640553429756,17.534351302718846
2020-11-12 00:30:00,10.841787190546356,17.712881100962754
2020-11-12 01:00:00,10.811763376080583,16.21672452462836
2020-11-12 01:30:00,10.72717367771565,16.745962773965392
2020-11-12 02:00:00,10.745839978288618,16.004571422523878
2020-11-12 02:30:00,10.606387875132498,15.604120189140907
2020-11-12 03:00:00,10.880266453865728,15.31162215399479
2020-11-12 03:30:00,10.811201477377432,15.141128690989309
2020-11-12 04:00:00,10.43361271155086,16.457303705602257
2020-11-12 04:30:00,10.575362475108287,15.996652997051761
2020-11-12 05:00:00,10.685312727338534,15.526698212828705
2020-11-12 05:30:00,10.640071853253733,16.090985259443272
2020-11-12 06:00:00,10.506450539499498,15.913284801675369
2020-11-12 06:30:00,10.845642537846452,15.42878731888877
2020-11-12 07:00:00,10.680862460204475,16.18680143164532
2020-11-12 07:30:00,10.93062518136732,17.378272329211175
2020-11-12 08:00:00,10.956429013454896,18.591200089557436
2020-11-12 08:30:00,11.128752724356962,18.646701190558634
2020-11-12 09:00:00,10.919344318591325,20.09386491473717
2020-11-12 09:30:00,11.281247098121687,20.21469317458089
2020-11-12 10:00:00,11.000740566492986,20.91165000280269
2020-11-12 10:30:00,11.368211531675795,21.089868208993696
2020-11-12 11:00:00,11.379367865477372,22.222804799603807
2020-11-12 11:30:00,11.365949780020406,22.689183791485476
2020-11-12 12:00:00,11.246187671218621,22.686222163357474
2020-11-12 12:30:00,11.606855579558774,22.474181215523956
2020-11-12 13:00:00,11.560069220696272,24.838775497467406
2020-11-12 13:30:00,11.314124125113075,24.434724275942873
2020-11-12 14:00:00,11.238681390601522,24.228216581429713
2020-11-12 14:30:00,11.490155971841673,25.639441129644915
2020-11-12 15:00:00,11.486438000220538,25.50632825308335
2020-11-12 15:30:00,11.681943890645607,25.405964647335377
2020-11-12 16:00:00,11.618936374900333,25.152184036886947
2020-11-12 16:30:00,11.636043634815096,25.374823499948747
2020-11-12 17:00:00,11.52726599423741,25.044859774539827
2020-11-12 17:30:00,11.678346496998502,23.763267893766375
2020-11-12 18:00:00,11.474185703451006,23.457753410431632
2020-11-12 18:30:00,11.331689838746591,23.340456024788335
2020-11-12 19:00:00,11.189001743777588,21.323433730746565
2020-11-12 19:30:00,11.48143224425706,22.399495715814346
2020-11-12 20:00:00,11.300959976734854,21.908908609246083
2020-11-12 20:30:00,11.120564908923413,21.715664166879936
2020-11-12 21:00:00,11.158931342412142,21.267876496816083
2020-11-12 21:30:00,11.155036256542049,20.903601197534172
2020-11-12 22:00:00,11.21658012048573,20.03376784454209
2020-11-12 22:30:00,10.840281214646385,19.266096922343188
2020-11-12 23:00:00,10.973382882045525,18.492165370787244
2020-11-12 23:30:00,11.043330873271616,18.001038147162234
2020-11-13 00:00:00,10.738289874271967,17.047111262598584
2020-11-13 00:30:00,10.72586475624552,17.324841055196178
2020-11-13 01:00:00,10.804957331608412,15.655701307855706
2020-11-13 01:30:00,10.463238137849725,16.192734698350428
2020-11-13 02:00:00,10.457719649474226,15.629730165547947
2020-11-13 02:30:00,10.609479340658163,14.563795715360373
2020-11-13 03:00:00,10.647985467059573,14.91969398596397
2020-11-13 03:30:00,10.501701513330763,15.996966784661387
2020-11-13 04:00:00,10.42838199412992,15.432714091433962
2020-11-13 04:30:00,10.344088755267817,15.027278155088277
2020-11-13 05:00:00,10.54385117782076,14.006059954261424
2020-11-13 05:30:00,10.534569755793886,16.368982769296927
2020-11-13 06:00:00,10.410287204579499,16.738555974503715
2020-11-13 06:30:00,10.501511121925468,17.777221284803545
2020-11-13 07:00:00,10.49163857304641,19.397564094396884
2020-11-13 07:30:00,10.704016590774456,18.665474335989096
2020-11-13 08:00:00,10.675145561067527,19.33401541827502
2020-11-13 08:30:00,10.879060577747058,19.56851712124647
2020-11-13 09:00:00,10.948026731567044,20.566720796435476
2020-11-13 09:30:00,10.895520420541539,21.27398561057886
2020-11-13 10:00:00,11.050238054844783,22.281141108743803
2020-11-13 10:30:00,11.094626670670625,22.779234164766404
2020-11-13 11:00:00,11.204242345719857,22.329981322266228
2020-11-13 11:30:00,11.041202628043592,22.952061292492154
2020-11-13 12:00:00,11.218758450504204,24.19086692312743
2020-11-13 12:30:00,11.406477843951425,23.480545528176062
2020-11-13 13:00:00,11.317770548408514,24.60771232747889
2020-11-13 13:30:00,11.235275835922614,25.498782222818164
2020-11-13 14:00:00,11.344124274231943,25.44238740208968
2020-11-13 14:30:00,11.604587857440558,25.485907191850714
2020-11-13 15:00:00,11.317512352709747,26.21214889584166
2020-11-13 15:30:00,11.301809503311425,25.7510377615886
2020-11-13 16:00:00,11.481950874517743,25.41818862388149
2020-11-13 16:30:00,11.33130040309525,25.15674044845994
2020-11-13 17:00:00,11.182920967427503,25.521189758803267
2020-11-13 17:30:00,11.162674269946168,25.10799822250051
2020-11-13 18:00:00,11.318925960099355,25.19631727945309
2020-11-13 18:30:00,11.212792415523074,23.98357018693845
2020-11-13 19:00:00,11.41164911444871,23.24666494275639
2020-11-13 19:30:00,11.132582032042576,22.880605368122488
2020-11-13 20:00:00,10.994554319492144,22.530549435172873
2020-11-13 20:30:00,11.01068613057454,21.314893617978335
2020-11-13 21:00:00,10.903336739102432,21.494497198162264
2020-11-13 21:30:00,11.112942692569971,20.481444311344653
2020-11-13 22:00:00,10.837112239599227,19.290956476134685
2020-11-13 22:30:00,11.029451440360921,17.58824976073498
2020-11-13 23:00:00,10.867722066800724,17.3586871342659
2020-11-13 23:30:00,10.970612936109935,18.273104478894645
2020-11-14 00:00:00,10.05295772383323,17.4617986023742
2020-11-14 00:30:00,10.102664523299905,17.12853886809769
2020-11-14 01:00:00,9.763902544719677,16.192531212821585
2020-11-14 01:30:00,9.890832645767851,16.27459393557452
2020-11-14 02:00:00,9.83221112686046,14.512212330924232
2020-11-14 02:30:00,9.997548245257413,14.678035793001037
2020-11-14 03:00:00,9.851332980099157,14.407213408889735
2020-11-14 03:30:00,9.920486430831467,15.326185450432792
2020-11-14 04:00:00,9.778219096088504,15.802443744281106
2020-11-14 04:30:00,9.724745644528479,15.482019750956011
2020-11-14 05:00:00,9.85610494234286,15.438367208011982
2020-11-14 05:30:00,10.013252431021224,15.341675769211696
2020-11-14 06:00:00,9.902293567885248,16.80896730508019
2020-11-14 06:30:00,10.09691552039368,16.713036379315746
2020-11-14 07:00:00,9.942277902211469,17.492422067377802
2020-11-14 07:30:00,9.98183885724027,17.985475130894105
2020-11-14 08:00:00,10.028250149331019,18.38487312082201
2020-11-14 08:30:00,10.0880887118186,18.780918591917544
2020-11-14 09:00:00,10.096557481466029,19.55801467741908
2020-11-14 09:30:00,10.197737674367207,19.581010207435703
2020-11-14 10:00:00,10.193981663681775,21.108028277366845
2020-11-14 10:30:00,10.2262551429049,21.356719033611423
2020-11-14 11:00:00,10.549513133825643,22.26457272136414
2020-11-14 11:30:00,10.535303847647002,21.45541909303414
2020-11-14 12:00:00,10.460610828606859,23.805723219057807
2020-11-14 12:30:00,10.474614688660232,23.830636116117674
2020-11-14 13:00:00,10.413417699152284,24.050590674372536
2020-11-14 13:30:00,10.681574589763533,24.20162297233015
2020-11-14 14:00:00,10.576677823310247,24.346770853129534
2020-11-14 14:30:00,10.882776242249681,24.161891096838474
2020-11-14 15:00:00,10.503741871910156,25.48477715330543
2020-11-14 15:30:00,10.74027786656168,24.448972392069805
2020-11-14 16:00:00,10.838821198256339,24.915406270671237
2020-11-14 16:30:00,10.645391030083218,24.62577772636761
2020-11-14 17:00:00,10.91275337427199,23.618503696695573
2020-11-14 17:30:00,10.783606887137315,23.165073610371063
2020-11-14 18:00:00,10.757068816916162,22.45466027585939
2020-11-14 18:30:00,10.526366410727636,22.552153649486424
2020-11-14 19:00:00,10.69249190631058,21.852600895826537
2020-11-14 19:30:00,10.648047187418015,21.755504958057248
2020-11-14 20:00:00,10.508155069921385,21.501616692331268
2020-11-14 20:30:00,10.63414106335544,20.789668368094404
2020-11-14 21:00:00,10.426516561292278,21.215193607251926
2020-11-14 21:30:00,10.0987107780206,18.722827819770096
2020-11-14 22:00:00,10.31584710891546,19.26536001231045
2020-11-14 22:30:00,10.40604142324083,18.866777816453418
2020-11-14 23:00:00,10.107104824407092,16.94625517250758
2020-11-14 23:30:00,10.193142670183635,17.49254333235801
2020-11-15 00:00:00,9.988435535096393,16.982822985951138
2020-11-15 00:30:00,10.006669301646646,16.648654809938137
2020-11-15 01:00:00,9.6906922831995,14.904637745910447
2020-11-15 01:30:00,9.745410900204709,15.259910891195998
2020-11-15 02:00:00,9.866457290636902,14.350097374897508
2020-11-15 02:30:00,9.813638239564131,14.416656845656235
2020-11-15 03:00:00,9.666671546502378,15.404534441307458
2020-11-15 03:30:00,9.912730389441153,14.975746917156249
2020-11-15 04:00:00,9.873550206355182,13.867588822947235
2020-11-15 04:30:00,9.753925388650714,14.56722521168528
2020-11-15 05:00:00,9.645631215920377,15.09575730235428
2020-11-15 05:30:00,9.928168094504537,16.591658414062326
2020-11-15 06:00:00,9.845214747793673,16.291554421343555
2020-11-15 06:30:00,9.99917882235806,16.16128297901426
2020-11-15 07:00:00,10.07684332352928,18.101288604717347
2020-11-15 07:30:00,9.968531793232533,18.599226006361807
2020-11-15 08:00:00,10.026353750934828,19.34161400321749
2020-11-15 08:30:00,10.177690728717392,19.182084437064457
2020-11-15 09:00:00,10.125453233979407,20.99790799823749
2020-11-15 09:30:00,10.001138248642448,21.078103014753637
2020-11-15 10:00:00,10.324858455658658,20.808786262765047
2020-11-15 10:30:00,10.349892073595642,21.66699978008405
2020-11-15 11:00:00,10.310546002400567,22.699879168734146
2020-11-15 11:30:00,10.478738394925035,23.278591720585627
2020-11-15 12:00:00,10.432508676863904,24.329518649881106
2020-11-15 12:30:00,10.475360245140863,24.009642539954967
2020-11-15 13:00:00,10.646241088941526,24.185336341239523
2020-11-15 13:30:00,10.448493131331304,26.17307581272764
2020-11-15 14:00:00,10.4525268158041,25.436403787189402
2020-11-15 14:30:00,10.635432913868106,25.04984264659917
2020-11-15 15:00:00,10.526342309617894,25.56726449507901
2020-11-15 15:30:00,10.774352804663456,24.856395807473067
2020-11-15 16:00:00,10.603047613633457,25.282036561544732
2020-11-15 16:30:00,10.491669716067483,25.225753204954174
2020-11-15 17:00:00,10.625235561398611,24.314250045894426
2020-11-15 17:30:00,10.408998920829324,24.980193508423866
2020-11-15 18:00:00,10.774161115788543,24.036723286116953
2020-11-15 18:30:00,10.591954296242315,23.940902863675753
2020-11-15 19:00:00,10.631503283440155,23.079713835270347
2020-11-15 19:30:00,10.571774850553398,22.50616185279428
2020-11-15 20:00:00,10.491163693800239,21.880382564145474
2020-11-15 20:30:00,10.309014339143726,22.20509991935101
2020-11-15 21:00:00,10.449639924284067,21.430237249501733
2020-11-15 21:30:00,10.27700533274495,20.96632793852584
2020-11-15 22:00:00,10.176209503524587,19.696770965949987
2020-11-15 22:30:00,9.988631114638643,18.93438471951227
2020-11-15 23:00:00,10.277802762169854,18.97335823762623
2020-11-15 23:30:00,10.068275134754685,19.058986410835324
2020-11-16 00:00:00,10.306853626901034,18.550369216112713
2020-11-16 00:30:00,10.102411058069993,17.680190205843953
2020-11-16 01:00:00,10.356692147011197,17.662553065160562
2020-11-16 01:30:00,10.209554099185224,18.118344561162647
2020-11-16 02:00:00,10.293777613373031,16.87460368461729
2020-11-16 02:30:00,10.159859456959932,17.69474749799908
2020-11-16 03:00:00,10.057377090477674,16.42874217401607
2020-11-16 03:30:00,10.192508834984558,17.125590700481553
2020-11-16 04:00:00,9.968382941872957,16.11202851400508
2020-11-16 04:30:00,9.973887882867922,16.722264518190894
2020-11-16 05:00:00,10.138070396811258,15.678636524289534
2020-11-16 05:30:00,10.240534206935397,16.567325016121863
2020-11-16 06:00:00,10.304575305780784,16.635819735243306
2020-11-16 06:30:00,10.21155795881987,15.93776261822087
2020-11-16 07:00:00,10.246834741115613,16.782853914653924
2020-11-16 07:30:00,10.323810719277443,19.315997858716344
2020-11-16 08:00:00,10.328560433119655,19.232165759823005
2020-11-16 08:30:00,10.348874314482142,20.259518363261435
2020-11-16 09:00:00,10.509524076610024,20.211236508293293
2020-11-16 09:30:00,10.459109897401301,19.285148847590904
2020-11-16 10:00:00,10.547252590524613,21.04323369979025
2020-11-16 10:30:00,10.757122234406605,20.954491975289105
2020-11-16 11:00:00,10.708473475082833,21.645410409125308
2020-11-16 11:30:00,10.682502227176961,22.190375962612016
2020-11-16 12:00:00,10.867033326830692,22.87986861410334
2020-11-16 12:30:00,10.823049835746186,23.065679431527908
2020-11-16 13:00:00,10.956663751275011,24.58963064409643
2020-11-16 13:30:00,10.824477175397186,25.156141617710933
2020-11-16 14:00:00,10.865986961698619,24.687937709349455
2020-11-16 14:30:00,10.818388147900599,24.785668881643282
2020-11-16 15:00:00,11.120925461719612,25.584568601772254
2020-11-16 15:30:00,11.163441883128637,25.310708968638682
2020-11-16 16:00:00,11.14341352677281,25.35905930510284
2020-11-16 16:30:00,11.046479969323993,24.554273632569313
2020-11-16 17:00:00,11.017749588104223,24.586528376037517
2020-11-16 17:30:00,10.950864338533956,24.01601862777793
2020-11-16 18:00:00,11.016255826315197,23.872065217004614
2020-11-16 18:30:00,10.898950072726977,25.156810480759013
2020-11-16 19:00:00,10.769806702235282,23.47594506051517
2020-11-16 19:30:00,10.947341660794226,22.90442357071029
2020-11-16 20:00:00,10.887943851569803,21.901530619737546
2020-11-16 20:30:00,10.795449891021459,22.333314194781703
2020-11-16 21:00:00,10.67661562210867,22.378129230444024
2020-11-16 21:30:00,10.586214683467745,21.454888890577728
2020-11-16 22:00:00,10.579680656760775,21.23337825994726
2020-11-16 22:30:00,10.53434981216911,19.75124353010386
2020-11-16 23:00:00,10.332467520948857,19.930491102025286
2020-11-16 23:30:00,10.353277532454165,19.399673888651748
2020-11-17 00:00:00,10.820274718336853,19.74355592734366
2020-11-17 00:30:00,11.008271965845687,18.82992696308849
2020-11-17 01:00:00,10.692748329105397,18.06440089829055
2020-11-17 01:30:00,10.668766273925346,18.079458266709636
2020-11-17 02:00:00,10.670361008927168,17.897036951717922
2020-11-17 02:30:00,10.756413667919652,18.669335753946864
2020-11-17 03:00:00,10.619336357735815,18.125640365415265
2020-11-17 03:30:00,10.896501280522857,17.730270323936725
2020-11-17 04:00:00,10.782313897528692,17.54445365001934
2020-11-17 04:30:00,10.44908992364095,17.833985056349707
2020-11-17 05:00:00,10.743247484951755,16.725562487086126
2020-11-17 05:30:00,10.776164125586257,16.986180124792245
2020-11-17 06:00:00,10.628481408887938,16.944475022818132
2020-11-17 06:30:00,10.789316933043953,18.806427669337456
2020-11-17 07:00:00,10.848413239096766,19.126365218798917
2020-11-17 07:30:00,10.81479716880576,19.765649780069744
2020-11-17 08:00:00,10.924205011861355,20.0599304265372
2020-11-17 08:30:00,11.02709619945604,20.866762761765276
2020-11-17 09:00:00,10.99035342846925,20.060473221692863
2020-11-17 09:30:00,11.100055888906425,21.847677897033982
2020-11-17 10:00:00,11.032879240185368,21.75448086041803
2020-11-17 10:30:00,11.299296281001704,22.91794250097571
2020-11-17 11:00:00,11.215876137705592,23.388318130691278
2020-11-17 11:30:00,11.484352496911944,24.292918800744697
2020-11-17 12:00:00,11.636578794370287,24.090098618928437
2020-11-17 12:30:00,11.643869215052657,25.00531043440679
2020-11-17 13:00:00,11.443001697289489,24.876205340728575
2020-11-17 13:30:00,11.586623970665388,24.996843501746667
2020-11-17 14:00:00,11.540215190195532,26.19305505099734
2020-11-17 14:30:00,11.651062621477648,26.774518068530302
2020-11-17 15:00:00,11.520020942242791,26.26735952133933
2020-11-17 15:30:00,11.510158752119104,25.99623688168906
2020-11-17 16:00:00,11.62655395245837,26.075305008211757
2020-11-17 16:30:00,11.53480092259345,24.973353216743917
2020-11-17 17:00:00,11.759877564095932,25.55398829550385
2020-11-17 17:30:00,11.681554672658871,26.001219913584002
2020-11-17 18:00:00,11.609210615241283,25.379795537854545
2020-11-17 18:30:00,11.519246773870327,24.31738268320754
2020-11-17 19:00:00,11.476587001697803,24.88294941546965
2020-11-17 19:30:00,11.562177782774773,23.99392847462879
2020-11-17 20:00:00,11.40854651808241,23.760746585515527
2020-11-17 20:30:00,11.346958779772429,21.98947247620137
2020-11-17 21:00:00,11.50016019230544,22.222722965583614
2020-11-17 21:30:00,11.244439424847458,22.021576311616084
2020-11-17 22:00:00,11.138524340965173,21.624328960413834
2020-11-17 22:30:00,11.081631276775228,21.240003327984507
2020-11-17 23:00:00,11.188933560060978,20.25674255694306
2020-11-17 23:30:00,10.934982865556565,19.452152303957437
2020-11-18 00:00:00,10.91339909125381,19.444169004931922
2020-11-18 00:30:00,11.035477754598347,19.237993546441256
2020-11-18 01:00:00,10.996589652472435,17.779099198382784
2020-11-18 01:30:00,10.98271988980543,17.751814952150962
2020-11-18 02:00:00,10.70252392745817,17.404531149079123
2020-11-18 02:30:00,10.816020366934772,17.36154798926533
2020-11-18 03:00:00,10.687634333477227,18.01240478888113
2020-11-18 03:30:00,10.782068521966115,16.26887628971075
2020-11-18 04:00:00,10.562772820375685,17.322355480616874
2020-11-18 04:30:00,10.71565986495981,16.175596460055548
2020-11-18 05:00:00,10.865726769366027,16.93705114065397
2020-11-18 05:30:00,10.790831670409059,17.193375293419827
2020-11-18 06:00:00,10.53422624144849,17.715688888985085
2020-11-18 06:30:00,10.938293296198024,18.266373655363
2020-11-18 07:00:00,10.909860930925703,18.8213918697272
2020-11-18 07:30:00,10.886099137645344,19.47724997534241
2020-11-18 08:00:00,10.966400850960943,20.106593021112847
2020-11-18 08:30:00,10.98581635814896,19.69763392209965
2020-11-18 09:00:00,11.207720443544023,20.600587351860778
2020-11-18 09:30:00,11.135527821097375,21.607016266530973
2020-11-18 10:00:00,11.019975567058488,22.481822002085867
2020-11-18 10:30:00,11.16460856688795,23.274440362510138
2020-11-18 11:00:00,11.506788139443827,24.69028327475953
2020-11-18 11:30:00,11.507837484383693,24.003677483924
2020-11-18 12:00:00,11.525687257889754,24.023944039976445
2020-11-18 12:30:00,11.393459552781115,24.817187133487487
2020-11-18 13:00:00,11.593425056115187,25.7637161300748
2020-11-18 13:30:00,11.690921251737322,26.02260093333169
2020-11-18 14:00:00,11.616688601154356,25.94776766828282
2020-11-18 14:30:00,11.717649412696833,26.728270355780143
2020-11-18 15:00:00,11.785163154573269,26.827291477056914
2020-11-18 15:30:00,11.785681020279084,26.07225357643723
2020-11-18 16:00:00,11.721623113691127,26.052645679876342
2020-11-18 16:30:00,11.718990976673336,27.325750066183147
2020-11-18 17:00:00,11.507986002675036,25.433989474785868
2020-11-18 17:30:00,11.598659837256072,26.01996165498661
2020-11-18 18:00:00,11.703315238793273,25.45344328441089
2020-11-18 18:30:00,11.770639944682529,25.556725687327994
2020-11-18 19:00:00,11.553160923628335,24.750182511805185
2020-11-18 19:30:00,11.611580449944942,23.24830978842961
2020-11-18 20:00:00,11.436942358967743,23.48770270434835
2020-11-18 20:30:00,11.270225220233634,22.042432406237477
2020-11-18 21:00:00,11.3724432757147,22.708497971641744
2020-11-18 21:30:00,11.31519930335868,21.58097349637128
2020-11-18 22:00:00,11.101947795583037,20.290593137262086
2020-11-18 22:30:00,11.044694043791345,20.607490928870803
2020-11-18 23:00:00,11.086960255923966,19.420425667180265
2020-11-18 23:30:00,10.967355039185646,18.745486811859877
2020-11-19 00:00:00,10.464262765676533,19.206146507176953
2020-11-19 00:30:00,10.222030771755303,18.32837881733397
2020-11-19 01:00:00,10.404577835511489,18.103730970424674
2020-11-19 01:30:00,10.218043583402434,17.560210159202242
2020-11-19 02:00:00,10.28590560205443,17.75223500221904
2020-11-19 02:30:00,10.063738901471682,17.476476969319517
2020-11-19 03:00:00,10.301209109507019,16.62933978464643
2020-11-19 03:30:00,10.214649240342652,16.611116163391106
2020-11-19 04:00:00,10.406226721653889,16.471681720780488
2020-11-19 04:30:00,10.023973030729898,16.24273093947691
2020-11-19 05:00:00,10.01778359611232,16.578907068658832
2020-11-19 05:30:00,10.29777346776849,17.498924114882374
2020-11-19 06:00:00,10.34164026842382,17.049309494211762
2020-11-19 06:30:00,10.097439434875541,18.168141911545334
2020-11-19 07:00:00,10.375192929705987,17.51988802122924
2020-11-19 07:30:00,10.460926901757274,18.6656432171547
2020-11-19 08:00:00,10.559114729260637,18.89307918412457
2020-11-19 08:30:00,10.477763991021787,19.306085750680417
2020-11-19 09:00:00,10.355587425603186,20.030529102671508
2020-11-19 09:30:00,10.369651097308308,20.617393946678476
2020-11-19 10:00:00,10.857369265145229,20.97980096861261
2020-11-19 10:30:00,10.735230566619077,22.902431426736154
2020-11-19 11:00:00,10.854552725425913,23.269183242326026
2020-11-19 11:30:00,10.768167177487259,23.144167664692795
2020-11-19 12:00:00,10.829829405106473,23.681934884865452
2020-11-19 12:30:00,10.880431604319853,24.881960382762532
2020-11-19 13:00:00,10.843815271217874,24.74669359833336
2020-11-19 13:30:00,10.952925325638597,24.493440661162502
2020-11-19 14:00:00,10.893882329198314,25.275997854459373
2020-11-19 14:30:00,10.996705499292107,24.821647634210745
2020-11-19 15:00:00,11.185284248732405,25.563025255039893
2020-11-19 15:30:00,11.075564561874684,26.712871752656078
2020-11-19 16:00:00,11.001286703207168,24.477018618622665
2020-11-19 16:30:00,11.265292680548502,24.989932200011648
2020-11-19 17:00:00,11.20683324903875,25.544645687633384
2020-11-19 17:30:00,11.04788198352104,25.077436481400383
2020-11-19 18:00:00,10.824297660077722,24.267141955371702
2020-11-19 18:30:00,11.128291583920012,23.969137686170882
2020-11-19 19:00:00,11.09133516305316,23.08813924792482
2020-11-19 19:30:00,10.839051996172206,22.62262886809576
2020-11-19 20:00:00,11.011344824968262,22.983913212827492
2020-11-19 20:30:00,10.71316067645182,22.402173203549665
2020-11-19 21:00:00,10.719701508150692,22.14003555308356
2020-11-19 21:30:00,10.642187141500136,21.45990220843612
2020-11-19 22:00:00,10.653434936500615,21.25011825171006
2020-11-19 22:30:00,10.561386612291015,19.358419756799307
2020-11-19 23:00:00,10.670822217966576,19.4820004209265
2020-11-19 23:30:00,10.42754837997604,19.16178810804185
2020-11-20 00:00:00,10.245650900935672,18.535132684332236
2020-11-20 00:30:00,10.157516130778232,18.016912962678116
2020-11-20 01:00:00,10.135185356624582,16.880720044652644
2020-11-20 01:30:00,9.989136298307558,17.483931223363452
2020-11-20 02:00:00,10.037658983085926,17.286209601003495
2020-11-20 02:30:00,10.155781338930893,17.64880860610203
2020-11-20 03:00:00,10.080965458433557,16.78994930035056
2020-11-20 03:30:00,9.868992575359442,16.9422083001188
2020-11-20 04:00:00,9.942419495154617,16.69295660385349
2020-11-20 04:30:00,9.885481786107626,16.159717316527356
2020-11-20 05:00:00,9.92518739733851,16.85973708184123
2020-11-20 05:30:00,9.950934367071863,16.164431136780742
2020-11-20 06:00:00,9.91738322972809,17.11772171011837
2020-11-20 06:30:00,10.119708823638407,17.594021459532097
2020-11-20 07:00:00,10.202262436573362,17.61326893218549
2020-11-20 07:30:00,10.16851868125646,19.140082396066195
2020-11-20 08:00:00,10.151178327904622,19.339453875909545
2020-11-20 08:30:00,10.267415057108352,19.8279580730858
2020-11-20 09:00:00,10.225681129813474,20.740016734585776
2020-11-20 09:30:00,10.46900717436169,21.663707609407965
2020-11-20 10:00:00,10.6621116879966,21.42103555110643
2020-11-20 10:30:00,10.191854715404846,21.165203195049582
2020-11-20 11:00:00,10.57024564729601,21.696516686671526
2020-11-20 11:30:00,10.588422108212464,22.861073226488397
2020-11-20 12:00:00,10.65507344088974,23.200192753535433
2020-11-20 12:30:00,10.651570209405797,22.860543506046778
2020-11-20 13:00:00,10.561997958367202,24.476938148285175
2020-11-20 13:30:00,10.752789574750448,24.42181396016871
2020-11-20 14:00:00,10.749280868426812,25.549614189988517
2020-11-20 14:30:00,10.80185340618137,25.53733274247678
2020-11-20 15:00:00,10.831164481990863,25.10569176318877
2020-11-20 15:30:00,10.792708834571489,25.341320598978797
2020-11-20 16:00:00,11.10059993632289,24.864939611235446
2020-11-20 16:30:00,10.711283970707168,24.80020008657099
2020-11-20 17:00:00,10.793712102770797,24.86967086926158
2020-11-20 17:30:00,10.678942826820942,25.177197285779698
2020-11-20 18:00:00,10.775137729377144,25.000953826667764
2020-11-20 18:30:00,10.928558198697514,23.80506237194657
2020-11-20 19:00:00,10.718761115859131,23.975703138746653
2020-11-20 19:30:00,10.591414505149881,23.119438549871894
2020-11-20 20:00:00,10.49165385871226,22.158069235516148
2020-11-20 20:30:00,10.640360514956166,22.402363851507666
2020-11-20 21:00:00,10.453547220749053,21.369648918882067
2020-11-20 21:30:00,10.53919053629,21.874106550656897
2020-11-20 22:00:00,10.343598936672535,20.616496976298652
2020-11-20 22:30:00,10.304363557307854,19.397332896167068
2020-11-20 23:00:00,10.29785920910817,19.501979334322538
2020-11-20 23:30:00,10.08175248900298,17.76674981656995
2020-11-21 00:00:00,10.783818912625327,17.338019869743132
2020-11-21 00:30:00,10.484181710897191,17.639310567927
2020-11-21 01:00:00,10.577211122633452,17.384084591312657
2020-11-21 01:30:00,10.569724680295764,16.91524061535513
2020-11-21 02:00:00,10.737394425045652,15.913561165069126
2020-11-21 02:30:00,10.512902338499,15.82903050892245
2020-11-21 03:00:00,10.532025436549308,16.430965605700692
2020-11-21 03:30:00,10.379132891006602,16.213403650156252
2020-11-21 04:00:00,10.413717586444053,15.595160012538496
2020-11-21 04:30:00,10.43141143297413,16.42096003240183
2020-11-21 05:00:00,10.55575310589814,16.708519011857987
2020-11-21 05:30:00,10.35886508257809,17.608636165570815
2020-11-21 06:00:00,10.531962514104592,16.765503227584976
2020-11-21 06:30:00,10.824165130083523,18.119317795056215
2020-11-21 07:00:00,10.459474150776192,17.721121871371626
2020-11-21 07:30:00,10.410059534926466,18.78334982041207
2020-11-21 08:00:00,10.599728469549376,18.94098296290297
2020-11-21 08:30:00,10.694395602308976,18.764842566111863
2020-11-21 09:00:00,10.944718422581849,19.936044613196657
2020-11-21 09:30:00,10.876003661206836,21.057480648373428
2020-11-21 10:00:00,11.007369709791325,22.015692596293697
2020-11-21 10:30:00,10.86361631608257,21.350896773213908
2020-11-21 11:00:00,10.995746286943907,22.584472237601325
2020-11-21 11:30:00,11.088679406603234,23.58465048735136
2020-11-21 12:00:00,11.015275195147762,24.0740246135022
2020-11-21 12:30:00,11.190763943902736,24.043728309953103
2020-11-21 13:00:00,11.171989720782948,24.42056090460894
2020-11-21 13:30:00,11.268494273859057,25.267761286638308
2020-11-21 14:00:00,11.117625154734712,24.79874787916112
2020-11-21 14:30:00,11.070707375695816,25.740449920785725
2020-11-21 15:00:00,11.47670641425116,26.29596237399562
2020-11-21 15:30:00,11.338241625053767,25.914364661814634
2020-11-21 16:00:00,11.326607541853292,24.649484888193296
2020-11-21 16:30:00,11.627045075109836,26.09301585203439
2020-11-21 17:00:00,11.437642043883448,25.69920446943412
2020-11-21 17:30:00,11.354495053616127,25.60500973665266
2020-11-21 18:00:00,11.203235730108721,24.793229865757887
2020-11-21 18:30:00,11.28705300913494,22.844179046357002
2020-11-21 19:00:00,11.23263679330963,23.680832828592198
2020-11-21 19:30:00,11.13352948850117,22.46111322707391
2020-11-21 20:00:00,11.271912813373305,22.196934622418016
2020-11-21 20:30:00,11.14360286804496,20.875359489242157
2020-11-21 21:00:00,11.066734086647532,20.316742051767854
2020-11-21 21:30:00,10.856353126334447,20.115216137785296
2020-11-21 22:00:00,10.811696238258957,20.412563357026507
2020-11-21 22:30:00,10.94844203877815,19.462900613187916
2020-11-21 23:00:00,10.795090859325091,18.733829413368984
2020-11-21 23:30:00,10.654494606238373,17.42479789863139
2020-11-22 00:00:00,10.05180203598597,17.88610028860385
2020-11-22 00:30:00,9.976515469261154,17.003946481579188
2020-11-22 01:00:00,9.888952258354179,16.863684148773455
2020-11-22 01:30:00,9.877611690698602,16.701997578054534
2020-11-22 02:00:00,9.939239765784597,16.608980050736456
2020-11-22 02:30:00,9.872712351664731,16.19304360955169
2020-11-22 03:00:00,9.737358721687675,15.74244681489765
2020-11-22 03:30:00,9.738521226949866,15.821551999798338
2020-11-22 04:00:00,9.836128736645952,16.5201418086456
2020-11-22 04:30:00,9.708248362235581,16.450188333278724
2020-11-22 05:00:00,9.834264329478582,16.586193614550382
2020-11-22 05:30:00,9.827351494502086,15.956165449089815
2020-11-22 06:00:00,9.735816248476041,17.191578935065507
2020-11-22 06:30:00,9.657540718076438,17.247529701722954
2020-11-22 07:00:00,9.84786451909781,16.8230076182693
2020-11-22 07:30:00,9.971493848503998,17.65306342610155
2020-11-22 08:00:00,10.018468219206424,17.227028053837973
2020-11-22 08:30:00,10.195118598331188,16.99179175432955
2020-11-22 09:00:00,10.121962328208266,19.15521552391371
2020-11-22 09:30:00,10.168539439230601,20.117921648559324
2020-11-22 10:00:00,10.269330148282389,20.062024476624863
2020-11-22 10:30:00,10.241925420334889,20.686043960383593
2020-11-22 11:00:00,10.519347640305247,22.041807377901762
2020-11-22 11:30:00,10.33406064806534,21.657876322285457
2020-11-22 12:00:00,10.354075477899322,22.596675203827605
2020-11-22 12:30:00,10.437239407390031,23.083101813533794
2020-11-22 13:00:00,10.659079399087313,24.07213645742388
2020-11-22 13:30:00,10.508584863174022,24.48405554701713
2020-11-22 14:00:00,10.518659792586678,23.860795877540326
2020-11-22 14:30:00,10.686123650628634,24.522973040064038
2020-11-22 15:00:00,10.76686977423917,25.27029192114067
2020-11-22 15:30:00,10.607791350248055,24.861601560199276
2020-11-22 16:00:00,10.730012448148289,24.971437514224515
2020-11-22 16:30:00,10.582009436409093,24.753842239324822
2020-11-22 17:00:00,10.789587997580156,25.427733116343685
2020-11-22 17:30:00,10.508997779353086,25.03292462216938
2020-11-22 18:00:00,10.569137129927908,26.28863942563118
2020-11-22 18:30:00,10.52177311794972,24.850936232583628
2020-11-22 19:00:00,10.432498981363565,24.051688244586234
2020-11-22 19:30:00,10.479760544375567,24.21285114455053
2020-11-22 20:00:00,10.511608635865823,24.03960225771416
2020-11-22 20:30:00,10.305444980450531,23.18952779420264
2020-11-22 21:00:00,10.53536820975425,22.280453258777772
2020-11-22 21:30:00,10.309203526782955,21.938065721221083
2020-11-22 22:00:00,10.262433507609423,20.843615262260283
2020-11-22 22:30:00,10.093752178060189,20.685367872914355
2020-11-22 23:00:00,10.11086731376628,20.650755736643735
2020-11-22 23:30:00,10.154122833561592,18.768796442051446
2020-11-23 00:00:00,10.172674455393594,18.153500488753785
2020-11-23 00:30:00,10.157326299981598,18.61203391602213
2020-11-23 01:00:00,10.100447647441664,18.26286233765871
2020-11-23 01:30:00,10.0143411236486,17.693169442045413
2020-11-23 02:00:00,10.178926870087205,17.588377598622984
2020-11-23 02:30:00,10.008776348208233,17.032050140026957
2020-11-23 03:00:00,10.237238630341574,16.5102993008349
2020-11-23 03:30:00,9.934167602187227,16.90442022157712
2020-11-23 04:00:00,10.021872582708385,16.90570206241457
2020-11-23 04:30:00,10.064570189208137,17.634116266991263
2020-11-23 05:00:00,9.971164878559499,17.86898755031785
2020-11-23 05:30:00,9.87367114177138,16.33847633944227
2020-11-23 06:00:00,10.048832802579385,18.01351260865686
2020-11-23 06:30:00,10.144029600879518,17.595892977449115
2020-11-23 07:00:00,10.087324148685711,17.423406763933922
2020-11-23 07:30:00,10.25426973973864,19.13313587402213
2020-11-23 08:00:00,10.083622108442702,19.23502037053912
2020-11-23 08:30:00,10.35656284572455,19.696127401433188
2020-11-23 09:00:00,10.597034609455275,19.886370067859776
2020-11-23 09:30:00,10.536597202075196,21.104497563787433
2020-11-23 10:00:00,10.597721721199564,21.97613806395302
2020-11-23 10:30:00,10.512664886100618,21.97713919762665
2020-11-23 11:00:00,10.56116646420826,23.541141056711357
2020-11-23 11:30:00,10.78058326481959,23.713157344750364
2020-11-23 12:00:00,10.676115495428869,23.681880095321077
2020-11-23 12:30:00,10.828595650585727,24.087380782044356
2020-11-23 13:00:00,10.696620594216967,24.26931667016193
2020-11-23 13:30:00,10.881692008107256,24.590220915285325
2020-11-23 14:00:00,10.890835783248738,24.997573759897627
2020-11-23 14:30:00,10.654864684185695,26.030489310958696
2020-11-23 15:00:00,10.902580001837645,26.503819490598648
2020-11-23 15:30:00,10.988453195417833,25.58811806956257
2020-11-23 16:00:00,10.98933288041357,24.714856216061015
2020-11-23 16:30:00,10.967018387323018,25.161870689302425
2020-11-23 17:00:00,11.055578550134564,24.031149234869492
2020-11-23 17:30:00,10.889830072175895,23.892558127294322
2020-11-23 18:00:00,10.788513503777502,24.123448426775422
2020-11-23 18:30:00,10.938480279015403,23.555280021422714
2020-11-23 19:00:00,11.031703962342387,23.23740012678019
2020-11-23 19:30:00,10.722514688829587,23.097246942349223
2020-11-23 20:00:00,10.87419656828554,21.94395886479411
2020-11-23 20:30:00,10.641503598110226,21.45017442949854
2020-11-23 21:00:00,10.448405892185614,21.47198534214922
2020-11-23 21:30:00,10.455625508692552,19.603873851391505
2020-11-23 22:00:00,10.402585238205093,19.529598390984635
2020-11-23 22:30:00,10.557779482405174,19.116911190980705
2020-11-23 23:00:00,10.390826860324408,19.654444419893373
2020-11-23 23:30:00,10.268907836970635,18.74888794842224
2020-11-24 00:00:00,10.714262223911076,18.738169508086344
2020-11-24 00:30:00,10.80049384254484,17.991884032802
2020-11-24 01:00:00,10.597851435378319,16.76956364017063
2020-11-24 01:30:00,10.49059527501328,16.220384597266587
2020-11-24 02:00:00,10.571604816156041,15.358066843897037
2020-11-24 02:30:00,10.419589224990386,16.26288708658629
2020-11-24 03:00:00,10.541262417333312,16.085879819583067
2020-11-24 03:30:00,10.580720545452195,15.712353085945992
2020-11-24 04:00:00,10.492315786158994,16.175235963463898
2020-11-24 04:30:00,10.431379830898125,16.128758621338513
2020-11-24 05:00:00,10.500824118629584,15.95063018215758
2020-11-24 05:30:00,10.358238298160979,16.56044531081884
2020-11-24 06:00:00,10.699586862783805,17.727392678374837
2020-11-24 06:30:00,10.817095047733284,17.08195882287419
2020-11-24 07:00:00,10.608130064689405,17.204870587018974
2020-11-24 07:30:00,10.430611095602933,18.226893542988318
2020-11-24 08:00:00,10.627877118384736,19.185873098501844
2020-11-24 08:30:00,10.5980479874646,19.223910541603953
2020-11-24 09:00:00,10.606955154421259,19.930604617294
2020-11-24 09:30:00,10.853172776023428,21.126853797038123
2020-11-24 10:00:00,10.909977426654685,21.390521490953663
2020-11-24 10:30:00,10.917961219047454,21.045289743044126
2020-11-24 11:00:00,11.16827214754589,22.037876842363136
2020-11-24 11:30:00,11.106318052769605,22.213537182521687
2020-11-24 12:00:00,11.04613977256126,23.829590413273383
2020-11-24 12:30:00,11.251878949759115,24.07699809471391
2020-11-24 13:00:00,11.1074861211273,24.929942345223782
2020-11-24 13:30:00,11.24927909282873,26.62109801001908
2020-11-24 14:00:00,11.22771787176924,25.61933777548911
2020-11-24 14:30:00,11.382160712191546,26.062211868038286
2020-11-24 15:00:00,11.336923849567532,26.428123404151844
2020-11-24 15:30:00,11.312991115682033,25.247772260248446
2020-11-24 16:00:00,11.413387023143384,25.978751161124812
2020-11-24 16:30:00,11.43304456198639,26.02554199814442
2020-11-24 17:00:00,11.395476633166915,26.12420475357216
2020-11-24 17:30:00,11.475658594512169,25.19307123612699
2020-11-24 18:00:00,11.203339503900997,24.706493365875744
2020-11-24 18:30:00,11.334213422764678,25.220089482046777
2020-11-24 19:00:00,11.43877851534739,24.27749282258017
2020-11-24 19:30:00,11.206421903078606,23.249164368588456
2020-11-24 20:00:00,10.908281395017443,22.655676446118385
2020-11-24 20:30:00,11.210518093988718,22.58061500715124
2020-11-24 21:00:00,11.023358302144763,22.397605928499075
2020-11-24 21:30:00,11.058803984685762,21.98168323190283
2020-11-24 22:00:00,10.958195894653583,20.48218568210734
2020-11-24 22:30:00,10.936075606843438,21.00853304765437
2020-11-24 23:00:00,10.942576521683398,20.220660812426743
2020-11-24 23:30:00,10.767671082325121,20.126796034585052
2020-11-25 00:00:00,10.835721213093382,20.023672394835835
2020-11-25 00:30:00,10.561410211613214,18.294632614244208
2020-11-25 01:00:00,10.560563000002135,18.906872618821314
2020-11-25 01:30:00,10.603470274549906,17.641817230013825
2020-11-25 02:00:00,10.751127661624992,18.002906782678025
2020-11-25 02:30:00,10.469035763230586,17.62694414471677
2020-11-25 03:00:00,10.500644505923777,19.02871794754894
2020-11-25 03:30:00,10.5960765474045,19.258962132041965
2020-11-25 04:00:00,10.466337525208177,18.609394669295718
2020-11-25 04:30:00,10.388688748348061,18.90350355146478
2020-11-25 05:00:00,10.329463770504743,18.592835238090295
2020-11-25 05:30:00,10.63993371530446,19.84232686201885
2020-11-25 06:00:00,10.463067937446704,19.91196219865739
2020-11-25 06:30:00,10.653256527066846,20.450386409437304
2020-11-25 07:00:00,10.710615456924945,20.586938183473055
2020-11-25 07:30:00,10.59353805277709,20.543833129992287
2020-11-25 08:00:00,10.798527007443749,21.2048339603469
2020-11-25 08:30:00,10.57213802125201,22.417696266345104
2020-11-25 09:00:00,10.848385966632087,21.808675920247918
2020-11-25 09:30:00,10.805170793714476,22.796046512963063
2020-11-25 10:00:00,11.004207226059522,23.802883983759564
2020-11-25 10:30:00,11.060654079523234,24.185823516420413
2020-11-25 11:00:00,11.11750455031278,24.950135063093494
2020-11-25 11:30:00,11.223415085499306,24.726549132180633
2020-11-25 12:00:00,11.135631547920655,25.081006751942773
2020-11-25 12:30:00,11.093889788014122,25.82910030799346
2020-11-25 13:00:00,11.161671674980353,26.011529275691185
2020-11-25 13:30:00,11.455061404845413,26.261340407754766
2020-11-25 14:00:00,11.256083364940158,25.940596494281372
2020-11-25 14:30:00,11.361391849204331,25.43182130219378
2020-11-25 15:00:00,11.461216078444458,26.914500161199186
2020-11-25 15:30:00,11.414024878169105,26.21503656937189
2020-11-25 16:00:00,11.322549134555423,26.035131398378585
2020-11-25 16:30:00,11.190056987142144,26.765552631999963
2020-11-25 17:00:00,11.5282260937969,25.62673362759275
2020-11-25 17:30:00,11.33511603249714,25.073501083370857
2020-11-25 18:00:00,11.188961434007794,25.176522444757694
2020-11-25 18:30:00,11.2683097802436,24.62868785088731
2020-11-25 19:00:00,11.307562582909378,24.704966947541244
2020-11-25 19:30:00,11.035129803342826,24.15570560429002
2020-11-25 20:00:00,11.222803285022863,23.725943062340484
2020-11-25 20:30:00,11.154386263704355,22.922270030207404
2020-11-25 21:00:00,11.147138894685911,22.627593265042638
2020-11-25 21:30:00,11.039481499684372,21.807308305576342
2020-11-25 22:00:00,10.868747608372834,20.824205217611553
2020-11-25 22:30:00,10.740115638000017,20.415234006019
2020-11-25 23:00:00,10.838228211144386,19.873181224776317
2020-11-25 23:30:00,10.746443513371556,20.34934140679728
2020-11-26 00:00:00,10.68149138772229,19.162088338596565
2020-11-26 00:30:00,10.440753556803118,18.375376197920183
2020-11-26 01:00:00,10.46973671587,18.374869606009405
2020-11-26 01:30:00,10.394326214246338,17.464424077171262
2020-11-26 02:00:00,10.173780248932394,18.21917061990866
2020-11-26 02:30:00,10.408065071911837,16.403570457177384
2020-11-26 03:00:00,10.263181562396705,16.954776626392903
2020-11-26 03:30:00,10.149911625168643,16.750701121099276
2020-11-26 04:00:00,10.337971446241177,16.946232281725667
2020-11-26 04:30:00,10.42677810157224,16.527117979518493
2020-11-26 05:00:00,10.298238638698598,15.734094925416148
2020-11-26 05:30:00,10.300086344350571,15.629598497022421
2020-11-26 06:00:00,10.288569501827585,16.663479399309637
2020-11-26 06:30:00,10.343036409589372,17.76624456912119
2020-11-26 07:00:00,10.542364345431327,18.06829130281431
2020-11-26 07:30:00,10.47885198731321,17.217613293097145
2020-11-26 08:00:00,10.563293403028736,18.733716212958278
2020-11-26 08:30:00,10.632310081816449,18.463965307485086
2020-11-26 09:00:00,10.315145404667767,18.49249929667249
2020-11-26 09:30:00,10.70179192448064,20.688101931040325
2020-11-26 10:00:00,10.803800729484568,21.273580769899255
2020-11-26 10:30:00,10.825039662902482,21.109176867697407
2020-11-26 11:00:00,10.696864735793694,21.335634573262652
2020-11-26 11:30:00,10.82796836576635,22.296814054824942
2020-11-26 12:00:00,11.04038318551603,22.758468189842727
2020-11-26 12:30:00,11.060565513683624,22.823485311317764
2020-11-26 13:00:00,11.108009569855696,23.354667986137063
2020-11-26 13:30:00,10.970411200645257,23.54903386288994
2020-11-26 14:00:00,11.160287415756901,23.895310550450887
2020-11-26 14:30:00,11.316989411941272,23.64080450713276
2020-11-26 15:00:00,11.179253052530155,24.498717581435443
2020-11-26 15:30:00,11.336722317361975,23.56190493334576
2020-11-26 16:00:00,11.286598360274777,23.6736630378797
2020-11-26 16:30:00,11.278131338702984,25.447790232906208
2020-11-26 17:00:00,11.099415451152693,25.2032622023293
2020-11-26 17:30:00,11.08330032488162,24.566393146094992
2020-11-26 18:00:00,11.05497468151722,24.103822052878005
2020-11-26 18:30:00,11.224404327449824,23.390443893141505
2020-11-26 19:00:00,11.196526827287487,22.210143108704873
2020-11-26 19:30:00,10.900424466351803,22.143690817743607
2020-11-26 20:00:00,10.825211900496994,21.48329324473013
2020-11-26 20:30:00,10.927080719140625,20.554385543083928
2020-11-26 21:00:00,10.999751933493247,20.231594507304365
2020-11-26 21:30:00,10.829769518107376,19.198014421884363
2020-11-26 22:00:00,10.810093427745958,19.249022632472776
2020-11-26 22:30:00,10.735194344187914,17.883737490571804
2020-11-26 23:00:00,10.687467015520733,17.8928229050641
2020-11-26 23:30:00,10.556632878997396,17.240950808169966
2020-11-27 00:00:00,10.392440816973174,16.51299527677536
2020-11-27 00:30:00,10.365331043207041,16.802812462877363
2020-11-27 01:00:00,10.240632331211799,16.43154905140359
2020-11-27 01:30:00,10.384717895329945,15.208249249943519
2020-11-27 02:00:00,10.074076207203701,15.612331123144362
2020-11-27 02:30:00,10.117321632792944,15.119101352710912
2020-11-27 03:00:00,10.052602384329415,15.926965004964513
2020-11-27 03:30:00,10.234235043725713,15.758979577301144
2020-11-27 04:00:00,10.23236138408751,15.352444789235244
2020-11-27 04:30:00,10.051141820626198,16.59244438334412
2020-11-27 05:00:00,10.1453744379,15.522882685219184
2020-11-27 05:30:00,10.110583449071202,16.612013907729978
2020-11-27 06:00:00,10.043325767431405,16.738415161674304
2020-11-27 06:30:00,10.131634922776344,17.52536285796597
2020-11-27 07:00:00,10.285354953230039,16.693692361430543
2020-11-27 07:30:00,10.352657053503425,17.133678486774553
2020-11-27 08:00:00,10.267507239986994,17.883096620524395
2020-11-27 08:30:00,10.394075830704061,19.084685061090614
2020-11-27 09:00:00,10.534451999239693,19.84775706983163
2020-11-27 09:30:00,10.649554642744699,20.521396672379446
2020-11-27 10:00:00,10.599421186781278,21.09228410019275
2020-11-27 10:30:00,10.534562148055677,22.027032578280146
2020-11-27 11:00:00,10.509697595800642,22.31867739467924
2020-11-27 11:30:00,10.738612051195352,23.538543397900856
2020-11-27 12:00:00,10.749883697688759,24.927537283987675
2020-11-27 12:30:00,10.76821941241069,25.6156471753411
2020-11-27 13:00:00,10.799830014318772,25.31102300246346
2020-11-27 13:30:00,10.851503854278048,26.63589115984261
2020-11-27 14:00:00,10.961078568306078,26.0709804054621
2020-11-27 14:30:00,11.04340017910159,27.361807105969525
2020-11-27 15:00:00,10.89930815981048,26.631751024813486
2020-11-27 15:30:00,11.202755090244464,27.329848532859728
2020-11-27 16:00:00,11.158703958727024,26.425822071408156
2020-11-27 16:30:00,10.972859337719862,26.540406633067814
2020-11-27 17:00:00,11.02219621636463,26.491678088037077
2020-11-27 17:30:00,11.135382603961578,26.804601153308823
2020-11-27 18:00:00,10.84567699481348,25.416861886602884
2020-11-27 18:30:00,10.846226950049465,25.272399585565527
2020-11-27 19:00:00,10.809125591769567,24.37736153230843
2020-11-27 19:30:00,10.723276555508146,23.96376426748568
2020-11-27 20:00:00,10.860305604177134,23.238504365642203
2020-11-27 20:30:00,10.70920943281547,23.073543096674168
2020-11-27 21:00:00,10.688358909422732,21.277540620853372
2020-11-27 21:30:00,10.630159440191996,21.360793725234196
2020-11-27 22:00:00,10.543164484770028,21.048382801143298
2020-11-27 22:30:00,10.664325092930568,20.338255983850477
2020-11-27 23:00:00,10.433050076590124,20.442086030825678
2020-11-27 23:30:00,10.307527730678105,19.288760532843206
2020-11-28 00:00:00,10.117125504851419,19.789227699517134
2020-11-28 00:30:00,10.140981180744973,18.632188535835645
2020-11-28 01:00:00,10.185622180486472,18.697441038130673
2020-11-28 01:30:00,10.146408344455725,18.743857779828527
2020-11-28 02:00:00,10.126198148016917,18.734834707028252
2020-11-28 02:30:00,10.030704363743784,17.713806802376812
2020-11-28 03:00:00,10.097501206048461,17.612370213749347
2020-11-28 03:30:00,10.08827248447893,18.305913003832778
2020-11-28 04:00:00,9.919785887599817,16.91727888360568
2020-11-28 04:30:00,10.082639692810172,18.94099567059834
2020-11-28 05:00:00,10.095645444186438,19.15532793409983
2020-11-28 05:30:00,10.045433774701634,18.315013619375506
2020-11-28 06:00:00,10.207526867639247,19.870455638634645
2020-11-28 06:30:00,10.135431619618485,19.942490652757755
2020-11-28 07:00:00,10.091516341150284,20.514268413701462
2020-11-28 07:30:00,10.305607276682633,19.85118608451928
2020-11-28 08:00:00,10.43777674565982,20.92661630164186
2020-11-28 08:30:00,10.191421720715894,21.621840420415676
2020-11-28 09:00:00,10.355991457739773,21.811441718487806
2020-11-28 09:30:00,10.510291139279767,22.45326691854426
2020-11-28 10:00:00,10.539657250916482,22.82241502482235
2020-11-28 10:30:00,10.63940498674213,21.92157654902981
2020-11-28 11:00:00,10.72685124447299,23.76659609063283
2020-11-28 11:30:00,10.455013432458353,24.357645228342406
2020-11-28 12:00:00,10.767796679658673,25.26416677414935
2020-11-28 12:30:00,10.569335156013606,25.565307988756523
2020-11-28 13:00:00,10.684049398848293,26.49584508135
2020-11-28 13:30:00,10.706219001897313,26.744558487630925
2020-11-28 14:00:00,10.905944072940075,27.26627877352669
2020-11-28 14:30:00,10.700558106880068,26.08732205627186
2020-11-28 15:00:00,10.908699442619758,27.36745271258511
2020-11-28 15:30:00,10.745461373215665,26.730947438570258
2020-11-28 16:00:00,11.128328573892132,26.839511399552816
2020-11-28 16:30:00,10.851654067118943,26.15151706176939
2020-11-28 17:00:00,10.895830641789336,27.632448888661195
2020-11-28 17:30:00,10.752150883862441,26.5400608546571
2020-11-28 18:00:00,10.791841434749731,27.570575091926184
2020-11-28 18:30:00,10.96310139845811,26.97018766627924
2020-11-28 19:00:00,10.810926192460945,26.5965294740938
2020-11-28 19:30:00,10.617936619284908,26.054361052915148
2020-11-28 20:00:00,10.640759928290711,25.96360328620017
2020-11-28 20:30:00,10.62615047401126,25.253743402521454
2020-11-28 21:00:00,10.773109373848346,24.64178954789245
2020-11-28 21:30:00,10.520527087944055,23.776445587495303
2020-11-28 22:00:00,10.521307501833371,22.89581424682605
2020-11-28 22:30:00,10.527962573558629,22.886976191086074
2020-11-28 23:00:00,10.608278312206872,21.54068921604284
2020-11-28 23:30:00,10.375139744435474,21.760818045866245
2020-11-29 00:00:00,10.350205080038824,21.276615047708475
2020-11-29 00:30:00,10.31041126389022,20.01746116261064
2020-11-29 01:00:00,10.544718225962175,19.856675691662534
2020-11-29 01:30:00,10.372706601240962,19.499095229001583
2020-11-29 02:00:00,10.101599086471643,18.573349924173023
2020-11-29 02:30:00,10.220292355938163,19.761216792011137
2020-11-29 03:00:00,10.207094828882951,19.433676468984988
2020-11-29 03:30:00,10.207598180580959,18.227532221509403
2020-11-29 04:00:00,10.304207798656382,18.254320819997133
2020-11-29 04:30:00,10.310920897837384,19.00401346950339
2020-11-29 05:00:00,10.390485091641395,18.56968336911875
2020-11-29 05:30:00,10.079343338830851,18.2666494555439
2020-11-29 06:00:00,10.328563588714644,17.703830658388508
2020-11-29 06:30:00,10.309722475862374,17.875109165094415
2020-11-29 07:00:00,10.259449794014,19.51844178032187
2020-11-29 07:30:00,10.500184494727831,19.535324947678617
2020-11-29 08:00:00,10.323006975489148,19.128933281740924
2020-11-29 08:30:00,10.368220084081983,20.505700448541226
2020-11-29 09:00:00,10.73916736689883,20.750765564779297
2020-11-29 09:30:00,10.66931020977621,21.406054191676393
2020-11-29 10:00:00,10.771664579530942,22.231621576463937
2020-11-29 10:30:00,10.882954194922858,22.632286129073247
2020-11-29 11:00:00,10.661629086341316,24.26241289654452
2020-11-29 11:30:00,11.003000462146357,23.46157473227115
2020-11-29 12:00:00,10.918218772238433,23.908487778876736
2020-11-29 12:30:00,11.014161960586756,25.408340239038292
2020-11-29 13:00:00,11.087981974980627,25.905502914481218
2020-11-29 13:30:00,11.108085334452829,24.903997436216986
2020-11-29 14:00:00,11.02809113233283,26.986065694243504
2020-11-29 14:30:00,11.094429557733744,26.870301986004602
2020-11-29 15:00:00,11.132955910806484,25.896521048781544
2020-11-29 15:30:00,11.243512398710301,27.82402358513683
2020-11-29 16:00:00,10.884544103548302,26.31655651022458
2020-11-29 16:30:00,11.283813094769286,26.98536633976767
2020-11-29 17:00:00,11.011701843680383,25.802250263999603
2020-11-29 17:30:00,11.337895594590263,25.449829918710503
2020-11-29 18:00:00,11.124102095273985,26.251591482424583
2020-11-29 18:30:00,11.232151373297198,25.65733980122801
2020-11-29 19:00:00,10.975205572876542,25.050348042559037
2020-11-29 19:30:00,11.146290518715434,25.010718090525636
2020-11-29 20:00:00,10.954059765753998,24.61677518373015
2020-11-29 20:30:00,10.901351657267268,24.170559575287502
2020-11-29 21:00:00,10.850215780223827,23.140014750178143
2020-11-29 21:30:00,10.475976064119111,23.56188971759581
2020-11-29 22:00:00,10.527176926127492,22.800199302844806
2020-11-29 22:30:00,10.455032580079871,22.041968777173174
2020-11-29 23:00:00,10.579321370750296,21.609576257488925
2020-11-29 23:30:00,10.491767293681345,21.31693581533461
2020-11-30 00:00:00,10.714947449185907,20.150100147272614
2020-11-30 00:30:00,10.615561753713623,20.569707755773724
2020-11-30 01:00:00,10.66467876057801,19.77288988306862
2020-11-30 01:30:00,10.420671463992239,20.684157584688293
2020-11-30 02:00:00,10.498698927546343,18.961482142479944
2020-11-30 02:30:00,10.383197291518718,19.001949545341894
2020-11-30 03:00:00,10.29483219582608,18.895446142152018
2020-11-30 03:30:00,10.219965055354452,19.016873575687935
2020-11-30 04:00:00,10.390434076901846,18.459032596712188
2020-11-30 04:30:00,10.307778132206634,18.818572559436994
2020-11-30 05:00:00,10.359810663506805,20.027351698381597
2020-11-30 05:30:00,10.333878930032967,19.25048974201461
2020-11-30 06:00:00,10.345310276258049,19.97879669890301
2020-11-30 06:30:00,10.790158586081015,21.521848516076314
2020-11-30 07:00:00,10.536537148339997,20.26813779385793
2020-11-30 07:30:00,10.437229761259578,21.363757929930898
2020-11-30 08:00:00,10.604625633926418,21.666491387039702
2020-11-30 08:30:00,10.680448740717717,21.248557144367496
2020-11-30 09:00:00,10.575590773990642,22.269859267618646
2020-11-30 09:30:00,10.90675772615656,23.60827063299026
2020-11-30 10:00:00,10.749944205935975,22.74634134707023
2020-11-30 10:30:00,10.966948918581872,23.535378316789995
2020-11-30 11:00:00,10.916370118208079,24.41995616871552
2020-11-30 11:30:00,10.93318131281189,24.52741630827279
2020-11-30 12:00:00,11.435591041902507,25.357058908694665
2020-11-30 12:30:00,11.055788776863462,25.419580658725117
2020-11-30 13:00:00,10.997262085822966,25.379767376652513
2020-11-30 13:30:00,11.148539860914477,25.118690023578853
2020-11-30 14:00:00,11.127094099611778,25.377309170060677
2020-11-30 14:30:00,11.389320615089233,25.987110614544697
2020-11-30 15:00:00,11.334397490117732,25.70022622736851
2020-11-30 15:30:00,11.16123581080486,26.764646982842667
2020-11-30 16:00:00,11.501014775752209,25.99075803733886
2020-11-30 16:30:00,11.26991936483208,25.486507134299682
2020-11-30 17:00:00,11.13536649998395,26.09052074016935
2020-11-30 17:30:00,11.389366610083664,24.70355927874924
2020-11-30 18:00:00,11.31353715278384,24.05731587107739
2020-11-30 18:30:00,11.091511108902983,24.13977289381422
2020-11-30 19:00:00,11.03975693920059,23.589790355913564
2020-11-30 19:30:00,11.105031054943511,23.844911834702387
2020-11-30 20:00:00,10.998252349202415,23.77021843283956
2020-11-30 20:30:00,11.081462621562203,22.6384857598015
2020-11-30 21:00:00,10.995694290133537,21.47024903150588
2020-11-30 21:30:00,10.775158820226023,21.13755613098049
2020-11-30 22:00:00,10.728411001301659,20.99337434098713
2020-11-30 22:30:00,10.761113347111056,20.73261468565556
2020-11-30 23:00:00,10.871193862136229,19.483901914133245
2020-11-30 23:30:00,10.605260181587678,18.965132923071472
2020-12-01 00:00:00,10.974156301119127,18.92878317367548
2020-12-01 00:30:00,10.78666782540149,17.343541711043194
2020-12-01 01:00:00,10.859396312753992,17.54180299417797
2020-12-01 01:30:00,10.709486281018734,17.476718308372874
2020-12-01 02:00:00,10.783638731709374,16.58856595712748
2020-12-01 02:30:00,10.614251261327954,16.33579233434389
2020-12-01 03:00:00,10.610435103133293,16.553076449808056
2020-12-01 03:30:00,10.888374497892247,16.222665626871642
2020-12-01 04:00:00,10.775140544652336,15.639140307140709
2020-12-01 04:30:00,10.543800937889232,15.947180385424126
2020-12-01 05:00:00,10.818081760983711,16.39051646190057
2020-12-01 05:30:00,10.69185152338667,17.766804368944683
2020-12-01 06:00:00,10.884027333824438,16.61253002757595
2020-12-01 06:30:00,10.624316025779315,17.457086067658214
2020-12-01 07:00:00,10.799598703776894,19.3714255189027
2020-12-01 07:30:00,10.808718997003927,18.659471503291815
2020-12-01 08:00:00,10.828858546567057,19.069895820172384
2020-12-01 08:30:00,10.83160579100785,18.79117238597921
2020-12-01 09:00:00,11.235300834368216,20.900994310278215
2020-12-01 09:30:00,11.077366412535271,21.435090164165516
2020-12-01 10:00:00,11.103042954006302,22.237641559560934
2020-12-01 10:30:00,11.011495927585813,22.20832297852541
2020-12-01 11:00:00,11.387070900639305,22.786875731432136
2020-12-01 11:30:00,11.445942350790217,23.416599320947096
2020-12-01 12:00:00,11.352008676088943,24.714373663331177
2020-12-01 12:30:00,11.26298859021223,25.069644701775793
2020-12-01 13:00:00,11.534326631269124,25.75903656758643
2020-12-01 13:30:00,11.508034377305586,24.779892752580594
2020-12-01 14:00:00,11.37124706379081,25.287414467671812
2020-12-01 14:30:00,11.813855343664459,24.18275486816556
2020-12-01 15:00:00,11.674051374365856,25.7736658934744
2020-12-01 15:30:00,11.483724621948616,26.386289069611937
2020-12-01 16:00:00,11.509089173339653,25.5258278763808
2020-12-01 16:30:00,11.693030270108059,26.756675050328383
2020-12-01 17:00:00,11.72921155450872,24.918763427613637
2020-12-01 17:30:00,11.639580093238706,25.01020428015633
2020-12-01 18:00:00,11.604860763791525,24.39360857275297
2020-12-01 18:30:00,11.466676157064063,24.177343232032886
2020-12-01 19:00:00,11.712304280604444,23.88882808451869
2020-12-01 19:30:00,11.393981685403801,22.93425659419997
2020-12-01 20:00:00,11.401995966528352,22.70720919027753
2020-12-01 20:30:00,11.365926583361693,23.49668678626664
2020-12-01 21:00:00,11.232709957023589,21.874743392101156
2020-12-01 21:30:00,11.293837323289509,21.849016206217627
2020-12-01 22:00:00,11.320258165619276,19.718149850015426
2020-12-01 22:30:00,10.834555964223288,19.830632801192866
2020-12-01 23:00:00,11.001658693126863,19.548316617898873
2020-12-01 23:30:00,11.107557227099159,18.881590189056094
2020-12-02 00:00:00,11.12291280772703,18.309908983795346
2020-12-02 00:30:00,10.864059662233071,18.01517688482107
2020-12-02 01:00:00,10.944170814547332,17.788962744135613
2020-12-02 01:30:00,10.850735679822842,17.865976646626574
2020-12-02 02:00:00,10.812068896306839,17.69981587282413
2020-12-02 02:30:00,10.700414109160707,15.870048949812222
2020-12-02 03:00:00,10.859146518623863,15.805910607518886
2020-12-02 03:30:00,10.868456087138464,16.353914796873866
2020-12-02 04:00:00,10.907795568701069,16.4259970670685
2020-12-02 04:30:00,10.76713513417858,17.050307743644503
2020-12-02 05:00:00,10.765177517364972,17.50767144917875
2020-12-02 05:30:00,10.893566649143606,17.041669261344147
2020-12-02 06:00:00,11.16073309823861,18.90039580309626
2020-12-02 06:30:00,10.806124235900915,18.67639018173239
2020-12-02 07:00:00,10.862330797047164,18.181697344734708
2020-12-02 07:30:00,11.113160837409414,20.668623635761847
2020-12-02 08:00:00,10.842925664743568,20.630865638807435
2020-12-02 08:30:00,10.740747990336159,21.241526156811027
2020-12-02 09:00:00,11.192437922379876,20.803942798870274
2020-12-02 09:30:00,11.299675019319194,21.91040208986376
2020-12-02 10:00:00,11.353680491606829,22.791099268858055
2020-12-02 10:30:00,11.379061689286393,23.533059296324033
2020-12-02 11:00:00,11.450375269972149,24.34852933941585
2020-12-02 11:30:00,11.302437030751824,25.00101188351084
2020-12-02 12:00:00,11.558611858911203,25.782454600954097
2020-12-02 12:30:00,11.372004545797704,26.20694798873604
2020-12-02 13:00:00,11.350633190445386,26.327166374198875
2020-12-02 13:30:00,11.547682304125521,27.800555512751203
2020-12-02 14:00:00,11.45604786432261,27.377257364334326
2020-12-02 14:30:00,11.504621157561672,27.778855962830526
2020-12-02 15:00:00,11.577296055289768,27.386091774879002
2020-12-02 15:30:00,11.616345179220355,26.80406773529712
2020-12-02 16:00:00,11.686602008357292,26.02191578342522
2020-12-02 16:30:00,11.54432171234457,27.122463375289804
2020-12-02 17:00:00,11.582404971041766,26.45961421056865
2020-12-02 17:30:00,11.61492660974538,26.475746461367535
2020-12-02 18:00:00,11.624613738142621,26.496779095556786
2020-12-02 18:30:00,11.62756159404719,25.27228666984967
2020-12-02 19:00:00,11.621696043352552,24.859090360643577
2020-12-02 19:30:00,11.512452178877417,25.57172296186054
2020-12-02 20:00:00,11.487475657834757,24.951268723189372
2020-12-02 20:30:00,11.457745590535051,23.842097357930633
2020-12-02 21:00:00,11.32071870875494,23.06983410596612
2020-12-02 21:30:00,11.283574916381953,21.998940935042274
2020-12-02 22:00:00,11.098502906512516,22.077064006759944
2020-12-02 22:30:00,11.166963297558118,21.12556977027903
2020-12-02 23:00:00,11.191174719305941,21.357605792963376
2020-12-02 23:30:00,10.949853851448163,21.143853831127874
2020-12-03 00:00:00,11.540342959911255,19.795392516224442
2020-12-03 00:30:00,11.276768941830177,19.735707947046496
2020-12-03 01:00:00,11.411265185986515,19.08301486118004
2020-12-03 01:30:00,11.437405815254909,19.04793868024519
2020-12-03 02:00:00,11.23711339802104,18.940906613614118
2020-12-03 02:30:00,11.138966063181888,18.277032930024248
2020-12-03 03:00:00,11.213601965173998,18.338334449434797
2020-12-03 03:30:00,11.105559036035554,18.34544425792409
2020-12-03 04:00:00,11.043919703147958,17.573577145874776
2020-12-03 04:30:00,11.268214724435024,17.7606618043827
2020-12-03 05:00:00,10.946013698388306,18.152973463459034
2020-12-03 05:30:00,11.285583903050153,18.96427118687633
2020-12-03 06:00:00,11.122840042751132,19.5022849866384
2020-12-03 06:30:00,11.352439048338974,20.3422250924852
2020-12-03 07:00:00,11.229977355808613,18.82083768080876
2020-12-03 07:30:00,11.545366902790096,20.146831419040844
2020-12-03 08:00:00,11.33056614405236,19.90015056900837
2020-12-03 08:30:00,11.184779461739888,21.13518577528449
2020-12-03 09:00:00,11.846038065596865,21.22577892607535
2020-12-03 09:30:00,11.570807622893941,22.977872508236572
2020-12-03 10:00:00,11.615360644023667,23.288133938049587
2020-12-03 10:30:00,11.692272233094407,23.011251196698066
2020-12-03 11:00:00,11.717396450998208,24.49479105103844
2020-12-03 11:30:00,11.85096591836366,25.231837585524495
2020-12-03 12:00:00,11.781101449269743,25.528123363440166
2020-12-03 12:30:00,12.188626557644847,25.468193806241846
2020-12-03 13:00:00,11.88799892190053,25.587509503473434
2020-12-03 13:30:00,12.093258517672098,26.09308966978982
2020-12-03 14:00:00,12.213478894820536,26.86612635287
2020-12-03 14:30:00,12.050390672555137,27.44120757795966
2020-12-03 15:00:00,12.20490319097672,27.47289829644192
2020-12-03 15:30:00,12.043878511350396,27.42856763613955
2020-12-03 16:00:00,11.992045369039674,28.714885304374015
2020-12-03 16:30:00,12.01178114185854,27.397798503669176
2020-12-03 17:00:00,12.231078317300824,27.606687391120428
2020-12-03 17:30:00,12.206080368744674,27.995993877045642
2020-12-03 18:00:00,11.938338360288856,27.11298105590827
2020-12-03 18:30:00,12.138132630805142,27.431325349128233
2020-12-03 19:00:00,11.862214168969157,25.94459429967465
2020-12-03 19:30:00,11.94644296892413,26.273645112056652
2020-12-03 20:00:00,11.955900035103182,24.66463941320086
2020-12-03 20:30:00,11.567959108304276,23.94920248979943
2020-12-03 21:00:00,11.828761566812787,23.637317152644286
2020-12-03 21:30:00,11.656561030887566,23.519598307739596
2020-12-03 22:00:00,11.454368519859374,22.64508994150201
2020-12-03 22:30:00,11.645325651170587,21.281884561218416
2020-12-03 23:00:00,11.536797690831166,21.936050534341604
2020-12-03 23:30:00,11.484465295038394,19.95333843106472
2020-12-04 00:00:00,11.159836958913166,19.886406199091542
2020-12-04 00:30:00,11.06318999401937,19.73641487062041
2020-12-04 01:00:00,10.94387202518436,18.985536592648984
2020-12-04 01:30:00,11.025035903982486,19.04557630826112
2020-12-04 02:00:00,10.898539799299057,18.9232241536071
2020-12-04 02:30:00,10.93881153735758,18.7164133426466
2020-12-04 03:00:00,11.013232336839486,18.917814414005413
2020-12-04 03:30:00,11.044556352823669,18.2572275347014
2020-12-04 04:00:00,10.999025925851074,17.72326109317243
2020-12-04 04:30:00,10.987547024893708,18.35906595298166
2020-12-04 05:00:00,10.93756978303854,17.99857241241934
2020-12-04 05:30:00,11.093488683981386,18.737012128843105
2020-12-04 06:00:00,11.146810321470115,18.86950116385817
2020-12-04 06:30:00,10.994878243991058,19.233744950791852
2020-12-04 07:00:00,11.042117080899235,19.930969469893586
2020-12-04 07:30:00,11.027331336813235,20.380931562571163
2020-12-04 08:00:00,11.15599066928163,19.085934376652567
2020-12-04 08:30:00,11.195830873566122,20.53070220706455
2020-12-04 09:00:00,11.52869782705149,21.29937898295679
2020-12-04 09:30:00,11.522092852706681,21.890020720606447
2020-12-04 10:00:00,11.270656042777638,22.263783587177866
2020-12-04 10:30:00,11.58015266021351,22.352181728145577
2020-12-04 11:00:00,11.522900348044592,23.921770095822236
2020-12-04 11:30:00,11.405043318171343,24.61098353867562
2020-12-04 12:00:00,11.695751020601032,24.166488843176648
2020-12-04 12:30:00,11.636598348794152,25.002702243746892
2020-12-04 13:00:00,11.800997296846754,25.943140382246863
2020-12-04 13:30:00,11.867658820970803,25.447530111176167
2020-12-04 14:00:00,11.761662305491086,26.89210671549222
2020-12-04 14:30:00,12.047318295387676,28.08904116597799
2020-12-04 15:00:00,11.903888374804804,27.636047124090812
2020-12-04 15:30:00,11.805000828041813,28.182416689356508
2020-12-04 16:00:00,11.70641955851803,27.344951231289752
2020-12-04 16:30:00,12.167860111183682,27.284328149570864
2020-12-04 17:00:00,11.790803470141618,27.118686723911917
2020-12-04 17:30:00,11.874997420073491,27.34771957803341
2020-12-04 18:00:00,11.87382250938104,26.487054004621196
2020-12-04 18:30:00,11.911486001727665,26.60492991904313
2020-12-04 19:00:00,11.60265050666682,25.75496176185525
2020-12-04 19:30:00,11.427311118438377,24.684063594662835
2020-12-04 20:00:00,11.677370900984773,25.060488772200515
2020-12-04 20:30:00,11.432912975443568,23.552816822857068
2020-12-04 21:00:00,11.516734956797203,22.96598854862018
2020-12-04 21:30:00,11.728722549665996,23.67400249753756
2020-12-04 22:00:00,11.357209992897914,21.97770344285433
2020-12-04 22:30:00,11.441689335731626,20.52435891190761
2020-12-04 23:00:00,11.174999279418943,20.386248314002888
2020-12-04 23:30:00,11.584302251916359,19.357810293106738
2020-12-05 00:00:00,10.83642333750688,18.955183130440602
2020-12-05 00:30:00,10.871478564940322,17.58660219796597
2020-12-05 01:00:00,10.766828820451371,18.014973967043833
2020-12-05 01:30:00,10.675734959276685,16.575437328411482
2020-12-05 02:00:00,10.82461736042334,17.824746166172403
2020-12-05 02:30:00,10.65636623775879,17.55089059102289
2020-12-05 03:00:00,10.56222498676104,17.53287187033746
2020-12-05 03:30:00,10.59146426474768,18.069561145677795
2020-12-05 04:00:00,10.61227380325371,15.944270208715707
2020-12-05 04:30:00,10.659083369305959,15.75888026541852
2020-12-05 05:00:00,10.67521333924331,16.005371497521594
2020-12-05 05:30:00,10.59091431888745,16.56456247192187
2020-12-05 06:00:00,10.650302911219212,17.29760951791088
2020-12-05 06:30:00,10.96520124467343,17.098480665045514
2020-12-05 07:00:00,10.750346341673806,17.168671056513407
2020-12-05 07:30:00,10.973273202427091,17.399632636992955
2020-12-05 08:00:00,10.824914712964189,18.27568432465158
2020-12-05 08:30:00,10.967172370886795,19.054503036007446
2020-12-05 09:00:00,10.914618222214344,19.9122435370124
2020-12-05 09:30:00,10.821292332223894,19.699121419888964
2020-12-05 10:00:00,11.041092640115767,21.174478264887334
2020-12-05 10:30:00,11.263111084628077,21.990003922031473
2020-12-05 11:00:00,11.367194943712606,22.53217336269175
2020-12-05 11:30:00,11.402882734047516,22.43543392877338
2020-12-05 12:00:00,11.269796195236463,23.90354310115462
2020-12-05 12:30:00,11.345632979803637,24.06994924584747
2020-12-05 13:00:00,11.295364462719238,24.358463264665197
2020-12-05 13:30:00,11.500276919358893,23.694060184356356
2020-12-05 14:00:00,11.597202075623086,23.654194980371958
2020-12-05 14:30:00,11.554715853274988,24.375224800517326
2020-12-05 15:00:00,11.45981882048287,24.164682903953516
2020-12-05 15:30:00,11.60641458603086,24.032865666006277
2020-12-05 16:00:00,11.574624958674654,24.632407836852565
2020-12-05 16:30:00,11.615914908202885,24.714079773308903
2020-12-05 17:00:00,11.526223115283972,24.8689004715148
2020-12-05 17:30:00,11.552200132158243,25.35596262160855
2020-12-05 18:00:00,11.417238819081062,24.714549192337113
2020-12-05 18:30:00,11.37070034610378,23.330384654230997
2020-12-05 19:00:00,11.133730049221873,24.16471413392909
2020-12-05 19:30:00,11.407984172755876,23.372892349643795
2020-12-05 20:00:00,11.351708965579933,23.024906681422827
2020-12-05 20:30:00,11.168617239329922,22.799753178042682
2020-12-05 21:00:00,11.39806558860114,21.840030848617516
2020-12-05 21:30:00,11.301541545041424,21.964823926366744
2020-12-05 22:00:00,11.297057480942124,20.337062800643224
2020-12-05 22:30:00,11.030320565125828,19.473122964884652
2020-12-05 23:00:00,10.95589848104386,18.82596094022818
2020-12-05 23:30:00,10.964058363894267,18.59528488916644
2020-12-06 00:00:00,10.843392555278827,17.56923752496263
2020-12-06 00:30:00,10.856732046295479,18.121749606826832
2020-12-06 01:00:00,10.543926496315473,17.83298906187698
2020-12-06 01:30:00,10.590338387893665,17.282238332548012
2020-12-06 02:00:00,10.357127939479353,15.885177938035557
2020-12-06 02:30:00,10.520942824588618,15.884291848938641
2020-12-06 03:00:00,10.627917547674569,17.512862092252266
2020-12-06 03:30:00,10.592293058840232,17.084268761104745
2020-12-06 04:00:00,10.767569435354124,18.28113971020359
2020-12-06 04:30:00,10.592244564789016,17.347941721361085
2020-12-06 05:00:00,10.48540560862852,18.394070159296852
2020-12-06 05:30:00,10.468876049330051,18.06774121399459
2020-12-06 06:00:00,10.605173460568661,18.868632545885074
2020-12-06 06:30:00,10.788827160399677,19.617159455960383
2020-12-06 07:00:00,10.513164435567717,20.285612561103733
2020-12-06 07:30:00,10.590122068939376,21.449325644683586
2020-12-06 08:00:00,10.753085402100647,21.429931737215774
2020-12-06 08:30:00,10.760524382234102,20.74384245318025
2020-12-06 09:00:00,10.953527736124043,22.018610619929987
2020-12-06 09:30:00,10.861630649292014,22.411848075460284
2020-12-06 10:00:00,10.978130469611408,22.297480857744183
2020-12-06 10:30:00,11.031478012002786,23.307132679960368
2020-12-06 11:00:00,11.115886471777522,24.436514261611663
2020-12-06 11:30:00,11.303572080524717,23.936662292446858
2020-12-06 12:00:00,11.05356522607623,25.129301437098476
2020-12-06 12:30:00,11.05247270102182,25.80928384977045
2020-12-06 13:00:00,11.12437837089005,25.122476878589783
2020-12-06 13:30:00,11.302014517507919,27.055413644615154
2020-12-06 14:00:00,11.38233698238415,27.094095265629626
2020-12-06 14:30:00,11.457588588353303,26.59328281812229
2020-12-06 15:00:00,11.451034485223516,27.342191913638384
2020-12-06 15:30:00,11.441378138958017,26.45973738949304
2020-12-06 16:00:00,11.22252404000703,26.54593558329002
2020-12-06 16:30:00,11.34936289553132,26.165431049411115
2020-12-06 17:00:00,11.46457841279844,25.033784631794003
2020-12-06 17:30:00,11.251342408175068,25.818075181963387
2020-12-06 18:00:00,11.31255074348574,25.25800366100126
2020-12-06 18:30:00,11.285308965298467,24.66107480282813
2020-12-06 19:00:00,11.352565007053611,23.80558996807827
2020-12-06 19:30:00,11.150118874398922,23.92022717477707
2020-12-06 20:00:00,11.009950756402176,22.95950205351049
2020-12-06 20:30:00,11.10576738836976,23.555437048357486
2020-12-06 21:00:00,11.058306699982962,21.26277813614853
2020-12-06 21:30:00,11.12603449990053,21.6718168702151
2020-12-06 22:00:00,10.905153445346174,20.737191958344013
2020-12-06 22:30:00,10.887029297025272,20.087651355826875
2020-12-06 23:00:00,10.796752006035646,20.209437593412805
2020-12-06 23:30:00,10.74443408525683,18.920676327145767
2020-12-07 00:00:00,11.609886797373377,19.901624262616632
2020-12-07 00:30:00,11.02369160419775,18.655660150540378
2020-12-07 01:00:00,11.337043773637342,18.48783108418868
2020-12-07 01:30:00,11.136275088018413,17.73747787963787
2020-12-07 02:00:00,11.200939788725606,17.296933894047605
2020-12-07 02:30:00,10.988924437905336,17.240565618700494
2020-12-07 03:00:00,11.166451966521208,16.701013701306728
2020-12-07 03:30:00,11.039524032561452,16.78862559585089
2020-12-07 04:00:00,11.19092405838523,17.31466702414298
2020-12-07 04:30:00,11.286140805609826,16.334715849920993
2020-12-07 05:00:00,11.001695569135851,17.746661268891394
2020-12-07 05:30:00,10.981229635053039,17.137440901588853
2020-12-07 06:00:00,11.323023781618032,17.59282579440388
2020-12-07 06:30:00,11.450878762203342,17.36441534023482
2020-12-07 07:00:00,11.270094104293879,18.32338404859708
2020-12-07 07:30:00,11.077725930623105,17.9773135541845
2020-12-07 08:00:00,11.188083762801574,19.347273145406778
2020-12-07 08:30:00,11.537479144492684,20.586395836262625
2020-12-07 09:00:00,11.691813042602554,21.034367842372617
2020-12-07 09:30:00,11.533256890746916,21.59043159891886
2020-12-07 10:00:00,11.45132968238957,21.906087188390043
2020-12-07 10:30:00,11.811674156464594,22.624468218897448
2020-12-07 11:00:00,11.573657032256854,22.61013895808833
2020-12-07 11:30:00,11.71423423792747,22.78218095148768
2020-12-07 12:00:00,11.776883385629413,24.862203378139377
2020-12-07 12:30:00,11.827937579997307,24.496060988415316
2020-12-07 13:00:00,12.019442764569222,24.077322837613803
2020-12-07 13:30:00,11.876438842160042,25.367775860701624
2020-12-07 14:00:00,12.048550892352658,26.075414245513986
2020-12-07 14:30:00,12.192203953097172,25.30598585365437
2020-12-07 15:00:00,12.21295512129664,25.526064171607224
2020-12-07 15:30:00,12.257256891083099,24.613546387195246
2020-12-07 16:00:00,12.049120309760735,24.59152994369505
2020-12-07 16:30:00,11.880362816818666,26.1119885337313
2020-12-07 17:00:00,12.10211095196251,26.933700832570867
2020-12-07 17:30:00,12.086414686471223,24.509337481027632
2020-12-07 18:00:00,12.06596717836956,23.691155989377446
2020-12-07 18:30:00,11.948078214965053,24.80874467659522
2020-12-07 19:00:00,12.00935466739477,24.08673685026139
2020-12-07 19:30:00,11.781566353891916,22.878304402059147
2020-12-07 20:00:00,11.952503452196954,23.039876575818447
2020-12-07 20:30:00,12.010017377782624,21.264605566197
2020-12-07 21:00:00,11.753862242191376,20.941404040769363
2020-12-07 21:30:00,11.682107024557466,20.563848130265395
2020-12-07 22:00:00,11.68805441054185,19.50260413806284
2020-12-07 22:30:00,11.614346417193039,18.985766457308404
2020-12-07 23:00:00,11.554498011303119,18.35983839269848
2020-12-07 23:30:00,11.451506867770608,18.343311255558138
2020-12-08 00:00:00,11.472026699731197,17.999487051932324
2020-12-08 00:30:00,11.635258238585115,16.7823342902171
2020-12-08 01:00:00,11.26453661933513,17.268307229063495
2020-12-08 01:30:00,11.49140598201555,15.507409914303844
2020-12-08 02:00:00,11.226938268987688,15.632630063342111
2020-12-08 02:30:00,11.352211240006241,15.348352180809016
2020-12-08 03:00:00,11.167352942907389,16.74860081453311
2020-12-08 03:30:00,11.086847931675118,16.0375128876446
2020-12-08 04:00:00,11.141311178925745,16.044865934268014
2020-12-08 04:30:00,11.152587001621304,17.057571410284528
2020-12-08 05:00:00,11.429362039172878,16.59887179196413
2020-12-08 05:30:00,11.227302104457163,16.27111809445572
2020-12-08 06:00:00,11.243827753364595,15.548017751935237
2020-12-08 06:30:00,11.247105691843673,17.678917551146444
2020-12-08 07:00:00,11.398620607761648,17.53651378527891
2020-12-08 07:30:00,11.44751202593421,18.343706344765543
2020-12-08 08:00:00,11.568966550100455,19.44269701210648
2020-12-08 08:30:00,11.479037269407462,18.9668636299068
2020-12-08 09:00:00,11.478944039745302,20.328185729137296
2020-12-08 09:30:00,11.676242510495284,21.204160638755457
2020-12-08 10:00:00,11.851663589923975,21.788723210092073
2020-12-08 10:30:00,11.901211661373212,22.166438057179633
2020-12-08 11:00:00,11.755089785196565,23.654122168431996
2020-12-08 11:30:00,11.874627103402341,23.774291857533402
2020-12-08 12:00:00,12.033003455616926,24.881210070374387
2020-12-08 12:30:00,11.974785469529076,24.381507753591034
2020-12-08 13:00:00,11.921448355409886,24.649337631297332
2020-12-08 13:30:00,12.159939888089077,25.175260879351793
2020-12-08 14:00:00,12.127554347505365,25.06339399419892
2020-12-08 14:30:00,12.236458472902955,25.334702007304724
2020-12-08 15:00:00,12.325691684296517,25.28436165982638
2020-12-08 15:30:00,12.172016882914857,25.38510098228661
2020-12-08 16:00:00,12.096183446475562,25.552686335130392
2020-12-08 16:30:00,12.138778396635171,25.733792227457176
2020-12-08 17:00:00,12.316695788148662,26.39662630810939
2020-12-08 17:30:00,12.21235418586188,26.05863812900425
2020-12-08 18:00:00,12.267829000176727,24.828802064019968
2020-12-08 18:30:00,12.093738425153164,25.449546550541978
2020-12-08 19:00:00,12.184931921620144,25.886223999709248
2020-12-08 19:30:00,11.987374646658527,25.224752355203876
2020-12-08 20:00:00,11.915301250041672,22.77863952941169
2020-12-08 20:30:00,11.934903382951925,22.459765364798507
2020-12-08 21:00:00,11.860330111385991,22.459509013063776
2020-12-08 21:30:00,11.783734200777046,21.531417307724205
2020-12-08 22:00:00,11.75465154669495,20.693522939390796
2020-12-08 22:30:00,11.797756559035856,19.851299175008016
2020-12-08 23:00:00,11.542736479912632,19.26897027381913
2020-12-08 23:30:00,11.356116985516785,18.368077891249683
2020-12-09 00:00:00,11.50420276990217,19.030584756530708
2020-12-09 00:30:00,11.620715621427953,17.46112708195839
2020-12-09 01:00:00,11.47624857849743,17.831006751853188
2020-12-09 01:30:00,11.176470654373386,18.284346867063583
2020-12-09 02:00:00,11.329625328020803,17.945863094451937
2020-12-09 02:30:00,11.37666614875886,16.99153757245139
2020-12-09 03:00:00,11.331318060212022,16.96390417670374
2020-12-09 03:30:00,11.424022831742201,16.671481214406594
2020-12-09 04:00:00,11.30932095683481,16.81088505747425
2020-12-09 04:30:00,10.900385145950892,16.96770282793841
2020-12-09 05:00:00,11.294859464246585,17.729868420860342
2020-12-09 05:30:00,11.162203149014196,17.057449165063343
2020-12-09 06:00:00,11.17256257133327,17.796418792353784
2020-12-09 06:30:00,11.117113355438118,18.362032649709246
2020-12-09 07:00:00,11.20821627822875,19.0075583018718
2020-12-09 07:30:00,11.360746480473574,18.903993712326553
2020-12-09 08:00:00,11.583578796897342,20.091540302826697
2020-12-09 08:30:00,11.646979173072571,20.27173028677572
2020-12-09 09:00:00,11.651981026403861,20.93408061006395
2020-12-09 09:30:00,11.782708452909954,21.145147725970034
2020-12-09 10:00:00,11.653134146374798,20.588206967873344
2020-12-09 10:30:00,11.663635241558369,22.84160979158114
2020-12-09 11:00:00,12.055636046440164,23.527397239881427
2020-12-09 11:30:00,11.942985723005009,23.173064330409456
2020-12-09 12:00:00,11.901417626135201,23.425664597883998
2020-12-09 12:30:00,12.088516488841258,24.00277265178522
2020-12-09 13:00:00,11.95402716518923,23.525950570261333
2020-12-09 13:30:00,12.281141644360307,24.633793915126365
2020-12-09 14:00:00,11.9617314084993,25.05772621454678
2020-12-09 14:30:00,12.084435184993458,25.662989707430413
2020-12-09 15:00:00,12.148649614906613,25.753692665615045
2020-12-09 15:30:00,12.159560283385739,24.71219222387194
2020-12-09 16:00:00,12.033152789643331,26.15163717806893
2020-12-09 16:30:00,12.290600355988529,25.477143890061495
2020-12-09 17:00:00,12.248783735066077,25.707807237984497
2020-12-09 17:30:00,12.158531019576458,25.627348715951744
2020-12-09 18:00:00,12.194558533478505,25.33069875871955
2020-12-09 18:30:00,12.031071236034649,25.028702238184263
2020-12-09 19:00:00,12.16466196034914,26.34349044886829
2020-12-09 19:30:00,11.928368542121408,24.61566663507948
2020-12-09 20:00:00,11.81555370782058,23.972306770870475
2020-12-09 20:30:00,11.866649051191862,24.187073460445543
2020-12-09 21:00:00,11.80414886304171,22.454881398177225
2020-12-09 21:30:00,11.807557991499129,23.485604882196906
2020-12-09 22:00:00,11.782342993852328,22.835834409709136
2020-12-09 22:30:00,11.838827291871555,22.538341283800914
2020-12-09 23:00:00,11.419500912490175,21.16808945170525
2020-12-09 23:30:00,11.329225768671394,20.629426368449185
2020-12-10 00:00:00,11.143270348324407,19.18900015173608
2020-12-10 00:30:00,11.207179147734774,19.280440367797112
2020-12-10 01:00:00,11.129436825450142,19.368738136037695
2020-12-10 01:30:00,10.962101979732537,18.720828615690408
2020-12-10 02:00:00,10.913385724543668,18.889424270744243
2020-12-10 02:30:00,10.880573319621957,18.223557651705253
2020-12-10 03:00:00,11.088995490185786,17.85053799446354
2020-12-10 03:30:00,10.85855670407258,18.663400176442856
2020-12-10 04:00:00,10.913231715545242,19.011062437433214
2020-12-10 04:30:00,10.746863669516163,18.75855953799819
2020-12-10 05:00:00,10.995724682330177,18.618298922228433
2020-12-10 05:30:00,10.899750600906218,18.42028942260278
2020-12-10 06:00:00,10.91264196992584,20.99101329080001
2020-12-10 06:30:00,10.94322389105347,19.857110789284743
2020-12-10 07:00:00,11.002717851329122,20.509730477445697
2020-12-10 07:30:00,11.367340580372769,21.142759743873338
2020-12-10 08:00:00,11.18451096051942,22.269418310675086
2020-12-10 08:30:00,11.246059047067748,21.7470764238728
2020-12-10 09:00:00,11.143848411154076,23.018701502144566
2020-12-10 09:30:00,11.129618801720797,23.558322632412466
2020-12-10 10:00:00,11.105957285278572,23.727759106941285
2020-12-10 10:30:00,11.346635127921095,25.045186960957697
2020-12-10 11:00:00,11.494710251441456,24.6731632274688
2020-12-10 11:30:00,11.560682189252345,25.840478205866397
2020-12-10 12:00:00,11.418994573682882,26.954920203498155
2020-12-10 12:30:00,11.717384482362224,27.128801621642896
2020-12-10 13:00:00,11.621263855095943,27.24852608751767
2020-12-10 13:30:00,11.86217714911425,27.542506870300627
2020-12-10 14:00:00,11.732355260809744,28.167877171759223
2020-12-10 14:30:00,11.795617663595433,28.446021676241276
2020-12-10 15:00:00,11.723031283959031,27.37782125106444
2020-12-10 15:30:00,11.740629154560919,27.284901359539024
2020-12-10 16:00:00,11.830967190197445,28.566562225424118
2020-12-10 16:30:00,11.891214195611129,27.971752545050247
2020-12-10 17:00:00,11.896456694944101,28.079928820921452
2020-12-10 17:30:00,11.70675762728275,28.301213382288307
2020-12-10 18:00:00,11.61620042422539,28.034905166835323
2020-12-10 18:30:00,11.779186830563301,27.233295226790013
2020-12-10 19:00:00,11.839527205631331,26.850985457734822
2020-12-10 19:30:00,11.58429741603044,26.437709863752364
2020-12-10 20:00:00,11.540770471507745,25.887944713068332
2020-12-10 20:30:00,11.483565143978986,25.240812542515023
2020-12-10 21:00:00,11.515343758795733,24.164828045591086
2020-12-10 21:30:00,11.525815804493444,24.269480568934178
2020-12-10 22:00:00,11.247206017497117,23.111899370340108
2020-12-10 22:30:00,11.341918370474366,22.907617632847995
2020-12-10 23:00:00,11.394084397628587,23.11716385804
2020-12-10 23:30:00,11.240507793277265,22.5460426939016
2020-12-11 00:00:00,11.095750231688717,22.66721808671955
2020-12-11 00:30:00,10.968189590629796,21.696390514432533
2020-12-11 01:00:00,11.08799462626092,20.81158398000855
2020-12-11 01:30:00,11.192972666291173,19.92243363328294
2020-12-11 02:00:00,11.096875426582743,19.547984091393875
2020-12-11 02:30:00,11.140107876121418,19.28966040431276
2020-12-11 03:00:00,10.921275041717545,20.376444150301513
2020-12-11 03:30:00,10.95635560018256,19.605151772114628
2020-12-11 04:00:00,10.856888566048797,18.98215162366746
2020-12-11 04:30:00,11.010356841825482,18.88283636482885
2020-12-11 05:00:00,10.940623860025555,20.127539967490268
2020-12-11 05:30:00,10.895483337851948,19.22017349750183
2020-12-11 06:00:00,10.96724691597022,20.2489924138826
2020-12-11 06:30:00,11.107124384498562,20.605430083707287
2020-12-11 07:00:00,11.183466911400025,21.55681108392116
2020-12-11 07:30:00,11.220308449742623,21.249291139612016
2020-12-11 08:00:00,11.44596427093705,22.437311691932592
2020-12-11 08:30:00,11.32607863458549,22.89004240061283
2020-12-11 09:00:00,11.196243323501076,24.14019141451604
2020-12-11 09:30:00,11.484360382314472,24.982825922685755
2020-12-11 10:00:00,11.326665902527358,25.11290685414789
2020-12-11 10:30:00,11.360035767108993,25.526857823877307
2020-12-11 11:00:00,11.630754634540114,26.51340462580866
2020-12-11 11:30:00,11.53853796043274,25.798659588816502
2020-12-11 12:00:00,11.663510820933588,26.884412442015606
2020-12-11 12:30:00,11.655389757683972,26.741435473605186
2020-12-11 13:00:00,11.739375025463742,26.874874408183295
2020-12-11 13:30:00,11.598249187388488,26.916357077453604
2020-12-11 14:00:00,11.94380323205697,27.400371981525897
2020-12-11 14:30:00,12.010332485214986,28.77653444526684
2020-12-11 15:00:00,11.856777023521389,29.1535543022938
2020-12-11 15:30:00,12.046097580473846,28.85830307415399
2020-12-11 16:00:00,12.004449980359485,29.456574864418084
2020-12-11 16:30:00,12.040638393929436,28.69652128943425
2020-12-11 17:00:00,12.062030134037089,28.26702486981609
2020-12-11 17:30:00,11.72096242650375,28.28403584298561
2020-12-11 18:00:00,11.935312405636829,29.032586994175066
2020-12-11 18:30:00,11.787392122910596,28.867233397845713
2020-12-11 19:00:00,11.852787620507057,28.67406000202401
2020-12-11 19:30:00,11.685900956252974,27.33209805743966
2020-12-11 20:00:00,11.90592247566954,26.77852078815163
2020-12-11 20:30:00,11.802301906175225,25.48485573714808
2020-12-11 21:00:00,11.549466929501762,26.213145281063575
2020-12-11 21:30:00,11.540947725859436,25.569544672729183
2020-12-11 22:00:00,11.454184408475006,24.77257166690561
2020-12-11 22:30:00,11.394838405041048,23.871077439440956
2020-12-11 23:00:00,11.409913475956182,23.148079606738975
2020-12-11 23:30:00,11.136799766093157,22.451291766166225
2020-12-12 00:00:00,9.7130143785725,22.492474783208845
2020-12-12 00:30:00,9.917245228311034,20.866433793270996
2020-12-12 01:00:00,9.799914235722268,21.19734462702045
2020-12-12 01:30:00,9.686099632537518,20.176884812824564
2020-12-12 02:00:00,9.634078295173547,19.052743677948918
2020-12-12 02:30:00,9.532061457828544,18.492199545055566
2020-12-12 03:00:00,9.630587151529637,18.467030535479555
2020-12-12 03:30:00,9.480413746725056,18.84372723906806
2020-12-12 04:00:00,9.65651241359227,18.159202409852853
2020-12-12 04:30:00,9.673651819902107,19.199237495440784
2020-12-12 05:00:00,9.591917825186375,19.41377003952568
2020-12-12 05:30:00,9.772036200563791,19.214770374506596
2020-12-12 06:00:00,9.771264940646125,18.5488349686333
2020-12-12 06:30:00,9.74729668266454,18.689116988328397
2020-12-12 07:00:00,9.690918935742408,20.61583032939494
2020-12-12 07:30:00,9.740618403760557,21.4894203506655
2020-12-12 08:00:00,9.757013244457903,21.121061148578658
2020-12-12 08:30:00,9.704735169482808,22.16453366817892
2020-12-12 09:00:00,9.950791425687385,22.696071781617675
2020-12-12 09:30:00,10.076306751302122,23.004588859076158
2020-12-12 10:00:00,9.90472429241743,24.483116476204028
2020-12-12 10:30:00,10.14808059388922,24.380752673304233
2020-12-12 11:00:00,10.140164513946102,25.56995817433692
2020-12-12 11:30:00,10.228503178196013,26.26325039237797
2020-12-12 12:00:00,10.339651515544457,25.985471461436802
2020-12-12 12:30:00,10.406335820866522,27.464190276407862
2020-12-12 13:00:00,10.28145545478199,26.27722561106814
2020-12-12 13:30:00,10.465671097782955,27.70438887990433
2020-12-12 14:00:00,10.374516479341178,27.509483682137375
2020-12-12 14:30:00,10.173954675780553,28.758761369901034
2020-12-12 15:00:00,10.672990373124364,27.679225790761564
2020-12-12 15:30:00,10.473873586996753,26.89741499221218
2020-12-12 16:00:00,10.439750857741048,28.047570792768596
2020-12-12 16:30:00,10.610858212626912,26.03305461003829
2020-12-12 17:00:00,10.506724214853364,26.742880791554455
2020-12-12 17:30:00,10.382213381822872,26.03972678887563
2020-12-12 18:00:00,10.438914819951465,26.71619113735063
2020-12-12 18:30:00,10.420253851009146,25.48241659542387
2020-12-12 19:00:00,10.329254536675556,25.627699023992026
2020-12-12 19:30:00,10.062464272826585,24.629943938272195
2020-12-12 20:00:00,10.278641824500218,23.480492917718777
2020-12-12 20:30:00,10.117309298065802,22.311376048912322
2020-12-12 21:00:00,10.054982220794452,24.022403592457604
2020-12-12 21:30:00,10.112738631345453,22.803672508362457
2020-12-12 22:00:00,10.270748066637877,21.626246694702083
2020-12-12 22:30:00,9.87826256383725,21.195984958426408
2020-12-12 23:00:00,9.975629569283127,21.415943568058932
2020-12-12 23:30:00,9.745505494056705,19.364118463302265
2020-12-13 00:00:00,9.66139476242591,20.938540521975632
2020-12-13 00:30:00,9.738695899493807,18.992449216879592
2020-12-13 01:00:00,9.82364409303269,18.97169221411235
2020-12-13 01:30:00,9.72492324561342,19.088334733019565
2020-12-13 02:00:00,9.694576844146416,18.557680990655435
2020-12-13 02:30:00,9.761512094553831,17.93465786071086
2020-12-13 03:00:00,9.672693932049029,18.375317988375432
2020-12-13 03:30:00,9.55802768678951,18.046819769137834
2020-12-13 04:00:00,9.51894815324754,18.73499793727925
2020-12-13 04:30:00,9.58503127485517,18.072539053263206
2020-12-13 05:00:00,9.659278738170585,17.784800703214454
2020-12-13 05:30:00,9.61099635127138,18.796662999676155
2020-12-13 06:00:00,9.643749080917793,18.331646653497774
2020-12-13 06:30:00,9.642565820349171,17.63500110979271
2020-12-13 07:00:00,9.654533491281443,18.71685052960331
2020-12-13 07:30:00,9.656475860637732,20.216349090917763
2020-12-13 08:00:00,9.74129816969709,20.09605783058234
2020-12-13 08:30:00,10.045644363578921,21.59878880443935
2020-12-13 09:00:00,10.028151028128109,21.21094596826497
2020-12-13 09:30:00,10.113173648892174,22.14485021622959
2020-12-13 10:00:00,10.040770800199493,22.119000393858798
2020-12-13 10:30:00,10.071083658837408,22.89916687487626
2020-12-13 11:00:00,10.220112860346148,24.080865056315748
2020-12-13 11:30:00,10.150333542201423,24.745457391647353
2020-12-13 12:00:00,10.355588614536343,24.97481716532293
2020-12-13 12:30:00,10.297193816118314,25.94899964423647
2020-12-13 13:00:00,10.407061718905737,25.094110656849516
2020-12-13 13:30:00,10.279795059286212,26.433927071531276
2020-12-13 14:00:00,10.581174628724847,26.6649303732176
2020-12-13 14:30:00,10.437083490926703,26.684093939921475
2020-12-13 15:00:00,10.50292230977215,27.425182929108903
2020-12-13 15:30:00,10.365344123464707,27.348736329478406
2020-12-13 16:00:00,10.374769349878592,28.109715235623774
2020-12-13 16:30:00,10.517249706276386,27.64918273417289
2020-12-13 17:00:00,10.260701478208656,28.00695262222615
2020-12-13 17:30:00,10.54564538772651,27.223451223471265
2020-12-13 18:00:00,10.329129410723022,27.958025875970527
2020-12-13 18:30:00,10.461392612072114,27.46682490408283
2020-12-13 19:00:00,10.256804527035998,27.256234983733155
2020-12-13 19:30:00,10.278975694407945,25.588264032474253
2020-12-13 20:00:00,10.246978921933165,25.178369422108542
2020-12-13 20:30:00,10.283118571093656,25.014096143430578
2020-12-13 21:00:00,10.050318441259472,23.974012877102652
2020-12-13 21:30:00,10.139863150713662,23.165206511423744
2020-12-13 22:00:00,10.059014143899219,23.32508019250343
2020-12-13 22:30:00,10.052412569925156,22.563403559775978
2020-12-13 23:00:00,9.837736381083035,21.863000959631233
2020-12-13 23:30:00,9.869766365552323,21.420088197925413
2020-12-14 00:00:00,10.172067985605297,20.68184145541087
2020-12-14 00:30:00,10.161366442238565,20.762929581527516
2020-12-14 01:00:00,10.266957981857919,19.855254339361444
2020-12-14 01:30:00,10.240621426901866,20.780437897745877
2020-12-14 02:00:00,9.99385407927536,19.586977434042566
2020-12-14 02:30:00,10.046579537592645,19.982014982408803
2020-12-14 03:00:00,10.03719739711,18.50586141179512
2020-12-14 03:30:00,9.937837439474626,18.87677524139779
2020-12-14 04:00:00,9.990194848722842,18.788529442869912
2020-12-14 04:30:00,9.925336616891864,19.448066515638445
2020-12-14 05:00:00,10.100635584663541,19.535802135344174
2020-12-14 05:30:00,9.966479603300952,18.557188498049396
2020-12-14 06:00:00,10.231169278013109,20.052255181321577
2020-12-14 06:30:00,9.919955503263285,19.746757601760226
2020-12-14 07:00:00,10.215306099339404,21.374065750954873
2020-12-14 07:30:00,10.261956687541723,21.054692783147672
2020-12-14 08:00:00,10.180090046347352,20.682875808065226
2020-12-14 08:30:00,10.122414497823797,22.090979355897815
2020-12-14 09:00:00,10.370378848103122,22.65981542554392
2020-12-14 09:30:00,10.279905567669188,22.722003169991318
2020-12-14 10:00:00,10.579064546523371,23.553517016001074
2020-12-14 10:30:00,10.53301212406397,24.62006737414598
2020-12-14 11:00:00,10.575655219731209,24.63688960367335
2020-12-14 11:30:00,10.643030274738578,25.438951062523312
2020-12-14 12:00:00,10.762918979509047,26.997633079895863
2020-12-14 12:30:00,10.727302527531538,26.281440676874517
2020-12-14 13:00:00,10.83172259847086,27.143312164018962
2020-12-14 13:30:00,10.849653294427,27.62770366299444
2020-12-14 14:00:00,10.785138293493397,28.160422111522315
2020-12-14 14:30:00,10.987015295622626,28.35081415640166
2020-12-14 15:00:00,11.05947112260266,26.771564456696535
2020-12-14 15:30:00,11.017222175342571,27.617349551293792
2020-12-14 16:00:00,10.913025803600691,28.07142132193261
2020-12-14 16:30:00,10.970285650135411,27.169158487120832
2020-12-14 17:00:00,10.76882099146415,28.248700546176625
2020-12-14 17:30:00,10.777011925313232,27.24881340128464
2020-12-14 18:00:00,10.745658943153847,26.06869747410485
2020-12-14 18:30:00,10.746352810779271,26.12052539315881
2020-12-14 19:00:00,10.861447017300648,26.082607045899792
2020-12-14 19:30:00,10.640394743539021,24.58157125659492
2020-12-14 20:00:00,10.613154967565194,24.49076221510248
2020-12-14 20:30:00,10.469549959848944,23.118609489263008
2020-12-14 21:00:00,10.502727943878813,22.363722804799206
2020-12-14 21:30:00,10.344740457879471,22.009945770331537
2020-12-14 22:00:00,10.555869837616784,21.54052681099909
2020-12-14 22:30:00,10.389388831025778,20.833863856434228
2020-12-14 23:00:00,10.445612554305342,20.1896661165093
2020-12-14 23:30:00,10.435960704958655,20.62784804891335
2020-12-15 00:00:00,10.066777294454091,18.348011017144234
2020-12-15 00:30:00,10.0067782790482,17.51443898362797
2020-12-15 01:00:00,9.944721119857237,18.417969858869775
2020-12-15 01:30:00,9.852534713027067,17.87469187338904
2020-12-15 02:00:00,9.650243988329178,17.183298194375027
2020-12-15 02:30:00,9.857078698435322,18.627984100021038
2020-12-15 03:00:00,9.752893055608256,17.32618665905144
2020-12-15 03:30:00,9.713207220755207,16.784445884639478
2020-12-15 04:00:00,9.750039279967671,17.969686760826036
2020-12-15 04:30:00,9.807934934079158,17.966941278306336
2020-12-15 05:00:00,9.888956185032754,18.662150679234692
2020-12-15 05:30:00,9.741913777228778,16.751644650283723
2020-12-15 06:00:00,9.740086194994444,17.350535252484384
2020-12-15 06:30:00,10.000850258982144,17.993532456256844
2020-12-15 07:00:00,9.986217547344499,18.643793382363484
2020-12-15 07:30:00,10.052613403458993,19.31430455372632
2020-12-15 08:00:00,9.992644241892297,19.191163168641506
2020-12-15 08:30:00,9.93057160138405,19.276139074279527
2020-12-15 09:00:00,10.256013210347724,20.81165874122311
2020-12-15 09:30:00,10.303281434846623,21.79463759621347
2020-12-15 10:00:00,10.172007502848734,22.1387131338354
2020-12-15 10:30:00,10.331153784834953,22.106620167992514
2020-12-15 11:00:00,10.455979741134692,23.559333260023607
2020-12-15 11:30:00,10.653659113686588,24.250821582246637
2020-12-15 12:00:00,10.572093354135509,24.211182650668867
2020-12-15 12:30:00,10.551429541076057,24.767973993749813
2020-12-15 13:00:00,10.513133989200348,25.428453666063913
2020-12-15 13:30:00,10.524825530316681,27.400955699413018
2020-12-15 14:00:00,10.597552294375157,26.80412453752979
2020-12-15 14:30:00,10.558731261375975,26.430749680769704
2020-12-15 15:00:00,10.714113084300655,27.19223220360036
2020-12-15 15:30:00,10.673047827180609,26.944678418542676
2020-12-15 16:00:00,10.637075142637062,27.882668742243457
2020-12-15 16:30:00,10.551424710713416,25.887226449347235
2020-12-15 17:00:00,10.659624587286803,26.060096365058374
2020-12-15 17:30:00,10.594600698137324,26.8562628102614
2020-12-15 18:00:00,10.646534646307215,26.11709016228798
2020-12-15 18:30:00,10.47520518847045,25.72235585807674
2020-12-15 19:00:00,10.608835224977504,25.500765717620002
2020-12-15 19:30:00,10.484075392414859,23.988628980831812
2020-12-15 20:00:00,10.648894412993297,24.291495448034365
2020-12-15 20:30:00,10.321077221883398,22.895062511795526
2020-12-15 21:00:00,10.549932543831899,22.26926185371426
2020-12-15 21:30:00,10.590311401356413,22.814559505049285
2020-12-15 22:00:00,10.235317546957562,22.2481616506832
2020-12-15 22:30:00,10.390055441698467,21.618011106840424
2020-12-15 23:00:00,10.243844649465412,21.61208481912615
2020-12-15 23:30:00,9.955332665903855,20.189808259614054
2020-12-16 00:00:00,10.108391585751432,20.41118300675798
2020-12-16 00:30:00,10.220569717895946,20.849573855259827
2020-12-16 01:00:00,10.107301300650397,19.022841053975156
2020-12-16 01:30:00,10.126989606488205,19.25680520476599
2020-12-16 02:00:00,10.051258570934218,19.16675180271117
2020-12-16 02:30:00,10.128877982217505,17.492660149446117
2020-12-16 03:00:00,9.94215375496215,17.376140335010547
2020-12-16 03:30:00,9.850328415237753,18.122752003564788
2020-12-16 04:00:00,9.885202194370159,16.863320904296337
2020-12-16 04:30:00,9.95209079205371,18.189073814974062
2020-12-16 05:00:00,9.876249933104376,18.558622446999713
2020-12-16 05:30:00,9.980952974880719,18.84193090625427
2020-12-16 06:00:00,9.98791664803194,19.420324627791075
2020-12-16 06:30:00,10.008936776661018,19.95956815564016
2020-12-16 07:00:00,10.07315369754687,19.695850406192662
2020-12-16 07:30:00,10.080811106142626,20.978560289287326
2020-12-16 08:00:00,10.266794361415911,20.853665736297856
2020-12-16 08:30:00,10.22781435220448,21.367058203076446
2020-12-16 09:00:00,10.34970848958745,21.51894464272508
2020-12-16 09:30:00,10.179140239626118,22.846323957509952
2020-12-16 10:00:00,10.385997281555944,22.23620033639568
2020-12-16 10:30:00,10.390187524933575,23.51763828014317
2020-12-16 11:00:00,10.291501883335005,24.172204634992593
2020-12-16 11:30:00,10.762382755683769,24.14300215918407
2020-12-16 12:00:00,10.46054620162012,24.24021342708302
2020-12-16 12:30:00,10.733232715439328,25.013439807270846
2020-12-16 13:00:00,10.76878566731131,25.374717955074807
2020-12-16 13:30:00,10.84946228115376,25.982312473822837
2020-12-16 14:00:00,10.710646601489204,26.472108026248055
2020-12-16 14:30:00,10.508785470539145,27.260330779416126
2020-12-16 15:00:00,10.86873225599538,27.08171835532722
2020-12-16 15:30:00,10.801095330588979,26.008406592197375
2020-12-16 16:00:00,10.886796605780313,25.299470592367395
2020-12-16 16:30:00,10.795644571403878,25.066842794915686
2020-12-16 17:00:00,10.940230642564003,25.956289107224293
2020-12-16 17:30:00,10.839136172181691,25.35426824368502
2020-12-16 18:00:00,10.721209991747594,24.826850926934345
2020-12-16 18:30:00,10.983863497898945,24.335790130880767
2020-12-16 19:00:00,10.627002954617817,23.75935544677457
2020-12-16 19:30:00,10.416181968366455,21.763365609941314
2020-12-16 20:00:00,10.613351507502072,22.779101320253453
2020-12-16 20:30:00,10.60055642006851,22.85255849160539
2020-12-16 21:00:00,10.556239024211859,21.836308660498094
2020-12-16 21:30:00,10.38545193042797,20.83985268125582
2020-12-16 22:00:00,10.383312176461478,21.031322797579346
2020-12-16 22:30:00,10.242068478399087,21.138393619269152
2020-12-16 23:00:00,10.23043616877092,20.717042929016454
2020-12-16 23:30:00,10.286886601208954,19.845214893199188
2020-12-17 00:00:00,10.377775311262226,19.346203173388748
2020-12-17 00:30:00,10.457664886352115,18.249681745905924
2020-12-17 01:00:00,10.314490643991721,17.30123490397211
2020-12-17 01:30:00,10.310480604899972,17.45752135897386
2020-12-17 02:00:00,10.236230859555757,16.90129158975498
2020-12-17 02:30:00,10.360049791038708,17.221899469869236
2020-12-17 03:00:00,10.236480772966324,17.78978037321168
2020-12-17 03:30:00,10.133687543334139,17.60716628823855
2020-12-17 04:00:00,10.222090100337821,17.706251780173307
2020-12-17 04:30:00,10.333229182588312,17.406095959740476
2020-12-17 05:00:00,10.251218944566043,18.001369736418162
2020-12-17 05:30:00,10.13542006005084,17.30890837973827
2020-12-17 06:00:00,10.191282132685528,17.146100546528633
2020-12-17 06:30:00,10.194748724351212,18.837153910491214
2020-12-17 07:00:00,10.478186719895916,19.418226598417323
2020-12-17 07:30:00,10.400652485463763,18.85326824965673
2020-12-17 08:00:00,10.520593184407621,19.912982454738277
2020-12-17 08:30:00,10.567691093968486,19.86322336516508
2020-12-17 09:00:00,10.502443833345048,21.59385338795114
2020-12-17 09:30:00,10.709262048043938,22.838688069893493
2020-12-17 10:00:00,10.638992764696303,22.489003008652094
2020-12-17 10:30:00,10.743120819415655,24.08248348053872
2020-12-17 11:00:00,10.549161074261773,24.03851830804836
2020-12-17 11:30:00,10.808963756201331,23.861501452602834
2020-12-17 12:00:00,10.826364493611969,24.098227315041527
2020-12-17 12:30:00,10.835477005998072,25.942868077090164
2020-12-17 13:00:00,10.984163911008975,26.23635724508105
2020-12-17 13:30:00,10.8609099187123,25.119837721077808
2020-12-17 14:00:00,11.002018880989752,25.786860370116173
2020-12-17 14:30:00,10.77578382682914,26.74723872334039
2020-12-17 15:00:00,11.04972056078663,26.112054021672282
2020-12-17 15:30:00,11.008683170612468,26.643656036835733
2020-12-17 16:00:00,11.280056854615085,25.658236111930652
2020-12-17 16:30:00,11.1055093970747,26.08988591341242
2020-12-17 17:00:00,11.139072473682502,26.56674950000951
2020-12-17 17:30:00,10.732488704171272,24.72185291726983
2020-12-17 18:00:00,10.980672537258995,24.008755353478563
2020-12-17 18:30:00,10.868245521276558,23.32359795833616
2020-12-17 19:00:00,11.10095600365144,23.37066612320753
2020-12-17 19:30:00,11.018881564641068,22.357180705236292
2020-12-17 20:00:00,10.878672086038462,22.885541137803603
2020-12-17 20:30:00,10.83115396825461,22.67130353837957
2020-12-17 21:00:00,10.769423504987154,22.338747310661596
2020-12-17 21:30:00,10.695282415717923,21.299073713503468
2020-12-17 22:00:00,10.71195092181444,21.804418040730454
2020-12-17 22:30:00,10.647526096522732,20.638899777431053
2020-12-17 23:00:00,10.512423562651334,19.631378509571167
2020-12-17 23:30:00,10.397521290603713,19.18597950622198
2020-12-18 00:00:00,11.167356003774739,19.433086895636208
2020-12-18 00:30:00,10.893051370150955,19.067248730223863
2020-12-18 01:00:00,10.814958867271812,18.659499936795033
2020-12-18 01:30:00,11.1047865269376,18.147956996450723
2020-12-18 02:00:00,10.831670849525407,18.547022578487905
2020-12-18 02:30:00,10.77725109448636,18.320812879283142
2020-12-18 03:00:00,10.628686141075978,18.114997710109897
2020-12-18 03:30:00,10.651078618908961,18.021743089237752
2020-12-18 04:00:00,10.906038666318011,18.83465763318271
2020-12-18 04:30:00,10.728752261557148,17.14742231977503
2020-12-18 05:00:00,10.899464925513355,17.87444173383033
2020-12-18 05:30:00,10.679968004657539,17.549721906135968
2020-12-18 06:00:00,10.912232427035367,19.01782230320812
2020-12-18 06:30:00,10.874770408494024,19.529138180484466
2020-12-18 07:00:00,10.855117968554906,19.67603906134795
2020-12-18 07:30:00,10.753294416247144,19.31270548118625
2020-12-18 08:00:00,11.145029115865237,20.365039525975664
2020-12-18 08:30:00,11.068853999223881,20.884339823925846
2020-12-18 09:00:00,11.109705361511223,21.005336728319737
2020-12-18 09:30:00,11.271538933631204,21.66106322557019
2020-12-18 10:00:00,11.121926174434853,21.91795501489441
2020-12-18 10:30:00,11.455753279887931,22.424356321180188
2020-12-18 11:00:00,11.448231360721586,22.81179012953173
2020-12-18 11:30:00,11.478955285305778,23.344148742071866
2020-12-18 12:00:00,11.539556592140526,22.95104131369756
2020-12-18 12:30:00,11.445752228328432,24.027203297497262
2020-12-18 13:00:00,11.549052629476346,23.69078664092247
2020-12-18 13:30:00,11.66022353418558,24.66972017018413
2020-12-18 14:00:00,11.584037812726791,24.8594975378322
2020-12-18 14:30:00,11.828050400032843,25.667108713141978
2020-12-18 15:00:00,11.786052010755592,26.259453307696678
2020-12-18 15:30:00,11.864747940544378,25.18891883501346
2020-12-18 16:00:00,11.530970730337092,25.345576716526764
2020-12-18 16:30:00,11.882287785440926,26.0223385122396
2020-12-18 17:00:00,11.633244380933398,26.492541775799488
2020-12-18 17:30:00,11.581592371547462,25.687263585738336
2020-12-18 18:00:00,11.609697798411498,25.321255322318418
2020-12-18 18:30:00,11.77329281294289,24.88221650789056
2020-12-18 19:00:00,11.622068507629944,24.43293302200262
2020-12-18 19:30:00,11.569170089663864,24.229171663817407
2020-12-18 20:00:00,11.590529923837172,23.871612006336683
2020-12-18 20:30:00,11.54009918366843,23.453469037429105
2020-12-18 21:00:00,11.489547073732071,22.557967518685125
2020-12-18 21:30:00,11.40519496288931,21.720189784281025
2020-12-18 22:00:00,11.272444224949865,21.804476435378742
2020-12-18 22:30:00,11.23442948704647,21.46017586719251
2020-12-18 23:00:00,10.966107419526052,20.652199150272917
2020-12-18 23:30:00,11.041625950625393,20.81187979468737
2020-12-19 00:00:00,10.788475839016117,19.755441393525135
2020-12-19 00:30:00,10.968378884443979,19.856906088197263
2020-12-19 01:00:00,10.943333619614956,19.67841755587476
2020-12-19 01:30:00,10.809553829555194,19.580866431965585
2020-12-19 02:00:00,10.800751005289081,19.016460035463766
2020-12-19 02:30:00,10.943401869854688,19.399821258267266
2020-12-19 03:00:00,10.772126497289758,18.477683932934564
2020-12-19 03:30:00,10.799555813977186,18.09048376972763
2020-12-19 04:00:00,10.99780417176096,18.930128447301993
2020-12-19 04:30:00,10.832352874359472,18.133111792305446
2020-12-19 05:00:00,10.908067150179777,18.79665801789184
2020-12-19 05:30:00,10.877136833819353,18.281497354561044
2020-12-19 06:00:00,10.916843969277844,20.632500804674166
2020-12-19 06:30:00,11.012221967663223,21.058790642549322
2020-12-19 07:00:00,10.905934038767441,20.73732010357201
2020-12-19 07:30:00,11.057326845325964,20.87923622736506
2020-12-19 08:00:00,10.973288313236502,22.705539924157847
2020-12-19 08:30:00,11.035719887581259,23.344231167670195
2020-12-19 09:00:00,11.20720670942649,23.979975014754743
2020-12-19 09:30:00,11.130318140853646,24.93084464911001
2020-12-19 10:00:00,10.96692777018399,24.707456654497605
2020-12-19 10:30:00,11.29396080092153,25.520736555959942
2020-12-19 11:00:00,11.525412838569595,25.655394965684334
2020-12-19 11:30:00,11.323420393527156,26.486893942267923
2020-12-19 12:00:00,11.5591897292347,26.39540074872911
2020-12-19 12:30:00,11.500378377122239,27.2740015338333
2020-12-19 13:00:00,11.41440136530309,27.998218716836213
2020-12-19 13:30:00,11.591637387435354,27.570580769277594
2020-12-19 14:00:00,11.397330151788422,28.239320909987057
2020-12-19 14:30:00,11.82682752773521,29.716110774189005
2020-12-19 15:00:00,11.662763088300862,29.098520359488216
2020-12-19 15:30:00,11.763321355981969,29.85155761702188
2020-12-19 16:00:00,11.722426060762727,29.862151072887528
2020-12-19 16:30:00,11.546219239284417,29.140140707540024
2020-12-19 17:00:00,11.660287000984113,29.245593597953185
2020-12-19 17:30:00,11.823090143561986,28.4417803449469
2020-12-19 18:00:00,11.752517019007737,28.057300149878202
2020-12-19 18:30:00,11.58162679407249,27.788387775404836
2020-12-19 19:00:00,11.50101501791898,27.063799522948806
2020-12-19 19:30:00,11.529069364439806,26.593661726678583
2020-12-19 20:00:00,11.338877879018888,26.40874090134841
2020-12-19 20:30:00,11.460022594662059,25.839833049586282
2020-12-19 21:00:00,11.188994465731604,26.280203531946476
2020-12-19 21:30:00,11.228967205284006,25.32188736682295
2020-12-19 22:00:00,11.345511627948046,24.451804136873715
2020-12-19 22:30:00,11.190053672823662,24.56591412576771
2020-12-19 23:00:00,11.057903096941045,22.44149774257942
2020-12-19 23:30:00,11.087832261018471,22.27556072814484
2020-12-20 00:00:00,10.456760547645917,22.739107276054934
2020-12-20 00:30:00,10.461624659925663,21.23945966339028
2020-12-20 01:00:00,10.503220006042126,21.079913786581116
2020-12-20 01:30:00,10.34319412202081,19.62689818105871
2020-12-20 02:00:00,10.147715236111388,19.29477442060473
2020-12-20 02:30:00,10.338405459053524,19.544340952940328
2020-12-20 03:00:00,10.19518854872436,19.802925088408823
2020-12-20 03:30:00,10.381596134235648,20.180019446487503
2020-12-20 04:00:00,10.360782338180965,19.840233410232273
2020-12-20 04:30:00,10.263717451003567,20.06841408824567
2020-12-20 05:00:00,10.323346102569536,20.09418623455679
2020-12-20 05:30:00,10.146904142384498,20.286904936018253
2020-12-20 06:00:00,10.14407273329368,19.99035293721088
2020-12-20 06:30:00,10.31863182438203,22.25987482095641
2020-12-20 07:00:00,10.427502265952194,20.899474120968325
2020-12-20 07:30:00,10.576105279031964,22.212268222694533
2020-12-20 08:00:00,10.415468630134074,21.414549718656254
2020-12-20 08:30:00,10.441046138358423,22.317420227578342
2020-12-20 09:00:00,10.503429172148762,24.125975487382515
2020-12-20 09:30:00,10.571460852818001,23.5695588558227
2020-12-20 10:00:00,10.726651137206087,24.34529405384583
2020-12-20 10:30:00,10.614805559992622,25.877563291436125
2020-12-20 11:00:00,10.904663493406161,25.875211687783626
2020-12-20 11:30:00,10.73776528540734,26.398018405725697
2020-12-20 12:00:00,11.174999636299932,27.23257331305563
2020-12-20 12:30:00,10.96561528378295,28.449686260501146
2020-12-20 13:00:00,11.033882461036754,28.534021502045064
2020-12-20 13:30:00,10.8814790185222,29.16122129689595
2020-12-20 14:00:00,11.126240804384777,29.873218904276523
2020-12-20 14:30:00,10.910984497719188,30.31215722987693
2020-12-20 15:00:00,11.231606874775023,29.402616514229088
2020-12-20 15:30:00,11.079961879634231,28.83877679841693
2020-12-20 16:00:00,11.181766039788208,29.31395659157232
2020-12-20 16:30:00,11.206486345044649,30.331395374365414
2020-12-20 17:00:00,11.241604500510082,29.66832535496164
2020-12-20 17:30:00,11.268227492865016,29.52624944880255
2020-12-20 18:00:00,11.217921164264647,29.19323786390158
2020-12-20 18:30:00,11.143443857584993,30.024163956639423
2020-12-20 19:00:00,10.95728346405957,28.434699797790895
2020-12-20 19:30:00,10.856945922400143,27.94627069729997
2020-12-20 20:00:00,11.011624566669632,27.860569911844227
2020-12-20 20:30:00,10.914312563719514,27.214660677879756
2020-12-20 21:00:00,10.768330125395112,28.710371597593358
2020-12-20 21:30:00,10.760768760798847,26.693723485248473
2020-12-20 22:00:00,10.807479437550118,26.37852930859249
2020-12-20 22:30:00,10.745187889089355,25.459269786649703
2020-12-20 23:00:00,10.530110690880571,25.739542735769074
2020-12-20 23:30:00,10.401193107561184,24.103230802059652
2020-12-21 00:00:00,10.102667947923141,23.132162718391008
2020-12-21 00:30:00,10.202969670725599,23.387963124196045
2020-12-21 01:00:00,10.174842036026597,23.441124409519198
2020-12-21 01:30:00,10.035883997575704,23.696210346268426
2020-12-21 02:00:00,10.242991594296196,22.719690209381035
2020-12-21 02:30:00,10.30036698391534,22.16338499490172
2020-12-21 03:00:00,10.016877033644512,21.990703714566596
2020-12-21 03:30:00,10.155432843760918,21.911586518388305
2020-12-21 04:00:00,10.066886866702493,21.93988234014968
2020-12-21 04:30:00,10.139000719251205,22.538524535892257
2020-12-21 05:00:00,10.110743415804945,22.98426361604074
2020-12-21 05:30:00,10.103786670207608,22.564611818131535
2020-12-21 06:00:00,10.231706216465927,23.126165169156636
2020-12-21 06:30:00,10.239555760992946,22.907129213916473
2020-12-21 07:00:00,10.165612663460621,23.504149699946876
2020-12-21 07:30:00,10.299337946426894,23.90261204677353
2020-12-21 08:00:00,10.237032485180643,24.711125995622652
2020-12-21 08:30:00,10.345438756897973,25.23515887724834
2020-12-21 09:00:00,10.465889928494748,26.032205199273918
2020-12-21 09:30:00,10.508100418476987,25.810411317707253
2020-12-21 10:00:00,10.356582844798703,27.075754285230712
2020-12-21 10:30:00,10.635616812581974,27.110437787363285
2020-12-21 11:00:00,10.505543020443609,27.78879675912076
2020-12-21 11:30:00,10.708268007230895,28.99735599084658
2020-12-21 12:00:00,10.81093844798712,29.674187465601833
2020-12-21 12:30:00,10.625206955501671,29.142448094408977
2020-12-21 13:00:00,10.713032961801785,29.130796450509745
2020-12-21 13:30:00,10.95231678667347,29.935945534685455
2020-12-21 14:00:00,10.930810011636302,30.865029110437824
2020-12-21 14:30:00,10.698975033906839,30.501887030932085
2020-12-21 15:00:00,11.043888807335138,32.327979786259
2020-12-21 15:30:00,10.885581099656903,30.323963601826694
2020-12-21 16:00:00,10.828996902480714,31.89021527549736
2020-12-21 16:30:00,10.979610767729492,31.79516220642275
2020-12-21 17:00:00,10.872566009619005,31.25791037686534
2020-12-21 17:30:00,10.92669087052256,30.03174912255377
2020-12-21 18:00:00,10.92478104956791,30.921655872282514
2020-12-21 18:30:00,11.12465529386034,30.561653936334768
2020-12-21 19:00:00,10.926065678107161,29.903151664381625
2020-12-21 19:30:00,10.811585954523894,28.341555736373113
2020-12-21 20:00:00,10.747073657654614,28.173263662644636
2020-12-21 20:30:00,10.721666510156517,28.2758293197695
2020-12-21 21:00:00,10.681922187300172,26.858461470873632
2020-12-21 21:30:00,10.509556746067354,25.643830183526326
2020-12-21 22:00:00,10.570266839011465,24.826474350486908
2020-12-21 22:30:00,10.38925145977134,25.065373671195605
2020-12-21 23:00:00,10.345849176429994,23.69349809208056
2020-12-21 23:30:00,10.340562209936396,24.403310398217474
2020-12-22 00:00:00,10.40726550814039,23.82339273968683
2020-12-22 00:30:00,10.339659402149985,22.621375180087046
2020-12-22 01:00:00,9.915465208972794,23.45529516785143
2020-12-22 01:30:00,10.296557496537686,23.41587976954885
2020-12-22 02:00:00,10.149374075589103,22.734078459935276
2020-12-22 02:30:00,10.125878515658977,21.657940766157214
2020-12-22 03:00:00,10.244488355897843,21.760070948611094
2020-12-22 03:30:00,10.016759771659714,22.587076291271494
2020-12-22 04:00:00,9.980782337949242,21.362069561620306
2020-12-22 04:30:00,9.89122580276356,21.954694574937307
2020-12-22 05:00:00,9.981885061726759,22.72844908078036
2020-12-22 05:30:00,10.19927230699678,22.244944624840866
2020-12-22 06:00:00,10.061773805468235,22.301823516771872
2020-12-22 06:30:00,10.07063146984112,23.625344636053956
2020-12-22 07:00:00,10.251441526231659,24.483952440228112
2020-12-22 07:30:00,10.152699661653553,24.37199190140296
2020-12-22 08:00:00,10.225628165605206,24.38585999994107
2020-12-22 08:30:00,10.27155538999687,24.151320410978173
2020-12-22 09:00:00,10.448776186272017,25.16159530366897
2020-12-22 09:30:00,10.392575117985547,24.358300114641658
2020-12-22 10:00:00,10.46878854984027,25.811431365830654
2020-12-22 10:30:00,10.558749863041935,26.985901266790282
2020-12-22 11:00:00,10.441615832023809,25.88711755172637
2020-12-22 11:30:00,10.661580541738235,27.719624011737352
2020-12-22 12:00:00,10.54811297175357,28.265486908304172
2020-12-22 12:30:00,10.659325165537382,28.655114421035183
2020-12-22 13:00:00,10.778740286203647,29.573100550069924
2020-12-22 13:30:00,10.879331545882703,29.889076848852223
2020-12-22 14:00:00,10.871059063330677,30.17224771073775
2020-12-22 14:30:00,11.037430939560043,31.280710655757698
2020-12-22 15:00:00,10.954685158455153,30.080612187218357
2020-12-22 15:30:00,11.014658369775356,29.39907597826395
2020-12-22 16:00:00,10.90532760600835,29.33686691867344
2020-12-22 16:30:00,10.883480419710809,29.157170110020033
2020-12-22 17:00:00,11.122222381589442,29.762161978508814
2020-12-22 17:30:00,10.746806780658156,29.58534768613808
2020-12-22 18:00:00,11.023242306654371,29.09256087864727
2020-12-22 18:30:00,10.78545268054799,28.31768562366863
2020-12-22 19:00:00,10.899207165938899,28.643473900314586
2020-12-22 19:30:00,10.647973335938028,27.924231004076542
2020-12-22 20:00:00,10.789489354940045,27.365072283700403
2020-12-22 20:30:00,10.719037595489453,25.857802422002965
2020-12-22 21:00:00,10.410743734206012,25.464832989151855
2020-12-22 21:30:00,10.508344730767346,24.253519555455703
2020-12-22 22:00:00,10.584686296415052,23.62837182102285
2020-12-22 22:30:00,10.565443356188162,23.585207764743412
2020-12-22 23:00:00,10.43509733911647,22.140719218205263
2020-12-22 23:30:00,10.292746319014954,21.857543865674685
2020-12-23 00:00:00,10.483757781000897,22.940158486690102
2020-12-23 00:30:00,10.307235130305283,21.390189130443638
2020-12-23 01:00:00,10.29500430413803,20.939223642406127
2020-12-23 01:30:00,10.38100686305525,20.424897769033592
2020-12-23 02:00:00,10.32534921095066,20.58039239462444
2020-12-23 02:30:00,10.371318791429612,20.876459462696722
2020-12-23 03:00:00,10.299417291581364,20.58692661402455
2020-12-23 03:30:00,10.328774035758416,20.968904952893734
2020-12-23 04:00:00,10.25587464963308,20.406920944857347
2020-12-23 04:30:00,10.331780941481453,20.050728035521942
2020-12-23 05:00:00,10.529773345859882,21.11397486354166
2020-12-23 05:30:00,10.201106506697409,20.577745629368057
2020-12-23 06:00:00,10.340646590548143,22.274196789389222
2020-12-23 06:30:00,10.312084363060245,21.26267971476399
2020-12-23 07:00:00,10.448857807284881,21.82664099446689
2020-12-23 07:30:00,10.48963782856998,22.217762616450205
2020-12-23 08:00:00,10.407520556570807,22.836195157452472
2020-12-23 08:30:00,10.559730984097312,23.818650632520608
2020-12-23 09:00:00,10.621020662326782,23.857948865358217
2020-12-23 09:30:00,10.64508651874306,25.10896990977067
2020-12-23 10:00:00,10.748287659375062,25.07113525687422
2020-12-23 10:30:00,10.920421674058135,25.889170427001382
2020-12-23 11:00:00,10.896085161892362,26.073625423845876
2020-12-23 11:30:00,10.859107538610438,27.316834138018173
2020-12-23 12:00:00,10.965232482008464,27.96137203758847
2020-12-23 12:30:00,11.203953394551764,27.50849332081293
2020-12-23 13:00:00,10.965225339963482,29.240944665944056
2020-12-23 13:30:00,11.192864823077693,29.004249454471168
2020-12-23 14:00:00,11.030625092196951,28.462810476985947
2020-12-23 14:30:00,10.954398746662811,28.3997089372896
2020-12-23 15:00:00,11.072405024784542,28.41535743806467
2020-12-23 15:30:00,11.196611772171085,28.36620430004436
2020-12-23 16:00:00,11.137209609831931,28.226318539815452
2020-12-23 16:30:00,11.082422242757552,27.6213415551941
2020-12-23 17:00:00,11.061997818721272,28.20197525850612
2020-12-23 17:30:00,11.023808336518153,27.69717332220787
2020-12-23 18:00:00,10.987114779511744,28.314072975224008
2020-12-23 18:30:00,11.004483758495955,27.35768785173905
2020-12-23 19:00:00,10.761838349502588,27.642895416397305
2020-12-23 19:30:00,11.03426366453825,27.453588477208854
2020-12-23 20:00:00,10.970242543937168,26.026643227703914
2020-12-23 20:30:00,10.897422390041305,26.27626131690805
2020-12-23 21:00:00,10.92827653045121,24.628771310171516
2020-12-23 21:30:00,10.711106085699882,24.50806214720484
2020-12-23 22:00:00,10.714813367200625,22.68961351831861
2020-12-23 22:30:00,10.384869994055876,22.684765159662458
2020-12-23 23:00:00,10.619527058263463,22.790739092340413
2020-12-23 23:30:00,10.503082121630728,21.440143091128878
2020-12-24 00:00:00,8.706590855604619,20.660446505693624
2020-12-24 00:30:00,8.68676553033978,20.531710665391635
2020-12-24 01:00:00,8.563818181522754,19.785744905099037
2020-12-24 01:30:00,8.440818917198122,19.314325199157654
2020-12-24 02:00:00,8.548296532605756,18.77471024481049
2020-12-24 02:30:00,8.569319708730562,20.118709757403437
2020-12-24 03:00:00,8.559196585371758,20.048125963035453
2020-12-24 03:30:00,8.4300903442138,19.785558420627517
2020-12-24 04:00:00,8.393797205427308,19.391590438958122
2020-12-24 04:30:00,8.450954066717934,20.228191169749245
2020-12-24 05:00:00,8.396166385503168,21.850474644175588
2020-12-24 05:30:00,8.318370963234635,20.277294314083814
2020-12-24 06:00:00,8.549814858928588,20.898450543617596
2020-12-24 06:30:00,8.5827650555749,21.41188084842466
2020-12-24 07:00:00,8.632922241926124,22.60248261814793
2020-12-24 07:30:00,8.54134699163052,22.37555518231243
2020-12-24 08:00:00,8.650381895229982,23.917166875071953
2020-12-24 08:30:00,8.593137150326559,23.9542789046099
2020-12-24 09:00:00,8.615214460397228,24.801838134575114
2020-12-24 09:30:00,8.829983818364818,24.883799737370442
2020-12-24 10:00:00,8.679112460687664,26.256037548637526
2020-12-24 10:30:00,8.855448434025872,26.210562557764547
2020-12-24 11:00:00,9.13922307660669,26.907940044865125
2020-12-24 11:30:00,9.08552645930242,28.170864230671334
2020-12-24 12:00:00,9.081292232360008,28.195979218125743
2020-12-24 12:30:00,9.115634532040264,29.67897240680189
2020-12-24 13:00:00,9.079978840266614,28.97026112323986
2020-12-24 13:30:00,9.076648664375766,29.070810074992206
2020-12-24 14:00:00,9.33808383016726,28.865948402391187
2020-12-24 14:30:00,9.160407775758392,30.459160897306507
2020-12-24 15:00:00,9.140173769390765,29.749227448327666
2020-12-24 15:30:00,9.26339680947388,29.060021083938068
2020-12-24 16:00:00,9.201096138233217,29.406562926764977
2020-12-24 16:30:00,9.32106914824686,28.46328436709339
2020-12-24 17:00:00,9.136912814519668,29.40188051327259
2020-12-24 17:30:00,9.10417869854877,28.59161800617403
2020-12-24 18:00:00,9.121304234232557,28.279293665555223
2020-12-24 18:30:00,9.274652236664577,28.00638626629943
2020-12-24 19:00:00,9.182725695900256,28.17046015277952
2020-12-24 19:30:00,9.086835624224928,27.531590024220915
2020-12-24 20:00:00,9.031629285071896,26.882937873384382
2020-12-24 20:30:00,9.01086705966713,26.039809624693973
2020-12-24 21:00:00,8.849666236457658,24.52461270634016
2020-12-24 21:30:00,8.932375711171098,25.008997400426956
2020-12-24 22:00:00,8.797030222494445,24.21870258440373
2020-12-24 22:30:00,8.812078862830345,24.32851557900405
2020-12-24 23:00:00,8.74670542446654,24.462097828373636
2020-12-24 23:30:00,8.725321945201447,23.413199426029003
2020-12-25 00:00:00,8.773280085105103,22.256313242579317
2020-12-25 00:30:00,8.85455557718907,22.752515810962283
2020-12-25 01:00:00,8.76640428200359,22.210403919343847
2020-12-25 01:30:00,8.637543502336943,22.437826776178866
2020-12-25 02:00:00,8.713627247720307,21.71027000007693
2020-12-25 02:30:00,8.625525167660214,20.650608987033433
2020-12-25 03:00:00,8.671376561934164,21.08968685055181
2020-12-25 03:30:00,8.701124063776719,21.21417277278115
2020-12-25 04:00:00,8.584889196397388,20.339500039909243
2020-12-25 04:30:00,8.626694431250847,21.505967700342914
2020-12-25 05:00:00,8.644715580096008,21.710616326368978
2020-12-25 05:30:00,8.658103010620001,22.79501053172993
2020-12-25 06:00:00,8.84974374279964,22.705336600619336
2020-12-25 06:30:00,8.733833070439424,22.900353781185604
2020-12-25 07:00:00,8.638455942020842,23.714558559982205
2020-12-25 07:30:00,8.782772192865611,24.197943879734904
2020-12-25 08:00:00,8.766713762311245,25.156564088441424
2020-12-25 08:30:00,9.070220734520824,24.97574070967395
2020-12-25 09:00:00,8.84941583693897,24.465820763973426
2020-12-25 09:30:00,8.855599399967819,27.670750003019194
2020-12-25 10:00:00,9.066605238084618,27.949999696616032
2020-12-25 10:30:00,9.004483133591577,27.75523574743664
2020-12-25 11:00:00,9.064866482431032,29.846387300223185
2020-12-25 11:30:00,9.12449671936573,28.18385361980891
2020-12-25 12:00:00,9.128686468609839,28.928873312791023
2020-12-25 12:30:00,9.192905593387401,29.903582084570488
2020-12-25 13:00:00,9.067440736506503,31.080177924279397
2020-12-25 13:30:00,9.29055357048279,30.715869516554328
2020-12-25 14:00:00,9.386187002117449,31.306898323506974
2020-12-25 14:30:00,9.520323154540701,30.59761489464868
2020-12-25 15:00:00,9.370905211315723,31.698317024819854
2020-12-25 15:30:00,9.450791287908508,31.21983495611284
2020-12-25 16:00:00,9.311406641786252,30.099203721597043
2020-12-25 16:30:00,9.509220691310624,30.85398052987746
2020-12-25 17:00:00,9.571519232393706,30.182768938369982
2020-12-25 17:30:00,9.380610039417357,30.535594262374143
2020-12-25 18:00:00,9.297191013278752,30.291388692417133
2020-12-25 18:30:00,9.305936144388424,30.67105532934778
2020-12-25 19:00:00,9.409962900663155,29.283879986263443
2020-12-25 19:30:00,9.119625681959668,27.478225887828888
2020-12-25 20:00:00,9.30686452291448,28.084558159571962
2020-12-25 20:30:00,9.058407054871578,26.738181842717083
2020-12-25 21:00:00,9.027414404821812,27.62438030889166
2020-12-25 21:30:00,9.077014637689725,26.344657333502703
2020-12-25 22:00:00,9.061161858719686,26.10521514589624
2020-12-25 22:30:00,9.040220481960803,24.514908614161154
2020-12-25 23:00:00,9.031872213547599,23.560327947601138
2020-12-25 23:30:00,8.762433594803852,23.460806820756833
2020-12-26 00:00:00,8.315112865538236,22.370636324707075
2020-12-26 00:30:00,8.333310386112935,22.001068145364005
2020-12-26 01:00:00,8.258028762790566,22.007128517100703
2020-12-26 01:30:00,8.296279522103585,21.949175596077016
2020-12-26 02:00:00,8.182941001308155,20.8253378474753
2020-12-26 02:30:00,8.135721771075866,20.451073048672985
2020-12-26 03:00:00,7.965497081950404,22.29779199940453
2020-12-26 03:30:00,7.98556670422085,21.04406745574728
2020-12-26 04:00:00,8.19530868193174,21.195331743785008
2020-12-26 04:30:00,8.043763894526188,22.0130765485358
2020-12-26 05:00:00,8.168973796361177,21.8935977252198
2020-12-26 05:30:00,8.211325850602867,21.403598045391096
2020-12-26 06:00:00,8.170215398181469,21.867692994391643
2020-12-26 06:30:00,8.286776641659658,23.030040440433485
2020-12-26 07:00:00,8.183608184989009,22.747250470132105
2020-12-26 07:30:00,8.318478399723116,22.61334832632106
2020-12-26 08:00:00,8.29880793114478,23.6965496738102
2020-12-26 08:30:00,8.228628677234855,22.598044831525357
2020-12-26 09:00:00,8.229025014794248,24.33620756796117
2020-12-26 09:30:00,8.423475300873076,24.803550033048207
2020-12-26 10:00:00,8.621141497774799,24.284217868081953
2020-12-26 10:30:00,8.629128429637758,26.16655877532755
2020-12-26 11:00:00,8.617070981833471,27.136644396793358
2020-12-26 11:30:00,8.688292726908136,27.315118774006784
2020-12-26 12:00:00,8.73899557704306,26.96052655778679
2020-12-26 12:30:00,8.679778175753663,28.13239130721502
2020-12-26 13:00:00,8.848020478846488,28.78232658153192
2020-12-26 13:30:00,8.788624395541897,28.96011513092011
2020-12-26 14:00:00,8.747673286980783,29.158131140799206
2020-12-26 14:30:00,9.146693020125298,29.783956021966425
2020-12-26 15:00:00,8.88495847160122,30.179771631950036
2020-12-26 15:30:00,8.8256918559265,29.593514918341082
2020-12-26 16:00:00,8.90588387511068,30.671834815162327
2020-12-26 16:30:00,8.730550428671123,29.4292999141713
2020-12-26 17:00:00,8.720758029913329,29.37209503564425
2020-12-26 17:30:00,8.978728618890385,29.36960348381124
2020-12-26 18:00:00,8.845758991473659,28.92011241951086
2020-12-26 18:30:00,8.672628200842478,28.464101269161304
2020-12-26 19:00:00,8.595475083913913,28.72837723878296
2020-12-26 19:30:00,8.691110493083013,25.881145123529983
2020-12-26 20:00:00,8.572193107098697,25.483488115678625
2020-12-26 20:30:00,8.73226003209824,26.829601928156766
2020-12-26 21:00:00,8.412707995875754,25.383102728334922
2020-12-26 21:30:00,8.633314179844666,24.514757346695113
2020-12-26 22:00:00,8.398286132202907,23.946440481041034
2020-12-26 22:30:00,8.3330664892529,23.596155620050492
2020-12-26 23:00:00,8.395287561926523,22.834788244166027
2020-12-26 23:30:00,8.243208226096614,22.897146776717918
2020-12-27 00:00:00,8.232490186575987,21.93500454261115
2020-12-27 00:30:00,8.196439205577406,22.66041390963865
2020-12-27 01:00:00,8.009944997481409,21.70911416088979
2020-12-27 01:30:00,8.080375943365137,21.34367979186948
2020-12-27 02:00:00,8.178458608460783,21.239512045581304
2020-12-27 02:30:00,7.963029106252968,20.65052987755861
2020-12-27 03:00:00,8.005525219436871,19.99465303309656
2020-12-27 03:30:00,8.032328278185735,21.360268958967055
2020-12-27 04:00:00,8.177009990063826,20.72366643571278
2020-12-27 04:30:00,8.180094130915544,20.71321894146316
2020-12-27 05:00:00,8.23516328758602,21.976781437883613
2020-12-27 05:30:00,8.051993579704222,22.75955070845819
2020-12-27 06:00:00,8.216194209351483,23.265215953092525
2020-12-27 06:30:00,8.194933459222352,23.41470341889024
2020-12-27 07:00:00,8.100059590108131,23.854474086359286
2020-12-27 07:30:00,8.283335623594962,24.27994011053
2020-12-27 08:00:00,8.278220945021886,25.52045371134349
2020-12-27 08:30:00,8.265222643598381,25.946638252077665
2020-12-27 09:00:00,8.273682607769429,26.484773145301187
2020-12-27 09:30:00,8.273688615096555,26.04174273875836
2020-12-27 10:00:00,8.496975968451775,27.59458084270326
2020-12-27 10:30:00,8.53836108026689,28.301212261346567
2020-12-27 11:00:00,8.521486038052199,28.632395952952447
2020-12-27 11:30:00,8.556839631685271,27.390740177694862
2020-12-27 12:00:00,8.579461604388749,28.539541164943657
2020-12-27 12:30:00,8.734989673640142,29.83586716934092
2020-12-27 13:00:00,8.72081182770501,29.437668753890858
2020-12-27 13:30:00,8.57911541104952,30.73491664121984
2020-12-27 14:00:00,8.767350569934523,30.825785058250236
2020-12-27 14:30:00,8.821478616907944,31.72093194003747
2020-12-27 15:00:00,8.742327491891398,30.59980950953235
2020-12-27 15:30:00,8.76236180080279,30.39964096072729
2020-12-27 16:00:00,8.755210450340721,30.87902746060478
2020-12-27 16:30:00,8.859543341467493,30.038935655775102
2020-12-27 17:00:00,8.759776043308765,29.473979023347404
2020-12-27 17:30:00,8.777706343996549,29.053818238342686
2020-12-27 18:00:00,8.767387737949964,31.00936069542526
2020-12-27 18:30:00,8.868981948278538,28.57730160438296
2020-12-27 19:00:00,8.573225137151027,28.062582345350187
2020-12-27 19:30:00,8.871037434776616,26.660211207305217
2020-12-27 20:00:00,8.527124671654562,26.319994516673674
2020-12-27 20:30:00,8.570932606338822,26.700489961943756
2020-12-27 21:00:00,8.477039286512053,26.496885046838294
2020-12-27 21:30:00,8.51213091439671,26.055085485804284
2020-12-27 22:00:00,8.501554094097342,24.56549375853631
2020-12-27 22:30:00,8.604959095090166,25.126680931147042
2020-12-27 23:00:00,8.463675302550175,25.39687325545849
2020-12-27 23:30:00,8.26401436647232,23.89377311799878
2020-12-28 00:00:00,8.413394580086287,23.753405616915426
2020-12-28 00:30:00,8.366157878736749,22.684913420358136
2020-12-28 01:00:00,8.265734584464953,22.52420170379868
2020-12-28 01:30:00,8.339365905721317,21.76349602008283
2020-12-28 02:00:00,8.286465575460563,22.840756375349454
2020-12-28 02:30:00,8.207136937707164,22.04532706417985
2020-12-28 03:00:00,8.172052960599231,22.730627569311146
2020-12-28 03:30:00,8.277905272294339,21.661762963142962
2020-12-28 04:00:00,8.207065834775081,21.83604020832156
2020-12-28 04:30:00,8.317715381443547,21.94703847151242
2020-12-28 05:00:00,8.299895736910715,21.783979770407093
2020-12-28 05:30:00,8.14416723528565,21.091588188520657
2020-12-28 06:00:00,8.09086155450802,22.67443171748071
2020-12-28 06:30:00,8.294051988164005,22.55208384996046
2020-12-28 07:00:00,8.265000393026419,22.12447567101545
2020-12-28 07:30:00,8.269713611912973,23.12964966372352
2020-12-28 08:00:00,8.33454449235977,23.412124530064684
2020-12-28 08:30:00,8.559222983946714,25.23210098711401
2020-12-28 09:00:00,8.462696372264253,25.75967891217337
2020-12-28 09:30:00,8.689296394187032,26.185705021419526
2020-12-28 10:00:00,8.640910881218208,27.169882925094903
2020-12-28 10:30:00,8.470769349066302,26.23223215447746
2020-12-28 11:00:00,8.705134491447991,26.330160560437683
2020-12-28 11:30:00,8.840686297329713,27.037893974313295
2020-12-28 12:00:00,8.596792292601103,28.448995992474078
2020-12-28 12:30:00,8.679973432355057,27.166212103749338
2020-12-28 13:00:00,8.817120375763242,28.25405855378726
2020-12-28 13:30:00,8.808913905442648,29.617454901406195
2020-12-28 14:00:00,9.034296488599216,28.880920488800488
2020-12-28 14:30:00,8.827510351567508,29.524457081784927
2020-12-28 15:00:00,9.071558852704662,29.18928868965077
2020-12-28 15:30:00,8.803307805764424,30.835175418772856
2020-12-28 16:00:00,8.854983855670428,31.137396762179403
2020-12-28 16:30:00,8.958251515130243,29.723735395010202
2020-12-28 17:00:00,8.965939827906647,29.76657230481567
2020-12-28 17:30:00,8.918229567738697,29.639788100993194
2020-12-28 18:00:00,9.027392070610805,29.222592532039936
2020-12-28 18:30:00,9.01957178211473,28.73597300690336
2020-12-28 19:00:00,9.001979063517775,28.1937515652955
2020-12-28 19:30:00,8.78410090255935,27.978761173925527
2020-12-28 20:00:00,8.830705959289384,27.59990655212504
2020-12-28 20:30:00,8.688161579874297,27.074208656759
2020-12-28 21:00:00,8.792283826415177,25.387987665770293
2020-12-28 21:30:00,8.42171399657038,24.214246009075207
2020-12-28 22:00:00,8.519492100078207,23.639157491268424
2020-12-28 22:30:00,8.510507650487423,24.215622498033834
2020-12-28 23:00:00,8.441535604679164,23.092879081528885
2020-12-28 23:30:00,8.573619292792486,22.799486871400518
2020-12-29 00:00:00,8.139712222128379,22.478229482590386
2020-12-29 00:30:00,8.149275714239584,21.854102836159818
2020-12-29 01:00:00,8.083510066162741,22.39660535153817
2020-12-29 01:30:00,8.148491973119501,20.6223815707634
2020-12-29 02:00:00,8.05226153641734,20.932930620173
2020-12-29 02:30:00,8.182785857337201,20.50406945559611
2020-12-29 03:00:00,8.163797826495273,20.19931563666179
2020-12-29 03:30:00,7.910912731967051,19.570556043843183
2020-12-29 04:00:00,7.906610475815107,18.835418161588464
2020-12-29 04:30:00,8.148645559766505,20.095978691841417
2020-12-29 05:00:00,8.123012744153048,20.084508884482677
2020-12-29 05:30:00,7.976315962682737,20.708995149632234
2020-12-29 06:00:00,8.123393746751107,21.415849885697973
2020-12-29 06:30:00,8.050339504915854,21.363088022150723
2020-12-29 07:00:00,8.247999498021583,20.70022205330447
2020-12-29 07:30:00,8.107677078051823,21.25722571582013
2020-12-29 08:00:00,8.203434431120911,22.227830657922446
2020-12-29 08:30:00,8.335445933692402,23.363944878386864
2020-12-29 09:00:00,8.343541188986217,23.37203263993231
2020-12-29 09:30:00,8.473039916970212,24.331706010972166
2020-12-29 10:00:00,8.465701645757509,23.71758791569069
2020-12-29 10:30:00,8.348758149099838,24.877047193948595
2020-12-29 11:00:00,8.541493861761836,25.331838936182194
2020-12-29 11:30:00,8.46770676889229,26.72969575619052
2020-12-29 12:00:00,8.730943841556916,26.92328938150546
2020-12-29 12:30:00,8.781183011827581,27.120805584978257
2020-12-29 13:00:00,8.777687359229716,27.215932770078894
2020-12-29 13:30:00,8.901178600320872,28.309296067257748
2020-12-29 14:00:00,8.804742571945319,28.20829702305446
2020-12-29 14:30:00,8.884588013018206,29.185086091971066
2020-12-29 15:00:00,8.852856356864937,28.690072908386885
2020-12-29 15:30:00,8.856745749282185,28.50415368040016
2020-12-29 16:00:00,8.858244579340798,29.20604898450192
2020-12-29 16:30:00,8.804545985493405,27.742233871613067
2020-12-29 17:00:00,8.928535321173932,28.847501703327588
2020-12-29 17:30:00,8.659121722597328,27.664874878441296
2020-12-29 18:00:00,8.596978718923646,28.51245724023315
2020-12-29 18:30:00,8.641613987596813,27.714937618111772
2020-12-29 19:00:00,8.816996948576524,27.03763059034996
2020-12-29 19:30:00,8.620839219657098,25.937348533291186
2020-12-29 20:00:00,8.535437488253873,26.93130161077138
2020-12-29 20:30:00,8.491801352058886,26.733383183999745
2020-12-29 21:00:00,8.56065088258631,25.295517311829112
2020-12-29 21:30:00,8.471183421015128,26.2485609527618
2020-12-29 22:00:00,8.53159825902848,24.692746630063294
2020-12-29 22:30:00,8.35694586353608,23.707480401291566
2020-12-29 23:00:00,8.415464170871825,24.876153668309314
2020-12-29 23:30:00,8.223697386466814,22.925179389784535
2020-12-30 00:00:00,8.458881137426888,23.72472487404502
2020-12-30 00:30:00,8.630025709779321,21.11747871159318
2020-12-30 01:00:00,8.322710090693107,23.083220061574323
2020-12-30 01:30:00,8.297959318588372,21.947499649846257
2020-12-30 02:00:00,8.363381461019644,21.53356997593799
2020-12-30 02:30:00,8.179844263534598,21.67430561405598
2020-12-30 03:00:00,8.208815085658518,20.656070052398164
2020-12-30 03:30:00,8.192647721532012,21.763662722117548
2020-12-30 04:00:00,8.255674718419376,21.175499379627517
2020-12-30 04:30:00,8.124359694172417,21.30165064181264
2020-12-30 05:00:00,8.365277683684472,20.680967092412317
2020-12-30 05:30:00,8.27327285833508,20.661908598027804
2020-12-30 06:00:00,8.298043609313005,21.207487360359757
2020-12-30 06:30:00,8.295143340904641,21.81753458862841
2020-12-30 07:00:00,8.336822741773888,22.066062942347173
2020-12-30 07:30:00,8.180563576556539,22.484345553205927
2020-12-30 08:00:00,8.521508117291159,23.10765718932058
2020-12-30 08:30:00,8.381188228621806,24.059618253119435
2020-12-30 09:00:00,8.570581793307117,25.361742807864083
2020-12-30 09:30:00,8.53309887910192,25.467509424387117
2020-12-30 10:00:00,8.574956517149129,25.414647337403846
2020-12-30 10:30:00,8.682945052227156,27.522279288791374
2020-12-30 11:00:00,8.832284362359333,25.86782700231141
2020-12-30 11:30:00,8.72175150454735,27.322664828893053
2020-12-30 12:00:00,8.721156022241503,27.661294313994773
2020-12-30 12:30:00,8.852428637886954,28.280929766155147
2020-12-30 13:00:00,8.62684799050264,28.051894393750413
2020-12-30 13:30:00,8.800417045456225,27.53325398481077
2020-12-30 14:00:00,8.814484955034438,27.838775749023533
2020-12-30 14:30:00,8.891129842126853,28.88251290062034
2020-12-30 15:00:00,8.815915683387452,28.851949015289208
2020-12-30 15:30:00,9.023561475852526,28.812328491798546
2020-12-30 16:00:00,8.923033841668394,28.942417411646424
2020-12-30 16:30:00,8.960145040692604,28.23592644875647
2020-12-30 17:00:00,8.939861396514512,28.345496815372798
2020-12-30 17:30:00,8.895336952861824,28.698512327483805
2020-12-30 18:00:00,8.844305049574384,28.220929931215466
2020-12-30 18:30:00,8.991679647249246,27.751515804269165
2020-12-30 19:00:00,8.919433247386213,26.650108050825587
2020-12-30 19:30:00,8.942769910104532,27.711466725054194
2020-12-30 20:00:00,8.757674013514418,25.416855307419446
2020-12-30 20:30:00,8.754068445457957,26.602278333482886
2020-12-30 21:00:00,8.716646027402518,25.913418414940136
2020-12-30 21:30:00,8.611007482147023,25.897287875344663
2020-12-30 22:00:00,8.589522252553639,25.290149365371878
2020-12-30 22:30:00,8.407187447119325,23.116588646603276
2020-12-30 23:00:00,8.398670535524193,23.390718670155604
2020-12-30 23:30:00,8.377601354935404,22.921680130332327
2020-12-31 00:00:00,8.38593145770306,22.052919370860963
2020-12-31 00:30:00,8.480489186385855,20.997374663920237
2020-12-31 01:00:00,8.439020384811347,20.22003542657009
2020-12-31 01:30:00,8.411428329545142,20.75764025024402
2020-12-31 02:00:00,8.329175226947871,19.74920193938856
2020-12-31 02:30:00,8.414513692753689,19.047256934214225
2020-12-31 03:00:00,8.391388427093164,19.15746935701041
2020-12-31 03:30:00,8.353255741271473,18.976578277539495
2020-12-31 04:00:00,8.274783825702405,18.930150393209054
2020-12-31 04:30:00,8.434270562109827,19.343796430220603
2020-12-31 05:00:00,8.21578665328432,21.171929254573875
2020-12-31 05:30:00,8.1937254946302,20.235734319383827
2020-12-31 06:00:00,8.241827350970794,20.366681910855085
2020-12-31 06:30:00,8.478404496400419,20.741370557333873
2020-12-31 07:00:00,8.416317370423174,21.21371362849246
2020-12-31 07:30:00,8.393921732709458,21.04437229596701
2020-12-31 08:00:00,8.285392282635827,22.187836076996124
2020-12-31 08:30:00,8.506029379916354,22.466814402349407
2020-12-31 09:00:00,8.484783075758168,22.808641079649572
2020-12-31 09:30:00,8.4358127891976,23.63470855553832
2020-12-31 10:00:00,8.75811522126101,23.910150703693713
2020-12-31 10:30:00,8.713432976303427,25.007639697443533
2020-12-31 11:00:00,8.878863095472882,25.555288857559262
2020-12-31 11:30:00,8.800159452275945,26.41374086584707
2020-12-31 12:00:00,8.893823731982325,26.99839610793438
2020-12-31 12:30:00,8.821811849684751,28.05088504572255
2020-12-31 13:00:00,8.974664920733293,28.06061984359661
2020-12-31 13:30:00,8.913888378417615,29.05747369039021
2020-12-31 14:00:00,9.031072439873421,28.354986356274143
2020-12-31 14:30:00,9.016383999272717,29.38995097472301
2020-12-31 15:00:00,8.913466377761532,28.988648037914018
2020-12-31 15:30:00,9.023711035918945,29.071485314022986
2020-12-31 16:00:00,9.0399672520068,28.126800326635074
2020-12-31 16:30:00,8.95847663984513,29.448717214086912
2020-12-31 17:00:00,9.002319087349285,28.834776967759392
2020-12-31 17:30:00,9.081250971919038,28.42211557522694
2020-12-31 18:00:00,9.087643260073087,28.49971687527468
2020-12-31 18:30:00,8.956153628767144,27.661152755092022
2020-12-31 19:00:00,8.716176107798676,26.558091246973394
2020-12-31 19:30:00,8.950676000990827,25.489938898158616
2020-12-31 20:00:00,9.007561689891935,25.57819143114318
2020-12-31 20:30:00,8.781741957857934,24.36992258585498
2020-12-31 21:00:00,8.682308353250434,24.51704137467302
2020-12-31 21:30:00,8.737774078572215,24.260000203665754
2020-12-31 22:00:00,8.682570658557207,23.00752980845167
2020-12-31 22:30:00,8.693313846055828,22.626913061410818
2020-12-31 23:00:00,8.51692936655449,22.350250295249506
2020-12-31 23:30:00,8.67536574592143,21.591157410603333
2021-01-01 00:00:00,9.02526777544942,20.691442812635007
2021-01-01 00:30:00,8.811556236968277,19.174438254657144
2021-01-01 01:00:00,8.95661658487936,20.434834078295687
2021-01-01 01:30:00,8.820415506568377,20.316325448757446
2021-01-01 02:00:00,8.865289690482985,19.83066199883533
2021-01-01 02:30:00,8.81422526753511,19.622735030901936
2021-01-01 03:00:00,8.77086886580161,19.895425779793502
2021-01-01 03:30:00,8.784195138399376,19.957229737182118
2021-01-01 04:00:00,8.716187322041064,19.54172632010317
2021-01-01 04:30:00,8.691949446963767,19.50654410152468
2021-01-01 05:00:00,8.745525306455974,20.1291495154561
2021-01-01 05:30:00,8.757191231817204,20.797551936038417
2021-01-01 06:00:00,8.838722890612663,22.106992449381906
2021-01-01 06:30:00,8.84849255656843,20.58206465994446
2021-01-01 07:00:00,8.720837986163598,21.714037470054333
2021-01-01 07:30:00,8.976591811008056,21.658019968071144
2021-01-01 08:00:00,8.939535685452546,22.307024853567768
2021-01-01 08:30:00,9.065215351105355,24.484398556114616
2021-01-01 09:00:00,9.09684955781476,23.72068525168826
2021-01-01 09:30:00,9.108875899893905,24.58847046020893
2021-01-01 10:00:00,9.185599886686788,24.929557843881742
2021-01-01 10:30:00,9.051804502428906,26.31222573207714
2021-01-01 11:00:00,9.37565888878116,26.326495023642043
2021-01-01 11:30:00,9.459371398544656,25.887213570030315
2021-01-01 12:00:00,9.383680730849004,27.101690032039347
2021-01-01 12:30:00,9.317549118875279,27.673351751603107
2021-01-01 13:00:00,9.468697522182213,28.002121461040005
2021-01-01 13:30:00,9.404310753218262,28.490908477842808
2021-01-01 14:00:00,9.618027621299499,28.395680443329482
2021-01-01 14:30:00,9.44437206156257,28.498993531244416
2021-01-01 15:00:00,9.391765884138408,28.98241296692096
2021-01-01 15:30:00,9.433271240856019,28.270942956130522
2021-01-01 16:00:00,9.444530907064435,28.778472060679615
2021-01-01 16:30:00,9.580433207183138,28.29945760920193
2021-01-01 17:00:00,9.497924501037511,28.848333608259704
2021-01-01 17:30:00,9.512556243523667,29.15808804864634
2021-01-01 18:00:00,9.43214349455232,28.42257703878761
2021-01-01 18:30:00,9.560906660807982,28.583260359177817
2021-01-01 19:00:00,9.405357723455113,27.727296223987217
2021-01-01 19:30:00,9.387231322269868,26.988574289684294
2021-01-01 20:00:00,9.471879868461908,26.396655071428672
2021-01-01 20:30:00,9.308362594088198,26.868571152608318
2021-01-01 21:00:00,9.185404941603739,25.37589513824552
2021-01-01 21:30:00,9.162319006996132,25.823531042484653
2021-01-01 22:00:00,9.238990159815124,24.304803375549803
2021-01-01 22:30:00,9.120039485470942,23.493692051767134
2021-01-01 23:00:00,8.966839166151786,23.06448887556839
2021-01-01 23:30:00,9.094784030950517,22.008648137560844
2021-01-02 00:00:00,8.702727200336518,21.945015313890707
2021-01-02 00:30:00,8.601780454430557,21.19531234961473
2021-01-02 01:00:00,8.667648720131918,20.956415818274365
2021-01-02 01:30:00,8.556157703156387,21.163437655676987
2021-01-02 02:00:00,8.676520133197426,19.468433452695127
2021-01-02 02:30:00,8.674774139623597,20.34169241832954
2021-01-02 03:00:00,8.632868016526157,21.047609229576135
2021-01-02 03:30:00,8.596827303132688,21.385016482517674
2021-01-02 04:00:00,8.552105820709865,21.145785937967432
2021-01-02 04:30:00,8.726408007543519,20.725738109222167
2021-01-02 05:00:00,8.486095013914555,21.810517754498317
2021-01-02 05:30:00,8.734557971207245,21.99092530955114
2021-01-02 06:00:00,8.715690261366207,22.940311639916214
2021-01-02 06:30:00,8.714509846081194,23.091359086947516
2021-01-02 07:00:00,8.792064128401325,22.139327391150637
2021-01-02 07:30:00,8.653260248046358,23.538142200952798
2021-01-02 08:00:00,8.917032872586955,23.632161496009175
2021-01-02 08:30:00,8.91996074383184,23.656340787325526
2021-01-02 09:00:00,9.020548467958209,24.966159439722766
2021-01-02 09:30:00,8.784734389610875,25.928899507221995
2021-01-02 10:00:00,9.041103535480692,24.073872934513002
2021-01-02 10:30:00,9.055375974604425,26.752302632868275
2021-01-02 11:00:00,8.90595231002725,26.19117475330673
2021-01-02 11:30:00,9.131389223636946,28.030989750485183
2021-01-02 12:00:00,9.21101158000982,28.07245349417731
2021-01-02 12:30:00,9.17411767835541,28.37498841979172
2021-01-02 13:00:00,9.319355186403127,29.612932592699554
2021-01-02 13:30:00,9.368758573821651,28.95095183416701
2021-01-02 14:00:00,9.301595391265948,30.57378080650295
2021-01-02 14:30:00,9.332643270127518,29.10144698953634
2021-01-02 15:00:00,9.453049762909133,29.46568631010379
2021-01-02 15:30:00,9.298406722116518,29.571628519124243
2021-01-02 16:00:00,9.440676747001241,30.217692161005846
2021-01-02 16:30:00,9.515162843829497,29.649755671028952
2021-01-02 17:00:00,9.377924625788784,29.831935877488707
2021-01-02 17:30:00,9.400071673756223,29.78754364418573
2021-01-02 18:00:00,9.345768836457657,29.910076934572956
2021-01-02 18:30:00,9.39254023241684,29.531369595899733
2021-01-02 19:00:00,9.144092441296438,28.63670568351601
2021-01-02 19:30:00,9.088913525695755,27.39619020695257
2021-01-02 20:00:00,9.126901595688107,26.18184892495325
2021-01-02 20:30:00,9.105207188125293,25.378388636960434
2021-01-02 21:00:00,9.203510628680576,25.69620398227596
2021-01-02 21:30:00,9.19097737578787,24.244422574091796
2021-01-02 22:00:00,9.07015255970707,23.28707969854795
2021-01-02 22:30:00,9.080638686907191,22.371622081083274
2021-01-02 23:00:00,8.884169342106354,22.18470138393392
2021-01-02 23:30:00,8.826298262658806,21.732437759669097
2021-01-03 00:00:00,10.943111529509908,21.293232796023606
2021-01-03 00:30:00,11.1909546348676,20.69472355138267
2021-01-03 01:00:00,11.075072287241907,20.92752465305361
2021-01-03 01:30:00,10.970724276141649,19.106052569185145
2021-01-03 02:00:00,10.793217524942268,19.84580782631694
2021-01-03 02:30:00,10.80195649379026,20.532069619885224
2021-01-03 03:00:00,10.9463579143042,19.660254257585134
2021-01-03 03:30:00,10.880274914625657,20.091883801489914
2021-01-03 04:00:00,10.996234230844848,19.997543939940087
2021-01-03 04:30:00,10.9012516185939,20.344918420106737
2021-01-03 05:00:00,10.816467764992586,20.317156171009884
2021-01-03 05:30:00,10.783994842580155,20.343872275832577
2021-01-03 06:00:00,10.9395674534108,20.830790379979636
2021-01-03 06:30:00,11.153663261624,21.743660457762424
2021-01-03 07:00:00,11.233479355409212,20.746608263706904
2021-01-03 07:30:00,10.980193842095545,21.872703313726042
2021-01-03 08:00:00,11.17003702095754,21.91050298346104
2021-01-03 08:30:00,11.087781497423908,23.242664719307474
2021-01-03 09:00:00,11.256419285911768,23.226621449330892
2021-01-03 09:30:00,10.968378808413853,24.340056662430158
2021-01-03 10:00:00,11.277499428535842,24.90066941344878
2021-01-03 10:30:00,11.204663663237286,26.16455179331428
2021-01-03 11:00:00,11.638274055126168,26.714493140591536
2021-01-03 11:30:00,11.484994316144126,26.018599396404433
2021-01-03 12:00:00,11.639006448301664,26.889661400393482
2021-01-03 12:30:00,11.640555962887897,27.914062011978103
2021-01-03 13:00:00,11.527152543113441,27.602224315417182
2021-01-03 13:30:00,11.796833840680181,27.999792647662225
2021-01-03 14:00:00,11.885700179456473,27.55047587760967
2021-01-03 14:30:00,11.812344872624092,29.07006815439713
2021-01-03 15:00:00,11.87099169233869,28.437047476951605
2021-01-03 15:30:00,11.94924287700096,27.676216840804507
2021-01-03 16:00:00,11.889766521249214,27.42099942353441
2021-01-03 16:30:00,11.804021378431207,27.62454327867668
2021-01-03 17:00:00,11.6137062933559,28.523971714600712
2021-01-03 17:30:00,11.686287268425575,27.60239879590728
2021-01-03 18:00:00,11.669206187532481,27.345256844697317
2021-01-03 18:30:00,11.81342042625316,27.450669641064323
2021-01-03 19:00:00,11.840601533608915,27.738111777714042
2021-01-03 19:30:00,11.640513397994363,27.347489242039952
2021-01-03 20:00:00,11.701555688467309,26.749773272122464
2021-01-03 20:30:00,11.255412660986362,25.90886308846516
2021-01-03 21:00:00,11.5046636835398,25.3683876902039
2021-01-03 21:30:00,11.277562807028335,24.793071514528318
2021-01-03 22:00:00,11.45730435780311,24.66944672021442
2021-01-03 22:30:00,11.431432464020851,24.447220645528333
2021-01-03 23:00:00,11.355114059620853,22.776053473294024
2021-01-03 23:30:00,11.25957673466234,22.336117095694796
2021-01-04 00:00:00,11.80252613119968,22.080488985748968
2021-01-04 00:30:00,11.824388365054272,22.609533013589118
2021-01-04 01:00:00,11.507820036905951,22.154223947398638
2021-01-04 01:30:00,11.706245712846036,21.689173506237914
2021-01-04 02:00:00,11.452689788956034,22.43015830920422
2021-01-04 02:30:00,11.304494741768913,22.660743209783558
2021-01-04 03:00:00,11.509229474503451,21.59487183541463
2021-01-04 03:30:00,11.515743042158146,21.87997767081847
2021-01-04 04:00:00,11.461478350426193,22.768881654665048
2021-01-04 04:30:00,11.356066333210354,21.936937343582972
2021-01-04 05:00:00,11.512084223701375,22.211169734494923
2021-01-04 05:30:00,11.43742278526625,20.983990325028632
2021-01-04 06:00:00,11.774026160023132,21.980904054351313
2021-01-04 06:30:00,11.569524776474848,23.00031691475709
2021-01-04 07:00:00,11.619064796458979,23.400651454911593
2021-01-04 07:30:00,11.561130343655407,23.21058960690083
2021-01-04 08:00:00,11.74506967183001,22.439593523521847
2021-01-04 08:30:00,11.928760739072288,22.314524765225443
2021-01-04 09:00:00,11.71078420677957,23.381853892921885
2021-01-04 09:30:00,11.81590374020899,25.088847970021277
2021-01-04 10:00:00,11.696299528744229,24.992039515997423
2021-01-04 10:30:00,11.97872381082567,25.95145050887599
2021-01-04 11:00:00,12.244712074729987,26.29419197785049
2021-01-04 11:30:00,11.967937584192672,26.520340568812028
2021-01-04 12:00:00,12.122243750017525,27.19816942722195
2021-01-04 12:30:00,12.131884509198812,27.352791526501555
2021-01-04 13:00:00,12.237620219634316,28.672961626820122
2021-01-04 13:30:00,12.218715349697023,28.16678301828364
2021-01-04 14:00:00,12.305611672514956,29.169239331565844
2021-01-04 14:30:00,12.24026193151132,29.485639602086813
2021-01-04 15:00:00,12.424716585797528,29.809455264466667
2021-01-04 15:30:00,12.53127957822536,28.96503029471145
2021-01-04 16:00:00,12.510185074601821,29.553767093331714
2021-01-04 16:30:00,12.18011389361496,29.157557127936705
2021-01-04 17:00:00,12.56169397039373,30.022359365767276
2021-01-04 17:30:00,12.466128115644292,29.0575098475681
2021-01-04 18:00:00,12.488855878489636,28.644189947492936
2021-01-04 18:30:00,12.204838840350213,28.111750358705653
2021-01-04 19:00:00,12.197056810986876,27.822796165493244
2021-01-04 19:30:00,12.303554355372446,27.18088368208164
2021-01-04 20:00:00,12.379230421569819,27.05033309727262
2021-01-04 20:30:00,11.994307654377073,27.808938028136367
2021-01-04 21:00:00,12.08083409220464,26.055179632910217
2021-01-04 21:30:00,12.036075619118183,25.8874441584849
2021-01-04 22:00:00,11.877096283285406,25.872217865438916
2021-01-04 22:30:00,11.89524283827053,24.124692672484304
2021-01-04 23:00:00,11.73062838699386,23.69270966988777
2021-01-04 23:30:00,11.878698374699058,24.483085632226814
2021-01-05 00:00:00,12.392490725072475,23.180762748623874
2021-01-05 00:30:00,12.575391175369601,22.90860060903711
2021-01-05 01:00:00,12.42049821775577,22.87299019966932
2021-01-05 01:30:00,12.429956321360104,22.99149705413418
2021-01-05 02:00:00,12.286762273250087,22.5646383807408
2021-01-05 02:30:00,11.998160271384142,22.046308871225676
2021-01-05 03:00:00,12.5319202847544,23.348915039748647
2021-01-05 03:30:00,12.420996516306065,23.089490111256023
2021-01-05 04:00:00,12.379025502381921,23.947139525733277
2021-01-05 04:30:00,12.32855843612528,22.497406141431576
2021-01-05 05:00:00,12.384565500576173,23.04711945304949
2021-01-05 05:30:00,12.330695905340015,23.638091315227445
2021-01-05 06:00:00,12.414907801185432,24.09608606287664
2021-01-05 06:30:00,12.612208064392767,24.341186031727045
2021-01-05 07:00:00,12.408440283422792,24.504265719931023
2021-01-05 07:30:00,12.431205079443822,26.262413577808914
2021-01-05 08:00:00,12.831708605682588,25.68340060047428
2021-01-05 08:30:00,12.599006193326709,26.74250600482903
2021-01-05 09:00:00,12.755149394434246,27.320936410540423
2021-01-05 09:30:00,12.773983511197573,27.377413167702723
2021-01-05 10:00:00,12.941891345751355,28.811000304845756
2021-01-05 10:30:00,13.018721333546965,28.274171984352048
2021-01-05 11:00:00,13.020307093058321,30.105694759015652
2021-01-05 11:30:00,12.944972496793154,29.42237030416125
2021-01-05 12:00:00,13.010583970480647,31.329426860944405
2021-01-05 12:30:00,13.201948349167212,31.91058506423323
2021-01-05 13:00:00,13.485013958212274,32.13334331346306
2021-01-05 13:30:00,13.055480936711819,32.1432517983115
2021-01-05 14:00:00,13.315959538433916,33.37371532011066
2021-01-05 14:30:00,13.422499025659608,34.03430405204433
2021-01-05 15:00:00,13.307215223813827,33.630414410891944
2021-01-05 15:30:00,13.427451201186384,33.20533865308969
2021-01-05 16:00:00,13.387222616106481,32.50055434291087
2021-01-05 16:30:00,13.502248561973898,32.555441826145135
2021-01-05 17:00:00,13.603066879400293,33.31748990001163
2021-01-05 17:30:00,13.318213163934537,32.66768678106631
2021-01-05 18:00:00,13.368439612105911,32.56867278479905
2021-01-05 18:30:00,13.348868880456754,31.803894754267432
2021-01-05 19:00:00,13.264537245686588,31.612978399886657
2021-01-05 19:30:00,13.191822694970309,30.131221578489022
2021-01-05 20:00:00,12.853112306513324,29.42570139156993
2021-01-05 20:30:00,13.081406834296766,28.901273672185752
2021-01-05 21:00:00,12.864754727029586,28.53886228960488
2021-01-05 21:30:00,12.877491717259497,28.084857032117643
2021-01-05 22:00:00,12.918284349298979,27.205785308874653
2021-01-05 22:30:00,12.864940305525431,26.32215056113205
2021-01-05 23:00:00,12.66695425236513,26.502544856265715
2021-01-05 23:30:00,12.598766928334703,26.236914516856345
2021-01-06 00:00:00,12.124139081715247,25.25378854143051
2021-01-06 00:30:00,11.975510297699238,23.529635607946293
2021-01-06 01:00:00,12.236071863420735,24.46059146279399
2021-01-06 01:30:00,12.213466187115355,23.925820113738016
2021-01-06 02:00:00,11.945953993880556,24.54114681509982
2021-01-06 02:30:00,12.128971133694776,23.709813177968623
2021-01-06 03:00:00,12.008158918537076,23.944082169338422
2021-01-06 03:30:00,11.776208472066811,23.485804709224837
2021-01-06 04:00:00,12.007135366532102,24.1232957898313
2021-01-06 04:30:00,11.982031893804125,24.52835766933617
2021-01-06 05:00:00,11.934575090523206,24.12212140612989
2021-01-06 05:30:00,11.765205475625928,24.683594837441245
2021-01-06 06:00:00,11.896636762684027,25.098747133284956
2021-01-06 06:30:00,11.730737212229304,26.041115642336862
2021-01-06 07:00:00,12.045952127517143,25.898934267399234
2021-01-06 07:30:00,12.06559472282259,26.654112669982737
2021-01-06 08:00:00,12.021960071862924,26.00216425925872
2021-01-06 08:30:00,12.065485779303572,27.492512672834025
2021-01-06 09:00:00,12.443557382442325,28.93179918321784
2021-01-06 09:30:00,12.161577079690458,29.426623849708722
2021-01-06 10:00:00,12.50506129498504,29.22741784626502
2021-01-06 10:30:00,12.495433668844287,30.12941651890507
2021-01-06 11:00:00,12.702767585793248,31.001253751240785
2021-01-06 11:30:00,12.409558869477506,31.329543739598204
2021-01-06 12:00:00,12.686863889127414,31.76405536976113
2021-01-06 12:30:00,12.886969955193711,31.996422009173653
2021-01-06 13:00:00,12.759628140951587,32.4509275351273
2021-01-06 13:30:00,12.64530980262902,33.12368928985858
2021-01-06 14:00:00,12.613577468346753,32.77664349535283
2021-01-06 14:30:00,12.802835763657137,32.571451001541085
2021-01-06 15:00:00,13.044359606233737,33.837939816317366
2021-01-06 15:30:00,13.12383563566465,33.217777800881784
2021-01-06 16:00:00,12.939781658771784,34.07127019340926
2021-01-06 16:30:00,13.041697267180473,33.25448498361603
2021-01-06 17:00:00,13.043179574205913,32.92305398882988
2021-01-06 17:30:00,12.970498757492289,34.16354054290687
2021-01-06 18:00:00,12.756006986942367,33.00748542923217
2021-01-06 18:30:00,12.918089041145116,32.07640837124787
2021-01-06 19:00:00,12.65322734774452,32.010207171763824
2021-01-06 19:30:00,12.744467398981712,31.546141097702417
2021-01-06 20:00:00,12.774312706683078,30.618243233427375
2021-01-06 20:30:00,12.748940569833486,30.039228401088323
2021-01-06 21:00:00,12.534890836260402,28.535878795872787
2021-01-06 21:30:00,12.624021748739407,28.65611266854706
2021-01-06 22:00:00,12.604273896490016,28.32472807088919
2021-01-06 22:30:00,12.467937970569274,27.889726730485958
2021-01-06 23:00:00,12.277443554414313,26.848872074034293
2021-01-06 23:30:00,12.257048491819733,25.82257331783912
2021-01-07 00:00:00,10.784661296959575,24.711970064275107
2021-01-07 00:30:00,10.73827932565738,25.795735735028366
2021-01-07 01:00:00,10.764731652825485,24.298526661759855
2021-01-07 01:30:00,10.763772308181306,23.92801804368102
2021-01-07 02:00:00,10.616350594661995,24.038121536313795
2021-01-07 02:30:00,10.666820097341004,24.654173390627335
2021-01-07 03:00:00,10.595881688695954,24.108728601294274
2021-01-07 03:30:00,10.574164339396292,23.67002332816885
2021-01-07 04:00:00,10.45164759701901,23.739934924925578
2021-01-07 04:30:00,10.597687165301643,24.900757159870746
2021-01-07 05:00:00,10.557604587955039,24.910783275744908
2021-01-07 05:30:00,10.619232276991161,23.941576307268164
2021-01-07 06:00:00,10.721416909855908,24.585975314193306
2021-01-07 06:30:00,10.728128463728968,23.354408753738852
2021-01-07 07:00:00,10.764044433463846,24.489176107390414
2021-01-07 07:30:00,10.679578969823343,24.874398624736898
2021-01-07 08:00:00,10.61163073163828,24.832881723788507
2021-01-07 08:30:00,10.79481677771955,26.648145725627476
2021-01-07 09:00:00,10.891491553929042,26.663043042888884
2021-01-07 09:30:00,10.973111971652123,26.855554855306362
2021-01-07 10:00:00,11.159473101431699,25.63829260251485
2021-01-07 10:30:00,11.104735798503572,27.24888363506256
2021-01-07 11:00:00,11.288150718170167,27.92782250485473
2021-01-07 11:30:00,11.142838668621726,27.99045693105799
2021-01-07 12:00:00,11.120842465043284,27.938990540550254
2021-01-07 12:30:00,11.38783400874122,28.42648280307033
2021-01-07 13:00:00,11.210209263696916,30.139873988283608
2021-01-07 13:30:00,11.199331560921339,29.682294960459018
2021-01-07 14:00:00,11.346180059849608,29.995238450383784
2021-01-07 14:30:00,11.473592956720717,30.118537588187642
2021-01-07 15:00:00,11.579248573540937,30.58211764895067
2021-01-07 15:30:00,11.467655429308593,27.99834694146651
2021-01-07 16:00:00,11.573090155143971,28.524429761364782
2021-01-07 16:30:00,11.464143703205671,29.740212253823774
2021-01-07 17:00:00,11.27053289218782,29.099062631817144
2021-01-07 17:30:00,11.3110642469679,28.32893073636973
2021-01-07 18:00:00,11.220611409959202,27.610809643890395
2021-01-07 18:30:00,11.352570169811866,26.392639575950014
2021-01-07 19:00:00,11.101853521898684,26.619128926576224
2021-01-07 19:30:00,11.130812138798287,26.096715418480034
2021-01-07 20:00:00,11.147595400181569,25.266879755349677
2021-01-07 20:30:00,11.28493411566516,25.879035280741935
2021-01-07 21:00:00,11.187655404493272,24.916561500418027
2021-01-07 21:30:00,11.028293621729059,24.097912962802276
2021-01-07 22:00:00,11.031463197706122,23.83338655064541
2021-01-07 22:30:00,10.923001609933381,22.96458624409266
2021-01-07 23:00:00,11.184457983529565,22.412119554889106
2021-01-07 23:30:00,10.656069961596554,21.605393522122757
2021-01-08 00:00:00,10.275213982201246,22.768002736968302
2021-01-08 00:30:00,10.238234213621618,20.5383337580153
2021-01-08 01:00:00,10.24590790405147,21.162781409482708
2021-01-08 01:30:00,10.317519755853148,21.24876424475475
2021-01-08 02:00:00,10.41560240344521,21.638897642845375
2021-01-08 02:30:00,10.270091028693535,20.21785342370644
2021-01-08 03:00:00,10.248088426738725,20.266516768308325
2021-01-08 03:30:00,10.248130032260114,20.358051231949933
2021-01-08 04:00:00,10.278588764255067,20.582528424882632
2021-01-08 04:30:00,10.169942329819333,21.1395310518228
2021-01-08 05:00:00,10.337285185996413,21.538566572583225
2021-01-08 05:30:00,10.287037917806154,22.022885675732674
2021-01-08 06:00:00,10.342296111045302,23.2802397239513
2021-01-08 06:30:00,10.40583560984278,22.283754891546153
2021-01-08 07:00:00,10.446525048781263,24.016341966480944
2021-01-08 07:30:00,10.51306027323806,23.855415196470155
2021-01-08 08:00:00,10.390979200604596,24.981195063043963
2021-01-08 08:30:00,10.581461521760799,25.075985822666574
2021-01-08 09:00:00,10.426147105557213,26.732148645515704
2021-01-08 09:30:00,10.425301268413664,25.408840241289646
2021-01-08 10:00:00,10.663048768579314,27.109115611089525
2021-01-08 10:30:00,10.803749816869281,26.704744885491973
2021-01-08 11:00:00,10.868626415320659,27.65600232453037
2021-01-08 11:30:00,10.910891844785912,29.071402470785806
2021-01-08 12:00:00,11.015953292066744,28.80281585844708
2021-01-08 12:30:00,10.782831523204191,29.82897570492986
2021-01-08 13:00:00,10.95751642546063,30.7275705538343
2021-01-08 13:30:00,11.030492151465884,30.01577239591776
2021-01-08 14:00:00,10.999457772602756,31.153761339902843
2021-01-08 14:30:00,11.148888133312647,31.020877247743748
2021-01-08 15:00:00,11.195445868395572,29.707109878891018
2021-01-08 15:30:00,11.177256509202264,29.519122731600795
2021-01-08 16:00:00,11.159855100320874,29.382366997118098
2021-01-08 16:30:00,11.396237636096783,30.0194137976815
2021-01-08 17:00:00,11.14055546666979,30.02559359224192
2021-01-08 17:30:00,11.116512724894012,29.825456657378595
2021-01-08 18:00:00,11.220283694342434,29.136636229466852
2021-01-08 18:30:00,11.252966579321765,28.610536815779152
2021-01-08 19:00:00,10.9195654513164,27.937356523190154
2021-01-08 19:30:00,10.867288199784618,27.10207847085561
2021-01-08 20:00:00,11.070010552293029,26.78399330692623
2021-01-08 20:30:00,10.992925075682278,26.712064794780453
2021-01-08 21:00:00,10.908113947786193,25.61105383884471
2021-01-08 21:30:00,10.734413618338555,24.895630406069273
2021-01-08 22:00:00,10.772246628710505,24.301736789453663
2021-01-08 22:30:00,10.498457114008087,24.321745141823133
2021-01-08 23:00:00,10.46913669608857,23.341409497912064
2021-01-08 23:30:00,10.692881872881333,21.98671994517229
2021-01-09 00:00:00,10.526565802336252,22.683622884042734
2021-01-09 00:30:00,10.591769007782425,22.50777174561433
2021-01-09 01:00:00,10.628643405730598,21.538135013488922
2021-01-09 01:30:00,10.556699786065606,20.811751492771496
2021-01-09 02:00:00,10.379459253202278,20.734220171434007
2021-01-09 02:30:00,10.40473190852656,19.888099672496622
2021-01-09 03:00:00,10.505335907265481,20.892149121824147
2021-01-09 03:30:00,10.38981811063481,21.251701823529753
2021-01-09 04:00:00,10.59821308114827,21.355362288969864
2021-01-09 04:30:00,10.420018711403292,20.846835232710248
2021-01-09 05:00:00,10.631025694359629,21.01380810630953
2021-01-09 05:30:00,10.462783021840812,21.852676320867328
2021-01-09 06:00:00,10.61673242015783,22.730487436592
2021-01-09 06:30:00,10.568470752811377,22.157689901017175
2021-01-09 07:00:00,10.569573046770133,23.3402649738441
2021-01-09 07:30:00,10.466964568954863,23.18697104011451
2021-01-09 08:00:00,10.716436330182303,23.73136301553391
2021-01-09 08:30:00,10.717340181870359,25.23699798630172
2021-01-09 09:00:00,10.802807615892892,26.414057234139328
2021-01-09 09:30:00,10.76606180893539,26.284277671976408
2021-01-09 10:00:00,10.782249581560169,27.99679876634754
2021-01-09 10:30:00,10.83805865716975,28.429881575499447
2021-01-09 11:00:00,10.987664633879891,29.01729794937812
2021-01-09 11:30:00,11.153342089008236,29.910280962882567
2021-01-09 12:00:00,11.070560654543636,29.49465862605899
2021-01-09 12:30:00,11.035848983412958,30.61737519975046
2021-01-09 13:00:00,11.109609870866914,30.40487756004274
2021-01-09 13:30:00,11.113779236668767,31.058659264561605
2021-01-09 14:00:00,11.092642597195162,30.391419647329762
2021-01-09 14:30:00,11.255942298416345,31.906591418586817
2021-01-09 15:00:00,11.244244230576852,31.565585478198262
2021-01-09 15:30:00,11.28822703936395,31.325790898605
2021-01-09 16:00:00,11.541215667889507,31.062705978572243
2021-01-09 16:30:00,11.432978339049328,31.188836386946846
2021-01-09 17:00:00,11.477905094296124,31.438001838275888
2021-01-09 17:30:00,11.301809258534428,31.044884292852103
2021-01-09 18:00:00,11.302318719220429,30.047300099174954
2021-01-09 18:30:00,11.15224565810605,29.206735340017357
2021-01-09 19:00:00,11.00834225367513,29.099231275706646
2021-01-09 19:30:00,10.984282677154157,29.23655016647281
2021-01-09 20:00:00,11.067461737749829,28.413852693305813
2021-01-09 20:30:00,11.10531764063605,28.457364402433534
2021-01-09 21:00:00,11.238465213613317,28.6663628817586
2021-01-09 21:30:00,10.93167484797475,27.660165961172012
2021-01-09 22:00:00,10.717796062255779,27.138826805645945
2021-01-09 22:30:00,10.781525485794003,26.304389373729165
2021-01-09 23:00:00,10.816587658973232,26.06140170941909
2021-01-09 23:30:00,10.5858213725527,25.31711377851874
2021-01-10 00:00:00,10.71537795881046,24.902470998358655
2021-01-10 00:30:00,10.769115746051003,23.745798677577426
2021-01-10 01:00:00,10.683893068084794,23.048844242590018
2021-01-10 01:30:00,10.677688097349955,22.92475677728734
2021-01-10 02:00:00,10.605944601908151,22.405946003060357
2021-01-10 02:30:00,10.571219278936262,22.800464072396668
2021-01-10 03:00:00,10.69523293768778,22.60243357798709
2021-01-10 03:30:00,10.6358857881628,22.196726230639136
2021-01-10 04:00:00,10.565457028906227,22.287963034852794
2021-01-10 04:30:00,10.598041134794784,23.31621575654161
2021-01-10 05:00:00,10.549939321737542,23.189229773085305
2021-01-10 05:30:00,10.569401711117807,22.659373007721136
2021-01-10 06:00:00,10.644232073305245,23.130418549634385
2021-01-10 06:30:00,10.657283385070272,23.52710334858223
2021-01-10 07:00:00,10.941371657362065,24.14139042586324
2021-01-10 07:30:00,10.747402945820761,24.287450357828344
2021-01-10 08:00:00,10.815600640815498,24.09845819607386
2021-01-10 08:30:00,11.051377621845907,25.530398370402636
2021-01-10 09:00:00,10.785112918649943,25.291200122993445
2021-01-10 09:30:00,10.95438237711659,26.44200778535587
2021-01-10 10:00:00,11.138078378909546,26.79499150972994
2021-01-10 10:30:00,11.085841974513908,27.98336368303075
2021-01-10 11:00:00,11.11725972610808,27.997345139624407
2021-01-10 11:30:00,11.087857893126897,28.529394933952528
2021-01-10 12:00:00,11.234665576791542,28.84902760660164
2021-01-10 12:30:00,11.204598596292362,29.15094433613716
2021-01-10 13:00:00,11.443160049077061,30.067812247023795
2021-01-10 13:30:00,11.430009026637986,29.67051260502817
2021-01-10 14:00:00,11.368627053273162,30.61719538838577
2021-01-10 14:30:00,11.555887330973166,30.75886538911412
2021-01-10 15:00:00,11.33319935232389,29.705177106402548
2021-01-10 15:30:00,11.362157347270124,29.790857939125345
2021-01-10 16:00:00,11.545389331941916,29.093932161420813
2021-01-10 16:30:00,11.489457051114837,30.97793648835982
2021-01-10 17:00:00,11.319204868281089,30.937989579296303
2021-01-10 17:30:00,11.34405651063462,30.436709723119026
2021-01-10 18:00:00,11.37478293289355,30.44453520506427
2021-01-10 18:30:00,11.296089499732938,29.796658494378907
2021-01-10 19:00:00,11.350509493054682,28.86497848365666
2021-01-10 19:30:00,11.270466494946662,28.15394738502211
2021-01-10 20:00:00,11.285904100880352,27.806279474877968
2021-01-10 20:30:00,11.171563241975383,26.305175266181475
2021-01-10 21:00:00,11.160282486437804,26.871089965680735
2021-01-10 21:30:00,11.016524675367815,26.241126526159665
2021-01-10 22:00:00,11.04430662149445,24.630969212748667
2021-01-10 22:30:00,10.980262949450085,25.191857437586485
2021-01-10 23:00:00,10.958693236349198,24.715480798595355
2021-01-10 23:30:00,10.864069280069955,23.74502321436765
2021-01-11 00:00:00,11.21594816994334,22.91879100071016
2021-01-11 00:30:00,11.19954033681598,21.660847559569216
2021-01-11 01:00:00,11.300156707616175,21.561788457351
2021-01-11 01:30:00,11.089754052109551,20.632764083043874
2021-01-11 02:00:00,11.09044969051265,20.985976675233818
2021-01-11 02:30:00,11.225497638436613,21.76772256144926
2021-01-11 03:00:00,11.104040690852038,21.004789601485456
2021-01-11 03:30:00,11.096635314252028,20.321804220845106
2021-01-11 04:00:00,10.925011663033203,21.91901013574671
2021-01-11 04:30:00,10.927394308402727,22.35516642736509
2021-01-11 05:00:00,11.065684083227184,22.247382548225087
2021-01-11 05:30:00,11.282996101210795,21.126653020262363
2021-01-11 06:00:00,10.890012563190224,22.645559230999766
2021-01-11 06:30:00,10.93643700025236,22.44819454884842
2021-01-11 07:00:00,11.219778965278214,23.05052646906384
2021-01-11 07:30:00,11.233882206373734,23.967166848561973
2021-01-11 08:00:00,11.151164074933913,24.979974475437768
2021-01-11 08:30:00,11.412954564169514,24.541155142932627
2021-01-11 09:00:00,11.394209650185418,25.497152064962364
2021-01-11 09:30:00,11.381577788850477,25.701211255313062
2021-01-11 10:00:00,11.487632013479836,27.110919349467256
2021-01-11 10:30:00,11.49880152220436,27.614890927079127
2021-01-11 11:00:00,11.654828694931798,28.57862262225946
2021-01-11 11:30:00,11.600497755886336,29.480528378397356
2021-01-11 12:00:00,11.607509585498967,29.249286421371778
2021-01-11 12:30:00,11.705956033867569,29.890923300787325
2021-01-11 13:00:00,11.876892789795532,30.259600100941142
2021-01-11 13:30:00,12.005224154467411,30.896706961760753
2021-01-11 14:00:00,11.837827017364525,31.394373407086537
2021-01-11 14:30:00,11.821064698134434,30.57932619843501
2021-01-11 15:00:00,11.99278669386848,30.717706659679557
2021-01-11 15:30:00,12.099737171127432,31.551023708092057
2021-01-11 16:00:00,11.931128256070803,31.644417188025194
2021-01-11 16:30:00,12.145760571254174,31.79375680939531
2021-01-11 17:00:00,11.869134726258775,30.993415141877314
2021-01-11 17:30:00,12.103651524590909,31.33587536359909
2021-01-11 18:00:00,11.990680208519445,30.349950635819205
2021-01-11 18:30:00,11.682339055083954,29.468682291674057
2021-01-11 19:00:00,11.895845202885015,30.377151120458812
2021-01-11 19:30:00,11.762881327101514,29.208572855723844
2021-01-11 20:00:00,11.716194658595677,29.002609094478526
2021-01-11 20:30:00,11.59749214788852,28.877431548986245
2021-01-11 21:00:00,11.622610116710517,27.68098011057415
2021-01-11 21:30:00,11.486120940441843,27.942645727009403
2021-01-11 22:00:00,11.511604417691737,26.607147037408435
2021-01-11 22:30:00,11.55124355447454,27.119704749973682
2021-01-11 23:00:00,11.523256782803667,25.025354181275066
2021-01-11 23:30:00,11.434151547091224,25.36330362096955
2021-01-12 00:00:00,11.303723026675335,24.817270270387016
2021-01-12 00:30:00,11.204137894140576,25.21925341805333
2021-01-12 01:00:00,11.088716850771347,23.743624876018366
2021-01-12 01:30:00,10.949773049863145,24.10744929376381
2021-01-12 02:00:00,11.142039411219116,21.910576354610708
2021-01-12 02:30:00,10.960211095848722,22.648644436784707
2021-01-12 03:00:00,11.006508256518405,23.31814863211488
2021-01-12 03:30:00,10.82999761120776,22.398270766819582
2021-01-12 04:00:00,11.01711495838964,22.316725422358363
2021-01-12 04:30:00,11.120761627316945,22.64204820827962
2021-01-12 05:00:00,10.977009186472747,23.35777112015182
2021-01-12 05:30:00,11.10264481216626,21.633877265727126
2021-01-12 06:00:00,11.018569238424798,22.371710856192582
2021-01-12 06:30:00,11.086743684167233,22.52990919748153
2021-01-12 07:00:00,11.05922725497782,23.183904420941435
2021-01-12 07:30:00,10.870155532211907,22.834383168820324
2021-01-12 08:00:00,11.248365212016205,23.000874739161596
2021-01-12 08:30:00,11.317693462592466,23.53969486093694
2021-01-12 09:00:00,11.387275617860498,24.9056547932295
2021-01-12 09:30:00,11.572210209100293,25.180853232059707
2021-01-12 10:00:00,11.549029021596276,26.083302613255274
2021-01-12 10:30:00,11.56122793592463,25.587007082748453
2021-01-12 11:00:00,11.497797767673612,26.129360738566522
2021-01-12 11:30:00,11.957235209329749,26.9821312911616
2021-01-12 12:00:00,11.534396389648588,28.06392664355491
2021-01-12 12:30:00,11.69514189392567,28.342296174967338
2021-01-12 13:00:00,11.72929790883909,28.564670375632495
2021-01-12 13:30:00,11.949040685996504,28.273032579394105
2021-01-12 14:00:00,11.899807991411445,28.95083373922122
2021-01-12 14:30:00,11.951011895964994,28.776269089039225
2021-01-12 15:00:00,11.707929136850076,29.732034176535993
2021-01-12 15:30:00,11.861168610127514,30.07596757482965
2021-01-12 16:00:00,12.044955663630324,28.904608951191822
2021-01-12 16:30:00,11.863311557279212,28.01194476589166
2021-01-12 17:00:00,11.766126825236574,29.666587516802483
2021-01-12 17:30:00,11.912970577746506,28.782320444118454
2021-01-12 18:00:00,11.794487633552357,28.290355131934316
2021-01-12 18:30:00,11.82724218672755,27.61567686638876
2021-01-12 19:00:00,11.826729836776954,27.159915541276852
2021-01-12 19:30:00,11.62773050837655,26.598470162715472
2021-01-12 20:00:00,11.682590852232789,25.944950777326344
2021-01-12 20:30:00,11.783825629041978,24.405168701608712
2021-01-12 21:00:00,11.543907782691528,24.27007428161012
2021-01-12 21:30:00,11.48771067112494,24.01832956323548
2021-01-12 22:00:00,11.387061099264264,23.554706509985188
2021-01-12 22:30:00,11.424532449998175,22.78038668708055
2021-01-12 23:00:00,11.383157811593263,22.221351389385052
2021-01-12 23:30:00,11.171898761691136,20.40739829356707
2021-01-13 00:00:00,11.556838767995881,20.602085015241084
2021-01-13 00:30:00,11.67499417115037,20.6297821140381
2021-01-13 01:00:00,11.258948644220123,20.717523743495544
2021-01-13 01:30:00,11.508980896480686,20.574183171679977
2021-01-13 02:00:00,11.46164958158769,21.335396134036973
2021-01-13 02:30:00,11.166808017203504,19.891950224097716
2021-01-13 03:00:00,11.133132305255899,19.55776478961534
2021-01-13 03:30:00,11.238943472079377,18.9122203870386
2021-01-13 04:00:00,11.448117795145057,20.544475783089542
2021-01-13 04:30:00,11.2303759359276,19.80411858510482
2021-01-13 05:00:00,11.316354082461672,20.000725047441083
2021-01-13 05:30:00,11.346362072089187,19.940254627851907
2021-01-13 06:00:00,11.35252247756553,20.388641190910647
2021-01-13 06:30:00,11.617482748556615,20.549226056417776
2021-01-13 07:00:00,11.470921701700563,21.764587523669235
2021-01-13 07:30:00,11.357402866847291,21.246386573925264
2021-01-13 08:00:00,11.574475937386403,22.112007453467218
2021-01-13 08:30:00,11.671915948198803,22.574351393255032
2021-01-13 09:00:00,11.538014389701033,23.65817021451862
2021-01-13 09:30:00,11.744275190567066,24.496912039907965
2021-01-13 10:00:00,11.717803672690748,25.64558914063847
2021-01-13 10:30:00,11.700026455197287,25.97765555293528
2021-01-13 11:00:00,11.808460470171886,26.343234566682263
2021-01-13 11:30:00,12.068487534553341,26.51435699096965
2021-01-13 12:00:00,12.012382054941693,27.515012943479555
2021-01-13 12:30:00,11.891562096105336,27.930091528990438
2021-01-13 13:00:00,12.219268553552384,28.76566837595947
2021-01-13 13:30:00,12.139178292610422,28.06051025811379
2021-01-13 14:00:00,11.860589798023074,28.91977595796203
2021-01-13 14:30:00,12.11009966493377,28.915062564045538
2021-01-13 15:00:00,11.977618400245355,28.476617458365315
2021-01-13 15:30:00,12.197774621407142,29.997955281547874
2021-01-13 16:00:00,12.606380146958372,29.795359980337206
2021-01-13 16:30:00,12.516641779608063,29.720858551310084
2021-01-13 17:00:00,12.292623393228105,29.29964534678645
2021-01-13 17:30:00,12.137919377912993,29.776861159733127
2021-01-13 18:00:00,12.070945792216826,27.746185176848556
2021-01-13 18:30:00,12.086780945910624,28.89456903985817
2021-01-13 19:00:00,12.16199347617628,26.93454549012575
2021-01-13 19:30:00,12.23373473674781,27.12979311211775
2021-01-13 20:00:00,12.038031909720447,26.29408550716452
2021-01-13 20:30:00,12.120770320168626,26.10170125002301
2021-01-13 21:00:00,11.898644606175433,25.61888028560986
2021-01-13 21:30:00,11.607993183526762,24.66312426664642
2021-01-13 22:00:00,11.82349565179821,23.21203974579854
2021-01-13 22:30:00,11.839630580880314,22.425958464596363
2021-01-13 23:00:00,11.72675063347435,21.695648142104204
2021-01-13 23:30:00,11.724257625828887,21.998135371631136
2021-01-14 00:00:00,11.313465833437277,21.172763231525103
2021-01-14 00:30:00,11.334222877568443,20.55435218139608
2021-01-14 01:00:00,11.31937110558885,21.39775930862787
2021-01-14 01:30:00,11.313499228366036,19.863240153262183
2021-01-14 02:00:00,11.302549442527582,20.27802504554485
2021-01-14 02:30:00,11.31929311225135,20.173310936734563
2021-01-14 03:00:00,11.146542037943538,20.359561173113214
2021-01-14 03:30:00,11.062561619112875,21.409971800356885
2021-01-14 04:00:00,11.125619288497496,21.03781305761301
2021-01-14 04:30:00,11.156650439281544,21.040473348899486
2021-01-14 05:00:00,11.141823618306761,21.23727246141229
2021-01-14 05:30:00,11.109124527790138,21.12998052784156
2021-01-14 06:00:00,11.335770793485992,21.29843088472834
2021-01-14 06:30:00,11.382024806695092,22.958936841342247
2021-01-14 07:00:00,11.426352703812729,23.67744461020086
2021-01-14 07:30:00,11.451064097587796,22.7588380326938
2021-01-14 08:00:00,11.4776260432791,25.03702798841622
2021-01-14 08:30:00,11.423700936385824,26.162910407367125
2021-01-14 09:00:00,11.489045401988154,25.246651308934915
2021-01-14 09:30:00,11.629569809922401,26.914376604821083
2021-01-14 10:00:00,11.449303909482218,27.253099771732096
2021-01-14 10:30:00,11.751943521186718,28.579259015379026
2021-01-14 11:00:00,11.558158525196713,27.282281097345138
2021-01-14 11:30:00,12.058925689921987,29.475847649200915
2021-01-14 12:00:00,11.976690953853005,29.501650173398275
2021-01-14 12:30:00,11.882276917732103,30.38175504381436
2021-01-14 13:00:00,1.4400991625025739,30.632623035000957
2021-01-14 13:30:00,1.438239986370744,29.37569567770776
2021-01-14 14:00:00,1.471664192133128,30.794796467742195
2021-01-14 14:30:00,1.468967569383675,31.04628347610546
2021-01-14 15:00:00,1.456971805902123,31.338319552133857
2021-01-14 15:30:00,1.4499542528851392,31.744497789286232
2021-01-14 16:00:00,1.4661294210473386,31.644489048558142
2021-01-14 16:30:00,1.4609960392269146,30.601262027901864
2021-01-14 17:00:00,1.4551389185949233,31.218070741970386
2021-01-14 17:30:00,1.4459542170486324,30.38530540441099
2021-01-14 18:00:00,1.4279736260605482,30.97653423713252
2021-01-14 18:30:00,1.4263822112808442,29.90404273549569
2021-01-14 19:00:00,1.430360034276108,29.226785423016626
2021-01-14 19:30:00,1.4119521998041773,28.892512048708806
2021-01-14 20:00:00,11.794517224758572,27.262687486488353
2021-01-14 20:30:00,12.054157918189938,27.881300455982927
2021-01-14 21:00:00,11.790480130080313,26.676240781576457
2021-01-14 21:30:00,11.804977847976083,26.968026349169833
2021-01-14 22:00:00,11.594078960620363,26.682761846136376
2021-01-14 22:30:00,11.750224996156376,24.629000155277435
2021-01-14 23:00:00,11.550308757599133,23.14905712348959
2021-01-14 23:30:00,11.56584116861253,23.82593810606551
