,demand,temperature
2020-11-10 00:00:00,18.36198474281543,15.826346806926587
2020-11-10 00:30:00,18.337462325957393,16.15284298854577
2020-11-10 01:00:00,18.03893220186018,14.83880324218957
2020-11-10 01:30:00,18.149672923160548,15.940547894456763
2020-11-10 02:00:00,18.039967669200802,15.034192096200478
2020-11-10 02:30:00,18.02948118087204,15.253308436167451
2020-11-10 03:00:00,17.982310654649027,15.139213644901123
2020-11-10 03:30:00,18.07666799453305,15.015251625989295
2020-11-10 04:00:00,18.213848771026694,15.813803159161242
2020-11-10 04:30:00,17.777097023999513,15.378594755419082
2020-11-10 05:00:00,17.888840596159564,14.709303700127311
2020-11-10 05:30:00,18.213595549799972,14.732714965711873
2020-11-10 06:00:00,18.0938142730999,15.4105840209326
2020-11-10 06:30:00,18.168763830258353,16.637507837613555
2020-11-10 07:00:00,18.202253039655,16.79198490133426
2020-11-10 07:30:00,18.511555998176586,16.907134375894813
2020-11-10 08:00:00,18.267827742846993,17.991363028778924
2020-11-10 08:30:00,18.41054349926292,17.83223635760584
2020-11-10 09:00:00,18.640190972035715,18.826879643748523
2020-11-10 09:30:00,18.557614541283854,18.582392127069948
2020-11-10 10:00:00,18.650304196293646,18.23588021484585
2020-11-10 10:30:00,18.876387652620572,18.829293834324183
2020-11-10 11:00:00,19.008558041434203,20.283200359193426
2020-11-10 11:30:00,19.006466473120742,20.413156114361495
2020-11-10 12:00:00,19.0597762451672,21.01193133833791
2020-11-10 12:30:00,19.31601575704963,21.831354661079093
2020-11-10 13:00:00,19.268282844534514,21.915006394579244
2020-11-10 13:30:00,19.395590643222754,22.45594647587762
2020-11-10 14:00:00,19.616981234355595,23.229297116142696
2020-11-10 14:30:00,19.54464644308448,22.994285611108534
2020-11-10 15:00:00,19.582706137037885,22.79767178007693
2020-11-10 15:30:00,19.505758045374638,23.72129553342912
2020-11-10 16:00:00,19.659597896913056,23.722859708388363
2020-11-10 16:30:00,19.548735582178846,22.860843132489315
2020-11-10 17:00:00,19.36602610093124,23.4921226929441
2020-11-10 17:30:00,19.18988343454785,23.490967539265455
2020-11-10 18:00:00,19.336467738851876,22.372823845977955
2020-11-10 18:30:00,19.134566300735084,22.49605068307931
2020-11-10 19:00:00,19.293566573151608,22.397753432078765
2020-11-10 19:30:00,19.043901221096235,21.911668188220787
2020-11-10 20:00:00,19.03442415472215,20.301269671380872
2020-11-10 20:30:00,18.793668989627683,20.681070129101354
2020-11-10 21:00:00,18.924176258463373,19.957560970587735
2020-11-10 21:30:00,18.804923697084554,19.45103954225165
2020-11-10 22:00:00,18.827673012114367,18.64801085808284
2020-11-10 22:30:00,18.67912303030039,17.584972037900318
2020-11-10 23:00:00,18.52121829115554,16.950904657055084
2020-11-10 23:30:00,18.412825384061627,16.328245815561957
2020-11-11 00:00:00,18.175197332121922,17.003872594780177
2020-11-11 00:30:00,18.242662738460663,16.022246309113378
2020-11-11 01:00:00,17.996475482304113,15.338116415228866
2020-11-11 01:30:00,17.966735235095584,15.635588242853153
2020-11-11 02:00:00,17.836643907881072,15.08900778609053
2020-11-11 02:30:00,17.762418665935343,15.563873964720912
2020-11-11 03:00:00,17.96277766745064,14.134060204744042
2020-11-11 03:30:00,17.919641669851824,14.64931082173735
2020-11-11 04:00:00,17.555366765475434,14.804157144430132
2020-11-11 04:30:00,17.77545778781811,15.155778879212752
2020-11-11 05:00:00,17.834618548924535,14.92599348047144
2020-11-11 05:30:00,17.98517692762349,15.5845963009393
2020-11-11 06:00:00,17.936213825707686,15.61821644914907
2020-11-11 06:30:00,17.88993677433564,15.534700910725432
2020-11-11 07:00:00,17.966252520634004,15.589280649734581
2020-11-11 07:30:00,17.882296187847757,16.40832182805039
2020-11-11 08:00:00,18.18070936743199,17.429267261341558
2020-11-11 08:30:00,18.268164245812745,18.31291224682207
2020-11-11 09:00:00,18.212951151512957,18.678199493902248
2020-11-11 09:30:00,18.437627767721725,19.780453792020964
2020-11-11 10:00:00,18.70640717985252,19.7454098991425
2020-11-11 10:30:00,18.46494207659459,20.174986462073775
2020-11-11 11:00:00,18.599047677711727,20.281862118730967
2020-11-11 11:30:00,18.85999001290602,21.684492779739305
2020-11-11 12:00:00,19.028527003915993,21.578128835225485
2020-11-11 12:30:00,18.859504010562844,22.40689020547838
2020-11-11 13:00:00,19.23397189604919,22.20753414307206
2020-11-11 13:30:00,19.243114501544994,22.534643177049794
2020-11-11 14:00:00,19.36935470682308,22.871701647134753
2020-11-11 14:30:00,19.25282247622814,23.933719506913405
2020-11-11 15:00:00,19.270889731123383,24.60868768033171
2020-11-11 15:30:00,19.47429452406105,23.517877294439877
2020-11-11 16:00:00,19.417655148976305,24.142547280780413
2020-11-11 16:30:00,19.061986622350247,22.70273396786644
2020-11-11 17:00:00,19.403894349668104,24.42201655114697
2020-11-11 17:30:00,19.181372209578974,22.98249639359008
2020-11-11 18:00:00,19.183245103748334,23.088274783190037
2020-11-11 18:30:00,19.113938265093964,21.71384744309068
2020-11-11 19:00:00,19.129483040356405,21.849596726491377
2020-11-11 19:30:00,19.045839795570235,22.32623006949841
2020-11-11 20:00:00,18.750105105390052,21.560182941937207
2020-11-11 20:30:00,18.883456876502454,20.602761786652273
2020-11-11 21:00:00,18.660929350250505,20.013135800723806
2020-11-11 21:30:00,18.794545780498797,19.398184204861906
2020-11-11 22:00:00,18.694473951322077,19.769100125848087
2020-11-11 22:30:00,18.48691364107632,17.74340165851426
2020-11-11 23:00:00,18.197760515805193,18.73765218736779
2020-11-11 23:30:00,18.14763746330344,17.076209952640856
2020-11-12 00:00:00,18.305986413998404,18.365596471094637
2020-11-12 00:30:00,18.28962809781247,17.26135825791756
2020-11-12 01:00:00,18.276188705784275,16.634951543460588
2020-11-12 01:30:00,18.301196781277724,16.643102110922694
2020-11-12 02:00:00,18.054993761026083,16.51976036261503
2020-11-12 02:30:00,18.04418691728256,16.153529970018813
2020-11-12 03:00:00,17.961046138983924,16.158281842413757
2020-11-12 03:30:00,17.917681678920708,15.710648188294506
2020-11-12 04:00:00,17.9827874367939,17.223599465594102
2020-11-12 04:30:00,18.076834875695422,16.693182638142975
2020-11-12 05:00:00,18.08998452900899,17.006000341384222
2020-11-12 05:30:00,18.10700241627485,17.695513409453184
2020-11-12 06:00:00,18.302894805387666,17.235635804515255
2020-11-12 06:30:00,18.171730796049253,18.07054976313795
2020-11-12 07:00:00,18.169475684523107,18.25644163331838
2020-11-12 07:30:00,18.161529722484442,18.78224389909162
2020-11-12 08:00:00,18.417234042331312,18.933758990272832
2020-11-12 08:30:00,18.67008204776063,18.266916031312405
2020-11-12 09:00:00,18.725414355581425,20.269057774245983
2020-11-12 09:30:00,18.70526594257624,21.17019016305215
2020-11-12 10:00:00,18.997844904904923,20.823975074002064
2020-11-12 10:30:00,18.85902603953494,22.773129645231926
2020-11-12 11:00:00,19.16387004190737,23.928089342373234
2020-11-12 11:30:00,19.029754374008196,23.36427114854229
2020-11-12 12:00:00,19.17376386127259,25.53159285650052
2020-11-12 12:30:00,19.48092790770087,24.5444952773588
2020-11-12 13:00:00,19.387998267848797,24.941102500911462
2020-11-12 13:30:00,19.4687949347068,25.484064346775817
2020-11-12 14:00:00,19.52899450654732,25.134593060726083
2020-11-12 14:30:00,19.490951695584773,25.647661210574324
2020-11-12 15:00:00,19.550951803378947,24.471637693252198
2020-11-12 15:30:00,19.610365858900952,24.1489579464824
2020-11-12 16:00:00,19.590086191812027,25.566689283131495
2020-11-12 16:30:00,19.629005696507416,24.680681028128806
2020-11-12 17:00:00,19.703421968289305,24.68302167720518
2020-11-12 17:30:00,19.782129307554587,24.212274370908048
2020-11-12 18:00:00,19.613725533973327,23.52251890160065
2020-11-12 18:30:00,19.431435855264777,23.30882930445619
2020-11-12 19:00:00,19.400382493992154,22.74658032251694
2020-11-12 19:30:00,19.46347764177048,21.81026336590192
2020-11-12 20:00:00,19.243950542722736,21.427019584036852
2020-11-12 20:30:00,19.120879644166518,21.94024282561502
2020-11-12 21:00:00,18.970681622675514,21.859770232902815
2020-11-12 21:30:00,18.94882848592019,20.614428168902148
2020-11-12 22:00:00,18.758318148596135,19.79672179679046
2020-11-12 22:30:00,18.774520246796357,19.39510389267529
2020-11-12 23:00:00,18.73596286056168,18.576124466554507
2020-11-12 23:30:00,18.701069688076068,17.700178100021816
2020-11-13 00:00:00,18.761427189183028,18.504947957424495
2020-11-13 00:30:00,18.525847989356883,18.121915367538747
2020-11-13 01:00:00,18.712000130554205,17.585660207692882
2020-11-13 01:30:00,18.53764952005061,17.079807893828768
2020-11-13 02:00:00,18.478150975121746,17.496878868417106
2020-11-13 02:30:00,18.47042569433105,15.958287600298332
2020-11-13 03:00:00,18.482880130268438,17.097898891356607
2020-11-13 03:30:00,18.315184631637347,15.49478939304679
2020-11-13 04:00:00,18.250382980075774,16.240587658364596
2020-11-13 04:30:00,18.462548281441006,16.20121056685245
2020-11-13 05:00:00,18.549820475143406,16.312239247491497
2020-11-13 05:30:00,18.432292143498604,15.98596805102298
2020-11-13 06:00:00,18.587765402259596,17.490798087834865
2020-11-13 06:30:00,18.40373289220973,16.77290138220365
2020-11-13 07:00:00,18.745321756734246,18.96660494669665
2020-11-13 07:30:00,18.857358720648044,18.51025166822178
2020-11-13 08:00:00,18.918507523573865,19.838178041089968
2020-11-13 08:30:00,19.07693901096775,20.317107708594364
2020-11-13 09:00:00,19.024572425578377,20.36638323930285
2020-11-13 09:30:00,19.037552111048953,21.37568369275437
2020-11-13 10:00:00,19.090749853853065,21.761400501972506
2020-11-13 10:30:00,19.282124816269512,21.691776877390527
2020-11-13 11:00:00,19.435506364422007,21.964059211190566
2020-11-13 11:30:00,19.45994224912293,23.862163059692826
2020-11-13 12:00:00,19.453999150228046,23.655257504307126
2020-11-13 12:30:00,19.579063681318896,24.019322811656117
2020-11-13 13:00:00,19.650602029266818,25.223955107984263
2020-11-13 13:30:00,19.880460883983858,25.54958184091419
2020-11-13 14:00:00,20.101962770105146,26.598023034795673
2020-11-13 14:30:00,19.96662692399535,25.737951774676986
2020-11-13 15:00:00,19.95684619709728,24.962103491640086
2020-11-13 15:30:00,19.978660488362586,25.333011762803846
2020-11-13 16:00:00,19.95540875790808,25.99543060125891
2020-11-13 16:30:00,19.992971414268485,26.097275468138974
2020-11-13 17:00:00,19.944256067080303,26.16423979781739
2020-11-13 17:30:00,19.821948891520126,25.214302635502378
2020-11-13 18:00:00,19.76692820436605,24.446396861173447
2020-11-13 18:30:00,19.9014343311288,24.36662049676307
2020-11-13 19:00:00,19.94596196957056,23.331555356959228
2020-11-13 19:30:00,19.789944257396662,22.979785142469016
2020-11-13 20:00:00,19.399695988572592,22.49579191137198
2020-11-13 20:30:00,19.39318087238194,22.282448305861674
2020-11-13 21:00:00,19.4176422090017,21.92051919714533
2020-11-13 21:30:00,19.261380573767813,21.30653837403173
2020-11-13 22:00:00,19.13420094573823,19.87788065188974
2020-11-13 22:30:00,19.077457416726077,19.28038690081834
2020-11-13 23:00:00,18.907273211796362,19.667521889962906
2020-11-13 23:30:00,18.73556049213597,18.63522584168771
2020-11-14 00:00:00,19.26092702410239,17.09234113967663
2020-11-14 00:30:00,19.28079695495853,18.3616748966625
2020-11-14 01:00:00,18.980598062689683,17.61385629019864
2020-11-14 01:30:00,19.005255260187603,16.73318569438029
2020-11-14 02:00:00,18.922220998789545,17.20001829816051
2020-11-14 02:30:00,18.818356513005217,16.31974435468362
2020-11-14 03:00:00,19.082416585000846,16.36652309424246
2020-11-14 03:30:00,18.71219691148455,16.093286725422583
2020-11-14 04:00:00,18.73237810185771,15.225467491631607
2020-11-14 04:30:00,18.819301648296683,16.971736822292574
2020-11-14 05:00:00,18.700384808519964,15.259289951249604
2020-11-14 05:30:00,18.83487721523357,15.698748766731503
2020-11-14 06:00:00,18.796077931154564,16.85484047587353
2020-11-14 06:30:00,18.879067263938225,17.403949113802184
2020-11-14 07:00:00,19.300241949241702,19.012223811789443
2020-11-14 07:30:00,18.983847926895045,20.1870177307819
2020-11-14 08:00:00,19.343327972499267,19.620999414273083
2020-11-14 08:30:00,19.316194621689775,19.66574842066987
2020-11-14 09:00:00,19.429789640743227,20.96304512062897
2020-11-14 09:30:00,19.60453827678353,21.540693867100636
2020-11-14 10:00:00,19.580111292393443,22.189561821391628
2020-11-14 10:30:00,19.648238151257722,22.73552751996647
2020-11-14 11:00:00,20.02163023166995,23.434574211260216
2020-11-14 11:30:00,20.13526457780895,25.25891027918795
2020-11-14 12:00:00,20.028826396662463,24.599020680157516
2020-11-14 12:30:00,20.208446629243134,26.141366644902398
2020-11-14 13:00:00,20.16584661950641,26.09821890932265
2020-11-14 13:30:00,20.41519051219098,26.28098155686489
2020-11-14 14:00:00,20.290139488731455,26.329186228347787
2020-11-14 14:30:00,20.309837467090837,26.799224670754377
2020-11-14 15:00:00,20.4926213784808,26.942606148430958
2020-11-14 15:30:00,20.398008881727563,26.436122123652616
2020-11-14 16:00:00,20.505125887866274,27.393339811079443
2020-11-14 16:30:00,20.463280434928233,26.923246763011296
2020-11-14 17:00:00,20.317743526670025,27.022949274085544
2020-11-14 17:30:00,20.223444894425803,25.895247211676615
2020-11-14 18:00:00,20.13644793462852,26.432003888274387
2020-11-14 18:30:00,20.337408179148152,25.730778667615706
2020-11-14 19:00:00,20.227021513466674,25.114692897506636
2020-11-14 19:30:00,20.11024428071822,25.463987811251197
2020-11-14 20:00:00,20.057299000730872,24.544526007769026
2020-11-14 20:30:00,20.008573881620446,24.250260259291586
2020-11-14 21:00:00,20.051181182281557,23.33082321780553
2020-11-14 21:30:00,19.79666975630186,23.66441745240691
2020-11-14 22:00:00,19.533369583259056,22.834186678284468
2020-11-14 22:30:00,19.64971503775233,22.506918455350505
2020-11-14 23:00:00,19.53404227254731,22.627052863950155
2020-11-14 23:30:00,19.471100886276496,21.626917806244307
2020-11-15 00:00:00,18.998741580827875,21.37834018204908
2020-11-15 00:30:00,18.689767423663085,19.13166715873284
2020-11-15 01:00:00,18.646534280903605,20.255771686110425
2020-11-15 01:30:00,18.643851162311794,19.213019100553417
2020-11-15 02:00:00,18.5371590762933,19.55539402334374
2020-11-15 02:30:00,18.579442620511873,19.663370103341492
2020-11-15 03:00:00,18.39203933035858,19.768168118039053
2020-11-15 03:30:00,18.61278047886801,19.403930266223792
2020-11-15 04:00:00,18.35451891160104,18.27792056686266
2020-11-15 04:30:00,18.5548339079208,17.445932701023963
2020-11-15 05:00:00,18.44611166953062,18.224571862780074
2020-11-15 05:30:00,18.55138551080188,17.943429341361757
2020-11-15 06:00:00,18.46939340727507,18.64687348181857
2020-11-15 06:30:00,18.754187013521634,18.592931044398835
2020-11-15 07:00:00,18.74470137783108,18.236438150130304
2020-11-15 07:30:00,18.772760486747323,20.38992304665826
2020-11-15 08:00:00,19.028891217022956,21.27105878961255
2020-11-15 08:30:00,18.850675651019664,20.403508064736624
2020-11-15 09:00:00,19.120001305754105,22.467610871337595
2020-11-15 09:30:00,19.37287066178937,22.68840731045681
2020-11-15 10:00:00,19.432352116628195,22.531211411156374
2020-11-15 10:30:00,19.39690067386478,23.39562176891631
2020-11-15 11:00:00,19.255646125793923,24.16260478821312
2020-11-15 11:30:00,19.49157058710327,23.71475551986613
2020-11-15 12:00:00,19.75643924334331,25.567550919522322
2020-11-15 12:30:00,19.931554176097222,24.7341232777602
2020-11-15 13:00:00,19.85591799098246,25.101485986942954
2020-11-15 13:30:00,20.035134247330333,25.66242510384716
2020-11-15 14:00:00,20.013284630468082,25.642216328725524
2020-11-15 14:30:00,20.038346869541055,24.934226347985824
2020-11-15 15:00:00,19.93799058248732,27.117655601347206
2020-11-15 15:30:00,19.93079915461089,26.099208964461457
2020-11-15 16:00:00,20.104394823030443,25.561482235289482
2020-11-15 16:30:00,20.247044210044518,26.30052283916379
2020-11-15 17:00:00,20.073041810963364,25.135695557222604
2020-11-15 17:30:00,20.031604090497023,25.213221240132025
2020-11-15 18:00:00,20.141489367563718,24.21727070505892
2020-11-15 18:30:00,19.83071830553104,24.106662120219127
2020-11-15 19:00:00,19.68141580165485,23.9077537666603
2020-11-15 19:30:00,19.757938922182625,22.7260693590797
2020-11-15 20:00:00,19.776157231539084,21.67556933082045
2020-11-15 20:30:00,19.547862333296287,20.886994138222974
2020-11-15 21:00:00,19.53106985881692,21.74530293194423
2020-11-15 21:30:00,19.246842167253735,20.622907249427453
2020-11-15 22:00:00,19.231599983286834,19.749404738855112
2020-11-15 22:30:00,19.21264366550493,20.43466791949445
2020-11-15 23:00:00,19.06375186479575,19.924365225920493
2020-11-15 23:30:00,18.743058360444177,18.354086399091685
2020-11-16 00:00:00,18.42248250714939,18.115764076797785
2020-11-16 00:30:00,18.14107447570488,18.32350530049153
2020-11-16 01:00:00,18.335248664712818,17.294427866005233
2020-11-16 01:30:00,18.262319271983277,17.166694179613366
2020-11-16 02:00:00,18.198216492162743,16.118374292292227
2020-11-16 02:30:00,17.94396623695411,15.840908027758061
2020-11-16 03:00:00,18.158524393028774,16.22957652836318
2020-11-16 03:30:00,18.152379925967878,15.365660784068892
2020-11-16 04:00:00,18.27425860743129,15.655547409303052
2020-11-16 04:30:00,18.15423755992059,15.74969782036474
2020-11-16 05:00:00,18.242353102552176,15.773503450396108
2020-11-16 05:30:00,18.078691187367756,16.427455050956592
2020-11-16 06:00:00,18.35217215280025,16.797730272438187
2020-11-16 06:30:00,18.225920556196222,16.664964225042482
2020-11-16 07:00:00,18.300548306053678,16.848307286682108
2020-11-16 07:30:00,18.390874624772806,18.35805589012493
2020-11-16 08:00:00,18.453366448186,17.233060286490563
2020-11-16 08:30:00,18.49656188547399,17.4903621523451
2020-11-16 09:00:00,18.625310973795237,18.505702039430364
2020-11-16 09:30:00,18.852342550595953,19.315308401151036
2020-11-16 10:00:00,18.95959372913392,19.727946038403548
2020-11-16 10:30:00,19.11676734807929,20.737508363781544
2020-11-16 11:00:00,18.939043180362432,20.98106627563486
2020-11-16 11:30:00,19.24128675500056,22.553768702128895
2020-11-16 12:00:00,19.299471579779194,22.360227762063293
2020-11-16 12:30:00,19.260343794913044,21.996650034047512
2020-11-16 13:00:00,19.51900096009631,22.918511932550494
2020-11-16 13:30:00,19.132489369349692,22.99648801293128
2020-11-16 14:00:00,19.59911731481596,24.152961435057815
2020-11-16 14:30:00,19.553151685509096,24.084772515425126
2020-11-16 15:00:00,19.483835037498125,23.691847003297763
2020-11-16 15:30:00,19.753541310759616,24.675089725528146
2020-11-16 16:00:00,19.529052833591873,25.17841457627125
2020-11-16 16:30:00,19.757063464963558,24.88176541616829
2020-11-16 17:00:00,19.57804088729022,24.542005850677477
2020-11-16 17:30:00,19.415496324638738,24.35155279883246
2020-11-16 18:00:00,19.423439115564477,23.98605313083214
2020-11-16 18:30:00,19.454491557753343,23.068508503011152
2020-11-16 19:00:00,19.454786551929395,22.207338858468727
2020-11-16 19:30:00,19.372671654849764,23.103095167698324
2020-11-16 20:00:00,19.302334987718737,21.01844571191678
2020-11-16 20:30:00,18.893926796303234,20.786159990899893
2020-11-16 21:00:00,19.160713880318134,20.887774927321992
2020-11-16 21:30:00,18.97820854135381,20.671755116842885
2020-11-16 22:00:00,18.887260714702585,19.63967055795035
2020-11-16 22:30:00,18.88612846273984,19.58384424453536
2020-11-16 23:00:00,18.73814066686675,18.84560062016085
2020-11-16 23:30:00,18.497640031040845,17.71580703978825
2020-11-17 00:00:00,18.807668683730366,17.479872176078544
2020-11-17 00:30:00,18.52959101532934,17.81260309336136
2020-11-17 01:00:00,18.69022434990906,17.268874127225832
2020-11-17 01:30:00,18.62169913466985,17.24524466077428
2020-11-17 02:00:00,18.493035871249862,17.187624568873957
2020-11-17 02:30:00,18.352859273532612,16.667391558917856
2020-11-17 03:00:00,18.31422188091379,17.050961350604528
2020-11-17 03:30:00,18.60305004893357,15.93791226758045
2020-11-17 04:00:00,18.314153110910414,16.47494700188552
2020-11-17 04:30:00,18.438401388353117,16.792406039443442
2020-11-17 05:00:00,18.501179172920406,16.58578183036972
2020-11-17 05:30:00,18.347480631554856,16.95023013200469
2020-11-17 06:00:00,18.505948429885247,16.77276437476612
2020-11-17 06:30:00,18.414938500167935,18.075196895745535
2020-11-17 07:00:00,18.448541168616508,19.301344892168583
2020-11-17 07:30:00,18.535584077264254,17.92312710114069
2020-11-17 08:00:00,18.78591544946321,18.392719903453088
2020-11-17 08:30:00,18.914497407378626,19.520047145907014
2020-11-17 09:00:00,19.119907502505374,20.500993485171044
2020-11-17 09:30:00,19.270632712103055,21.193344959161653
2020-11-17 10:00:00,19.33893161068988,21.274153779109216
2020-11-17 10:30:00,19.246009075894268,22.50030333151366
2020-11-17 11:00:00,19.35768167124007,23.775377923042427
2020-11-17 11:30:00,19.437904579223915,24.141213489523885
2020-11-17 12:00:00,19.524939844849193,23.652354795409643
2020-11-17 12:30:00,19.61772206136901,24.718495633824578
2020-11-17 13:00:00,19.618988065982975,24.960039540764917
2020-11-17 13:30:00,19.551474887906462,25.495664685474317
2020-11-17 14:00:00,19.75420539432991,24.917371292869422
2020-11-17 14:30:00,19.988184954664167,25.658411707367357
2020-11-17 15:00:00,19.783295429024683,25.31846890619336
2020-11-17 15:30:00,19.873773124158927,25.831365705085858
2020-11-17 16:00:00,19.85035861750833,26.474061913904965
2020-11-17 16:30:00,19.840942979245757,26.44939460439713
2020-11-17 17:00:00,19.70979395331287,25.15456526056352
2020-11-17 17:30:00,19.874524612447505,26.091863446799213
2020-11-17 18:00:00,20.050800601731336,24.021816639900976
2020-11-17 18:30:00,20.107630978997445,24.206904036860458
2020-11-17 19:00:00,19.60843218846241,23.97552737217705
2020-11-17 19:30:00,19.595470072860262,23.065854914744424
2020-11-17 20:00:00,19.642682249363105,21.200645000135015
2020-11-17 20:30:00,19.366775555403144,21.295333636483882
2020-11-17 21:00:00,19.266656657371563,20.420845332325904
2020-11-17 21:30:00,19.32548070637399,20.074124090196385
2020-11-17 22:00:00,19.22929867362775,18.890906319875416
2020-11-17 22:30:00,18.990040128066127,18.750360542958425
2020-11-17 23:00:00,18.991554122797282,18.57841984246132
2020-11-17 23:30:00,18.902511361424338,18.651010632880414
2020-11-18 00:00:00,18.902371374066927,17.258768355889295
2020-11-18 00:30:00,18.520840749741,17.311887609364213
2020-11-18 01:00:00,18.544811073474104,16.84113740743533
2020-11-18 01:30:00,18.368707748855353,16.796836931594907
2020-11-18 02:00:00,18.48215068373198,16.064035633732747
2020-11-18 02:30:00,18.41581917655972,16.168266401829214
2020-11-18 03:00:00,18.308591805650423,16.316731973565332
2020-11-18 03:30:00,18.469542674795864,16.3281576377006
2020-11-18 04:00:00,18.45351617705654,15.95040448340771
2020-11-18 04:30:00,18.48475079270638,15.859093362331485
2020-11-18 05:00:00,18.491304654664955,15.868405300118145
2020-11-18 05:30:00,18.473019064479193,16.06479934168547
2020-11-18 06:00:00,18.668432506288415,17.521041624166447
2020-11-18 06:30:00,18.580615615451354,17.336258931843513
2020-11-18 07:00:00,18.728831722122976,16.381614058392426
2020-11-18 07:30:00,18.79043382312426,17.90294903537753
2020-11-18 08:00:00,18.58049751359664,18.277792306317355
2020-11-18 08:30:00,18.87033938822649,18.034099661899212
2020-11-18 09:00:00,19.019194830483144,18.967891118192547
2020-11-18 09:30:00,18.865926940213125,20.03174435356569
2020-11-18 10:00:00,19.135399633249925,20.979461025376068
2020-11-18 10:30:00,19.275958000299802,20.60977945557715
2020-11-18 11:00:00,19.361396383214153,21.980501645818446
2020-11-18 11:30:00,19.42163658514026,22.435025879563966
2020-11-18 12:00:00,19.537835444828414,22.58875925219322
2020-11-18 12:30:00,19.70072463317382,23.76234520566287
2020-11-18 13:00:00,19.77448352407075,23.716502847656937
2020-11-18 13:30:00,19.688379749368938,24.30451672996175
2020-11-18 14:00:00,19.805561433185183,23.78471395939636
2020-11-18 14:30:00,19.811165756824654,23.487741803930355
2020-11-18 15:00:00,20.056785986668917,24.29081308057455
2020-11-18 15:30:00,19.85428785279762,23.97397180833036
2020-11-18 16:00:00,19.85993837535692,23.824426697353733
2020-11-18 16:30:00,20.22349599039449,24.342739995017734
2020-11-18 17:00:00,19.814914798332264,24.25596819307436
2020-11-18 17:30:00,20.13025055953639,24.560109707347667
2020-11-18 18:00:00,19.855746762067888,24.725042738147973
2020-11-18 18:30:00,19.94861332866113,24.16342413974258
2020-11-18 19:00:00,19.800651703948812,24.1168313540416
2020-11-18 19:30:00,19.68129486835135,22.75105590339751
2020-11-18 20:00:00,19.648617509758708,22.713862377100696
2020-11-18 20:30:00,19.490055454520245,21.222519739653098
2020-11-18 21:00:00,19.363294586793042,21.46076973615032
2020-11-18 21:30:00,19.411548740893085,21.294786036099026
2020-11-18 22:00:00,19.545801695435276,19.82828812582091
2020-11-18 22:30:00,19.22026286933343,19.72644113970494
2020-11-18 23:00:00,18.926544758883537,19.493492414014327
2020-11-18 23:30:00,18.76323043260009,18.448773323812425
2020-11-19 00:00:00,19.133334308995874,18.100659740007558
2020-11-19 00:30:00,18.85131481047703,18.81177464760161
2020-11-19 01:00:00,18.615616917225847,17.56332780047197
2020-11-19 01:30:00,18.76628362017976,17.315404630365887
2020-11-19 02:00:00,18.793980905055488,17.65387513560563
2020-11-19 02:30:00,18.600690942863498,16.867429596656574
2020-11-19 03:00:00,18.57209385029171,16.88607089617206
2020-11-19 03:30:00,18.82784851125524,17.68461217937191
2020-11-19 04:00:00,18.674889547809812,16.49594059401642
2020-11-19 04:30:00,18.598456707871243,16.46329228205455
2020-11-19 05:00:00,18.448458245961145,17.659146212041012
2020-11-19 05:30:00,18.697636012119286,17.114130728598656
2020-11-19 06:00:00,18.491194702989443,17.632434637074287
2020-11-19 06:30:00,18.70178848229301,18.51895401950448
2020-11-19 07:00:00,18.67636012772289,19.165559672051355
2020-11-19 07:30:00,18.736613050885904,19.18054790295567
2020-11-19 08:00:00,18.7651563642009,19.973239263642878
2020-11-19 08:30:00,19.084459543564837,20.810633820720437
2020-11-19 09:00:00,19.24644617543543,20.45516823391771
2020-11-19 09:30:00,19.062576235135847,21.879681128446908
2020-11-19 10:00:00,19.48011157485892,22.961120284295184
2020-11-19 10:30:00,19.485427523848873,22.996383467564375
2020-11-19 11:00:00,19.560795302442443,23.705038599943393
2020-11-19 11:30:00,19.569341255437323,24.349386962775945
2020-11-19 12:00:00,19.859652522011146,25.73975393915261
2020-11-19 12:30:00,19.837015179568294,27.606654400306397
2020-11-19 13:00:00,20.120837498944876,28.150433580538863
2020-11-19 13:30:00,20.05501476931127,26.849644627474277
2020-11-19 14:00:00,20.070941745603267,27.363217003902214
2020-11-19 14:30:00,20.202334835996133,27.392658910556314
2020-11-19 15:00:00,20.074059081617953,28.557490803736385
2020-11-19 15:30:00,19.931802968396568,27.95729294059807
2020-11-19 16:00:00,20.153774904494664,26.53776004508343
2020-11-19 16:30:00,20.129475130818225,26.709856168853097
2020-11-19 17:00:00,20.201994924708877,27.319150601744454
2020-11-19 17:30:00,20.084060675957137,26.59824430215924
2020-11-19 18:00:00,20.34791837146639,26.444399496388495
2020-11-19 18:30:00,19.902039127034485,25.973355208985126
2020-11-19 19:00:00,19.98707219378599,25.83433973468311
2020-11-19 19:30:00,19.936639353927035,24.89886691761752
2020-11-19 20:00:00,19.876103956026014,23.315262574713067
2020-11-19 20:30:00,19.51658292171134,23.2165412556339
2020-11-19 21:00:00,19.568228676905385,22.797250210410226
2020-11-19 21:30:00,19.43725068229957,22.13472161185026
2020-11-19 22:00:00,19.275706855385405,21.5414369145278
2020-11-19 22:30:00,19.12029549729892,20.868285926230246
2020-11-19 23:00:00,19.19555311899688,21.79672500910487
2020-11-19 23:30:00,19.053660878259425,19.142842082887014
2020-11-20 00:00:00,18.282940967131918,19.151646047893298
2020-11-20 00:30:00,18.326085965313656,19.09027226020034
2020-11-20 01:00:00,18.177430439267496,19.5573621618441
2020-11-20 01:30:00,18.337728884419455,19.40115955696521
2020-11-20 02:00:00,18.188797038795947,18.18723173492719
2020-11-20 02:30:00,18.043756179100207,16.89779269567759
2020-11-20 03:00:00,17.91076430285296,18.07475807797814
2020-11-20 03:30:00,18.014083362533153,16.943592420218927
2020-11-20 04:00:00,18.081331123488514,16.765293723328284
2020-11-20 04:30:00,18.040361781684776,17.119138185758494
2020-11-20 05:00:00,17.96528601301734,16.785727074994274
2020-11-20 05:30:00,18.058393581080356,18.51649876150213
2020-11-20 06:00:00,18.17693405489855,18.205058093628207
2020-11-20 06:30:00,18.14937971385744,19.00207437716519
2020-11-20 07:00:00,18.383662292374066,19.014673354690956
2020-11-20 07:30:00,18.312601984176315,18.64441264090682
2020-11-20 08:00:00,18.293757110494106,20.007460960415017
2020-11-20 08:30:00,18.71884087602669,20.70764707358478
2020-11-20 09:00:00,18.469644370886133,20.045001863134612
2020-11-20 09:30:00,18.616103627368084,21.298965201161426
2020-11-20 10:00:00,18.958226652478054,22.119460692121216
2020-11-20 10:30:00,18.743985024552277,23.402092425942463
2020-11-20 11:00:00,18.999643494625886,23.21089292082284
2020-11-20 11:30:00,19.132714161945028,24.354329435385328
2020-11-20 12:00:00,19.271231287846078,23.496645686317308
2020-11-20 12:30:00,19.38684470277441,23.740247301129767
2020-11-20 13:00:00,19.54932916100325,25.642114085261326
2020-11-20 13:30:00,19.46274882718676,26.031929704826055
2020-11-20 14:00:00,19.471598423371184,25.458628472465797
2020-11-20 14:30:00,19.59822034002504,25.813523396699427
2020-11-20 15:00:00,19.358103298435218,25.3727077419713
2020-11-20 15:30:00,19.503785279881708,26.029870814154286
2020-11-20 16:00:00,19.728576117908197,26.06207066504989
2020-11-20 16:30:00,19.8672914410635,26.677032213887
2020-11-20 17:00:00,19.515723750200422,25.653666885590383
2020-11-20 17:30:00,19.775676717387768,25.106624648812037
2020-11-20 18:00:00,19.87383074704557,26.597300963846465
2020-11-20 18:30:00,19.414179800139042,24.469763362746647
2020-11-20 19:00:00,19.50719457193419,24.279039159961073
2020-11-20 19:30:00,19.403609075245054,23.995882271883012
2020-11-20 20:00:00,19.280799033932354,24.391155642915276
2020-11-20 20:30:00,19.12651730988787,24.527578539405088
2020-11-20 21:00:00,18.995392519341138,23.027859460940938
2020-11-20 21:30:00,18.856733539222322,23.50492163224563
2020-11-20 22:00:00,18.858684259505488,23.15492055060507
2020-11-20 22:30:00,18.765719550257305,22.644896793998978
2020-11-20 23:00:00,18.480985605288502,22.758037490659056
2020-11-20 23:30:00,18.463570971093063,20.644459286598774
2020-11-21 00:00:00,18.84142394769684,20.458130171781914
2020-11-21 00:30:00,18.62278976592258,19.79177585780492
2020-11-21 01:00:00,18.700343039168164,19.369702178482672
2020-11-21 01:30:00,18.650536280367156,19.149119315973618
2020-11-21 02:00:00,18.60426810913622,18.668183748672792
2020-11-21 02:30:00,18.335461348462967,17.167414761607915
2020-11-21 03:00:00,18.462305460300218,17.65813332592407
2020-11-21 03:30:00,18.627203436620693,16.77193026406601
2020-11-21 04:00:00,18.521910655555086,17.833207157534748
2020-11-21 04:30:00,18.33233337625344,17.26965567656797
2020-11-21 05:00:00,18.32799805585715,18.03700331019491
2020-11-21 05:30:00,18.319514781608188,18.322489442198705
2020-11-21 06:00:00,18.552000419115508,18.39929370267593
2020-11-21 06:30:00,18.567009305012345,19.244564029813148
2020-11-21 07:00:00,18.42182544294318,18.8242688778124
2020-11-21 07:30:00,18.70751542206675,19.912039432611927
2020-11-21 08:00:00,18.823784146666558,20.925861390283803
2020-11-21 08:30:00,18.84858960788982,19.567742899166948
2020-11-21 09:00:00,18.978779424928838,21.37076856042282
2020-11-21 09:30:00,19.05629587614161,22.86978249282266
2020-11-21 10:00:00,19.057092603649536,22.934241285427866
2020-11-21 10:30:00,19.40727198872809,23.146076595423285
2020-11-21 11:00:00,19.606729715213927,23.46036187568099
2020-11-21 11:30:00,19.56446989073965,24.1368148912007
2020-11-21 12:00:00,19.723833067519667,24.817855109425924
2020-11-21 12:30:00,19.794027326449637,25.221821574646786
2020-11-21 13:00:00,19.709674881763487,26.6045201394886
2020-11-21 13:30:00,19.86422630110038,25.54626755017892
2020-11-21 14:00:00,19.910175495611146,26.032771933552212
2020-11-21 14:30:00,19.917371005469953,26.41292350429704
2020-11-21 15:00:00,19.866716339358135,27.5867044217105
2020-11-21 15:30:00,19.8697254429029,26.877737077479317
2020-11-21 16:00:00,20.132260807463695,25.898488186047683
2020-11-21 16:30:00,20.082141639513274,25.709032919236403
2020-11-21 17:00:00,20.05007711058536,25.531257486409274
2020-11-21 17:30:00,19.76432311107688,25.45463339068084
2020-11-21 18:00:00,19.865607059904555,24.67137425372527
2020-11-21 18:30:00,19.587925848207654,24.34855214463129
2020-11-21 19:00:00,20.064123183395633,24.441128347961325
2020-11-21 19:30:00,19.80685931845363,24.259138068886895
2020-11-21 20:00:00,19.811575687238776,23.42684203028757
2020-11-21 20:30:00,19.653442537127976,23.235088715924782
2020-11-21 21:00:00,19.627987044434768,22.03166067803477
2020-11-21 21:30:00,19.280122899040688,21.413704977486752
2020-11-21 22:00:00,19.274738409531743,20.65298289990373
2020-11-21 22:30:00,19.0645862418231,20.41829146061615
2020-11-21 23:00:00,19.006239650857232,19.292295275530915
2020-11-21 23:30:00,19.029008819118413,20.258949736745603
2020-11-22 00:00:00,18.44350646448734,19.540704585116405
2020-11-22 00:30:00,18.416450798215646,19.49218886959161
2020-11-22 01:00:00,18.471752049963953,17.986745998728637
2020-11-22 01:30:00,18.468611555643697,18.27836940571495
2020-11-22 02:00:00,18.282018198041545,17.754858481343867
2020-11-22 02:30:00,18.008340378786986,17.318224155035523
2020-11-22 03:00:00,18.06861446550572,17.457365309504738
2020-11-22 03:30:00,18.158218931843948,18.561241047934338
2020-11-22 04:00:00,17.909680736882617,17.840813795650995
2020-11-22 04:30:00,18.02444842451896,18.269582923965956
2020-11-22 05:00:00,18.16012960951109,17.84739314102481
2020-11-22 05:30:00,18.076299159709684,18.968146324803698
2020-11-22 06:00:00,18.10539666999898,18.389711770663755
2020-11-22 06:30:00,18.284631990944476,19.06952880819437
2020-11-22 07:00:00,18.301188686450217,20.64906267722756
2020-11-22 07:30:00,18.519936842835413,19.74531572446785
2020-11-22 08:00:00,18.325098004403237,19.679034629045535
2020-11-22 08:30:00,18.602143318610647,20.985570872013056
2020-11-22 09:00:00,18.659975416681835,21.3549635975221
2020-11-22 09:30:00,18.60544403095232,22.674317316892576
2020-11-22 10:00:00,18.998467113296982,22.634199896908974
2020-11-22 10:30:00,19.03461254978072,23.460633553639386
2020-11-22 11:00:00,19.12754347708496,24.170761640399242
2020-11-22 11:30:00,19.17163067556837,24.032304804605914
2020-11-22 12:00:00,19.418887392270893,25.034861050714742
2020-11-22 12:30:00,19.079070833012473,24.617704265987722
2020-11-22 13:00:00,19.416210210981774,25.79827260734694
2020-11-22 13:30:00,19.598171101231163,25.6855756428883
2020-11-22 14:00:00,19.544410098426184,25.67315347609616
2020-11-22 14:30:00,19.585051029401054,25.96419469133283
2020-11-22 15:00:00,19.708205634678833,25.96729262703284
2020-11-22 15:30:00,19.7285224806158,26.3800618738739
2020-11-22 16:00:00,19.776687028366368,26.583843569937024
2020-11-22 16:30:00,19.302102485198745,26.742370633484718
2020-11-22 17:00:00,19.91667283372657,25.343528515873263
2020-11-22 17:30:00,19.628227841926225,25.547845818082905
2020-11-22 18:00:00,19.433699629564533,25.79461899730299
2020-11-22 18:30:00,19.31792134628592,25.040836261821106
2020-11-22 19:00:00,19.482241177177006,24.732608351245993
2020-11-22 19:30:00,19.090211876679625,25.52606064974331
2020-11-22 20:00:00,19.226979663163284,23.868061749643687
2020-11-22 20:30:00,19.002236192324542,23.819024466147056
2020-11-22 21:00:00,19.042305608215045,23.090855457490576
2020-11-22 21:30:00,19.14842736288462,23.060086164782664
2020-11-22 22:00:00,18.797237100295792,21.67966837821374
2020-11-22 22:30:00,18.814950933413343,23.11508119141905
2020-11-22 23:00:00,18.668160191581936,22.37496879642358
2020-11-22 23:30:00,18.41737924489887,21.684765188231165
2020-11-23 00:00:00,18.7052784996667,21.077969594626722
2020-11-23 00:30:00,18.729856921249507,20.72386077416315
2020-11-23 01:00:00,18.590996395226526,20.445365495109012
2020-11-23 01:30:00,18.525478831655896,19.44255255609586
2020-11-23 02:00:00,18.2076352352854,19.378867972344754
2020-11-23 02:30:00,18.292321015378104,19.83930239180773
2020-11-23 03:00:00,18.261260668196,18.643467792938388
2020-11-23 03:30:00,18.315334685132225,19.446770187912907
2020-11-23 04:00:00,18.417396554593164,19.559371346653094
2020-11-23 04:30:00,18.290107376876303,19.648046953940593
2020-11-23 05:00:00,18.398667431259504,20.522643801173448
2020-11-23 05:30:00,18.39651688237657,21.182323123614083
2020-11-23 06:00:00,18.40224245456347,20.677857038284326
2020-11-23 06:30:00,18.386558290919442,20.207883396520113
2020-11-23 07:00:00,18.500635305898882,21.544110329398833
2020-11-23 07:30:00,18.489049286803944,22.0169082175909
2020-11-23 08:00:00,18.587129951207807,23.316237367168327
2020-11-23 08:30:00,18.81853940290338,23.493684463624056
2020-11-23 09:00:00,18.980445840402588,24.765366006838423
2020-11-23 09:30:00,18.937327725269455,24.43823857549566
2020-11-23 10:00:00,19.102035901707744,26.99232286522218
2020-11-23 10:30:00,19.187698527071518,26.41091948237179
2020-11-23 11:00:00,19.282595002825644,27.391018993162703
2020-11-23 11:30:00,19.21074440090407,28.765890155605334
2020-11-23 12:00:00,19.561780193915325,27.10101166190564
2020-11-23 12:30:00,19.5125059081629,28.80717775709981
2020-11-23 13:00:00,19.480294811469502,28.681101917104808
2020-11-23 13:30:00,19.690715443037863,28.990940177016707
2020-11-23 14:00:00,19.750648672775025,27.868489055418262
2020-11-23 14:30:00,19.855795573784476,28.445349138137466
2020-11-23 15:00:00,19.948796297083113,28.847126103093267
2020-11-23 15:30:00,19.64236328365904,28.942851977866827
2020-11-23 16:00:00,19.86116373129069,28.557709251287168
2020-11-23 16:30:00,19.8330858386957,29.13852605557144
2020-11-23 17:00:00,19.96574805583029,28.478111780703266
2020-11-23 17:30:00,19.77843875715827,29.212674937265305
2020-11-23 18:00:00,19.878181065670216,27.44312671608876
2020-11-23 18:30:00,19.85209764653867,27.59400052783279
2020-11-23 19:00:00,19.781175605951514,26.961982999444572
2020-11-23 19:30:00,19.572333903235226,27.199196329657003
2020-11-23 20:00:00,19.456371839934082,26.203257251534968
2020-11-23 20:30:00,19.332679329160527,27.346603665187825
2020-11-23 21:00:00,19.396855634741193,25.274673147423428
2020-11-23 21:30:00,19.197112725405333,25.23609610185279
2020-11-23 22:00:00,19.08303405983024,24.43019886199675
2020-11-23 22:30:00,19.060328508327245,24.034072897696444
2020-11-23 23:00:00,18.946453641495108,23.46538775437147
2020-11-23 23:30:00,18.691834212902425,23.112240145689128
2020-11-24 00:00:00,18.769425625500386,22.8254482584589
2020-11-24 00:30:00,19.13027513020831,23.146900865890984
2020-11-24 01:00:00,18.810814521392405,21.813767734173517
2020-11-24 01:30:00,18.93024118268854,21.35023667795455
2020-11-24 02:00:00,18.665314328208176,20.965265983415758
2020-11-24 02:30:00,18.684204686791837,21.794310161121402
2020-11-24 03:00:00,18.78833738554093,21.58803148759702
2020-11-24 03:30:00,18.532976232544232,21.176542312559032
2020-11-24 04:00:00,18.550965276611194,21.063934916175196
2020-11-24 04:30:00,18.545799749212108,22.466498373264255
2020-11-24 05:00:00,18.605850368019926,22.08721196749955
2020-11-24 05:30:00,18.638509545959167,22.78011556326685
2020-11-24 06:00:00,18.649686409863374,22.22062793790111
2020-11-24 06:30:00,18.726896971336952,22.432155086738145
2020-11-24 07:00:00,18.677161453366313,23.374998931781374
2020-11-24 07:30:00,18.878472644024736,24.22684983330638
2020-11-24 08:00:00,18.890209315120718,25.468053150890444
2020-11-24 08:30:00,18.915936442923094,25.67375772193633
2020-11-24 09:00:00,19.199236835566282,25.844674724080047
2020-11-24 09:30:00,19.45664509395115,26.24009616269106
2020-11-24 10:00:00,19.27536554756841,27.523484006103136
2020-11-24 10:30:00,19.419229632703804,27.372859520091342
2020-11-24 11:00:00,19.61059319080904,28.193192226484626
2020-11-24 11:30:00,19.473214909626524,28.401489858881405
2020-11-24 12:00:00,19.525416477845003,28.777676973140107
2020-11-24 12:30:00,20.069373450420663,28.801313367214686
2020-11-24 13:00:00,20.013256802362683,29.356543125303034
2020-11-24 13:30:00,19.761792433397336,29.28506481226441
2020-11-24 14:00:00,19.913648134264054,30.619242726273896
2020-11-24 14:30:00,20.060687666967283,30.83264376334584
2020-11-24 15:00:00,20.237681340709056,31.26790474209321
2020-11-24 15:30:00,20.133293994307657,30.992456573038808
2020-11-24 16:00:00,20.148978776468763,30.203331931613967
2020-11-24 16:30:00,19.9750897294282,31.090126071262272
2020-11-24 17:00:00,20.301085431020645,30.476399383662525
2020-11-24 17:30:00,20.464995686552438,30.283627992118628
2020-11-24 18:00:00,20.24313945821211,29.18105678605638
2020-11-24 18:30:00,19.855754107044028,29.064957895892967
2020-11-24 19:00:00,19.973436091225413,27.744484406131104
2020-11-24 19:30:00,19.811060717128427,27.893521131489408
2020-11-24 20:00:00,19.70929173088446,28.672647438139165
2020-11-24 20:30:00,19.88214635370709,26.705222017798974
2020-11-24 21:00:00,19.64966079613584,26.146836981639808
2020-11-24 21:30:00,19.59978001682216,26.266902024925788
2020-11-24 22:00:00,19.56329307265276,25.35340881816031
2020-11-24 22:30:00,19.285707919960206,23.66702087631917
2020-11-24 23:00:00,19.149724254735435,22.798422977664792
2020-11-24 23:30:00,18.79089028128387,22.080301330564538
2020-11-25 00:00:00,18.7013987772002,22.908240597535777
2020-11-25 00:30:00,18.603118647392286,21.534219404979606
2020-11-25 01:00:00,18.381440871639935,20.842735172178173
2020-11-25 01:30:00,18.47212236686845,21.29239268003057
2020-11-25 02:00:00,18.193168676174214,21.159308073991646
2020-11-25 02:30:00,18.26148845790314,20.52008426218685
2020-11-25 03:00:00,18.40564314108154,20.172215063875697
2020-11-25 03:30:00,18.100514077027242,18.910205092966606
2020-11-25 04:00:00,18.06794643989481,19.108456337657817
2020-11-25 04:30:00,18.162402633027458,19.723620478868483
2020-11-25 05:00:00,18.049690213464615,19.555522891305717
2020-11-25 05:30:00,17.922208500634788,20.3198838383039
2020-11-25 06:00:00,18.351971204036325,19.91368891396955
2020-11-25 06:30:00,18.125468419165934,20.58936712611188
2020-11-25 07:00:00,18.443694471457633,20.969204249946976
2020-11-25 07:30:00,18.5899743882855,21.787191614644108
2020-11-25 08:00:00,18.448701918913372,22.93201471253098
2020-11-25 08:30:00,18.631301924952986,23.04502734058969
2020-11-25 09:00:00,18.776419166049724,24.188303305608294
2020-11-25 09:30:00,18.839630219599073,24.582733142494188
2020-11-25 10:00:00,19.03103985342482,25.752534471443933
2020-11-25 10:30:00,19.093895201592282,25.90005224813488
2020-11-25 11:00:00,19.024822073986527,26.23123666040339
2020-11-25 11:30:00,19.133014664981694,26.646132539651585
2020-11-25 12:00:00,19.36939120433447,27.364226299299744
2020-11-25 12:30:00,19.306114240451258,27.240813152845174
2020-11-25 13:00:00,19.545167782305057,27.513855351280654
2020-11-25 13:30:00,19.665188240517296,27.67497930956849
2020-11-25 14:00:00,19.772974967504037,28.182933259261514
2020-11-25 14:30:00,19.872856492293128,28.208331544265203
2020-11-25 15:00:00,19.772402362448094,28.74650603021184
2020-11-25 15:30:00,19.690151911529803,28.04730127905933
2020-11-25 16:00:00,19.73400202711825,28.911557831557385
2020-11-25 16:30:00,19.68632304091186,27.640309150622425
2020-11-25 17:00:00,19.75605615317613,27.920876736807763
2020-11-25 17:30:00,19.61051841720119,28.13090772144606
2020-11-25 18:00:00,19.722436746551736,27.077157380462765
2020-11-25 18:30:00,19.58972669520575,27.732257280308684
2020-11-25 19:00:00,19.45646508647191,27.526645206180973
2020-11-25 19:30:00,19.558764714128962,26.484177221443623
2020-11-25 20:00:00,19.505232376552353,25.194001796545233
2020-11-25 20:30:00,19.40268715708002,26.20851794634671
2020-11-25 21:00:00,19.05740280895154,24.57270411778197
2020-11-25 21:30:00,19.124318461708075,25.167374422061414
2020-11-25 22:00:00,18.988550934897365,23.8404392222545
2020-11-25 22:30:00,18.918005206218535,23.660963796182653
2020-11-25 23:00:00,18.83493693215388,21.998480461216033
2020-11-25 23:30:00,18.680246982535348,21.59255240380597
2020-11-26 00:00:00,18.542755071835387,19.180769329994213
2020-11-26 00:30:00,18.541144609228336,20.67595041443469
2020-11-26 01:00:00,18.318523408195,20.159559358485552
2020-11-26 01:30:00,18.24134938285058,18.136407705940634
2020-11-26 02:00:00,17.981122287968446,19.032944268564357
2020-11-26 02:30:00,18.031367576580035,19.089763972177956
2020-11-26 03:00:00,18.135814050412584,18.059472599597193
2020-11-26 03:30:00,18.13408797809832,17.189104826724595
2020-11-26 04:00:00,18.10130475703369,18.34210293894824
2020-11-26 04:30:00,18.29700945862701,17.63470548234173
2020-11-26 05:00:00,18.132954333641194,17.815479133782482
2020-11-26 05:30:00,18.182810362309024,17.765659496844627
2020-11-26 06:00:00,18.139446232063595,19.828418125907906
2020-11-26 06:30:00,18.268726922770345,19.60352219960106
2020-11-26 07:00:00,18.061553295458992,20.27407402915623
2020-11-26 07:30:00,18.44247334454037,20.068700946532335
2020-11-26 08:00:00,18.50455067286775,20.909404521740345
2020-11-26 08:30:00,18.412019288091376,21.64394861771086
2020-11-26 09:00:00,18.636218791371675,21.87403235092465
2020-11-26 09:30:00,18.79253500667327,22.890298839062723
2020-11-26 10:00:00,19.016408788625586,22.829454417257182
2020-11-26 10:30:00,18.895908751708262,23.346649326341876
2020-11-26 11:00:00,19.36547867850857,24.843356726432976
2020-11-26 11:30:00,19.152483954757326,25.120423536082516
2020-11-26 12:00:00,19.147437778373202,25.31044785783775
2020-11-26 12:30:00,19.0578951370858,26.279699654025237
2020-11-26 13:00:00,19.44342657494562,25.407281238603773
2020-11-26 13:30:00,19.401083918189286,26.39615786721189
2020-11-26 14:00:00,19.744626045543637,25.759018819386064
2020-11-26 14:30:00,19.704407916461488,26.794499218768436
2020-11-26 15:00:00,19.564766995658665,26.383571907735
2020-11-26 15:30:00,19.64878583240496,27.38475966027331
2020-11-26 16:00:00,19.542122432286643,27.1329802926201
2020-11-26 16:30:00,19.78297342354803,26.595179842235954
2020-11-26 17:00:00,19.49966797140649,26.867907690399747
2020-11-26 17:30:00,19.66357441472966,25.750583025060664
2020-11-26 18:00:00,19.495087294738585,25.7799566954311
2020-11-26 18:30:00,19.469072499816857,25.596205277554883
2020-11-26 19:00:00,19.25876680386728,25.887251513678258
2020-11-26 19:30:00,19.376525541635857,24.602393096125354
2020-11-26 20:00:00,19.17707318180399,24.147914588394414
2020-11-26 20:30:00,19.08185015074631,23.73757523285865
2020-11-26 21:00:00,18.971318022768664,23.724625069369743
2020-11-26 21:30:00,18.87278466162721,22.800825560301643
2020-11-26 22:00:00,18.821624904342073,22.325299543016413
2020-11-26 22:30:00,18.535918170471806,21.70177284423941
2020-11-26 23:00:00,18.763307621391075,20.158113097213462
2020-11-26 23:30:00,18.497535040531393,19.495200725205407
2020-11-27 00:00:00,18.341637598358215,19.693708916635966
2020-11-27 00:30:00,18.200013409797982,18.927510874992276
2020-11-27 01:00:00,18.147456225641218,18.802927978313825
2020-11-27 01:30:00,18.09083103327832,18.351446659847078
2020-11-27 02:00:00,18.026245062768545,18.347810187323287
2020-11-27 02:30:00,17.859768683964287,17.233176603989673
2020-11-27 03:00:00,17.868300246990405,17.18090456143191
2020-11-27 03:30:00,17.926288962611615,17.573279032960677
2020-11-27 04:00:00,17.92778732120401,17.277985119428468
2020-11-27 04:30:00,17.805671148988882,17.461353399540627
2020-11-27 05:00:00,17.784418207358897,18.277533176574735
2020-11-27 05:30:00,17.847180428372333,18.401416455737124
2020-11-27 06:00:00,17.933951164013276,19.459177364419986
2020-11-27 06:30:00,18.01193972076179,19.307452671318448
2020-11-27 07:00:00,18.05895244807496,20.33072640125438
2020-11-27 07:30:00,18.403298836176738,20.463156064129834
2020-11-27 08:00:00,18.286041206693234,20.859534921298653
2020-11-27 08:30:00,18.29936993697858,21.73228425497009
2020-11-27 09:00:00,18.37189970556519,22.417387307111614
2020-11-27 09:30:00,18.609552966453084,22.743772797252305
2020-11-27 10:00:00,18.428215132747486,23.869601178183398
2020-11-27 10:30:00,18.781675857877502,24.680510031394597
2020-11-27 11:00:00,18.868466855742003,24.259119936702625
2020-11-27 11:30:00,18.974966203701005,25.39786205926874
2020-11-27 12:00:00,19.037062805314026,24.941932040832057
2020-11-27 12:30:00,19.177432969007867,25.182162660731723
2020-11-27 13:00:00,19.25826353238223,25.512269169492487
2020-11-27 13:30:00,19.270193359571717,26.33449269154978
2020-11-27 14:00:00,19.036121790473167,25.941930950709864
2020-11-27 14:30:00,19.304549282227413,25.555520658363005
2020-11-27 15:00:00,19.558212453116028,26.765674656510996
2020-11-27 15:30:00,19.382067582079213,25.802474197019357
2020-11-27 16:00:00,19.386294903772328,27.128749380317885
2020-11-27 16:30:00,19.314277603794373,26.59807863866239
2020-11-27 17:00:00,19.38705794108962,26.929881315133493
2020-11-27 17:30:00,19.264592258296886,25.539193320110314
2020-11-27 18:00:00,19.37787030045556,25.81948391531377
2020-11-27 18:30:00,19.36599727508762,25.131458068460482
2020-11-27 19:00:00,19.24232787058492,24.513808580476855
2020-11-27 19:30:00,19.075623110633643,24.688193132455012
2020-11-27 20:00:00,19.084290000996983,24.42594833882545
2020-11-27 20:30:00,18.906751363996367,24.040192351421375
2020-11-27 21:00:00,18.87568679963981,22.769796946596355
2020-11-27 21:30:00,18.91173341861406,21.036607227020873
2020-11-27 22:00:00,18.70056220767282,21.521174345543848
2020-11-27 22:30:00,18.60332003025389,21.37586163086037
2020-11-27 23:00:00,18.42957843322049,19.90457138882019
2020-11-27 23:30:00,18.539447829769802,20.862174078747362
2020-11-28 00:00:00,18.72392945556508,19.455005120951444
2020-11-28 00:30:00,18.765239334954934,19.617158008043496
2020-11-28 01:00:00,18.10727091902736,19.243109678837097
2020-11-28 01:30:00,18.25330674104528,17.608586382409612
2020-11-28 02:00:00,18.354640101732855,19.416802906201
2020-11-28 02:30:00,18.11015013276958,16.937807803999892
2020-11-28 03:00:00,18.133524632301068,17.218456917836484
2020-11-28 03:30:00,18.437237243421514,17.799817749291186
2020-11-28 04:00:00,18.15762445479595,17.791254427398943
2020-11-28 04:30:00,18.132977510362284,18.24833267098371
2020-11-28 05:00:00,18.23507629799039,18.61905239498808
2020-11-28 05:30:00,18.16472016665874,18.66623354302443
2020-11-28 06:00:00,18.18462030962012,18.759871380732694
2020-11-28 06:30:00,18.282119912825845,19.907705866570307
2020-11-28 07:00:00,18.493765813788613,19.52486352460201
2020-11-28 07:30:00,18.728185840147205,20.48808008728318
2020-11-28 08:00:00,18.624486016895144,21.638991704571144
2020-11-28 08:30:00,19.029501863275467,21.665895550768887
2020-11-28 09:00:00,18.68097197876056,23.146254986223692
2020-11-28 09:30:00,18.784793831890372,23.751199485028167
2020-11-28 10:00:00,19.099824018858147,23.155737892670064
2020-11-28 10:30:00,19.06224795255391,24.07839813711055
2020-11-28 11:00:00,18.960468993257432,25.85665743061825
2020-11-28 11:30:00,19.27965129986789,26.012125362544527
2020-11-28 12:00:00,19.44698420316047,26.089410210899775
2020-11-28 12:30:00,19.384106928372322,25.56777590487032
2020-11-28 13:00:00,19.687216809198286,25.684214162021583
2020-11-28 13:30:00,19.625270615855378,27.578782493245075
2020-11-28 14:00:00,19.899614163936278,28.154095806588153
2020-11-28 14:30:00,19.58103941954555,28.050254672481667
2020-11-28 15:00:00,19.801802632416283,27.710568562106086
2020-11-28 15:30:00,19.88034191173939,28.296602391105424
2020-11-28 16:00:00,19.616483352443858,28.13968416526196
2020-11-28 16:30:00,19.66282203308354,28.18140179353786
2020-11-28 17:00:00,19.776834526655225,27.19112418624644
2020-11-28 17:30:00,19.607846554411402,27.52842193813358
2020-11-28 18:00:00,19.556706400757566,27.405559046892154
2020-11-28 18:30:00,19.631541970279027,25.99574448292645
2020-11-28 19:00:00,19.560590189482685,25.753095127038655
2020-11-28 19:30:00,19.632192967979584,26.18061776723492
2020-11-28 20:00:00,19.37685911079805,24.626675812853666
2020-11-28 20:30:00,19.202008252106676,24.76153469864694
2020-11-28 21:00:00,19.28756048605906,22.671969899505182
2020-11-28 21:30:00,19.165970250084957,21.986479882514967
2020-11-28 22:00:00,19.146460545273182,20.840452739045016
2020-11-28 22:30:00,18.798496507865494,20.75933912563167
2020-11-28 23:00:00,18.871807745183983,19.62301482403369
2020-11-28 23:30:00,18.610475465377657,18.66976922850058
2020-11-29 00:00:00,18.195874858730228,18.10623754794263
2020-11-29 00:30:00,18.213049762240974,17.42360615788161
2020-11-29 01:00:00,18.207073270043193,17.285056234207275
2020-11-29 01:30:00,18.219988584368153,15.869069880138166
2020-11-29 02:00:00,18.09415187632306,15.22059947521797
2020-11-29 02:30:00,18.154847996943168,16.83145657994652
2020-11-29 03:00:00,17.844020227210645,16.895387828676828
2020-11-29 03:30:00,17.87373978538192,16.75927975519961
2020-11-29 04:00:00,17.866789351256966,17.07537312140665
2020-11-29 04:30:00,17.926472543746332,17.14066624094525
2020-11-29 05:00:00,17.93646831993662,16.24925555806456
2020-11-29 05:30:00,17.904457760246153,17.804451315559138
2020-11-29 06:00:00,17.982685136889327,18.501068330344275
2020-11-29 06:30:00,18.289282652672604,18.79380725680921
2020-11-29 07:00:00,18.365043271871752,19.016084606136296
2020-11-29 07:30:00,18.437530883170503,18.75332195968368
2020-11-29 08:00:00,18.366697532040142,18.758897488629852
2020-11-29 08:30:00,18.3775006950194,18.745632305113425
2020-11-29 09:00:00,18.56328581823229,20.187947668732203
2020-11-29 09:30:00,18.727911932611384,21.00137906997378
2020-11-29 10:00:00,18.662760204046858,20.79180462365136
2020-11-29 10:30:00,18.952235921143178,21.133461054799373
2020-11-29 11:00:00,18.822113510710178,21.50702433824084
2020-11-29 11:30:00,18.83384246294835,21.955819211524588
2020-11-29 12:00:00,18.992959147290833,21.412498668344544
2020-11-29 12:30:00,19.04639587290509,23.315306698235297
2020-11-29 13:00:00,19.32275070165519,22.835942750988263
2020-11-29 13:30:00,19.266527896877633,24.56649234642529
2020-11-29 14:00:00,19.371368902563557,23.33463520233461
2020-11-29 14:30:00,19.412767177063394,24.140856584518353
2020-11-29 15:00:00,19.657807545873904,23.884225134840186
2020-11-29 15:30:00,19.421589033854783,23.740116607302042
2020-11-29 16:00:00,19.43917488882392,23.87215276609009
2020-11-29 16:30:00,19.651152692081006,23.73490673877196
2020-11-29 17:00:00,19.626637294656984,23.504177144922895
2020-11-29 17:30:00,19.4462839361572,23.006001012246927
2020-11-29 18:00:00,19.19272143208318,23.059707456838638
2020-11-29 18:30:00,19.47670673671782,22.97249174535524
2020-11-29 19:00:00,19.153368240823966,21.79202987672702
2020-11-29 19:30:00,19.21973589278641,21.747276155432996
2020-11-29 20:00:00,19.03695998998802,22.244303835204867
2020-11-29 20:30:00,18.989433603987486,21.44446719900298
2020-11-29 21:00:00,18.82541194981803,20.83405522987906
2020-11-29 21:30:00,18.823075274566364,20.175730880658598
2020-11-29 22:00:00,18.70965858174359,18.841811576930507
2020-11-29 22:30:00,18.620343727744523,19.741835970481983
2020-11-29 23:00:00,18.69328255174899,19.009523150898247
2020-11-29 23:30:00,18.307930335085405,18.30130102519607
2020-11-30 00:00:00,18.714291076252454,16.93465889985599
2020-11-30 00:30:00,18.448310145281706,17.046612015454496
2020-11-30 01:00:00,18.459885328493055,17.143976718605472
2020-11-30 01:30:00,18.409645632700293,15.64170819217445
2020-11-30 02:00:00,18.452196526902146,15.246693772200569
2020-11-30 02:30:00,18.328074575349046,15.736251171910185
2020-11-30 03:00:00,18.343333435501574,15.74271047822712
2020-11-30 03:30:00,18.256465637110423,15.086720241912527
2020-11-30 04:00:00,18.006199347651673,15.37107461890452
2020-11-30 04:30:00,18.131063507449333,15.983069281406781
2020-11-30 05:00:00,18.13001497569717,15.964763901170992
2020-11-30 05:30:00,18.343742011473935,15.084469038771491
2020-11-30 06:00:00,18.471556517818357,15.485969861618958
2020-11-30 06:30:00,18.563205869561276,15.955499891138091
2020-11-30 07:00:00,18.40234169868876,16.22120635930135
2020-11-30 07:30:00,18.60699620312526,17.288519911719412
2020-11-30 08:00:00,18.74650263103685,17.740242159904863
2020-11-30 08:30:00,18.77080037997393,16.95638181641666
2020-11-30 09:00:00,18.98706608948929,18.220794313771055
2020-11-30 09:30:00,19.024347952099035,19.20606743625533
2020-11-30 10:00:00,19.135118295325427,19.730196725884678
2020-11-30 10:30:00,19.318118163448077,21.264802804778
2020-11-30 11:00:00,19.335955118842595,21.2381443676317
2020-11-30 11:30:00,19.280402810571776,21.358023420135076
2020-11-30 12:00:00,19.575630245174224,21.855450276991526
2020-11-30 12:30:00,19.58314004745849,22.27592172302325
2020-11-30 13:00:00,19.5980680652962,22.38847394533134
2020-11-30 13:30:00,19.53893335004832,23.66770793152272
2020-11-30 14:00:00,19.731203927271217,24.206871659262557
2020-11-30 14:30:00,19.599447412154646,22.98261438608842
2020-11-30 15:00:00,19.72351228548905,22.780865353715193
2020-11-30 15:30:00,19.991996957045085,22.957669823676508
2020-11-30 16:00:00,19.735356453964396,22.857329308882672
2020-11-30 16:30:00,19.85814895958013,22.399954592570893
2020-11-30 17:00:00,19.832786995816022,22.79454084318094
2020-11-30 17:30:00,19.622916064112765,22.21630120735191
2020-11-30 18:00:00,19.795378649512603,21.861882962144605
2020-11-30 18:30:00,19.455372523899808,20.842872337144737
2020-11-30 19:00:00,19.524768219774497,20.78318127595981
2020-11-30 19:30:00,19.467553457085174,21.70187242238005
2020-11-30 20:00:00,19.374475322553696,20.59851807001237
2020-11-30 20:30:00,19.337887463913635,19.767997029971298
2020-11-30 21:00:00,19.276667527133405,20.24248134594633
2020-11-30 21:30:00,19.144515453592074,19.094501591661434
2020-11-30 22:00:00,19.050249171962083,17.895638619513452
2020-11-30 22:30:00,18.95957952038269,17.08596022656942
2020-11-30 23:00:00,18.7276606083854,16.856715485607474
2020-11-30 23:30:00,18.611547940217726,16.95742878291817
2020-12-01 00:00:00,18.924716740739555,15.90680389636088
2020-12-01 00:30:00,18.679495379042944,15.226705423317526
2020-12-01 01:00:00,18.803060715792988,17.012987602098065
2020-12-01 01:30:00,18.550114272460675,15.779394197425102
2020-12-01 02:00:00,18.436995476198,15.84311037633887
2020-12-01 02:30:00,18.39708735439521,15.411150150948885
2020-12-01 03:00:00,18.552064971169223,15.389376617565373
2020-12-01 03:30:00,18.418054849144934,14.961676326897189
2020-12-01 04:00:00,18.153279106949388,14.556487281549863
2020-12-01 04:30:00,18.593195385024156,15.946588539903786
2020-12-01 05:00:00,18.68169304656891,15.66569730078977
2020-12-01 05:30:00,18.576876657909832,15.774463573116707
2020-12-01 06:00:00,18.70184741248166,15.271032142204682
2020-12-01 06:30:00,18.42130696581841,15.612788152821832
2020-12-01 07:00:00,18.946024707936772,16.79383152015405
2020-12-01 07:30:00,18.722087153772165,16.447701152504553
2020-12-01 08:00:00,18.847390295533557,17.118299654479447
2020-12-01 08:30:00,19.05089156807335,17.65161732079458
2020-12-01 09:00:00,19.012660592837893,17.918810497992194
2020-12-01 09:30:00,19.09451185954651,18.089042051347153
2020-12-01 10:00:00,19.166975843147473,19.411120778114007
2020-12-01 10:30:00,19.560235641964244,19.938290517917764
2020-12-01 11:00:00,19.42500740239391,21.282380036573304
2020-12-01 11:30:00,19.669730990583563,22.92875689407512
2020-12-01 12:00:00,19.697339208010767,23.36885503908272
2020-12-01 12:30:00,20.011817812332016,23.21125697738895
2020-12-01 13:00:00,19.60821038140726,24.16146831174701
2020-12-01 13:30:00,19.938949789684777,25.46607582994188
2020-12-01 14:00:00,20.013801630811972,25.499713778748497
2020-12-01 14:30:00,20.155954857952302,25.120609678091483
2020-12-01 15:00:00,20.04515811210311,24.537903808585167
2020-12-01 15:30:00,20.222583208766356,24.91760178976898
2020-12-01 16:00:00,19.938341687701286,25.364936361801796
2020-12-01 16:30:00,20.010837242735793,24.51191366154148
2020-12-01 17:00:00,19.89649849582713,24.65471025869123
2020-12-01 17:30:00,20.0453790924991,23.74266089263136
2020-12-01 18:00:00,20.03364357980052,23.03595889483348
2020-12-01 18:30:00,19.78630545720313,23.705192142541037
2020-12-01 19:00:00,19.79675595869708,23.231315846808883
2020-12-01 19:30:00,19.762853090845198,24.31085652110395
2020-12-01 20:00:00,19.602686773004706,22.34479805175873
2020-12-01 20:30:00,19.740577722405607,21.859642634240004
2020-12-01 21:00:00,19.26674799741147,20.688813647251624
2020-12-01 21:30:00,19.278684210447157,20.485962248623004
2020-12-01 22:00:00,19.149523283362072,20.575763898897296
2020-12-01 22:30:00,19.127228009001392,18.553702833384687
2020-12-01 23:00:00,19.03999145976446,17.042819516707567
2020-12-01 23:30:00,19.03563843651642,17.946413662507116
2020-12-02 00:00:00,18.8843767508647,17.168088817606
2020-12-02 00:30:00,18.353422468044652,16.95297641211641
2020-12-02 01:00:00,18.359869404953734,16.252852804245727
2020-12-02 01:30:00,18.520072117760844,17.084601304669086
2020-12-02 02:00:00,18.357093529420965,15.851516206783591
2020-12-02 02:30:00,18.335785550465324,16.12279271767887
2020-12-02 03:00:00,18.05488676938544,15.68691744431118
2020-12-02 03:30:00,18.249029587615208,15.894358685450756
2020-12-02 04:00:00,18.185249742198792,14.904203517084323
2020-12-02 04:30:00,18.16723103203437,15.71817573102334
2020-12-02 05:00:00,18.255328733934764,16.172585107103398
2020-12-02 05:30:00,18.354064810742134,16.262591773825996
2020-12-02 06:00:00,18.28864406190786,16.100417956200893
2020-12-02 06:30:00,18.570689731588033,16.94754879361669
2020-12-02 07:00:00,18.53872239780026,17.37590035750367
2020-12-02 07:30:00,18.545967827702228,18.062529041633432
2020-12-02 08:00:00,18.44470791004393,17.84664246761265
2020-12-02 08:30:00,18.632360419536326,19.204582847631777
2020-12-02 09:00:00,19.082255527445877,18.789756089668924
2020-12-02 09:30:00,19.07760247681897,19.212333092359717
2020-12-02 10:00:00,18.987404138974824,20.157271568185244
2020-12-02 10:30:00,19.225966518358533,21.140296475031654
2020-12-02 11:00:00,19.297125849069833,21.18524708140533
2020-12-02 11:30:00,19.281780040752675,22.39073806076281
2020-12-02 12:00:00,19.41533609841931,22.871117592600818
2020-12-02 12:30:00,19.555572879374548,22.990579732893714
2020-12-02 13:00:00,19.582046288260806,23.654634669163794
2020-12-02 13:30:00,19.5562647157409,24.362493837511668
2020-12-02 14:00:00,19.691640431223792,23.043105558224507
2020-12-02 14:30:00,19.989898602548802,24.428401256029016
2020-12-02 15:00:00,19.852728904754454,23.614684319418743
2020-12-02 15:30:00,19.750359978542022,24.011887851248893
2020-12-02 16:00:00,19.665189471590573,24.526706803569397
2020-12-02 16:30:00,19.825979555193754,23.701119012864442
2020-12-02 17:00:00,19.602866549354317,23.862843636525653
2020-12-02 17:30:00,19.785881984378996,23.791709415824027
2020-12-02 18:00:00,19.485779802626492,23.07844503879491
2020-12-02 18:30:00,19.648955616406198,24.000006729065078
2020-12-02 19:00:00,19.726276802895608,23.507133314252886
2020-12-02 19:30:00,19.59592014549153,21.380873966254953
2020-12-02 20:00:00,19.416789837703018,21.257497378013024
2020-12-02 20:30:00,19.60385149566742,21.721910838783092
2020-12-02 21:00:00,19.237521658550826,20.145916788798562
2020-12-02 21:30:00,19.20333694108552,18.828940199370056
2020-12-02 22:00:00,19.13376933148214,19.190060348800973
2020-12-02 22:30:00,18.90009321934481,18.38035066139675
2020-12-02 23:00:00,18.86083381221467,16.959325565815647
2020-12-02 23:30:00,18.789629034597535,17.766703545806728
2020-12-03 00:00:00,18.783934666764388,16.470085464939775
2020-12-03 00:30:00,18.78012310844867,16.157410033627972
2020-12-03 01:00:00,18.56615221825888,16.71061215618187
2020-12-03 01:30:00,18.645184388084264,15.60606112952495
2020-12-03 02:00:00,18.456927272566823,15.629371257650075
2020-12-03 02:30:00,18.480731150597457,15.791782027344095
2020-12-03 03:00:00,18.517477901060033,15.560865566117027
2020-12-03 03:30:00,18.448698573667222,15.181738858104445
2020-12-03 04:00:00,18.446066212138163,15.11049817881729
2020-12-03 04:30:00,18.476046441782366,15.289077297620226
2020-12-03 05:00:00,18.285022402061916,15.042265752655725
2020-12-03 05:30:00,18.350206932015173,16.79647857534306
2020-12-03 06:00:00,18.46118133140511,16.588929297010615
2020-12-03 06:30:00,18.63984428951937,16.481145834752844
2020-12-03 07:00:00,18.695516376314476,16.104302473719777
2020-12-03 07:30:00,18.79643640774177,16.478720923285042
2020-12-03 08:00:00,18.761473401423665,17.439698483860575
2020-12-03 08:30:00,18.916593572448672,19.62552578807467
2020-12-03 09:00:00,18.986941830818584,19.1224461985118
2020-12-03 09:30:00,19.093817498657753,19.44973168249909
2020-12-03 10:00:00,19.31988163159158,20.884187357699997
2020-12-03 10:30:00,19.32799117540533,20.881877679532423
2020-12-03 11:00:00,19.28469229343989,20.748069558864028
2020-12-03 11:30:00,19.56733683572392,22.49293549793649
2020-12-03 12:00:00,19.462533342727674,23.657140209918264
2020-12-03 12:30:00,19.609183620044874,24.658631988595186
2020-12-03 13:00:00,19.713787732045976,23.949900286756467
2020-12-03 13:30:00,19.630605600655336,24.257326399306745
2020-12-03 14:00:00,19.89090836228234,24.410384202439122
2020-12-03 14:30:00,20.06610602201399,24.16000623564868
2020-12-03 15:00:00,20.15456249808627,24.634382693882507
2020-12-03 15:30:00,19.99600119944573,24.092368060869497
2020-12-03 16:00:00,19.840601706758616,24.531436604277697
2020-12-03 16:30:00,20.11293487737774,24.349776805271027
2020-12-03 17:00:00,19.801230349765984,23.641302092787562
2020-12-03 17:30:00,20.03592747089219,23.949316606863714
2020-12-03 18:00:00,19.886114512382264,23.12466726144035
2020-12-03 18:30:00,19.761788054915325,23.53968092504079
2020-12-03 19:00:00,19.663739259791143,23.027582825151736
2020-12-03 19:30:00,19.692987857449168,21.70149921990208
2020-12-03 20:00:00,19.508688407628068,21.961091696396114
2020-12-03 20:30:00,19.40109559466731,20.640341527188113
2020-12-03 21:00:00,19.419883510500703,18.95044414034207
2020-12-03 21:30:00,19.372853381832872,19.003650736271155
2020-12-03 22:00:00,19.179698021823814,18.950528097604863
2020-12-03 22:30:00,19.021318344686463,18.780067750024845
2020-12-03 23:00:00,19.03996328180093,18.68669584763062
2020-12-03 23:30:00,18.921302604209565,16.62890241159027
2020-12-04 00:00:00,19.199136303490974,16.252053141659143
2020-12-04 00:30:00,19.13226293795531,15.466797242465182
2020-12-04 01:00:00,19.02834884582962,16.193613290928806
2020-12-04 01:30:00,18.73300763410909,15.341070108382743
2020-12-04 02:00:00,19.05974748442751,15.596940709092841
2020-12-04 02:30:00,19.04302960472461,15.195618789486964
2020-12-04 03:00:00,19.108778917640734,14.061946821729281
2020-12-04 03:30:00,18.762581382706188,14.13440206888719
2020-12-04 04:00:00,18.655008958280856,14.400105595038733
2020-12-04 04:30:00,18.625292238911417,15.15090576285911
2020-12-04 05:00:00,18.850405048354766,15.652229150480025
2020-12-04 05:30:00,18.84938611535521,16.147967044899232
2020-12-04 06:00:00,19.012637373287564,16.157010616701125
2020-12-04 06:30:00,19.183012959967222,17.293047111585917
2020-12-04 07:00:00,19.08789369623921,18.09146540782089
2020-12-04 07:30:00,19.159360004433072,17.67982004958481
2020-12-04 08:00:00,19.247160093073997,18.041999455078106
2020-12-04 08:30:00,19.286003180960005,18.816477639452692
2020-12-04 09:00:00,19.572730563878356,19.636239745593702
2020-12-04 09:30:00,19.57972064567881,18.912582251657028
2020-12-04 10:00:00,19.730807345115785,20.20554702292731
2020-12-04 10:30:00,19.709749219753135,20.581546058024415
2020-12-04 11:00:00,19.846059118990794,21.871925967539067
2020-12-04 11:30:00,20.08159967790554,21.644050760863227
2020-12-04 12:00:00,20.28878545531003,23.54161837292984
2020-12-04 12:30:00,20.357722638751575,23.35566370476732
2020-12-04 13:00:00,20.269823636456632,23.64871263999801
2020-12-04 13:30:00,20.19010430778946,24.4461659126889
2020-12-04 14:00:00,20.36417159333716,24.695707320179167
2020-12-04 14:30:00,20.36320989756105,24.848348574889766
2020-12-04 15:00:00,20.33546642576456,25.43041497250307
2020-12-04 15:30:00,20.483228082706542,26.085945964183846
2020-12-04 16:00:00,20.253936322191432,25.826212441026225
2020-12-04 16:30:00,20.425515275368625,24.60248725783247
2020-12-04 17:00:00,20.35971756811403,24.664310408011513
2020-12-04 17:30:00,20.464197967181406,24.870468455987268
2020-12-04 18:00:00,20.302351748548766,25.114556957669333
2020-12-04 18:30:00,20.402868887356817,24.00585066047819
2020-12-04 19:00:00,20.037690782234055,22.787898899492028
2020-12-04 19:30:00,20.075578840556734,23.497722254941923
2020-12-04 20:00:00,20.118017954793196,23.312061135230614
2020-12-04 20:30:00,19.976658768157154,22.579753632613247
2020-12-04 21:00:00,19.83356200504494,21.343255225368942
2020-12-04 21:30:00,19.62830605012741,21.7981086351848
2020-12-04 22:00:00,19.676134913281363,20.36892936422655
2020-12-04 22:30:00,19.556834761119426,20.062663607851903
2020-12-04 23:00:00,19.40812523869568,20.786871858065243
2020-12-04 23:30:00,19.07403851638843,19.468503441991537
2020-12-05 00:00:00,19.42774650797399,19.47384173428536
2020-12-05 00:30:00,19.249144927824,18.871922124647792
2020-12-05 01:00:00,18.83135731836207,19.82240946302991
2020-12-05 01:30:00,19.195660876317877,19.088628097415825
2020-12-05 02:00:00,19.073305757824386,18.575286414587048
2020-12-05 02:30:00,19.307524707181695,18.858334198519046
2020-12-05 03:00:00,18.918716736444825,17.671055201202645
2020-12-05 03:30:00,18.922401063917885,17.75036485025882
2020-12-05 04:00:00,18.89727410267746,19.406794197293443
2020-12-05 04:30:00,18.926999981709603,18.79411763637799
2020-12-05 05:00:00,18.944785553431462,18.584332748006464
2020-12-05 05:30:00,19.09109346353816,18.781926484174235
2020-12-05 06:00:00,18.869135839998453,19.06000406993248
2020-12-05 06:30:00,19.18155299827078,20.126681759239
2020-12-05 07:00:00,19.253484933114887,20.55654609492754
2020-12-05 07:30:00,19.14363878715078,21.39071928928222
2020-12-05 08:00:00,19.280005589376188,21.97348766636974
2020-12-05 08:30:00,19.28697650285052,22.312567164198267
2020-12-05 09:00:00,19.721813457302012,22.824007542868905
2020-12-05 09:30:00,19.755634189472715,24.14654210366164
2020-12-05 10:00:00,19.833564941177542,24.074842449831742
2020-12-05 10:30:00,19.730333240223505,24.590770822409937
2020-12-05 11:00:00,20.079830869026736,24.773585499179394
2020-12-05 11:30:00,20.169410935477078,26.37755059292991
2020-12-05 12:00:00,20.032867288531417,26.100749554761293
2020-12-05 12:30:00,20.38281643414092,26.87928987566682
2020-12-05 13:00:00,20.345550504054206,26.92451877900293
2020-12-05 13:30:00,20.363865103620494,27.086065140104715
2020-12-05 14:00:00,20.61594670141837,27.238666437430304
2020-12-05 14:30:00,20.77989740152222,27.07955130391634
2020-12-05 15:00:00,20.587136787299787,27.42708713745569
2020-12-05 15:30:00,20.498300370559566,26.366674604399467
2020-12-05 16:00:00,20.6055338434697,26.444784785532008
2020-12-05 16:30:00,20.407428579557987,27.51049192354172
2020-12-05 17:00:00,20.668019023430674,26.13013947651998
2020-12-05 17:30:00,20.295086169341673,26.593984155215736
2020-12-05 18:00:00,20.371434624476386,26.110841715813685
2020-12-05 18:30:00,20.30434438861199,25.06226635177588
2020-12-05 19:00:00,20.39685779978061,24.005573115805664
2020-12-05 19:30:00,20.166281780903596,24.301823360964637
2020-12-05 20:00:00,20.0838533061718,23.349473715939432
2020-12-05 20:30:00,20.262643992058855,22.701078189803695
2020-12-05 21:00:00,20.043925737998062,21.495026593523317
2020-12-05 21:30:00,19.91804066347457,21.21850373012063
2020-12-05 22:00:00,19.94497029989867,21.835569034361995
2020-12-05 22:30:00,19.634925139424535,20.859712030712863
2020-12-05 23:00:00,19.488940620067012,20.442883248624298
2020-12-05 23:30:00,19.49749686953136,19.40541541538748
2020-12-06 00:00:00,19.31877762215936,20.51510694509357
2020-12-06 00:30:00,19.158436838894577,18.959056042527614
2020-12-06 01:00:00,19.174942936989545,18.46321371045068
2020-12-06 01:30:00,18.912536800512683,18.473948905552483
2020-12-06 02:00:00,18.772464113223602,18.209670496115283
2020-12-06 02:30:00,18.992403155821062,17.784197796573032
2020-12-06 03:00:00,18.787468245649716,18.2416022640008
2020-12-06 03:30:00,18.818987204776686,17.054135549338728
2020-12-06 04:00:00,18.734942150160066,17.87020537761803
2020-12-06 04:30:00,18.586297009889275,18.20859781116118
2020-12-06 05:00:00,18.87665618180929,17.919779661502645
2020-12-06 05:30:00,18.8427350597463,18.678664307369395
2020-12-06 06:00:00,18.856543209269596,19.26258075682919
2020-12-06 06:30:00,18.974206407341857,19.028533655008466
2020-12-06 07:00:00,19.059601938211614,19.043182658661237
2020-12-06 07:30:00,19.36304197460107,20.240980112979294
2020-12-06 08:00:00,19.404234610507206,21.699047180917674
2020-12-06 08:30:00,19.5477194711569,21.043041081149653
2020-12-06 09:00:00,19.36319383488221,22.427023593408677
2020-12-06 09:30:00,19.445583181384052,22.529524956444273
2020-12-06 10:00:00,19.876192045764004,23.95331691237546
2020-12-06 10:30:00,19.804128309058267,24.573049086519013
2020-12-06 11:00:00,19.963028000301158,24.814436924013133
2020-12-06 11:30:00,20.04215163354534,26.07418340731057
2020-12-06 12:00:00,19.918593991621623,26.34774339497568
2020-12-06 12:30:00,20.122986127936674,27.83419554295668
2020-12-06 13:00:00,20.291456470841805,26.534104566573028
2020-12-06 13:30:00,20.479215163239697,27.327447348951804
2020-12-06 14:00:00,20.394713556032915,26.844197238990507
2020-12-06 14:30:00,20.520778430783608,28.09748340071445
2020-12-06 15:00:00,20.646011792728853,27.608742313318107
2020-12-06 15:30:00,20.45579055268519,26.939329963786562
2020-12-06 16:00:00,20.564157264618263,28.445306795086005
2020-12-06 16:30:00,20.360840812803467,26.875306383054152
2020-12-06 17:00:00,20.522981222797473,28.107924106575396
2020-12-06 17:30:00,20.35434818510942,29.192872580184936
2020-12-06 18:00:00,20.387026183383917,28.919963097497106
2020-12-06 18:30:00,20.190263809336688,26.950784721202897
2020-12-06 19:00:00,20.336184147827247,26.14599007898914
2020-12-06 19:30:00,20.068895985136137,26.526527187471917
2020-12-06 20:00:00,20.051232422308978,26.04573829612633
2020-12-06 20:30:00,19.984889503994832,25.272913730104683
2020-12-06 21:00:00,19.804929752315342,24.786652259483
2020-12-06 21:30:00,19.620280966464687,22.541097966427984
2020-12-06 22:00:00,19.696415747237765,22.55391908319694
2020-12-06 22:30:00,19.735487362285365,22.275099071320923
2020-12-06 23:00:00,19.398372937094887,21.26486481408424
2020-12-06 23:30:00,19.489562255165787,21.481272813144162
2020-12-07 00:00:00,19.104399061432638,20.24316687697245
2020-12-07 00:30:00,19.008226309512498,19.59153764171908
2020-12-07 01:00:00,18.78760476766121,19.16106551821148
2020-12-07 01:30:00,18.777694556467093,18.102420136185607
2020-12-07 02:00:00,18.965858874620178,18.043316795017276
2020-12-07 02:30:00,18.747108522888347,17.67279796303122
2020-12-07 03:00:00,18.963146062067626,18.790695984662907
2020-12-07 03:30:00,18.446981723651707,18.53387936988734
2020-12-07 04:00:00,18.712634692088283,18.047204182533555
2020-12-07 04:30:00,18.91226388791521,19.53320491007682
2020-12-07 05:00:00,18.837171370615266,19.759775203520633
2020-12-07 05:30:00,18.87609871025732,19.83111429422394
2020-12-07 06:00:00,18.96076112313448,19.636494420781364
2020-12-07 06:30:00,19.05524507340969,20.601859595449397
2020-12-07 07:00:00,18.88209902925832,21.399521924733797
2020-12-07 07:30:00,18.962236903028096,20.63382056441908
2020-12-07 08:00:00,19.053750272776014,21.24497617570505
2020-12-07 08:30:00,19.350530586196165,21.379447174502577
2020-12-07 09:00:00,19.527482616020794,23.41069737979002
2020-12-07 09:30:00,19.64805023975471,22.984362831199377
2020-12-07 10:00:00,19.50103983662798,23.453935633121844
2020-12-07 10:30:00,19.84721157533412,24.385734431684174
2020-12-07 11:00:00,19.52944173748044,25.273788566659043
2020-12-07 11:30:00,19.709884115790125,25.46081407891917
2020-12-07 12:00:00,20.00663047314754,24.86655957685159
2020-12-07 12:30:00,20.085252470231726,26.838296489867858
2020-12-07 13:00:00,20.24691790187258,26.30174725944142
2020-12-07 13:30:00,20.130108447413903,28.54118811076471
2020-12-07 14:00:00,20.184597553218918,27.40972328086799
2020-12-07 14:30:00,20.278782785998594,27.97526292628972
2020-12-07 15:00:00,20.534732431730397,27.98585983319245
2020-12-07 15:30:00,20.269194363032085,27.22685742408739
2020-12-07 16:00:00,20.522496753284212,26.273155224761133
2020-12-07 16:30:00,20.299855991700657,26.467395217058765
2020-12-07 17:00:00,20.309847342974845,26.766580734144927
2020-12-07 17:30:00,20.229049384044437,26.85911035127139
2020-12-07 18:00:00,20.359846427215803,27.28786794083105
2020-12-07 18:30:00,20.177826695978414,26.75272616287758
2020-12-07 19:00:00,20.041223291606183,26.367909616249975
2020-12-07 19:30:00,20.049187042567493,25.49004276726105
2020-12-07 20:00:00,19.982483254476087,24.91117577216351
2020-12-07 20:30:00,20.07017047055762,24.43793018009379
2020-12-07 21:00:00,20.00152515973331,24.70021494301076
2020-12-07 21:30:00,19.735829663725838,23.237751175296573
2020-12-07 22:00:00,19.61684679479189,21.402076375148788
2020-12-07 22:30:00,19.33222119718613,22.13239526621276
2020-12-07 23:00:00,19.5024429952734,21.13101834948781
2020-12-07 23:30:00,19.331781532316313,20.76313291035741
2020-12-08 00:00:00,18.740147962955277,20.3258113384766
2020-12-08 00:30:00,18.736702766271765,19.74854316441047
2020-12-08 01:00:00,18.71774953709394,20.243952816245
2020-12-08 01:30:00,18.621313124697107,19.64058183540343
2020-12-08 02:00:00,18.589590096282464,17.74959760616092
2020-12-08 02:30:00,18.59494709663593,19.278838488877625
2020-12-08 03:00:00,18.61239348740044,18.51037507388457
2020-12-08 03:30:00,18.649788996274477,18.445532021223574
2020-12-08 04:00:00,18.51502839357956,18.419956390108975
2020-12-08 04:30:00,18.38112576654593,18.483755409512952
2020-12-08 05:00:00,18.475147071427422,18.630139443675223
2020-12-08 05:30:00,18.55141680588432,19.339345422486492
2020-12-08 06:00:00,18.555733821129888,19.65109463103008
2020-12-08 06:30:00,18.42936475451822,19.67930546871491
2020-12-08 07:00:00,18.65481591227826,20.311254448868375
2020-12-08 07:30:00,18.68969982774987,21.119454149192315
2020-12-08 08:00:00,18.84912699718351,21.922735810626346
2020-12-08 08:30:00,18.908570753979205,23.336670135301873
2020-12-08 09:00:00,19.229494774583923,23.557604987823307
2020-12-08 09:30:00,19.087854027358375,24.32797850379477
2020-12-08 10:00:00,19.268463798917438,24.604248961513306
2020-12-08 10:30:00,19.18038121640968,25.53120335009616
2020-12-08 11:00:00,19.484964418768666,25.27705019710237
2020-12-08 11:30:00,19.6208862650181,25.463178768041438
2020-12-08 12:00:00,19.733633204618123,26.475667064272024
2020-12-08 12:30:00,19.774698356164304,26.976997693488435
2020-12-08 13:00:00,19.759889007069667,27.12099785790736
2020-12-08 13:30:00,19.943153828728168,27.152257015851546
2020-12-08 14:00:00,19.971723648750373,26.83612192432935
2020-12-08 14:30:00,20.03542690568223,27.51333759108882
2020-12-08 15:00:00,19.963807526599197,28.487326016433933
2020-12-08 15:30:00,20.32581495210202,27.273803231799942
2020-12-08 16:00:00,20.32677933228475,26.95769332891888
2020-12-08 16:30:00,20.016521342106344,26.189991963263637
2020-12-08 17:00:00,20.3163392005803,26.529571351453786
2020-12-08 17:30:00,19.978491599617318,27.10786533370967
2020-12-08 18:00:00,20.02000324913319,26.42799066182306
2020-12-08 18:30:00,19.764606421937966,26.63518877109035
2020-12-08 19:00:00,19.88968440425905,25.319750474148755
2020-12-08 19:30:00,19.839016745951348,25.367471919770175
2020-12-08 20:00:00,19.63869650830711,25.142894622756476
2020-12-08 20:30:00,19.697655475958733,23.552906587758205
2020-12-08 21:00:00,19.55046100465881,23.868477425153536
2020-12-08 21:30:00,19.253840611673073,22.51946634393857
2020-12-08 22:00:00,19.153056787216382,22.507544722109206
2020-12-08 22:30:00,19.115177415921384,21.258600516884723
2020-12-08 23:00:00,18.99159460639289,20.959863111459185
2020-12-08 23:30:00,18.86620348541567,20.129634013812
2020-12-09 00:00:00,18.591553809292215,19.704572651655504
2020-12-09 00:30:00,18.484785339992733,19.29740924037889
2020-12-09 01:00:00,18.325646103676807,18.609190793266123
2020-12-09 01:30:00,18.308217427843726,19.685270626354246
2020-12-09 02:00:00,18.104690120173416,18.495518760417838
2020-12-09 02:30:00,18.0975698108186,18.571441752338245
2020-12-09 03:00:00,18.081381305000683,17.991191007593628
2020-12-09 03:30:00,18.09535733028552,18.573150653575944
2020-12-09 04:00:00,18.167272050662525,19.55151250820012
2020-12-09 04:30:00,18.140423466191432,18.856090701300655
2020-12-09 05:00:00,18.099886379372265,18.858075801298536
2020-12-09 05:30:00,18.210114100995444,20.04926264109403
2020-12-09 06:00:00,18.028954233004434,20.012656497526788
2020-12-09 06:30:00,18.349419598313006,21.474199897522052
2020-12-09 07:00:00,18.475736910685065,21.068064362720243
2020-12-09 07:30:00,18.36701440770298,21.087062332514808
2020-12-09 08:00:00,18.365532821307152,21.122282249881614
2020-12-09 08:30:00,18.57349626890528,22.40999117382555
2020-12-09 09:00:00,18.64070825641611,22.434419442612583
2020-12-09 09:30:00,18.906388452422803,23.08465437751486
2020-12-09 10:00:00,18.913840112080916,23.474055102526712
2020-12-09 10:30:00,19.002085142502114,22.68603537729641
2020-12-09 11:00:00,19.32258203050456,25.357260502322937
2020-12-09 11:30:00,19.134199979586644,26.099831634575477
2020-12-09 12:00:00,19.1840143408301,25.107913514843496
2020-12-09 12:30:00,19.179578123782168,26.236788450698068
2020-12-09 13:00:00,19.401485424335757,27.71477292111526
2020-12-09 13:30:00,19.54588147675417,26.972500265974684
2020-12-09 14:00:00,19.664061021279593,26.965364283266524
2020-12-09 14:30:00,19.607138516873224,28.29569246716246
2020-12-09 15:00:00,19.673111797566197,29.235045198980266
2020-12-09 15:30:00,19.429871704845322,28.266209222792217
2020-12-09 16:00:00,19.73055642472028,28.512993584859373
2020-12-09 16:30:00,19.58638714682677,28.06906224146576
2020-12-09 17:00:00,19.761919280377164,26.855013089573465
2020-12-09 17:30:00,19.42312744566973,27.476061093484557
2020-12-09 18:00:00,19.369468475292397,26.32538752781092
2020-12-09 18:30:00,19.438314146597733,27.120920606966518
2020-12-09 19:00:00,19.50363293434562,25.36827160641519
2020-12-09 19:30:00,19.312827625355492,25.474120412908515
2020-12-09 20:00:00,19.327114368010236,24.38490218221516
2020-12-09 20:30:00,19.17788130128656,24.585383135525625
2020-12-09 21:00:00,18.96871992187348,23.179038620032088
2020-12-09 21:30:00,18.808685386419572,23.19503529806894
2020-12-09 22:00:00,19.042773940354188,20.951555894095563
2020-12-09 22:30:00,18.70783539046761,21.017112792696093
2020-12-09 23:00:00,18.70488337823941,20.28989580335468
2020-12-09 23:30:00,18.58944583894038,19.12670661938783
2020-12-10 00:00:00,18.204540466702603,19.70439095670516
2020-12-10 00:30:00,18.15006532307559,19.339822930590515
2020-12-10 01:00:00,18.149685816523757,18.45950923662504
2020-12-10 01:30:00,17.979754334003953,18.880765471633534
2020-12-10 02:00:00,18.106652290838593,19.29388885282224
2020-12-10 02:30:00,17.714043570215594,19.024959135190784
2020-12-10 03:00:00,17.69800078105676,18.686387660614095
2020-12-10 03:30:00,17.79559290060952,18.447030565630488
2020-12-10 04:00:00,17.809579640009716,17.263624440228018
2020-12-10 04:30:00,17.893642046912355,19.48990869292236
2020-12-10 05:00:00,17.960683242154072,18.089727421980076
2020-12-10 05:30:00,17.84161762021235,17.8834595068748
2020-12-10 06:00:00,17.895544544281407,18.68695791909225
2020-12-10 06:30:00,18.244969449158518,20.127557136090378
2020-12-10 07:00:00,18.02551582932003,19.602347941639707
2020-12-10 07:30:00,18.24766207376736,20.43693467074654
2020-12-10 08:00:00,18.09852438550426,21.72532408334991
2020-12-10 08:30:00,18.36902359136574,22.632472292025337
2020-12-10 09:00:00,18.34186953701118,22.142603091449423
2020-12-10 09:30:00,18.53292064653805,24.17933440339372
2020-12-10 10:00:00,18.537057004922573,24.328417417208918
2020-12-10 10:30:00,18.81693113115393,25.496857431037448
2020-12-10 11:00:00,18.862056024605593,24.781169849542326
2020-12-10 11:30:00,18.89897302653965,25.769529257264434
2020-12-10 12:00:00,18.95111810927855,26.3988883242597
2020-12-10 12:30:00,19.173171539049378,27.40894179533507
2020-12-10 13:00:00,19.362218602336178,26.93115136315736
2020-12-10 13:30:00,18.961194595844635,27.47438664399658
2020-12-10 14:00:00,19.43071279923957,27.932647080107387
2020-12-10 14:30:00,19.298151080864233,28.044512510072018
2020-12-10 15:00:00,19.215844037062897,28.606110417403077
2020-12-10 15:30:00,19.569136230189113,28.824617312970396
2020-12-10 16:00:00,19.218425120283474,28.1665923211158
2020-12-10 16:30:00,19.44368837081696,26.700611444582805
2020-12-10 17:00:00,19.38595559093848,26.88472831164664
2020-12-10 17:30:00,19.41705754168764,26.30891282919571
2020-12-10 18:00:00,19.365162899603316,26.264093184757737
2020-12-10 18:30:00,19.274387859933533,25.364615108705056
2020-12-10 19:00:00,19.28531434415111,24.836689523908593
2020-12-10 19:30:00,19.180589191932366,23.661807531999944
2020-12-10 20:00:00,19.027867110937507,23.506103782273534
2020-12-10 20:30:00,18.830080739775305,22.133515885817136
2020-12-10 21:00:00,18.851442006049567,21.863678236128287
2020-12-10 21:30:00,18.722930988841885,21.912750269203894
2020-12-10 22:00:00,18.656715587919017,21.75031487300592
2020-12-10 22:30:00,18.562895322455592,21.575959357179944
2020-12-10 23:00:00,18.538529690495412,20.909813652956476
2020-12-10 23:30:00,18.292676299522814,19.19081686262369
2020-12-11 00:00:00,17.890755021467882,19.459203425732667
2020-12-11 00:30:00,17.777980671666857,19.535203662895427
2020-12-11 01:00:00,17.783845141079777,17.837701069016543
2020-12-11 01:30:00,17.75178880516642,17.962649017444253
2020-12-11 02:00:00,17.428832971168138,17.75285877177359
2020-12-11 02:30:00,17.485518769012558,16.459551288361396
2020-12-11 03:00:00,17.61414724470398,16.810970257619616
2020-12-11 03:30:00,17.468426860439674,17.033238040406818
2020-12-11 04:00:00,17.559135278438998,16.48448787287571
2020-12-11 04:30:00,17.54536709072842,17.391627873259736
2020-12-11 05:00:00,17.486837500822407,17.04735448744328
2020-12-11 05:30:00,17.455346099683403,17.87768571467545
2020-12-11 06:00:00,17.459445861130227,18.20328599908172
2020-12-11 06:30:00,17.57889198358833,18.205386102927296
2020-12-11 07:00:00,17.777837893476764,18.500005184294643
2020-12-11 07:30:00,17.92161502824316,19.716079655012468
2020-12-11 08:00:00,17.968789823179772,20.078617178449367
2020-12-11 08:30:00,18.010103266438307,20.976962299420517
2020-12-11 09:00:00,18.173336029171516,21.41019994111349
2020-12-11 09:30:00,18.258009825972383,22.156327908272722
2020-12-11 10:00:00,18.208346586389414,21.943214858399067
2020-12-11 10:30:00,18.20297068099398,22.014440483997294
2020-12-11 11:00:00,18.514861189436942,23.475988292483848
2020-12-11 11:30:00,18.58063386997898,22.85747566375264
2020-12-11 12:00:00,18.59156430104617,23.490969530125778
2020-12-11 12:30:00,18.85849128795232,24.945608531268796
2020-12-11 13:00:00,18.76127169794715,25.33763639124119
2020-12-11 13:30:00,18.813204418930983,25.717396792943696
2020-12-11 14:00:00,18.719471987058963,25.78721113860279
2020-12-11 14:30:00,18.917029943975287,25.82049979189819
2020-12-11 15:00:00,18.814248540475962,25.5003387722196
2020-12-11 15:30:00,19.11768619325735,25.710832310532304
2020-12-11 16:00:00,19.32713110598634,26.509855107956987
2020-12-11 16:30:00,19.09755905655424,26.185875112184032
2020-12-11 17:00:00,19.20010208255441,25.080374450980422
2020-12-11 17:30:00,19.11862770583431,25.448714437259145
2020-12-11 18:00:00,18.956789337817646,24.73332543811234
2020-12-11 18:30:00,18.882224954164375,25.43900274830202
2020-12-11 19:00:00,18.77035647944028,24.52217305269982
2020-12-11 19:30:00,18.70863467585793,23.843306614541337
2020-12-11 20:00:00,18.58152477719558,23.126053810948566
2020-12-11 20:30:00,18.549491422808924,23.143359274593983
2020-12-11 21:00:00,18.666464057742605,22.792799988825116
2020-12-11 21:30:00,18.585103491161156,22.49999930698347
2020-12-11 22:00:00,18.257406550849723,21.227868821098816
2020-12-11 22:30:00,18.200847900353605,20.794348766494334
2020-12-11 23:00:00,18.129856246964113,20.811596727519458
2020-12-11 23:30:00,18.067160940323074,19.365075889333006
2020-12-12 00:00:00,17.839782877034782,19.32725834908905
2020-12-12 00:30:00,17.836373252821026,19.355293439517766
2020-12-12 01:00:00,17.58835459016264,21.92750361122689
2020-12-12 01:30:00,17.758199180110733,20.054000527568252
2020-12-12 02:00:00,17.58241389930001,20.32775710277498
2020-12-12 02:30:00,17.50375288928061,20.332713717064372
2020-12-12 03:00:00,17.480221350549023,19.78008196775102
2020-12-12 03:30:00,17.528318984507617,19.232135735217156
2020-12-12 04:00:00,17.68267912272573,19.913299955792723
2020-12-12 04:30:00,17.488373007500115,19.262410439249756
2020-12-12 05:00:00,17.446418235417735,20.18650013431143
2020-12-12 05:30:00,17.51082595740936,19.506340896300706
2020-12-12 06:00:00,17.73263933128723,20.639913565358285
2020-12-12 06:30:00,17.69392036886772,20.58984039152461
2020-12-12 07:00:00,17.760923595633336,20.5479358016012
2020-12-12 07:30:00,18.016832931215273,21.750263394201692
2020-12-12 08:00:00,17.958566585984258,22.165727656104437
2020-12-12 08:30:00,18.04440723650093,22.63496360669727
2020-12-12 09:00:00,18.081239951037194,23.53605050346967
2020-12-12 09:30:00,18.122170952011736,24.334449550342057
2020-12-12 10:00:00,18.287574750686662,24.971135296400398
2020-12-12 10:30:00,18.32973445643082,25.975729982491092
2020-12-12 11:00:00,18.293822110360804,25.642943432001037
2020-12-12 11:30:00,18.784162478639537,26.58230588360324
2020-12-12 12:00:00,18.611970421657528,27.280531743986003
2020-12-12 12:30:00,18.69558868293484,26.7585989003185
2020-12-12 13:00:00,18.983812421839357,28.16651191308644
2020-12-12 13:30:00,19.021692919270713,27.83822252960237
2020-12-12 14:00:00,18.854989380268126,28.589568470438376
2020-12-12 14:30:00,18.856945065952168,27.944593159493266
2020-12-12 15:00:00,19.088505570995743,28.174982022148054
2020-12-12 15:30:00,19.152144524548262,29.215355035465095
2020-12-12 16:00:00,19.188833612091944,29.052243158766316
2020-12-12 16:30:00,18.956289675383537,28.61651706989736
2020-12-12 17:00:00,18.97171817839258,28.30587108596737
2020-12-12 17:30:00,18.88823001775071,27.206689502119094
2020-12-12 18:00:00,18.887233482640724,27.809724458327473
2020-12-12 18:30:00,18.693019841773417,26.67602147479463
2020-12-12 19:00:00,18.84744619105777,26.79603020210811
2020-12-12 19:30:00,18.587853737773287,25.794329163100382
2020-12-12 20:00:00,18.67755854854831,26.45798818300255
2020-12-12 20:30:00,18.599105559831077,25.237086764801678
2020-12-12 21:00:00,18.42649645511413,24.582741432781038
2020-12-12 21:30:00,18.334392326071473,23.9904684210417
2020-12-12 22:00:00,18.19929534721383,22.78659899713361
2020-12-12 22:30:00,18.22549847224852,23.136978413206787
2020-12-12 23:00:00,18.16988428630282,21.43997476975449
2020-12-12 23:30:00,17.935497602208194,20.926781746949324
2020-12-13 00:00:00,17.606022562606846,21.46850551468637
2020-12-13 00:30:00,17.424911363353047,21.278929529672222
2020-12-13 01:00:00,17.40538779295658,20.21297766259007
2020-12-13 01:30:00,17.431223615556103,19.51286896703841
2020-12-13 02:00:00,17.270378089796495,18.774641444318778
2020-12-13 02:30:00,17.19450738960262,18.716660020628705
2020-12-13 03:00:00,17.111106273942212,17.7355844659893
2020-12-13 03:30:00,17.214017799832327,18.57414225651072
2020-12-13 04:00:00,17.382647657145487,17.728920736932842
2020-12-13 04:30:00,17.362030855434465,19.903862254146752
2020-12-13 05:00:00,17.429755855938293,18.76525543899198
2020-12-13 05:30:00,17.381335246389174,19.563897512433773
2020-12-13 06:00:00,17.256915264596817,19.40778094808991
2020-12-13 06:30:00,17.52337582035331,19.66697623166747
2020-12-13 07:00:00,17.500890146120025,21.223676746635256
2020-12-13 07:30:00,17.60641269670968,20.041530649669706
2020-12-13 08:00:00,17.841077274420105,21.030695825191223
2020-12-13 08:30:00,17.791255183498173,21.549088090219346
2020-12-13 09:00:00,17.80420448453283,22.204078662311527
2020-12-13 09:30:00,17.9248568200017,22.530658742047056
2020-12-13 10:00:00,18.08339278220008,23.24720543350357
2020-12-13 10:30:00,18.102795380250278,23.381852218306054
2020-12-13 11:00:00,18.340506165339555,24.76673113758238
2020-12-13 11:30:00,18.313317340127057,25.89808597708251
2020-12-13 12:00:00,18.43469337126696,25.216111244467506
2020-12-13 12:30:00,18.323417462208276,25.215233905346718
2020-12-13 13:00:00,18.488824032908372,25.567195479287662
2020-12-13 13:30:00,18.794450699709753,26.414558348720487
2020-12-13 14:00:00,18.502078636892282,25.772168170968822
2020-12-13 14:30:00,18.784303412722274,25.562301275837306
2020-12-13 15:00:00,18.593442976019382,26.04492778008887
2020-12-13 15:30:00,18.678717655433168,26.86651229361165
2020-12-13 16:00:00,18.915858233699588,26.14627237328594
2020-12-13 16:30:00,18.89948687717057,25.22944946316925
2020-12-13 17:00:00,18.770986629381763,26.04598066199355
2020-12-13 17:30:00,18.921092400230446,25.740662492253463
2020-12-13 18:00:00,18.74110698247052,25.643295164950246
2020-12-13 18:30:00,18.713930499419153,24.61551723939036
2020-12-13 19:00:00,18.659228922115165,24.946823173853094
2020-12-13 19:30:00,18.34167618397618,25.343171933390806
2020-12-13 20:00:00,18.438501605275746,24.35538501693671
2020-12-13 20:30:00,18.305499622453542,22.457662290777257
2020-12-13 21:00:00,18.20723188255571,22.452413862613927
2020-12-13 21:30:00,18.202134872782665,22.317750830801465
2020-12-13 22:00:00,18.080539365494623,20.152140031962727
2020-12-13 22:30:00,18.160026313363847,20.997046461035183
2020-12-13 23:00:00,17.730965743218654,21.184380329687283
2020-12-13 23:30:00,17.518468664372136,20.830445160502148
2020-12-14 00:00:00,18.302721616872052,20.45737772688073
2020-12-14 00:30:00,17.94945788254086,19.411885088379353
2020-12-14 01:00:00,18.098974788157182,20.13649044973475
2020-12-14 01:30:00,17.970595526294066,19.409478969300903
2020-12-14 02:00:00,18.026069580762105,19.857729594266775
2020-12-14 02:30:00,18.033582019070383,19.64730930985576
2020-12-14 03:00:00,17.76873347267698,19.752711367871655
2020-12-14 03:30:00,17.95041087832341,19.567672894537964
2020-12-14 04:00:00,17.79801756918211,20.09249056387141
2020-12-14 04:30:00,17.880812979171502,19.052891966460976
2020-12-14 05:00:00,17.910350229191007,19.677952899340355
2020-12-14 05:30:00,17.900699988596738,20.050885991471493
2020-12-14 06:00:00,17.76674735184803,20.2936622969653
2020-12-14 06:30:00,18.021885250790852,19.23802760080299
2020-12-14 07:00:00,18.033466367772657,20.313138267218974
2020-12-14 07:30:00,18.005442229857398,20.415360606969962
2020-12-14 08:00:00,18.082916216280175,21.009691696128918
2020-12-14 08:30:00,18.281242169990012,22.19367551714886
2020-12-14 09:00:00,18.435215062639745,22.2858468206797
2020-12-14 09:30:00,18.33890017219842,22.3296839892795
2020-12-14 10:00:00,18.608454211255832,23.149265761628378
2020-12-14 10:30:00,18.586415969366737,23.138767162302013
2020-12-14 11:00:00,18.813983026326294,23.803586138974712
2020-12-14 11:30:00,18.97131396089244,25.159933781259628
2020-12-14 12:00:00,18.980282880001177,24.846358916630994
2020-12-14 12:30:00,18.86011268610382,25.466280839249226
2020-12-14 13:00:00,19.253931289596242,26.56685280835986
2020-12-14 13:30:00,19.219471882998246,27.177272835797496
2020-12-14 14:00:00,18.966459264525522,27.027310515506986
2020-12-14 14:30:00,19.32563788900739,27.037976758646707
2020-12-14 15:00:00,19.3942504586276,27.581190036377677
2020-12-14 15:30:00,19.278123747595668,27.868415202659353
2020-12-14 16:00:00,19.279034832963415,27.48600105924131
2020-12-14 16:30:00,19.35506980863376,27.736275255910655
2020-12-14 17:00:00,19.316352239925216,27.683494895564685
2020-12-14 17:30:00,19.14222440024245,26.68552577231861
2020-12-14 18:00:00,19.438965984208327,26.337552580515666
2020-12-14 18:30:00,19.27501898368933,26.923090700961836
2020-12-14 19:00:00,18.991262673655037,26.157629492974316
2020-12-14 19:30:00,19.245492638253946,25.14039737144504
2020-12-14 20:00:00,19.07696800490223,26.06739037185566
2020-12-14 20:30:00,18.928000127039276,24.60792934141318
2020-12-14 21:00:00,18.84580517310335,24.011555253914164
2020-12-14 21:30:00,18.873409802707602,24.22365125414931
2020-12-14 22:00:00,18.630303447272812,23.908037931041946
2020-12-14 22:30:00,18.503399670585132,22.37801061580894
2020-12-14 23:00:00,18.487390065611756,21.41583722668217
2020-12-14 23:30:00,18.160125418263046,22.029500917526942
2020-12-15 00:00:00,18.384167628926953,21.611393711072257
2020-12-15 00:30:00,18.329827104010587,20.607971536452443
2020-12-15 01:00:00,18.438233254830806,19.742990853139656
2020-12-15 01:30:00,18.39883487279518,19.81420629699476
2020-12-15 02:00:00,18.23179666217752,20.16103004292566
2020-12-15 02:30:00,18.222066550249117,19.483009429305262
2020-12-15 03:00:00,18.30116714724705,19.775781980018653
2020-12-15 03:30:00,18.207819609839916,19.084437749806536
2020-12-15 04:00:00,18.26045208157103,17.762448783020524
2020-12-15 04:30:00,18.12098566988556,17.162187477611734
2020-12-15 05:00:00,18.185285712287236,18.28737931089849
2020-12-15 05:30:00,18.062741968213313,18.60996257077374
2020-12-15 06:00:00,18.19826246245535,18.745152814170474
2020-12-15 06:30:00,18.300348644716756,18.614858215724073
2020-12-15 07:00:00,18.310212441069325,19.95488961033135
2020-12-15 07:30:00,18.40547679951193,20.138881861946178
2020-12-15 08:00:00,18.3607436824792,20.918488608443592
2020-12-15 08:30:00,18.59124605412789,21.740680184920098
2020-12-15 09:00:00,18.59616651465017,22.302031072300583
2020-12-15 09:30:00,18.550195675911386,23.102379422680187
2020-12-15 10:00:00,19.003441885264362,22.575608480824837
2020-12-15 10:30:00,18.676976365733985,25.352788019177623
2020-12-15 11:00:00,19.043550483829723,24.446991338402594
2020-12-15 11:30:00,19.040188937816225,25.033245037616407
2020-12-15 12:00:00,19.298222401577164,25.607824046385566
2020-12-15 12:30:00,19.37586499536641,26.738615059283457
2020-12-15 13:00:00,19.596202979708277,27.104638726023097
2020-12-15 13:30:00,19.31152436823295,26.454434388115793
2020-12-15 14:00:00,19.37804161869137,26.304264803468644
2020-12-15 14:30:00,19.735413923809364,27.17918763323885
2020-12-15 15:00:00,19.70686238125363,26.8093895458633
2020-12-15 15:30:00,19.665877311295255,27.1374126596679
2020-12-15 16:00:00,19.78659657786705,26.534359606267106
2020-12-15 16:30:00,19.644038628531977,26.85660979644983
2020-12-15 17:00:00,19.522727264296442,26.81533391509902
2020-12-15 17:30:00,19.641505002608604,25.63873037371568
2020-12-15 18:00:00,19.724707235097895,25.862479301630938
2020-12-15 18:30:00,19.422884144493764,25.56124608052296
2020-12-15 19:00:00,19.52856340393382,24.714858414280478
2020-12-15 19:30:00,19.29854304265589,24.74354439079087
2020-12-15 20:00:00,19.130974283210698,24.30166897660579
2020-12-15 20:30:00,19.33362904679635,24.15063103189692
2020-12-15 21:00:00,19.207555824746873,21.468345141139512
2020-12-15 21:30:00,18.971093606710067,21.62662018598374
2020-12-15 22:00:00,19.018652071203675,20.99743178010552
2020-12-15 22:30:00,18.866455132396478,19.273992521340325
2020-12-15 23:00:00,18.84706490482911,19.555880109155986
2020-12-15 23:30:00,18.76667101243488,19.828412184278626
2020-12-16 00:00:00,18.60590711705357,19.651349049272785
2020-12-16 00:30:00,18.519675479552195,18.789169668689837
2020-12-16 01:00:00,18.44369028454236,17.872632978414554
2020-12-16 01:30:00,18.284570994782676,16.767848437989585
2020-12-16 02:00:00,18.122010948120046,17.571183223225674
2020-12-16 02:30:00,18.252345156821914,17.632150851578647
2020-12-16 03:00:00,18.23137285943696,16.623018116754448
2020-12-16 03:30:00,18.031845784667084,16.656872651135135
2020-12-16 04:00:00,18.20030858143637,17.19097266420104
2020-12-16 04:30:00,18.015464210237365,16.866977697966806
2020-12-16 05:00:00,18.076378997213965,16.97266547144704
2020-12-16 05:30:00,18.339648589059315,18.272949191246717
2020-12-16 06:00:00,18.24044491101628,18.133982324302234
2020-12-16 06:30:00,18.530102803077757,18.512730430989198
2020-12-16 07:00:00,18.46430764504642,19.379926011331
2020-12-16 07:30:00,18.61854651328876,19.03208965102985
2020-12-16 08:00:00,18.480971223324577,19.84754983041063
2020-12-16 08:30:00,18.737884341319912,19.959551747109018
2020-12-16 09:00:00,18.644068619985898,21.975841208154787
2020-12-16 09:30:00,18.902383244333105,22.146590770305867
2020-12-16 10:00:00,19.085025800469737,23.336380136151828
2020-12-16 10:30:00,19.06299885563,23.212492912580935
2020-12-16 11:00:00,19.24196202602979,24.229047809755905
2020-12-16 11:30:00,19.24978157938613,24.197718021944116
2020-12-16 12:00:00,19.503795396579306,24.97842509850727
2020-12-16 12:30:00,19.492757304700344,25.386168733792402
2020-12-16 13:00:00,19.687564903776003,25.565922937330555
2020-12-16 13:30:00,19.590386156190817,26.06756091135067
2020-12-16 14:00:00,19.71323657948954,26.57019318213823
2020-12-16 14:30:00,19.53255714441009,25.96495278436664
2020-12-16 15:00:00,19.640257715406555,26.13343481632093
2020-12-16 15:30:00,19.83475690655355,25.49869582612885
2020-12-16 16:00:00,19.586729042411893,26.053960074974373
2020-12-16 16:30:00,19.817198695903834,25.926120161469118
2020-12-16 17:00:00,19.631755441347984,26.114346062232126
2020-12-16 17:30:00,19.839889855550254,25.47282720256215
2020-12-16 18:00:00,19.686649467756947,24.381307830559408
2020-12-16 18:30:00,19.489483444552352,25.499108094919634
2020-12-16 19:00:00,19.437103584894817,24.986136163955592
2020-12-16 19:30:00,19.28751592152583,24.315761530029715
2020-12-16 20:00:00,19.28235257627541,23.989286544915448
2020-12-16 20:30:00,19.42123110554395,23.42798611199228
2020-12-16 21:00:00,19.34862356365642,22.63380895242636
2020-12-16 21:30:00,19.010786747469982,22.498657110793857
2020-12-16 22:00:00,19.064058510964674,22.06772420719532
2020-12-16 22:30:00,18.76891214400189,20.951148290470783
2020-12-16 23:00:00,18.578351069974627,21.076565384845367
2020-12-16 23:30:00,18.63540405417918,20.364352966227617
2020-12-17 00:00:00,18.459322414519246,19.3646615931938
2020-12-17 00:30:00,18.59310829048747,19.829233387184754
2020-12-17 01:00:00,18.54124053489613,19.010468231192974
2020-12-17 01:30:00,18.268681087442467,18.221719260621956
2020-12-17 02:00:00,18.410281880038962,17.661597116867515
2020-12-17 02:30:00,18.41139758705006,18.320258196639045
2020-12-17 03:00:00,17.998874448529197,17.34719936577746
2020-12-17 03:30:00,18.12449597959092,17.73659548650688
2020-12-17 04:00:00,18.29232679632992,17.97441639407846
2020-12-17 04:30:00,18.425044259008523,17.43050945143325
2020-12-17 05:00:00,18.301522368469325,18.405934227119392
2020-12-17 05:30:00,18.252100600555245,17.084692040924235
2020-12-17 06:00:00,18.113041520412143,18.625816665618228
2020-12-17 06:30:00,18.43212845031875,19.33975952860088
2020-12-17 07:00:00,18.4975353809086,20.06086387395351
2020-12-17 07:30:00,18.42836661241981,19.50341008814984
2020-12-17 08:00:00,18.519656220114936,19.05205158621208
2020-12-17 08:30:00,18.7374946024733,20.854528879834433
2020-12-17 09:00:00,18.8056419392606,21.840128480477333
2020-12-17 09:30:00,18.912052450689693,22.323509299838634
2020-12-17 10:00:00,19.086092792173837,22.543367916667144
2020-12-17 10:30:00,19.276577324069727,22.4846893257281
2020-12-17 11:00:00,19.185889773867032,24.238119846559457
2020-12-17 11:30:00,19.471593802041095,24.37787558819293
2020-12-17 12:00:00,19.552899937179564,24.92198352880929
2020-12-17 12:30:00,19.382884040919947,24.992352599970207
2020-12-17 13:00:00,19.6896064101655,26.567191600243476
2020-12-17 13:30:00,19.93071475637606,26.01926314553808
2020-12-17 14:00:00,19.773577804969207,26.264847782931536
2020-12-17 14:30:00,19.593022855146444,27.02463476102889
2020-12-17 15:00:00,19.797980229079993,26.851599786661343
2020-12-17 15:30:00,20.078195584791228,26.96981789268073
2020-12-17 16:00:00,19.76256153314697,26.7876709012559
2020-12-17 16:30:00,19.829471865839405,28.041217059336848
2020-12-17 17:00:00,19.9832414303908,27.249477793714856
2020-12-17 17:30:00,19.963062101655282,27.30269433462439
2020-12-17 18:00:00,19.780833766909904,26.049037333653043
2020-12-17 18:30:00,19.62744149908777,26.833800446085142
2020-12-17 19:00:00,19.776997846632753,25.6574696202091
2020-12-17 19:30:00,19.51740275482097,25.97239515509361
2020-12-17 20:00:00,19.459443383407596,25.064406805718164
2020-12-17 20:30:00,19.258622948062044,24.04421962135016
2020-12-17 21:00:00,19.361998833172404,23.297503369596622
2020-12-17 21:30:00,19.16801216902907,23.923333674425233
2020-12-17 22:00:00,19.13342034552717,22.967959885403456
2020-12-17 22:30:00,18.910014493184686,23.270552278075947
2020-12-17 23:00:00,18.616094740322442,22.461436371726876
2020-12-17 23:30:00,18.573646491698515,21.321564008150492
2020-12-18 00:00:00,18.564461966589345,20.53152502953475
2020-12-18 00:30:00,18.36922194740777,20.674849774685725
2020-12-18 01:00:00,18.63247403072789,20.54858223175296
2020-12-18 01:30:00,18.305228076555736,20.158660093703897
2020-12-18 02:00:00,18.479134507162126,18.97565444730376
2020-12-18 02:30:00,18.294672019375003,19.16734133094707
2020-12-18 03:00:00,18.255855088898354,18.235230066817532
2020-12-18 03:30:00,18.03002033771851,19.06412826712596
2020-12-18 04:00:00,18.238935668410253,19.69945601980102
2020-12-18 04:30:00,18.31295719130484,19.36733108576942
2020-12-18 05:00:00,18.285184324093446,19.327552370803485
2020-12-18 05:30:00,18.16450626742035,20.541971577141275
2020-12-18 06:00:00,18.33372912916268,21.01397058640622
2020-12-18 06:30:00,18.20754906628691,21.39855817600753
2020-12-18 07:00:00,18.584616162879037,21.497834491538228
2020-12-18 07:30:00,18.35539397814419,23.283100761559503
2020-12-18 08:00:00,18.94913513679917,22.273077165771777
2020-12-18 08:30:00,18.838715798392748,22.76847504110768
2020-12-18 09:00:00,18.588525502332157,23.262290270720253
2020-12-18 09:30:00,18.77338759975123,23.320844263522527
2020-12-18 10:00:00,18.912430657347677,25.255093919325194
2020-12-18 10:30:00,19.00410414126404,25.226620371595086
2020-12-18 11:00:00,19.18629727131329,25.624213062273625
2020-12-18 11:30:00,19.149402805423183,26.397882808622423
2020-12-18 12:00:00,19.20742544652786,25.948792656405473
2020-12-18 12:30:00,19.49357114856313,26.772525493821885
2020-12-18 13:00:00,19.721432550902183,27.62106413805055
2020-12-18 13:30:00,19.765873078626935,27.343899480880463
2020-12-18 14:00:00,19.806860524999156,27.957661505975434
2020-12-18 14:30:00,19.71552816336671,28.204358138508773
2020-12-18 15:00:00,19.51579216277522,27.193830660472546
2020-12-18 15:30:00,19.739725685997357,28.25734186055945
2020-12-18 16:00:00,19.613532592526024,27.782091735008187
2020-12-18 16:30:00,19.868033178567753,28.99790182155673
2020-12-18 17:00:00,19.90929178920783,26.969147649335397
2020-12-18 17:30:00,19.702148053688756,27.909951280223115
2020-12-18 18:00:00,19.642180064258344,28.330704562883753
2020-12-18 18:30:00,19.65488782907197,28.10516063113731
2020-12-18 19:00:00,19.42576644645057,26.317071699434216
2020-12-18 19:30:00,19.379427055773306,26.17791669057267
2020-12-18 20:00:00,19.170413757916826,27.018224075937237
2020-12-18 20:30:00,19.23840469382192,25.66644495935814
2020-12-18 21:00:00,19.26543633271101,24.575204958564925
2020-12-18 21:30:00,18.970041272833964,24.26513589421325
2020-12-18 22:00:00,18.971977129711767,24.42388000500409
2020-12-18 22:30:00,19.00438299070135,23.747289095482934
2020-12-18 23:00:00,18.725266424137207,22.68427046494014
2020-12-18 23:30:00,18.650081379356312,22.147200197291852
2020-12-19 00:00:00,18.404425176053167,22.45511132566989
2020-12-19 00:30:00,18.35000347951553,21.911331547877573
2020-12-19 01:00:00,18.309784284277484,21.554845884186026
2020-12-19 01:30:00,18.192408479316292,20.650512617930442
2020-12-19 02:00:00,18.084915034288592,20.79788874652828
2020-12-19 02:30:00,18.063579952707606,20.471081198628593
2020-12-19 03:00:00,18.08431785800268,20.96725038792311
2020-12-19 03:30:00,18.037942289381633,20.14722048328653
2020-12-19 04:00:00,18.2415716360044,19.246354956684243
2020-12-19 04:30:00,18.06933684900078,20.203050489162
2020-12-19 05:00:00,18.138593585280514,18.310423235987034
2020-12-19 05:30:00,18.237791848431858,20.098478906682605
2020-12-19 06:00:00,18.30654383851647,20.291158053871918
2020-12-19 06:30:00,18.34233369516399,20.145864604183085
2020-12-19 07:00:00,18.10315538548673,21.856323159051726
2020-12-19 07:30:00,18.270292725564868,21.5119110758131
2020-12-19 08:00:00,18.55586531424271,23.10819391527722
2020-12-19 08:30:00,18.672293113015805,23.56476928306313
2020-12-19 09:00:00,18.58691609290508,24.060192409262655
2020-12-19 09:30:00,18.6140572076554,23.952377058989555
2020-12-19 10:00:00,18.79861188247844,24.263376270482965
2020-12-19 10:30:00,18.994759683230736,25.008191065871713
2020-12-19 11:00:00,19.09816453754124,25.532146753086703
2020-12-19 11:30:00,19.158245548224162,26.66526897851157
2020-12-19 12:00:00,19.252118543460575,26.70555291878195
2020-12-19 12:30:00,19.22823134293145,27.211966339581593
2020-12-19 13:00:00,19.306269113276798,27.540341074127344
2020-12-19 13:30:00,19.737606183695597,28.44411541839515
2020-12-19 14:00:00,19.60736875572073,28.728588117848403
2020-12-19 14:30:00,19.713224269961273,28.33347564848378
2020-12-19 15:00:00,19.5538855463986,28.39117007458952
2020-12-19 15:30:00,19.713965405656918,28.823638201945396
2020-12-19 16:00:00,19.590445189228717,28.7279397562386
2020-12-19 16:30:00,19.600993301491272,27.664703574473823
2020-12-19 17:00:00,19.616263496524958,27.602888851386957
2020-12-19 17:30:00,19.634356625699205,27.4368049492653
2020-12-19 18:00:00,19.625288028617764,26.56486689976167
2020-12-19 18:30:00,19.58044373426495,26.76147266554328
2020-12-19 19:00:00,19.211279992850834,25.678080451207663
2020-12-19 19:30:00,19.268329451383295,25.462192902469635
2020-12-19 20:00:00,19.518677023500686,25.3311815905328
2020-12-19 20:30:00,19.078619119928497,25.07443219578431
2020-12-19 21:00:00,19.21353600642299,24.904240581833914
2020-12-19 21:30:00,18.892196670588184,22.37762479373187
2020-12-19 22:00:00,19.083778364007287,22.678806793693926
2020-12-19 22:30:00,18.761765344510078,23.011424412393406
2020-12-19 23:00:00,18.854624897002083,21.799252715041717
2020-12-19 23:30:00,18.687562459891513,20.9678056741055
2020-12-20 00:00:00,17.87051828461309,21.576836494880357
2020-12-20 00:30:00,17.815563422235638,20.205682153593475
2020-12-20 01:00:00,17.92745634133069,20.162256005141856
2020-12-20 01:30:00,17.767685471840604,19.755433468183462
2020-12-20 02:00:00,17.728702393141784,17.924705325945908
2020-12-20 02:30:00,17.71289352996839,18.735132922279178
2020-12-20 03:00:00,17.362424590207098,19.57742345682257
2020-12-20 03:30:00,17.647671966409572,19.300375461411484
2020-12-20 04:00:00,17.38191523336316,19.216759741246833
2020-12-20 04:30:00,17.533368790068955,19.46571885803834
2020-12-20 05:00:00,17.54092832308624,19.394112406359245
2020-12-20 05:30:00,17.662315963227133,20.653457882376085
2020-12-20 06:00:00,17.635605657111242,20.63712843064685
2020-12-20 06:30:00,17.86302851331818,21.285052313921284
2020-12-20 07:00:00,17.9360010128742,21.339175582463437
2020-12-20 07:30:00,17.750731091571886,22.381623843801293
2020-12-20 08:00:00,17.731001850949262,21.231466071595634
2020-12-20 08:30:00,18.061579099872127,22.1837435671924
2020-12-20 09:00:00,18.202386978560508,23.64849193703227
2020-12-20 09:30:00,18.398325274838164,23.495099683298758
2020-12-20 10:00:00,18.291661740305656,24.984377367049316
2020-12-20 10:30:00,18.216130772975117,24.932160114176146
2020-12-20 11:00:00,18.48393998454409,26.073070377023924
2020-12-20 11:30:00,18.719429067294975,26.0478533611036
2020-12-20 12:00:00,18.762626363066506,26.561516401825948
2020-12-20 12:30:00,18.788128119962803,27.734859851355157
2020-12-20 13:00:00,18.855876394134476,27.32379039104793
2020-12-20 13:30:00,18.950249348155893,28.219249083421534
2020-12-20 14:00:00,18.976368632780172,28.58806222929873
2020-12-20 14:30:00,19.004363350548097,28.9390088184901
2020-12-20 15:00:00,18.930491172303125,28.28967693628519
2020-12-20 15:30:00,19.283401442453552,29.16969860445129
2020-12-20 16:00:00,19.025185671919676,28.446975760359706
2020-12-20 16:30:00,19.327612749115655,27.714463457147044
2020-12-20 17:00:00,19.00005324138705,28.521315944379626
2020-12-20 17:30:00,18.937723863205306,27.407887490148152
2020-12-20 18:00:00,19.148595523400203,26.529834097705766
2020-12-20 18:30:00,18.92061745786151,27.00983844998798
2020-12-20 19:00:00,18.870552837087892,26.399224918664668
2020-12-20 19:30:00,18.841359722861828,25.332573808858214
2020-12-20 20:00:00,18.74592021337007,24.525482638416047
2020-12-20 20:30:00,18.65111732596282,23.513770870956797
2020-12-20 21:00:00,18.455015632409612,23.8843841665997
2020-12-20 21:30:00,18.33356285080918,22.863616682352163
2020-12-20 22:00:00,18.33569052542199,22.646820138545646
2020-12-20 22:30:00,18.20237876423299,23.41637484569205
2020-12-20 23:00:00,18.16538398189683,22.43283818993289
2020-12-20 23:30:00,17.796188510386017,21.69056928386656
2020-12-21 00:00:00,17.882374637868818,21.02552255219753
2020-12-21 00:30:00,18.060068477210073,19.453659706091436
2020-12-21 01:00:00,17.714587711292772,19.442945991081817
2020-12-21 01:30:00,17.79593981628072,18.96807770900095
2020-12-21 02:00:00,17.816510284612203,18.57564823702563
2020-12-21 02:30:00,17.83220654309339,18.640385781612213
2020-12-21 03:00:00,17.62270962357482,18.46093897862329
2020-12-21 03:30:00,17.598948803104413,19.04171394505864
2020-12-21 04:00:00,17.623538887969918,18.060920709483547
2020-12-21 04:30:00,17.612842531411914,17.71293441041947
2020-12-21 05:00:00,17.520044729354495,18.903483440197075
2020-12-21 05:30:00,17.694851519333,19.06576914905251
2020-12-21 06:00:00,17.760461468013965,20.87650303590204
2020-12-21 06:30:00,17.778499375572366,19.95771536124274
2020-12-21 07:00:00,17.859644649672312,20.872190532624224
2020-12-21 07:30:00,17.95981246550446,21.128529250894353
2020-12-21 08:00:00,18.131397810608338,22.31455749592125
2020-12-21 08:30:00,18.096350181259336,22.67185627983402
2020-12-21 09:00:00,18.110984879847262,22.265540508751677
2020-12-21 09:30:00,18.271310240435568,22.65329246416335
2020-12-21 10:00:00,18.32754900291064,24.380021347519264
2020-12-21 10:30:00,18.59411188094759,24.126269948869968
2020-12-21 11:00:00,18.685301683247076,24.989741095929112
2020-12-21 11:30:00,18.57815676076218,24.657110017521386
2020-12-21 12:00:00,18.81593234110485,25.603464119971438
2020-12-21 12:30:00,18.603809907291648,26.08775335731973
2020-12-21 13:00:00,18.941144762752952,26.59176329391839
2020-12-21 13:30:00,18.997814801065836,27.139781679530014
2020-12-21 14:00:00,18.97262385410913,25.88295786877501
2020-12-21 14:30:00,19.038050636823908,26.785346764636056
2020-12-21 15:00:00,19.09847742028489,26.799618278863854
2020-12-21 15:30:00,19.076740463026802,26.928578248659683
2020-12-21 16:00:00,19.18758293199757,27.141718811653426
2020-12-21 16:30:00,18.989356996798325,26.614307707023062
2020-12-21 17:00:00,19.096853331107013,27.263759315254088
2020-12-21 17:30:00,19.12658973836854,26.489456359198357
2020-12-21 18:00:00,19.13896157565755,25.901488777021324
2020-12-21 18:30:00,18.961799212279033,25.49029400889906
2020-12-21 19:00:00,18.670925473833293,24.86548215090318
2020-12-21 19:30:00,18.726132158535826,24.534950260056274
2020-12-21 20:00:00,18.732111812691823,23.463922845146165
2020-12-21 20:30:00,18.572978572617625,24.025980338573945
2020-12-21 21:00:00,18.45610105272656,22.672079030948254
2020-12-21 21:30:00,18.444205326006156,22.158591680240992
2020-12-21 22:00:00,18.400215691843098,22.253526167670422
2020-12-21 22:30:00,18.252375588263796,21.51543493737872
2020-12-21 23:00:00,18.25437966375462,20.900168877439675
2020-12-21 23:30:00,18.133775534679877,19.963859237752708
2020-12-22 00:00:00,18.5110880509458,20.350377646682954
2020-12-22 00:30:00,18.45919479137952,20.202593312945737
2020-12-22 01:00:00,18.389171408430695,19.09174160554258
2020-12-22 01:30:00,18.326082366033198,19.481552304745527
2020-12-22 02:00:00,18.4042787846468,19.13610699260127
2020-12-22 02:30:00,18.456972553505828,18.238828789614477
2020-12-22 03:00:00,18.14954260651054,19.328205686784557
2020-12-22 03:30:00,18.3454040157927,18.380398608705576
2020-12-22 04:00:00,18.15404220523363,18.59801957863124
2020-12-22 04:30:00,18.254727394990617,18.76656810547557
2020-12-22 05:00:00,18.441472954656295,17.891863564618383
2020-12-22 05:30:00,18.448129381415644,18.608619097581354
2020-12-22 06:00:00,18.403109136057655,18.902427492725877
2020-12-22 06:30:00,18.24229114473942,20.19343644374103
2020-12-22 07:00:00,18.53048784642733,20.6127518182436
2020-12-22 07:30:00,18.453895428768178,20.641025793043163
2020-12-22 08:00:00,18.588827235936865,20.86552810246449
2020-12-22 08:30:00,18.449758020266465,21.558100941018928
2020-12-22 09:00:00,18.804331217667045,22.233652614734098
2020-12-22 09:30:00,18.920468552836,22.97450188502789
2020-12-22 10:00:00,19.019546611900687,23.546059923056493
2020-12-22 10:30:00,18.983329807930282,23.300948706575188
2020-12-22 11:00:00,19.31068581150356,25.161720943377222
2020-12-22 11:30:00,19.317147504696315,25.238313032121148
2020-12-22 12:00:00,19.545664556007015,25.44952669253217
2020-12-22 12:30:00,19.454505609810028,26.678673926569708
2020-12-22 13:00:00,19.44728880327117,26.224534748742755
2020-12-22 13:30:00,19.468664990700134,26.05519998542478
2020-12-22 14:00:00,19.599656021782682,26.977525297975195
2020-12-22 14:30:00,19.648362352042597,27.210650630042917
2020-12-22 15:00:00,19.956849392465212,26.88941550062976
2020-12-22 15:30:00,19.53758574484477,26.625974304273782
2020-12-22 16:00:00,19.73777451455696,25.931318418971113
2020-12-22 16:30:00,19.772494352320717,26.28372299155977
2020-12-22 17:00:00,19.745668545830778,26.073193593594777
2020-12-22 17:30:00,19.670915087813945,26.127132258432592
2020-12-22 18:00:00,19.749828375529216,25.256936126169396
2020-12-22 18:30:00,19.62846442656644,24.965696572046085
2020-12-22 19:00:00,19.734525400894533,25.384908840683394
2020-12-22 19:30:00,19.63394778459402,24.507197253745584
2020-12-22 20:00:00,19.345448134020092,24.82914599413997
2020-12-22 20:30:00,19.314913906035084,24.888266003571516
2020-12-22 21:00:00,19.040741471684935,23.45105485560642
2020-12-22 21:30:00,19.281960131007292,24.05764423770086
2020-12-22 22:00:00,18.82068191784604,21.493262700971545
2020-12-22 22:30:00,18.899971932235886,22.27564767463406
2020-12-22 23:00:00,18.917653764024905,21.635869178944667
2020-12-22 23:30:00,18.571369318602937,20.287431649216867
2020-12-23 00:00:00,18.649920927420432,21.083682104768478
2020-12-23 00:30:00,18.38091535483543,20.259520492175426
2020-12-23 01:00:00,18.31925633593012,20.077011706994504
2020-12-23 01:30:00,18.461600667043363,19.796349016121063
2020-12-23 02:00:00,18.31966855866187,19.93583062174792
2020-12-23 02:30:00,18.327786823558156,19.545445768233787
2020-12-23 03:00:00,18.146240977736042,19.42617472778945
2020-12-23 03:30:00,18.278734413181184,19.938985058818293
2020-12-23 04:00:00,18.237606921968855,20.69981814397358
2020-12-23 04:30:00,18.141910065534596,20.621659482696984
2020-12-23 05:00:00,18.227020831712277,20.719280414647542
2020-12-23 05:30:00,18.493964262153206,21.28625339480902
2020-12-23 06:00:00,18.205536853632974,22.16605511132379
2020-12-23 06:30:00,18.401099507091327,21.254140387878866
2020-12-23 07:00:00,18.364361197729227,22.39771428644672
2020-12-23 07:30:00,18.49255348474003,21.788293601447226
2020-12-23 08:00:00,18.639896718274834,22.403083409227065
2020-12-23 08:30:00,18.61227477331938,23.284658013925153
2020-12-23 09:00:00,18.829699643031375,23.541257424425133
2020-12-23 09:30:00,18.95438187576543,24.438421071722118
2020-12-23 10:00:00,18.868985320268376,25.252585595319193
2020-12-23 10:30:00,19.017065585149652,25.08864570883612
2020-12-23 11:00:00,19.187893187631882,25.71659296218949
2020-12-23 11:30:00,19.343988258170725,27.123448714714385
2020-12-23 12:00:00,19.408823152430784,27.500226032403084
2020-12-23 12:30:00,19.575325664787048,28.598476472863368
2020-12-23 13:00:00,19.766585630091384,29.188964113686012
2020-12-23 13:30:00,19.62671249893308,27.918488573013615
2020-12-23 14:00:00,19.844315515599515,29.37100770423495
2020-12-23 14:30:00,19.646851582636074,28.7993871514035
2020-12-23 15:00:00,19.747819049347942,28.051802331562854
2020-12-23 15:30:00,19.82646968598201,28.668296531199758
2020-12-23 16:00:00,19.705022052842736,29.017939957563563
2020-12-23 16:30:00,19.69553595375395,28.576872071388355
2020-12-23 17:00:00,19.563440251299127,28.31905375971317
2020-12-23 17:30:00,19.563524525999,28.110612784283145
2020-12-23 18:00:00,19.623734133862996,27.504914777177067
2020-12-23 18:30:00,19.687813908211858,28.397082484183986
2020-12-23 19:00:00,19.508211411932624,26.994221253482337
2020-12-23 19:30:00,19.492145605516754,26.118759075662922
2020-12-23 20:00:00,19.360342673690944,25.86342614425111
2020-12-23 20:30:00,19.31948416752109,25.812377121816944
2020-12-23 21:00:00,19.1234637919818,25.729614956111178
2020-12-23 21:30:00,19.177940973718965,25.63590698649608
2020-12-23 22:00:00,18.91431680141412,23.374039058532478
2020-12-23 22:30:00,18.794536036621572,24.179834976103415
2020-12-23 23:00:00,18.899132566067337,24.27631060883125
2020-12-23 23:30:00,18.648687960775334,24.17339853653256
2020-12-24 00:00:00,14.847653141630795,22.468139476776184
2020-12-24 00:30:00,14.569393954102832,21.92563677709831
2020-12-24 01:00:00,14.551157634388044,21.509467743835692
2020-12-24 01:30:00,14.56144619580814,21.858338360470707
2020-12-24 02:00:00,14.32400994965556,22.220869537673472
2020-12-24 02:30:00,14.486280250064286,22.0611723651513
2020-12-24 03:00:00,14.467272974894545,20.751768471054255
2020-12-24 03:30:00,14.570765713688417,20.45017704248142
2020-12-24 04:00:00,14.480044482384052,21.628636902309264
2020-12-24 04:30:00,14.531180611432042,21.418484340715054
2020-12-24 05:00:00,14.616760777000874,20.655088786252534
2020-12-24 05:30:00,14.394537707173804,21.493394839963873
2020-12-24 06:00:00,14.470648621978954,21.768647071871374
2020-12-24 06:30:00,14.469593955122347,21.917997410625237
2020-12-24 07:00:00,14.619343013451683,21.007673681354436
2020-12-24 07:30:00,14.68517970020542,23.512595640484
2020-12-24 08:00:00,14.552869859612352,23.273288551484345
2020-12-24 08:30:00,14.91146099138928,23.114518588230506
2020-12-24 09:00:00,14.936635651388222,24.38599312208258
2020-12-24 09:30:00,14.866656902788053,25.43559730499297
2020-12-24 10:00:00,14.946968741995391,25.71636514895362
2020-12-24 10:30:00,15.094778211294,26.33839032182622
2020-12-24 11:00:00,15.084061637841279,27.287135623459683
2020-12-24 11:30:00,15.402671794633612,28.251026641724874
2020-12-24 12:00:00,15.268997247907109,27.927637933277662
2020-12-24 12:30:00,15.353521370208762,28.252061367144137
2020-12-24 13:00:00,15.4679060461376,28.34958273305054
2020-12-24 13:30:00,15.619350207304967,29.073377411121257
2020-12-24 14:00:00,15.477711051916907,30.03622246970767
2020-12-24 14:30:00,15.520027778481635,29.826170467612997
2020-12-24 15:00:00,15.614907840658224,30.52193943159777
2020-12-24 15:30:00,15.65482603088596,28.974453115603502
2020-12-24 16:00:00,15.686829323498102,30.784987038653867
2020-12-24 16:30:00,15.757718413186549,29.3899581458835
2020-12-24 17:00:00,15.523200290091312,29.539729108459518
2020-12-24 17:30:00,15.709499355865741,29.283612813822227
2020-12-24 18:00:00,15.645430895859542,28.380248003916385
2020-12-24 18:30:00,15.287923070128743,27.302284312338276
2020-12-24 19:00:00,15.402042893539942,27.558389271639957
2020-12-24 19:30:00,15.329416664709095,25.520470117069234
2020-12-24 20:00:00,15.391923108672831,25.682306187170468
2020-12-24 20:30:00,15.308434428776982,25.408912782586274
2020-12-24 21:00:00,15.150919026561754,24.47610795856966
2020-12-24 21:30:00,15.201891091623434,24.764914848662627
2020-12-24 22:00:00,15.160544900112182,23.496881349617052
2020-12-24 22:30:00,14.923039519874159,23.286682838025293
2020-12-24 23:00:00,14.960124789808598,22.3089496067781
2020-12-24 23:30:00,14.904862273636946,21.674382463280438
2020-12-25 00:00:00,14.592115763306525,20.870597430316813
2020-12-25 00:30:00,14.578724417026558,21.232526406281632
2020-12-25 01:00:00,14.250994875807088,19.977124048884697
2020-12-25 01:30:00,14.385684166720667,20.98465861455931
2020-12-25 02:00:00,14.128601071732131,19.250531456861548
2020-12-25 02:30:00,14.263893857871643,19.509351519589163
2020-12-25 03:00:00,14.178966803905737,20.139221045117836
2020-12-25 03:30:00,14.081205234810918,19.67162997274451
2020-12-25 04:00:00,14.43665908104883,19.105539585487776
2020-12-25 04:30:00,14.164957126792928,20.424253556812882
2020-12-25 05:00:00,14.176751406645383,19.2689592478422
2020-12-25 05:30:00,14.272143231853386,20.12042941261868
2020-12-25 06:00:00,14.298137092682522,18.970534242035004
2020-12-25 06:30:00,14.29510069508318,21.756350960328533
2020-12-25 07:00:00,14.391372115590716,21.44699987346416
2020-12-25 07:30:00,14.468859555049523,21.81289383917944
2020-12-25 08:00:00,14.522966629443843,22.16966350357815
2020-12-25 08:30:00,14.600517766063199,24.086412634573048
2020-12-25 09:00:00,14.647888195704454,23.743445916159448
2020-12-25 09:30:00,14.857857466574556,24.71510880681942
2020-12-25 10:00:00,14.875580033957034,25.0248621029163
2020-12-25 10:30:00,15.063524882151295,25.489638927128052
2020-12-25 11:00:00,14.992241926383985,26.35304347325281
2020-12-25 11:30:00,14.99677796464944,26.68635463776976
2020-12-25 12:00:00,15.172022002323398,27.994011494172103
2020-12-25 12:30:00,15.265882460797355,27.679436768313295
2020-12-25 13:00:00,15.419789976413492,28.076333662698755
2020-12-25 13:30:00,15.370884850362199,28.79192546812538
2020-12-25 14:00:00,15.291370204359659,29.32639529600908
2020-12-25 14:30:00,15.449249096721658,29.173277514979247
2020-12-25 15:00:00,15.356057382401405,27.738830368797025
2020-12-25 15:30:00,15.448038518483417,28.176012542109557
2020-12-25 16:00:00,15.40249940046999,29.00691032604695
2020-12-25 16:30:00,15.491802334224102,28.02711412322211
2020-12-25 17:00:00,15.286064225355707,28.51623113329926
2020-12-25 17:30:00,15.32318235701708,28.262069327130625
2020-12-25 18:00:00,15.349388191271633,27.025297161364836
2020-12-25 18:30:00,15.277323564976493,27.35008337434941
2020-12-25 19:00:00,15.421931924403625,25.824745528907464
2020-12-25 19:30:00,15.381321714539935,27.06732671567351
2020-12-25 20:00:00,15.014294657962513,26.774239013064886
2020-12-25 20:30:00,15.084610956390595,24.937470643064835
2020-12-25 21:00:00,15.007085872556745,24.892019324187324
2020-12-25 21:30:00,14.988295250125676,25.109082055095925
2020-12-25 22:00:00,14.687502887004337,23.390594367484336
2020-12-25 22:30:00,14.785746535758461,23.250988042934907
2020-12-25 23:00:00,14.645290123753739,22.884292192546297
2020-12-25 23:30:00,14.715136913369383,21.9577156855622
2020-12-26 00:00:00,14.690025080504606,20.309806570473032
2020-12-26 00:30:00,14.535609706536553,21.31787685070679
2020-12-26 01:00:00,14.547222413101975,19.596903206352945
2020-12-26 01:30:00,14.505925559640977,19.80951799087331
2020-12-26 02:00:00,14.41325403504024,19.068148006114075
2020-12-26 02:30:00,14.492592831021334,20.03526546599041
2020-12-26 03:00:00,14.362587873694302,19.575625640249264
2020-12-26 03:30:00,14.361234790670675,20.470124089441423
2020-12-26 04:00:00,14.425501901642036,19.707412412243237
2020-12-26 04:30:00,14.445483389266423,20.29749102654575
2020-12-26 05:00:00,14.401290006116414,20.12693154657642
2020-12-26 05:30:00,14.430670290785557,20.04052268758805
2020-12-26 06:00:00,14.429933482610343,20.255170261065437
2020-12-26 06:30:00,14.675787223944202,20.0267166395606
2020-12-26 07:00:00,14.470314920071077,21.33429489005998
2020-12-26 07:30:00,14.61904164281459,21.596784197100774
2020-12-26 08:00:00,14.61201647121538,21.84419293925809
2020-12-26 08:30:00,14.967138192840496,23.248133720339684
2020-12-26 09:00:00,14.869936673880677,23.28640273611185
2020-12-26 09:30:00,14.95968112959519,23.538650575149862
2020-12-26 10:00:00,15.03309054813064,24.89324122209699
2020-12-26 10:30:00,15.00663561590382,25.423811866237987
2020-12-26 11:00:00,15.09291734627238,26.650770289559315
2020-12-26 11:30:00,15.15376324434953,25.803322556933306
2020-12-26 12:00:00,15.172945510988423,27.057182058961573
2020-12-26 12:30:00,15.404203278661932,28.15756523111155
2020-12-26 13:00:00,15.381437732897341,28.853101257949035
2020-12-26 13:30:00,15.604594693323707,28.639099651205424
2020-12-26 14:00:00,15.499594247261564,28.788723744449957
2020-12-26 14:30:00,15.634177104849137,28.98138450194733
2020-12-26 15:00:00,15.654925106223892,28.588546525884627
2020-12-26 15:30:00,15.540963857137198,28.21413754389513
2020-12-26 16:00:00,15.486779517646944,28.983401071177852
2020-12-26 16:30:00,15.6288166683301,29.3478252539946
2020-12-26 17:00:00,15.467902944295542,28.66888650593314
2020-12-26 17:30:00,15.496418029153828,28.082703641819215
2020-12-26 18:00:00,15.616139300078874,27.65451159234616
2020-12-26 18:30:00,15.613753637872696,26.404048283744068
2020-12-26 19:00:00,15.4349025757657,27.713041725396945
2020-12-26 19:30:00,15.346645815476284,26.61311287278635
2020-12-26 20:00:00,15.277655610255989,26.642202831495382
2020-12-26 20:30:00,15.135154754596241,25.666246696830754
2020-12-26 21:00:00,15.046639388357109,24.833132860531176
2020-12-26 21:30:00,15.09530654142206,23.202155377699164
2020-12-26 22:00:00,14.77379272313196,23.21256180114243
2020-12-26 22:30:00,15.082014801217698,22.922061223094776
2020-12-26 23:00:00,14.87425918576079,21.421025583093467
2020-12-26 23:30:00,14.913149462284046,22.06305752002401
2020-12-27 00:00:00,14.540645467289322,20.97217526048161
2020-12-27 00:30:00,14.611207938628272,20.505286301163082
2020-12-27 01:00:00,14.54729607675869,19.409361642215316
2020-12-27 01:30:00,14.59450341977616,18.582513357204007
2020-12-27 02:00:00,14.4363245877278,19.596870672159955
2020-12-27 02:30:00,14.413252424070258,19.067532885405488
2020-12-27 03:00:00,14.379685760643637,19.157887610005066
2020-12-27 03:30:00,14.494631496869175,19.337269801547134
2020-12-27 04:00:00,14.385214307406358,19.39046141345827
2020-12-27 04:30:00,14.384968535820562,19.215030738418935
2020-12-27 05:00:00,14.392363136797663,20.048140851838305
2020-12-27 05:30:00,14.349172159035403,19.971535850706974
2020-12-27 06:00:00,14.410042712598678,21.527507090793573
2020-12-27 06:30:00,14.435308315654396,21.765769789890257
2020-12-27 07:00:00,14.471204860484207,21.448132994781133
2020-12-27 07:30:00,14.63543195782587,20.911297102015165
2020-12-27 08:00:00,14.831037768230273,22.705567313485485
2020-12-27 08:30:00,14.857568926880562,24.105090290051443
2020-12-27 09:00:00,14.729909419310072,23.807571236328933
2020-12-27 09:30:00,14.917339717777265,25.405901265043358
2020-12-27 10:00:00,14.877733241492937,25.82898865410043
2020-12-27 10:30:00,14.998132489181142,25.677475736184668
2020-12-27 11:00:00,15.295005356843916,27.313399205455735
2020-12-27 11:30:00,15.28932547526174,26.67458132804149
2020-12-27 12:00:00,15.170013931477548,27.303148560076995
2020-12-27 12:30:00,15.24341208846102,28.209808724393422
2020-12-27 13:00:00,15.132224538466778,27.499530965756986
2020-12-27 13:30:00,15.409015446470624,29.038317971929384
2020-12-27 14:00:00,15.576931734798706,28.410505510383754
2020-12-27 14:30:00,15.639165096458816,28.576990207324002
2020-12-27 15:00:00,15.582911987058564,28.40753022689535
2020-12-27 15:30:00,15.675550551495943,28.79332016119254
2020-12-27 16:00:00,15.582510367999717,28.836787484284446
2020-12-27 16:30:00,15.739771903514528,29.150006156104343
2020-12-27 17:00:00,15.60106329719059,28.673341883504502
2020-12-27 17:30:00,15.480775195164325,27.07099217897565
2020-12-27 18:00:00,15.588605823598797,27.45727920885536
2020-12-27 18:30:00,15.421686979989046,27.491237461226348
2020-12-27 19:00:00,15.459186070626643,26.557032399682303
2020-12-27 19:30:00,15.15341910096627,26.812734665226227
2020-12-27 20:00:00,15.447485045545335,26.306644320414577
2020-12-27 20:30:00,15.259935340057714,25.51123005604712
2020-12-27 21:00:00,15.249436220508338,24.670074326472346
2020-12-27 21:30:00,15.08924939874215,24.758816066309357
2020-12-27 22:00:00,14.993552815744076,22.837710413369955
2020-12-27 22:30:00,14.990960264713095,24.137277144120567
2020-12-27 23:00:00,14.827627893075023,23.047109763464793
2020-12-27 23:30:00,14.741114131503078,22.36462264022475
2020-12-28 00:00:00,14.518472028852335,22.0277144895687
2020-12-28 00:30:00,14.321548981295466,20.709677113457616
2020-12-28 01:00:00,14.311825569824984,20.99149430493135
2020-12-28 01:30:00,14.034009974639922,21.06964358536709
2020-12-28 02:00:00,14.39676026733263,20.98620351969678
2020-12-28 02:30:00,14.152251058496505,20.60499441770245
2020-12-28 03:00:00,14.141418006106438,19.696151979341472
2020-12-28 03:30:00,14.226359195049774,19.497587094994866
2020-12-28 04:00:00,14.165717953754632,19.48300588599858
2020-12-28 04:30:00,14.139439057102182,20.72381928282275
2020-12-28 05:00:00,14.078251801454282,21.458085648726467
2020-12-28 05:30:00,14.221787437381533,20.978272212647003
2020-12-28 06:00:00,14.150883936033956,20.98537444234071
2020-12-28 06:30:00,14.378361796158297,21.653819389545244
2020-12-28 07:00:00,14.515354798774709,22.095334309992467
2020-12-28 07:30:00,14.305610750763417,23.434243790689248
2020-12-28 08:00:00,14.526194289937182,23.588751591372674
2020-12-28 08:30:00,14.38227206625755,23.111630337292574
2020-12-28 09:00:00,14.65179162437646,24.991448704465625
2020-12-28 09:30:00,14.775439438785087,25.923169029028553
2020-12-28 10:00:00,14.885142439866867,25.70884352548307
2020-12-28 10:30:00,14.722022430842113,25.456336387552604
2020-12-28 11:00:00,14.94744672232697,27.391821150044056
2020-12-28 11:30:00,15.023096074999344,27.346222356969253
2020-12-28 12:00:00,15.148686498758199,27.671197609050836
2020-12-28 12:30:00,15.195715543316657,28.627109733301243
2020-12-28 13:00:00,15.155334574151103,29.010570523683647
2020-12-28 13:30:00,15.486711424331753,29.95767338830458
2020-12-28 14:00:00,15.415735536286505,29.586093347679753
2020-12-28 14:30:00,15.190017002859495,29.58235299026762
2020-12-28 15:00:00,15.251010927329355,29.356719068608562
2020-12-28 15:30:00,15.34068745571836,29.11518913922244
2020-12-28 16:00:00,15.543185219288771,29.176243020100355
2020-12-28 16:30:00,15.54499974437669,29.83732480198455
2020-12-28 17:00:00,15.284743234943562,28.54611483589294
2020-12-28 17:30:00,15.195921419130023,29.987117701551227
2020-12-28 18:00:00,15.30884310591734,28.105081454071623
2020-12-28 18:30:00,15.197123058458866,27.650950582652207
2020-12-28 19:00:00,15.215051719836135,27.348671928625194
2020-12-28 19:30:00,15.073065246655265,27.75847384788763
2020-12-28 20:00:00,15.05703925292714,26.51997631584429
2020-12-28 20:30:00,15.08064741717949,25.849408551013898
2020-12-28 21:00:00,15.06021925254061,25.214617220508327
2020-12-28 21:30:00,14.821027634961263,25.546524026704247
2020-12-28 22:00:00,14.821019535137276,25.063242404526576
2020-12-28 22:30:00,14.766269768275496,24.423406224760683
2020-12-28 23:00:00,14.610863975757523,23.66591114005522
2020-12-28 23:30:00,14.410787625161044,23.371255931579192
2020-12-29 00:00:00,14.412517944719315,22.66779952597056
2020-12-29 00:30:00,14.463062220834157,22.98921493253001
2020-12-29 01:00:00,14.318065019776492,22.037170599154646
2020-12-29 01:30:00,14.268768391208814,22.141948977281714
2020-12-29 02:00:00,14.17427183192328,21.382810921631943
2020-12-29 02:30:00,14.31513221054353,20.934646845512102
2020-12-29 03:00:00,14.037305496168916,22.1488185198708
2020-12-29 03:30:00,14.260985186855832,21.86094043424821
2020-12-29 04:00:00,14.230907156089195,21.73104153753726
2020-12-29 04:30:00,14.082097517599319,22.63917583605889
2020-12-29 05:00:00,14.109307993244423,21.2982588460585
2020-12-29 05:30:00,14.232875224243385,20.775918553699896
2020-12-29 06:00:00,14.163449626994288,21.748990895868758
2020-12-29 06:30:00,14.266452389104487,22.21782406244266
2020-12-29 07:00:00,14.38490511530725,22.980750033252573
2020-12-29 07:30:00,14.397272840239268,23.564159981003055
2020-12-29 08:00:00,14.420316609254552,23.94449795088021
2020-12-29 08:30:00,14.398070983683594,24.75733818116746
2020-12-29 09:00:00,14.565415197643945,25.714130653644098
2020-12-29 09:30:00,14.743008268860383,26.05777481094583
2020-12-29 10:00:00,14.882997922672924,26.825257679669715
2020-12-29 10:30:00,14.765104086018177,26.325336595549672
2020-12-29 11:00:00,14.953311554149392,28.029562957358845
2020-12-29 11:30:00,15.001594301830455,27.38129737953883
2020-12-29 12:00:00,15.074467857048258,28.09912291644757
2020-12-29 12:30:00,15.050636167363779,28.83958773596217
2020-12-29 13:00:00,15.28607455767546,29.033248229525462
2020-12-29 13:30:00,15.216985683939566,28.547148526241504
2020-12-29 14:00:00,15.364984792284197,28.953625571726583
2020-12-29 14:30:00,15.33766187579095,28.369566424305834
2020-12-29 15:00:00,15.397890969078276,29.027554112180223
2020-12-29 15:30:00,15.336535386971393,29.054524674570327
2020-12-29 16:00:00,15.311100385571814,29.41683422528146
2020-12-29 16:30:00,15.281806442246868,28.755991600126844
2020-12-29 17:00:00,15.469284131821285,27.77804891716152
2020-12-29 17:30:00,15.327741929853193,27.858469746319713
2020-12-29 18:00:00,15.449465141955535,28.437181098518742
2020-12-29 18:30:00,15.081115538415148,27.683054015477673
2020-12-29 19:00:00,15.421625139800067,27.25300622280162
2020-12-29 19:30:00,15.077423649753538,26.597857367717594
2020-12-29 20:00:00,15.02643937763701,27.22837160321588
2020-12-29 20:30:00,14.831189524932478,27.026487276883806
2020-12-29 21:00:00,14.933550849899884,24.88598000807753
2020-12-29 21:30:00,14.722892032170543,25.940818437864937
2020-12-29 22:00:00,14.773181659634133,24.875933147518833
2020-12-29 22:30:00,14.747751541275523,23.946599280697946
2020-12-29 23:00:00,14.609293291911037,23.57805765150032
2020-12-29 23:30:00,14.45167705191601,22.07132149931055
2020-12-30 00:00:00,15.231544322663208,23.08549902436175
2020-12-30 00:30:00,15.032136918837976,23.308020002253908
2020-12-30 01:00:00,15.097576070264502,22.835715582850753
2020-12-30 01:30:00,14.882623062698391,22.018522276832222
2020-12-30 02:00:00,15.186069715755163,21.751387164437904
2020-12-30 02:30:00,14.850505909100766,22.614055283508637
2020-12-30 03:00:00,14.768902484872457,22.08701168291995
2020-12-30 03:30:00,14.86932660302411,21.990898254723767
2020-12-30 04:00:00,14.993727400533434,21.843979553509477
2020-12-30 04:30:00,14.946907081428451,21.261246394421597
2020-12-30 05:00:00,14.874924457016679,21.85066763628131
2020-12-30 05:30:00,14.85851107051179,21.396950232461666
2020-12-30 06:00:00,14.910556909295394,22.55650388492011
2020-12-30 06:30:00,14.853429055035717,22.758809024878342
2020-12-30 07:00:00,15.08263146209708,23.081667581670366
2020-12-30 07:30:00,14.956377602318675,23.825529804392215
2020-12-30 08:00:00,15.172039544470232,25.492859476484345
2020-12-30 08:30:00,15.052223426012029,24.534338058639115
2020-12-30 09:00:00,15.2889018636986,25.372771508056193
2020-12-30 09:30:00,15.466280110344554,26.440567673281745
2020-12-30 10:00:00,15.665033327549278,26.408310210281268
2020-12-30 10:30:00,15.463241493698577,27.72406262495255
2020-12-30 11:00:00,15.584836003048503,29.00631770471096
2020-12-30 11:30:00,15.811115042088558,29.162041836169497
2020-12-30 12:00:00,15.754584479083372,28.58916173026274
2020-12-30 12:30:00,15.865520547407678,28.65564078374962
2020-12-30 13:00:00,15.980835348002975,29.38995982039314
2020-12-30 13:30:00,16.061697500305932,29.942366388430006
2020-12-30 14:00:00,16.21881863305107,30.549295374082885
2020-12-30 14:30:00,16.138931183005624,29.42544093185613
2020-12-30 15:00:00,16.250855732066725,30.083005501886973
2020-12-30 15:30:00,16.09452813796094,29.65869061184372
2020-12-30 16:00:00,16.296015736931512,29.716721797141165
2020-12-30 16:30:00,16.112864334823453,29.21533714922033
2020-12-30 17:00:00,16.030054301549356,29.626500026233174
2020-12-30 17:30:00,16.22285687305713,28.952839891728654
2020-12-30 18:00:00,16.21057481946902,29.45154004839867
2020-12-30 18:30:00,16.062302556292792,29.27730151327622
2020-12-30 19:00:00,15.856300951861684,28.7966909042809
2020-12-30 19:30:00,15.95120883505375,27.502223007938095
2020-12-30 20:00:00,15.748278581754825,26.00579752325038
2020-12-30 20:30:00,15.717413781560587,26.408214808909193
2020-12-30 21:00:00,15.671462226630005,26.06216258523941
2020-12-30 21:30:00,15.652982239077772,24.68211265943382
2020-12-30 22:00:00,15.606401346403553,25.098095719364537
2020-12-30 22:30:00,15.581013339175627,24.832269891380594
2020-12-30 23:00:00,15.194011677761203,24.00058208332457
2020-12-30 23:30:00,15.256360163659151,22.789658536251455
2020-12-31 00:00:00,15.335363831242462,21.94312208527045
2020-12-31 00:30:00,15.331072039972481,22.647986723221063
2020-12-31 01:00:00,15.24779057837237,21.95186084886769
2020-12-31 01:30:00,15.060429960315135,21.02948253905993
2020-12-31 02:00:00,14.942367950868869,21.460590540306796
2020-12-31 02:30:00,14.883041333235786,20.567062515942858
2020-12-31 03:00:00,14.922333603848438,21.26794667998509
2020-12-31 03:30:00,14.98791306950878,20.938405157400144
2020-12-31 04:00:00,15.0323260513768,20.1673274209549
2020-12-31 04:30:00,15.122681958271533,21.224342537119504
2020-12-31 05:00:00,15.104109332272428,20.287384822613408
2020-12-31 05:30:00,15.068852702325623,20.91433109452081
2020-12-31 06:00:00,14.892891862212391,21.840138962946483
2020-12-31 06:30:00,15.12974996752011,21.725873865602075
2020-12-31 07:00:00,15.126348237694003,22.6340654300385
2020-12-31 07:30:00,15.060780035752675,23.211776362052166
2020-12-31 08:00:00,15.521326983460176,23.429437421633903
2020-12-31 08:30:00,15.492157371497884,23.799292081550885
2020-12-31 09:00:00,15.470302608335201,25.20768079693507
2020-12-31 09:30:00,15.562916770857525,24.684029909417415
2020-12-31 10:00:00,15.586567325553505,25.69897472588528
2020-12-31 10:30:00,15.72026822467268,25.98652326350062
2020-12-31 11:00:00,15.920541063784386,27.029996141903254
2020-12-31 11:30:00,15.725385746624763,26.810952641386045
2020-12-31 12:00:00,15.847564991941676,26.59487494786259
2020-12-31 12:30:00,16.156223141637952,28.27340721558794
2020-12-31 13:00:00,16.085403739379228,29.668087642464933
2020-12-31 13:30:00,15.934278389510546,29.043576392975428
2020-12-31 14:00:00,16.159729823853002,30.656941841885494
2020-12-31 14:30:00,16.37326784513265,30.004114289913947
2020-12-31 15:00:00,16.1888939292158,30.76231754874436
2020-12-31 15:30:00,16.337239451252625,31.091171111221538
2020-12-31 16:00:00,16.171956919135823,30.75133576479915
2020-12-31 16:30:00,16.377708397724902,30.568465986989395
2020-12-31 17:00:00,16.199271931234268,30.21268289760883
2020-12-31 17:30:00,16.156047747332874,28.92974593608814
2020-12-31 18:00:00,16.2199776176549,28.639306386689473
2020-12-31 18:30:00,16.136583992248074,28.867006998269662
2020-12-31 19:00:00,16.130707826979435,27.63035148011746
2020-12-31 19:30:00,15.967100795309728,26.526902951689813
2020-12-31 20:00:00,16.121984622999182,26.678254983318265
2020-12-31 20:30:00,15.958296892077154,25.73069388425653
2020-12-31 21:00:00,15.813038037428102,26.041977918378038
2020-12-31 21:30:00,15.690921476444666,24.707992388262596
2020-12-31 22:00:00,15.530814915030907,23.96408600008801
2020-12-31 22:30:00,15.643428789902861,23.670005335183152
2020-12-31 23:00:00,15.5406255732071,23.658579326877494
2020-12-31 23:30:00,15.499549940134806,22.183468283663164
2021-01-01 00:00:00,14.808037623280478,21.9372351461745
2021-01-01 00:30:00,14.686341428208275,21.196790791735346
2021-01-01 01:00:00,14.695602927622724,21.869518950610104
2021-01-01 01:30:00,14.657696131274458,21.39124990045324
2021-01-01 02:00:00,14.536749995212821,20.77159105639956
2021-01-01 02:30:00,14.476379050174648,21.155132662401066
2021-01-01 03:00:00,14.474831234577456,19.381387609082864
2021-01-01 03:30:00,14.416678682394863,19.42019420952251
2021-01-01 04:00:00,14.565039086748863,19.297568126137605
2021-01-01 04:30:00,14.4372956122164,19.758957515046472
2021-01-01 05:00:00,14.517342335196268,21.456066955109385
2021-01-01 05:30:00,14.598481949511488,21.330143409604386
2021-01-01 06:00:00,14.503463138977155,21.977503964769312
2021-01-01 06:30:00,14.548583994357783,21.467307812779502
2021-01-01 07:00:00,14.861776022661923,22.43862286882359
2021-01-01 07:30:00,14.828396334353767,22.739512069138517
2021-01-01 08:00:00,14.90944932213335,23.164693158416704
2021-01-01 08:30:00,14.890413627169588,23.947796925737286
2021-01-01 09:00:00,14.9423224924819,24.467870654478638
2021-01-01 09:30:00,15.085727050666812,25.350343919988305
2021-01-01 10:00:00,15.126966174805176,26.458042770573538
2021-01-01 10:30:00,15.258217883470726,27.225820931578383
2021-01-01 11:00:00,15.24467848829489,27.4347112252896
2021-01-01 11:30:00,15.542396955510641,27.70573183360373
2021-01-01 12:00:00,15.405421504095964,27.365119308770545
2021-01-01 12:30:00,15.519171225494068,27.850341600782244
2021-01-01 13:00:00,15.645587932308297,27.926963908760495
2021-01-01 13:30:00,15.592090374930125,28.54583176278108
2021-01-01 14:00:00,15.751630599920029,28.590198716885936
2021-01-01 14:30:00,15.699350710078717,28.10251132167337
2021-01-01 15:00:00,15.70171573927286,28.36798507677819
2021-01-01 15:30:00,15.784735671459288,28.614633823186413
2021-01-01 16:00:00,15.706850811528959,29.09140141964458
2021-01-01 16:30:00,15.83076995504167,28.58598397828192
2021-01-01 17:00:00,15.571670330036275,27.88159716888986
2021-01-01 17:30:00,15.683375886137933,28.601334571120166
2021-01-01 18:00:00,15.619224407764793,28.137964946951683
2021-01-01 18:30:00,15.725049700605533,27.840378234929734
2021-01-01 19:00:00,15.716574508390137,28.507477418553716
2021-01-01 19:30:00,15.443789651776237,26.435628821049068
2021-01-01 20:00:00,15.600113777323735,26.60583580224426
2021-01-01 20:30:00,15.369447696631957,24.84028998802096
2021-01-01 21:00:00,15.415881071813109,24.245878409651404
2021-01-01 21:30:00,15.297880145589511,23.723178124317837
2021-01-01 22:00:00,15.333656921627052,24.553483205689048
2021-01-01 22:30:00,15.086520630367326,22.99636584406269
2021-01-01 23:00:00,15.003959134500683,22.778171761238212
2021-01-01 23:30:00,14.994109000088715,21.961937046813688
2021-01-02 00:00:00,14.888889579042525,22.165489868212582
2021-01-02 00:30:00,14.771127155504164,21.537062164231394
2021-01-02 01:00:00,14.6797347144996,21.031095917404024
2021-01-02 01:30:00,14.810308789041455,21.14708258228949
2021-01-02 02:00:00,14.506912026881631,19.651552677848628
2021-01-02 02:30:00,14.596049212954526,20.712618525297614
2021-01-02 03:00:00,14.514902410459415,20.312237512473896
2021-01-02 03:30:00,14.584393509267274,20.060897662476634
2021-01-02 04:00:00,14.578770316073555,19.86895064414321
2021-01-02 04:30:00,14.605627141654875,20.77313674385193
2021-01-02 05:00:00,14.51010981401642,20.37630506420019
2021-01-02 05:30:00,14.426762108913163,20.461158211955233
2021-01-02 06:00:00,14.679581588154164,20.338242664219173
2021-01-02 06:30:00,14.559001035862236,21.965476549734873
2021-01-02 07:00:00,14.656947531622977,21.18999119479778
2021-01-02 07:30:00,14.77903971925387,21.66727074970406
2021-01-02 08:00:00,14.758573399558923,22.43269068627126
2021-01-02 08:30:00,14.901938466682614,21.923795672328822
2021-01-02 09:00:00,14.837580416560208,23.32821796743579
2021-01-02 09:30:00,15.1672972849992,24.591336512312257
2021-01-02 10:00:00,15.233619366864113,25.5503849839738
2021-01-02 10:30:00,15.142287419518604,25.960765615630923
2021-01-02 11:00:00,15.349979471527847,25.936206301536362
2021-01-02 11:30:00,15.448006592366237,26.758482074516646
2021-01-02 12:00:00,15.436209195382771,28.028218827971074
2021-01-02 12:30:00,15.801474125202324,27.742246144612036
2021-01-02 13:00:00,15.537525155459102,28.62786524661175
2021-01-02 13:30:00,15.676127200227787,27.965415558883812
2021-01-02 14:00:00,15.620883624744128,28.004792501689508
2021-01-02 14:30:00,15.744657835573115,28.088481208370272
2021-01-02 15:00:00,15.812076569628097,27.7499362804005
2021-01-02 15:30:00,15.783521918632605,28.199524681135415
2021-01-02 16:00:00,15.895026066843338,28.609914079029604
2021-01-02 16:30:00,15.85480398536257,27.741678976669558
2021-01-02 17:00:00,15.808922978111656,28.98711217405442
2021-01-02 17:30:00,15.602974476597682,27.92292491082422
2021-01-02 18:00:00,15.734518553606284,28.43875214158363
2021-01-02 18:30:00,15.736513585907348,27.65418513882404
2021-01-02 19:00:00,15.647354199815695,26.519309581105066
2021-01-02 19:30:00,15.564133034932244,27.285177584771986
2021-01-02 20:00:00,15.66763416646585,24.7179318482529
2021-01-02 20:30:00,15.324757152052907,25.673803980244475
2021-01-02 21:00:00,15.317460429422022,25.210544986294522
2021-01-02 21:30:00,15.160235779598656,24.34195423382945
2021-01-02 22:00:00,15.061813851714634,24.485731102673373
2021-01-02 22:30:00,15.038110575111494,23.062476313405124
2021-01-02 23:00:00,14.76035370541103,22.674605148407608
2021-01-02 23:30:00,14.929274798337971,22.066556216806195
2021-01-03 00:00:00,18.608371385071166,21.787468403651324
2021-01-03 00:30:00,18.806336291801706,21.847152633099277
2021-01-03 01:00:00,18.582058381920877,20.66193221046393
2021-01-03 01:30:00,18.571889089597985,20.675548321897818
2021-01-03 02:00:00,18.527807354745743,20.501495854674765
2021-01-03 02:30:00,18.692703471358616,21.44576861226395
2021-01-03 03:00:00,18.394633903999736,20.678241839683803
2021-01-03 03:30:00,18.48928132995555,20.73947023572592
2021-01-03 04:00:00,18.487812140907746,20.417796821817767
2021-01-03 04:30:00,18.421089659446075,21.012040027973775
2021-01-03 05:00:00,18.576995262669918,21.870847261752342
2021-01-03 05:30:00,18.426438042871784,21.774416686978995
2021-01-03 06:00:00,18.42640561409099,22.794440214248397
2021-01-03 06:30:00,18.607971054693813,21.167057450563707
2021-01-03 07:00:00,18.70674198859121,22.571300055264437
2021-01-03 07:30:00,18.805487177806143,22.08237426092589
2021-01-03 08:00:00,18.86473415815413,24.444460529251103
2021-01-03 08:30:00,19.023507559832915,23.447293854413125
2021-01-03 09:00:00,18.994403219142562,23.843355522749018
2021-01-03 09:30:00,19.067008807853366,25.45039672818947
2021-01-03 10:00:00,18.976408026666444,25.768795111895482
2021-01-03 10:30:00,19.411288915313765,26.9257544381381
2021-01-03 11:00:00,19.35192503575454,27.504939091696446
2021-01-03 11:30:00,19.450555354634236,27.54499951150027
2021-01-03 12:00:00,19.620229859894746,28.416458410182585
2021-01-03 12:30:00,19.702587933194334,29.47795156767182
2021-01-03 13:00:00,19.563040078501967,29.384827781273522
2021-01-03 13:30:00,19.786471014625036,29.217563837471925
2021-01-03 14:00:00,19.8265782981354,28.634218149072918
2021-01-03 14:30:00,19.965609759082906,30.017527793136452
2021-01-03 15:00:00,19.864592095657006,29.763349432347958
2021-01-03 15:30:00,20.158582440650946,29.916486616292808
2021-01-03 16:00:00,20.13242915796295,30.84998315184368
2021-01-03 16:30:00,19.726293247295324,28.885974287304347
2021-01-03 17:00:00,20.033294532659585,28.173312238444133
2021-01-03 17:30:00,19.889574550235775,28.906048167641163
2021-01-03 18:00:00,19.75563164209695,28.502612347132917
2021-01-03 18:30:00,19.93691202647234,27.95802274582247
2021-01-03 19:00:00,19.60204440475653,27.164870846781486
2021-01-03 19:30:00,19.622428497450628,27.448222173742582
2021-01-03 20:00:00,19.46799220122045,25.66056330889058
2021-01-03 20:30:00,19.47846431181345,25.537672277588946
2021-01-03 21:00:00,19.355001786389266,25.517545770761643
2021-01-03 21:30:00,19.223085427881834,25.787771728122316
2021-01-03 22:00:00,19.235213603213698,23.86511416976535
2021-01-03 22:30:00,19.002024825308606,24.35708993086978
2021-01-03 23:00:00,18.884049293235183,23.74492858915948
2021-01-03 23:30:00,18.87965306491035,21.304500930819138
2021-01-04 00:00:00,18.425884984223675,21.87356541298405
2021-01-04 00:30:00,18.62112467399655,21.385190735415108
2021-01-04 01:00:00,18.192718620614286,22.004741539238566
2021-01-04 01:30:00,18.36198724514946,20.73721586332255
2021-01-04 02:00:00,18.14398829045348,19.656173906449506
2021-01-04 02:30:00,18.212937224102173,20.41856692163315
2021-01-04 03:00:00,18.270631788535564,20.409953078723266
2021-01-04 03:30:00,18.11975467081469,19.681581522832474
2021-01-04 04:00:00,18.226702581232033,20.09198863163612
2021-01-04 04:30:00,18.210417919868913,19.8587691964177
2021-01-04 05:00:00,18.21229277397768,21.35860520732013
2021-01-04 05:30:00,18.10134334056966,20.8824993682568
2021-01-04 06:00:00,18.11554944799536,20.95567903319198
2021-01-04 06:30:00,18.44899476967319,22.297063761337842
2021-01-04 07:00:00,18.344473099705027,22.05795428693188
2021-01-04 07:30:00,18.42471552721333,21.73261436311319
2021-01-04 08:00:00,18.598969022275753,23.293451515466156
2021-01-04 08:30:00,18.49899025035572,23.746634010670423
2021-01-04 09:00:00,18.756546705338355,24.369634459344883
2021-01-04 09:30:00,18.900987012372827,25.53424641725092
2021-01-04 10:00:00,18.66711962942702,26.148272642639025
2021-01-04 10:30:00,18.883649244449114,25.489098022065768
2021-01-04 11:00:00,19.200241238696115,26.29123614774611
2021-01-04 11:30:00,19.120687409359228,26.160966235768033
2021-01-04 12:00:00,19.284037168242122,26.989702480729875
2021-01-04 12:30:00,19.40675247305695,27.46112652581419
2021-01-04 13:00:00,19.46547831752336,27.97521856315561
2021-01-04 13:30:00,19.752671310102283,28.59497773129269
2021-01-04 14:00:00,19.596421116294046,28.999685111417303
2021-01-04 14:30:00,19.46063707402488,28.549604843521937
2021-01-04 15:00:00,19.67310387347265,30.09725452098075
2021-01-04 15:30:00,19.571219488148543,29.423588311549516
2021-01-04 16:00:00,19.675685389099648,29.740998812172073
2021-01-04 16:30:00,19.77832000564075,28.2757152505939
2021-01-04 17:00:00,19.519346648206177,28.131229207744365
2021-01-04 17:30:00,19.635936208579164,27.49672699715476
2021-01-04 18:00:00,19.419082114146835,28.227668544503857
2021-01-04 18:30:00,19.30560864331647,28.100616809074953
2021-01-04 19:00:00,19.400726093481175,27.885666357889278
2021-01-04 19:30:00,19.441673025224254,26.89793906981897
2021-01-04 20:00:00,19.494224385785778,26.73049703764083
2021-01-04 20:30:00,19.238604091243307,24.99015031066259
2021-01-04 21:00:00,18.987380316968096,24.981768046716272
2021-01-04 21:30:00,18.955183754090076,24.972830902646095
2021-01-04 22:00:00,19.022469558873585,23.03318244007475
2021-01-04 22:30:00,18.950965092226088,22.766262796673136
2021-01-04 23:00:00,18.714830487273588,22.026326046037397
2021-01-04 23:30:00,18.677405277982288,22.479953840091973
2021-01-05 00:00:00,18.48640464912817,21.690733913991586
2021-01-05 00:30:00,18.12273029862854,20.900622223251876
2021-01-05 01:00:00,17.90439489567204,20.695679065214403
2021-01-05 01:30:00,17.79105748604804,20.878768219219932
2021-01-05 02:00:00,17.963775708076835,20.08179587954346
2021-01-05 02:30:00,17.966596386096864,19.668982074612035
2021-01-05 03:00:00,18.065457528747654,20.01464458712219
2021-01-05 03:30:00,17.784905899709354,19.510528195717438
2021-01-05 04:00:00,18.04864995186165,19.062725638917254
2021-01-05 04:30:00,17.880180295098437,19.595514813261595
2021-01-05 05:00:00,17.999414751922924,20.417735351895733
2021-01-05 05:30:00,17.764717353838076,19.311276532586387
2021-01-05 06:00:00,18.064872376806566,20.73938994914484
2021-01-05 06:30:00,18.12067431827453,19.962981789327905
2021-01-05 07:00:00,18.002778471901266,20.195049677795616
2021-01-05 07:30:00,18.085296377350918,20.667297569266452
2021-01-05 08:00:00,18.164810917296506,22.431341285368802
2021-01-05 08:30:00,18.337670618503488,22.80758923392475
2021-01-05 09:00:00,18.310863756380318,22.498859833127547
2021-01-05 09:30:00,18.39049554184647,23.213463341545125
2021-01-05 10:00:00,18.64690063546099,23.586925342533384
2021-01-05 10:30:00,18.7690407020026,22.964525954189387
2021-01-05 11:00:00,18.93175490538377,24.084998642620832
2021-01-05 11:30:00,19.008708610022342,24.542375332581372
2021-01-05 12:00:00,18.79813440657797,26.216571905969587
2021-01-05 12:30:00,19.03219876164657,24.787671590425965
2021-01-05 13:00:00,19.33532539579866,27.771039754225267
2021-01-05 13:30:00,19.55144231161911,27.151533369722035
2021-01-05 14:00:00,19.288499693025983,26.980479946736924
2021-01-05 14:30:00,19.31728827458882,28.042442903698117
2021-01-05 15:00:00,19.378460832885263,28.612044370382524
2021-01-05 15:30:00,19.41869141677075,28.380815818457652
2021-01-05 16:00:00,19.452357667113343,28.433125071835402
2021-01-05 16:30:00,19.5516018701821,27.894940372518388
2021-01-05 17:00:00,19.348390144913633,28.444493673165532
2021-01-05 17:30:00,19.505729447520334,27.828377069970514
2021-01-05 18:00:00,19.148845932476533,27.65486980911229
2021-01-05 18:30:00,19.16993029589516,26.137802806018442
2021-01-05 19:00:00,19.318359553444612,27.314138667598723
2021-01-05 19:30:00,18.94547788031661,27.405313275480378
2021-01-05 20:00:00,19.13219900421352,25.965858139904032
2021-01-05 20:30:00,18.96167315228822,25.241155706653462
2021-01-05 21:00:00,18.738131383597047,23.999271614311
2021-01-05 21:30:00,18.82971876733283,23.820137863788535
2021-01-05 22:00:00,18.67150383652658,23.404504862016854
2021-01-05 22:30:00,18.293926283885668,22.469170383730827
2021-01-05 23:00:00,18.325527735057136,22.88661134038121
2021-01-05 23:30:00,18.335004661271384,22.83313447610556
2021-01-06 00:00:00,18.0786286601141,22.501191316831807
2021-01-06 00:30:00,18.039544074297787,21.66029675189043
2021-01-06 01:00:00,17.665715139427842,21.174209861564364
2021-01-06 01:30:00,17.634841660061223,20.575406307263634
2021-01-06 02:00:00,17.973683463684353,20.664558247815524
2021-01-06 02:30:00,17.528700642393105,19.979213905526667
2021-01-06 03:00:00,17.794938043299176,20.104307629908796
2021-01-06 03:30:00,17.4834318799438,19.92572117729187
2021-01-06 04:00:00,17.436106312876724,20.072042424925947
2021-01-06 04:30:00,17.74667000440444,19.5408986959696
2021-01-06 05:00:00,17.677671143372336,20.446026922253747
2021-01-06 05:30:00,17.456546065643277,20.775224956819642
2021-01-06 06:00:00,17.702520387917275,20.017061584143256
2021-01-06 06:30:00,17.668429503002482,20.30491179425773
2021-01-06 07:00:00,17.8347519196544,22.91381143384443
2021-01-06 07:30:00,18.094702959025966,23.208941053971863
2021-01-06 08:00:00,17.89926047581272,23.1806909237891
2021-01-06 08:30:00,17.866789684692208,23.482408552022008
2021-01-06 09:00:00,18.17821078485953,24.889344228594794
2021-01-06 09:30:00,18.279703935745726,25.633322282592722
2021-01-06 10:00:00,18.438150820626923,25.772399455025905
2021-01-06 10:30:00,18.427508544549102,26.217116774345826
2021-01-06 11:00:00,18.4379020419414,26.531773464204743
2021-01-06 11:30:00,18.67698959910891,27.564791838758282
2021-01-06 12:00:00,18.729619866740006,28.7618721173062
2021-01-06 12:30:00,18.982225455845068,27.677409842734058
2021-01-06 13:00:00,18.912108335559676,29.531264752633895
2021-01-06 13:30:00,18.940059451827544,28.06061583777044
2021-01-06 14:00:00,18.983677884512552,28.431753622660086
2021-01-06 14:30:00,18.92011829482412,28.523803644195212
2021-01-06 15:00:00,19.176015280674033,29.755702408161362
2021-01-06 15:30:00,19.240058416214247,29.66690817210312
2021-01-06 16:00:00,18.986260753778517,29.269528362533023
2021-01-06 16:30:00,19.1320302189892,29.29523324864902
2021-01-06 17:00:00,19.165053860513755,29.002220695612497
2021-01-06 17:30:00,18.979647407937808,29.364049022958348
2021-01-06 18:00:00,18.925931293190953,29.27934966457007
2021-01-06 18:30:00,18.830263438596216,28.77733603993503
2021-01-06 19:00:00,19.033735555729056,28.65094725379974
2021-01-06 19:30:00,19.00982934874287,27.44096938525087
2021-01-06 20:00:00,18.556966565568402,27.693184604073757
2021-01-06 20:30:00,18.77132294292162,26.592309121217685
2021-01-06 21:00:00,18.733715515656158,26.008823948107594
2021-01-06 21:30:00,18.574136629657854,25.240697177833145
2021-01-06 22:00:00,18.607225343624126,24.876181285895267
2021-01-06 22:30:00,18.437337885937335,23.63122344183237
2021-01-06 23:00:00,18.16631235102583,23.20927808687573
2021-01-06 23:30:00,18.088627066428025,21.890277052956545
2021-01-07 00:00:00,17.989443634769383,22.50877783386367
2021-01-07 00:30:00,17.818613642534352,21.489474433235127
2021-01-07 01:00:00,17.734750899160154,21.11054212436605
2021-01-07 01:30:00,17.683689024074756,21.40079011032734
2021-01-07 02:00:00,17.715785261469442,20.713202665262582
2021-01-07 02:30:00,17.67589055733678,21.267729757614514
2021-01-07 03:00:00,17.685271562617675,21.370154967303236
2021-01-07 03:30:00,17.662220029218773,20.4368679177169
2021-01-07 04:00:00,17.652997542304902,21.478070396697376
2021-01-07 04:30:00,17.65266366181868,21.49105745155755
2021-01-07 05:00:00,17.53890711885111,20.611476290044333
2021-01-07 05:30:00,17.666474070702932,20.87954720131283
2021-01-07 06:00:00,17.69780969217111,21.326408365260583
2021-01-07 06:30:00,17.719205922601457,21.216894711930536
2021-01-07 07:00:00,17.75795193456315,21.804937442666837
2021-01-07 07:30:00,18.000117820592777,23.38555602217108
2021-01-07 08:00:00,18.169830632093937,23.76149992495304
2021-01-07 08:30:00,18.031005629364078,23.74632770187068
2021-01-07 09:00:00,18.171719259137916,25.43466701507308
2021-01-07 09:30:00,18.291545040023653,25.657477913564367
2021-01-07 10:00:00,18.50763226086703,25.774214879133915
2021-01-07 10:30:00,18.512721150436217,26.001458830501576
2021-01-07 11:00:00,18.59808703087459,26.94689482142609
2021-01-07 11:30:00,18.71865832985409,28.033686693040085
2021-01-07 12:00:00,18.744427462184397,28.375503937371477
2021-01-07 12:30:00,18.776441767601085,28.76667420727584
2021-01-07 13:00:00,18.785312936120434,29.305575631872085
2021-01-07 13:30:00,18.90912933445112,29.391070658753748
2021-01-07 14:00:00,19.021046514663862,29.486730469848485
2021-01-07 14:30:00,19.172330379415396,29.81437437831101
2021-01-07 15:00:00,19.168028945607976,30.001643159515194
2021-01-07 15:30:00,19.254839883464324,30.539935105632082
2021-01-07 16:00:00,19.371425522653094,30.39272474668795
2021-01-07 16:30:00,19.093951918222395,29.83915949088889
2021-01-07 17:00:00,19.129104079723078,30.703523536333932
2021-01-07 17:30:00,19.010530702482345,29.112881015594535
2021-01-07 18:00:00,19.085311309296724,28.154371371357982
2021-01-07 18:30:00,18.97930000756612,28.530538961151727
2021-01-07 19:00:00,18.97355352362636,27.6885321775414
2021-01-07 19:30:00,18.7111128493526,26.823895835211758
2021-01-07 20:00:00,18.801713739681393,27.276438240003852
2021-01-07 20:30:00,18.669748075244435,25.617758690908243
2021-01-07 21:00:00,18.601420770311744,25.436310952543195
2021-01-07 21:30:00,18.52717039794281,25.27833859406371
2021-01-07 22:00:00,18.379710962364893,25.530677439672274
2021-01-07 22:30:00,18.39762526142278,25.282163667170042
2021-01-07 23:00:00,18.0627230344845,24.630744160168415
2021-01-07 23:30:00,17.87404926607223,24.129362975937486
2021-01-08 00:00:00,17.806912868605732,22.353894175540688
2021-01-08 00:30:00,17.581805774662882,22.5797207102777
2021-01-08 01:00:00,17.738677729710254,23.305015502185157
2021-01-08 01:30:00,17.422245011989066,21.93771459416682
2021-01-08 02:00:00,17.499404081514374,21.50974698356839
2021-01-08 02:30:00,17.53933702889354,20.792776817893973
2021-01-08 03:00:00,17.50408313881864,21.854296462788955
2021-01-08 03:30:00,17.640521453681032,22.449177758647963
2021-01-08 04:00:00,17.456623200069824,22.778373758273638
2021-01-08 04:30:00,17.397574364263324,21.4164947509784
2021-01-08 05:00:00,17.46859660888793,22.27893534779524
2021-01-08 05:30:00,17.515898599562806,22.30409219377496
2021-01-08 06:00:00,17.399259436560424,23.22979100077108
2021-01-08 06:30:00,17.607791893372035,23.47038610983063
2021-01-08 07:00:00,17.56586484197339,21.664894414791952
2021-01-08 07:30:00,17.659819532332364,23.692070894577043
2021-01-08 08:00:00,17.9623123432027,24.890361577249465
2021-01-08 08:30:00,17.997497255200393,25.512546673207858
2021-01-08 09:00:00,17.870693802605345,25.722763011212162
2021-01-08 09:30:00,17.878489840398345,26.864809690921966
2021-01-08 10:00:00,18.219335557988664,27.310780185948087
2021-01-08 10:30:00,18.05172078852612,28.068569521472092
2021-01-08 11:00:00,18.42988684764368,28.21958982679814
2021-01-08 11:30:00,18.195453824004506,28.795835148110562
2021-01-08 12:00:00,18.856965941158396,29.962799474530396
2021-01-08 12:30:00,18.751583686175294,29.163695579126323
2021-01-08 13:00:00,18.55933283737805,30.7230693472313
2021-01-08 13:30:00,18.76724743239194,30.521978587405236
2021-01-08 14:00:00,18.858339384804676,30.097560518357138
2021-01-08 14:30:00,19.079207889094064,31.5345979646505
2021-01-08 15:00:00,18.816610725283493,31.5115266312539
2021-01-08 15:30:00,18.812859388816555,31.938127684340653
2021-01-08 16:00:00,19.07476510142726,31.86098353311657
2021-01-08 16:30:00,18.937825621951323,31.669809265252276
2021-01-08 17:00:00,18.96619103698378,31.676608760443138
2021-01-08 17:30:00,19.007217017240794,30.705164091609966
2021-01-08 18:00:00,18.893385107874717,30.834634353943752
2021-01-08 18:30:00,18.85797704777988,30.361476104397838
2021-01-08 19:00:00,18.680922865798788,30.106944686299922
2021-01-08 19:30:00,18.775729212225443,29.404142476103267
2021-01-08 20:00:00,18.55937598853511,29.029866541907623
2021-01-08 20:30:00,18.383281803447503,28.132947405871512
2021-01-08 21:00:00,18.215467416946268,27.426741369453488
2021-01-08 21:30:00,18.448384291409614,27.305376939127953
2021-01-08 22:00:00,18.252395794311354,25.908487715539422
2021-01-08 22:30:00,18.04151034166878,24.885503106133935
2021-01-08 23:00:00,17.92140774026896,24.189944104894032
2021-01-08 23:30:00,17.975580103933552,25.612231917109614
2021-01-09 00:00:00,18.322391320164954,23.478919733215104
2021-01-09 00:30:00,18.213479420928202,24.323383066933953
2021-01-09 01:00:00,18.024473069394105,23.031666024767205
2021-01-09 01:30:00,18.24780059592034,22.845764220198777
2021-01-09 02:00:00,17.925558046567545,22.494385998829735
2021-01-09 02:30:00,18.043686603841834,22.00745969582522
2021-01-09 03:00:00,18.32733787810027,22.61820400129392
2021-01-09 03:30:00,18.181306195956452,22.52384771997228
2021-01-09 04:00:00,17.995361921669296,22.625630197842646
2021-01-09 04:30:00,18.07401898942358,22.430915122185198
2021-01-09 05:00:00,17.97117251502446,22.519716360796558
2021-01-09 05:30:00,18.160580150683288,22.867300397916463
2021-01-09 06:00:00,18.091165278993422,22.926251860605714
2021-01-09 06:30:00,18.00295603505628,23.791935977114058
2021-01-09 07:00:00,18.2770368802353,24.294132935474988
2021-01-09 07:30:00,17.97107402222083,24.693150425591497
2021-01-09 08:00:00,18.260136474897262,25.26400733151126
2021-01-09 08:30:00,18.48211744437966,26.085081364814247
2021-01-09 09:00:00,18.719643202975725,26.685917096771064
2021-01-09 09:30:00,18.66700295563927,27.476480810546125
2021-01-09 10:00:00,18.66463262363578,27.63719664554339
2021-01-09 10:30:00,18.593459553363566,28.689640700973243
2021-01-09 11:00:00,18.91160464714934,28.035263129435386
2021-01-09 11:30:00,19.095509901746272,29.342694532842053
2021-01-09 12:00:00,19.112557235935117,30.332606585030952
2021-01-09 12:30:00,19.156450190882303,29.641111490862215
2021-01-09 13:00:00,19.20962805297549,30.722367038424547
2021-01-09 13:30:00,19.392988611626222,30.84118917189254
2021-01-09 14:00:00,19.411115718659797,31.99415559052903
2021-01-09 14:30:00,19.42736848461579,31.84871073624264
2021-01-09 15:00:00,19.2873544948041,31.408063467187645
2021-01-09 15:30:00,19.445467643188277,31.48358405741408
2021-01-09 16:00:00,19.50040533589205,32.44276367320233
2021-01-09 16:30:00,19.377172869513025,32.250536794110005
2021-01-09 17:00:00,19.608048501318844,31.253240414047728
2021-01-09 17:30:00,19.360014479427026,31.41180699430377
2021-01-09 18:00:00,19.254642437324677,30.100021757596082
2021-01-09 18:30:00,19.347192248051517,30.16558093316552
2021-01-09 19:00:00,19.367576622325615,28.85182226810671
2021-01-09 19:30:00,19.0833180208943,28.47794093700281
2021-01-09 20:00:00,19.194911346049913,27.947733520985793
2021-01-09 20:30:00,19.0928782007983,26.486916811090886
2021-01-09 21:00:00,19.02466773023632,27.76276406695599
2021-01-09 21:30:00,18.93876469376006,24.763479300627605
2021-01-09 22:00:00,18.713334559176857,25.195250658387245
2021-01-09 22:30:00,18.64744071773166,25.508577725308758
2021-01-09 23:00:00,18.494663000335827,25.24957733306013
2021-01-09 23:30:00,18.436118398551642,25.322377558746897
2021-01-10 00:00:00,18.387814299988353,24.543811393267884
2021-01-10 00:30:00,18.456670762287434,23.591787249828986
2021-01-10 01:00:00,18.006453540637033,23.30060812322358
2021-01-10 01:30:00,18.164707044963116,23.221820463421796
2021-01-10 02:00:00,18.172188252375868,22.512372264140257
2021-01-10 02:30:00,18.050203326573552,21.49362209863614
2021-01-10 03:00:00,17.91109198869134,21.9312781169162
2021-01-10 03:30:00,17.863860800323934,20.416824619454427
2021-01-10 04:00:00,17.946406853650675,20.03204400075794
2021-01-10 04:30:00,17.863179800572567,22.372928742781028
2021-01-10 05:00:00,18.073381070232003,21.041746318483632
2021-01-10 05:30:00,17.95124747172785,22.22793380925285
2021-01-10 06:00:00,18.161716422863282,21.625266824101484
2021-01-10 06:30:00,18.180615360455917,23.53018295117644
2021-01-10 07:00:00,18.051238037573267,23.90360288132118
2021-01-10 07:30:00,18.347629580932733,23.523921593274203
2021-01-10 08:00:00,18.320757252775433,24.03604595178429
2021-01-10 08:30:00,18.400523645096705,25.861032329820443
2021-01-10 09:00:00,18.659591129333883,25.460529476101648
2021-01-10 09:30:00,18.54403627670005,25.609167218595367
2021-01-10 10:00:00,18.62446154613803,27.51405014458903
2021-01-10 10:30:00,18.792058568310598,27.34340996145969
2021-01-10 11:00:00,18.91051269083552,27.93432898850192
2021-01-10 11:30:00,18.96816516082641,28.350409545792644
2021-01-10 12:00:00,19.317768707608593,28.213150555573844
2021-01-10 12:30:00,19.065526408743104,28.313591814268197
2021-01-10 13:00:00,19.34460123368056,28.448515354781673
2021-01-10 13:30:00,19.55195907919061,28.91549509454093
2021-01-10 14:00:00,19.07356059135386,29.92544360177312
2021-01-10 14:30:00,19.304593529888994,30.3699122955176
2021-01-10 15:00:00,19.510102233557497,30.277367065262645
2021-01-10 15:30:00,19.347383946041255,30.152459436869677
2021-01-10 16:00:00,19.472164317428096,30.02948733786081
2021-01-10 16:30:00,19.401531876099888,30.224929174323066
2021-01-10 17:00:00,19.525233403451626,29.7969937372716
2021-01-10 17:30:00,19.420012061091995,30.020134774830595
2021-01-10 18:00:00,19.44226880917211,29.12778291360038
2021-01-10 18:30:00,19.471180590051084,29.406437323109188
2021-01-10 19:00:00,19.26356620390967,29.945056794707416
2021-01-10 19:30:00,19.146700467547422,28.444402951181782
2021-01-10 20:00:00,19.21831146878583,28.0785441256583
2021-01-10 20:30:00,19.020953509464224,27.37026506502458
2021-01-10 21:00:00,18.9288816371781,26.227531035291776
2021-01-10 21:30:00,18.898945677894197,25.51846399888691
2021-01-10 22:00:00,18.842984822355493,24.73882280470247
2021-01-10 22:30:00,18.62154933316279,24.08680551827634
2021-01-10 23:00:00,18.487536696623255,23.574120153581507
2021-01-10 23:30:00,18.41357509898838,23.66097872997971
2021-01-11 00:00:00,19.120147110796054,23.142246222783832
2021-01-11 00:30:00,19.18538491835834,22.553901851722955
2021-01-11 01:00:00,18.950434512566105,22.289035547044225
2021-01-11 01:30:00,18.960845457879334,22.254959793736997
2021-01-11 02:00:00,18.771017196072886,22.204262586436133
2021-01-11 02:30:00,18.846003003274095,21.21325355981899
2021-01-11 03:00:00,18.77497689666595,22.200530115906666
2021-01-11 03:30:00,18.626556681540208,21.949710652194344
2021-01-11 04:00:00,18.794290661928923,20.67677686896158
2021-01-11 04:30:00,18.619275600961586,20.18620877395208
2021-01-11 05:00:00,18.72033805669456,21.983407741354416
2021-01-11 05:30:00,18.74615309988943,21.88414356778365
2021-01-11 06:00:00,18.88189812267636,21.660522691342564
2021-01-11 06:30:00,19.029155425910236,22.716269114491862
2021-01-11 07:00:00,18.88064447846557,23.722513706267623
2021-01-11 07:30:00,19.13654034791986,23.422308930195037
2021-01-11 08:00:00,18.952282372765957,24.751679763804347
2021-01-11 08:30:00,19.227118388751027,25.24786287418694
2021-01-11 09:00:00,19.15353613656331,26.075898286022525
2021-01-11 09:30:00,19.266940305046223,26.811118016382213
2021-01-11 10:00:00,19.430648534607304,27.23240031435091
2021-01-11 10:30:00,19.65955159231456,27.390254911773518
2021-01-11 11:00:00,19.39029116863859,28.82700540832797
2021-01-11 11:30:00,19.877048424094596,29.687791836414462
2021-01-11 12:00:00,19.755679828580146,29.680442331303304
2021-01-11 12:30:00,20.13001460685315,30.391139479442476
2021-01-11 13:00:00,20.014011691973458,30.741640780407252
2021-01-11 13:30:00,19.800178132423596,30.601365250724797
2021-01-11 14:00:00,20.19372524300266,31.46664691764802
2021-01-11 14:30:00,20.19256432534621,30.742777725995968
2021-01-11 15:00:00,20.292284785467945,30.784322807521907
2021-01-11 15:30:00,20.386133327211,30.866817118041777
2021-01-11 16:00:00,20.19677615192439,30.561475059422666
2021-01-11 16:30:00,20.199055085859513,30.19800688187586
2021-01-11 17:00:00,20.295921936955796,30.837964889238155
2021-01-11 17:30:00,20.300275006044103,29.403993688429107
2021-01-11 18:00:00,20.24116174642447,29.721831490724725
2021-01-11 18:30:00,20.31445957766041,29.567642602659888
2021-01-11 19:00:00,20.00092937835178,29.364588946531015
2021-01-11 19:30:00,19.66291639388658,28.475357554654604
2021-01-11 20:00:00,19.91260400394806,27.0051591487103
2021-01-11 20:30:00,19.62531885541269,27.30072284451431
2021-01-11 21:00:00,19.80024603031309,26.143204653983368
2021-01-11 21:30:00,19.398127679773612,26.814202400362674
2021-01-11 22:00:00,19.297903365206782,24.837202467931185
2021-01-11 22:30:00,19.513551344348315,23.958864418519504
2021-01-11 23:00:00,19.267321315538865,24.05084013489368
2021-01-11 23:30:00,19.095238345140555,23.48319015296409
2021-01-12 00:00:00,19.132544180696275,22.813123235674844
2021-01-12 00:30:00,19.083204847564236,23.775926159643912
2021-01-12 01:00:00,19.023750941484156,22.68924239984754
2021-01-12 01:30:00,18.774476282587393,22.415396206074927
2021-01-12 02:00:00,18.943666477882612,21.94828043664688
2021-01-12 02:30:00,18.787342756937623,22.00572334054586
2021-01-12 03:00:00,18.539780841284447,21.228938453844297
2021-01-12 03:30:00,18.8991354053085,22.721013611532186
2021-01-12 04:00:00,18.749904949079248,21.27984327424535
2021-01-12 04:30:00,18.5824841701818,22.39490080561252
2021-01-12 05:00:00,18.6853311082191,21.398846287849082
2021-01-12 05:30:00,19.060411048631632,22.664610290888223
2021-01-12 06:00:00,18.735434202208594,22.550556280998986
2021-01-12 06:30:00,18.91590015904503,24.531027815864505
2021-01-12 07:00:00,19.1284742476196,24.849539879728216
2021-01-12 07:30:00,19.096244507944245,25.326351071578454
2021-01-12 08:00:00,18.99548530919189,25.189869007325367
2021-01-12 08:30:00,19.18680899212639,25.548028676980298
2021-01-12 09:00:00,19.542131875636418,26.04952189446243
2021-01-12 09:30:00,19.504246340161473,26.59322932825492
2021-01-12 10:00:00,19.724122058163378,27.89893189174868
2021-01-12 10:30:00,19.644988711480224,28.806977409975683
2021-01-12 11:00:00,19.8929003266454,29.705312901766444
2021-01-12 11:30:00,19.914932138534752,29.34836613153432
2021-01-12 12:00:00,20.261217017335568,29.585465342768508
2021-01-12 12:30:00,20.10129229810469,30.16833209430286
2021-01-12 13:00:00,20.1742694734715,31.086195493659606
2021-01-12 13:30:00,20.193063067273155,31.210531090964402
2021-01-12 14:00:00,20.41781135535981,31.841086837270737
2021-01-12 14:30:00,20.267351620585764,31.258060906175665
2021-01-12 15:00:00,20.32450930335807,30.497981169497777
2021-01-12 15:30:00,20.307107036706675,32.12328504850273
2021-01-12 16:00:00,20.40166531152426,31.969042133312083
2021-01-12 16:30:00,20.27303624441807,31.306581303247462
2021-01-12 17:00:00,20.244728858695726,31.479305784573313
2021-01-12 17:30:00,20.312362317351155,29.939213216974593
2021-01-12 18:00:00,20.279338280495207,30.373482104683095
2021-01-12 18:30:00,20.307246172916923,30.02175273343376
2021-01-12 19:00:00,20.119743263135696,29.816876714920326
2021-01-12 19:30:00,20.090281706779997,28.877506724130757
2021-01-12 20:00:00,20.126272803584637,28.834074114780616
2021-01-12 20:30:00,19.928364786049602,28.594125146069626
2021-01-12 21:00:00,19.818846527167565,28.224505509883922
2021-01-12 21:30:00,19.58258644775422,27.371681041367104
2021-01-12 22:00:00,19.538960466783468,26.860999522443937
2021-01-12 22:30:00,19.584874606828397,26.40890960361264
2021-01-12 23:00:00,19.37429102004488,26.00264687022871
2021-01-12 23:30:00,19.215494210723357,26.192219733807544
2021-01-13 00:00:00,19.34450551272683,24.929983437572393
2021-01-13 00:30:00,19.33724178232544,25.32333575631489
2021-01-13 01:00:00,19.077202268462987,22.99324647492056
2021-01-13 01:30:00,19.156322984962085,23.13610002660692
2021-01-13 02:00:00,19.258350397519273,22.972692834501117
2021-01-13 02:30:00,19.05238892119291,23.05566475675958
2021-01-13 03:00:00,19.08445761875426,22.091421655250677
2021-01-13 03:30:00,18.994811586933075,22.756469877576123
2021-01-13 04:00:00,18.8931211777996,21.494513947179765
2021-01-13 04:30:00,19.02682358428466,21.84128663380654
2021-01-13 05:00:00,18.94431732355682,22.14753294562765
2021-01-13 05:30:00,19.004377299070544,21.705071691602313
2021-01-13 06:00:00,19.22161503943034,21.813620166703455
2021-01-13 06:30:00,19.063110012416512,23.54974082626555
2021-01-13 07:00:00,19.292110137807892,23.924022445547255
2021-01-13 07:30:00,19.192494751527033,24.88529495726808
2021-01-13 08:00:00,19.221287639903018,24.232025643163034
2021-01-13 08:30:00,19.589052576509857,25.98962800037316
2021-01-13 09:00:00,19.531051458738617,25.389129286815457
2021-01-13 09:30:00,19.891071741258365,25.712726705764208
2021-01-13 10:00:00,19.769302536286304,27.089482576923146
2021-01-13 10:30:00,20.11212110545578,28.018899629943167
2021-01-13 11:00:00,20.14783241817612,28.674148596364784
2021-01-13 11:30:00,20.17655502814776,28.822353945490935
2021-01-13 12:00:00,19.85384832003842,29.765315875335173
2021-01-13 12:30:00,20.306971292099707,30.504330087427235
2021-01-13 13:00:00,20.358200114143745,31.0168090336162
2021-01-13 13:30:00,20.628517146924736,31.72425901683775
2021-01-13 14:00:00,20.610958268029776,31.93319326470659
2021-01-13 14:30:00,20.647330615371228,31.392216112782265
2021-01-13 15:00:00,20.902303031874535,31.66354364402769
2021-01-13 15:30:00,20.65930065830925,33.03564546548618
2021-01-13 16:00:00,20.89992636828855,31.483214728182936
2021-01-13 16:30:00,20.680813152347817,32.0845596630644
2021-01-13 17:00:00,20.583877735149272,31.67236275269613
2021-01-13 17:30:00,20.686175690557675,31.287403777566386
2021-01-13 18:00:00,20.556114436586117,30.464634360361334
2021-01-13 18:30:00,20.5453292314877,30.645622505721676
2021-01-13 19:00:00,20.614719457318596,30.176099092130002
2021-01-13 19:30:00,20.363496436976764,30.123512575448462
2021-01-13 20:00:00,20.16186970875042,28.287637885115437
2021-01-13 20:30:00,20.41043347657822,27.442541021172453
2021-01-13 21:00:00,20.1171123968647,28.140967574104423
2021-01-13 21:30:00,19.94527886736256,26.460123895353714
2021-01-13 22:00:00,19.694271759451254,26.309214311271155
2021-01-13 22:30:00,19.88602178174996,25.56185968858174
2021-01-13 23:00:00,19.72191322779141,24.515426945556882
2021-01-13 23:30:00,19.592796665025507,23.56745420869957
2021-01-14 00:00:00,18.017826873906248,23.118825678762352
2021-01-14 00:30:00,18.149582108361315,22.089026559232593
2021-01-14 01:00:00,18.02481957073837,22.14532357685322
2021-01-14 01:30:00,17.979101866154192,21.696454203143276
2021-01-14 02:00:00,17.897990948814467,21.72941798242111
2021-01-14 02:30:00,17.98168120103235,21.15780906517753
2021-01-14 03:00:00,18.005587034471368,20.373737686403526
2021-01-14 03:30:00,17.87231552912518,21.2191500340445
2021-01-14 04:00:00,18.046548817585986,21.336260652966974
2021-01-14 04:30:00,17.886801954641374,20.574959932576743
2021-01-14 05:00:00,17.889025261668372,21.147249166792935
2021-01-14 05:30:00,17.83052568476724,21.146158370210976
2021-01-14 06:00:00,17.98018515175824,21.066582833601814
2021-01-14 06:30:00,18.00663779998445,21.590328688464695
2021-01-14 07:00:00,18.208207152567425,22.75789193541968
2021-01-14 07:30:00,18.06572891119794,22.580477239521787
2021-01-14 08:00:00,18.37781023971997,23.460366436533928
2021-01-14 08:30:00,18.33299823959195,23.247950965211878
2021-01-14 09:00:00,18.597347392778282,24.50070053678939
2021-01-14 09:30:00,18.507115026933107,24.339235180621095
2021-01-14 10:00:00,18.604729462984412,25.250427276227853
2021-01-14 10:30:00,18.705817634867145,25.748262650964907
2021-01-14 11:00:00,18.748736110987274,26.119670503900704
2021-01-14 11:30:00,18.88177515545273,27.31552977120407
2021-01-14 12:00:00,19.059867123641634,27.666752681089367
2021-01-14 12:30:00,19.069104057992387,27.614236215501048
2021-01-14 13:00:00,18.98297576736705,28.630073690904474
2021-01-14 13:30:00,19.27509817251369,27.985852548967486
2021-01-14 14:00:00,19.302579393299766,28.233514072879956
2021-01-14 14:30:00,19.22610287716451,27.980182960804658
2021-01-14 15:00:00,19.400415262417333,28.216436466897186
2021-01-14 15:30:00,19.3780907788517,27.817351636954935
2021-01-14 16:00:00,19.46321280385536,28.82647054932929
2021-01-14 16:30:00,19.54891794947312,27.43416108646729
2021-01-14 17:00:00,19.3505769576617,28.01084060920551
2021-01-14 17:30:00,19.391928400654848,28.085336112725294
2021-01-14 18:00:00,19.520983795371766,27.390862207844812
2021-01-14 18:30:00,19.239603876446107,25.875626361214636
2021-01-14 19:00:00,19.276262662192536,25.733985947249334
2021-01-14 19:30:00,19.206371984195606,25.744386356170452
2021-01-14 20:00:00,18.981344797366074,26.39639580907821
2021-01-14 20:30:00,18.95893148977815,25.722440493425893
2021-01-14 21:00:00,18.734197095648756,25.0344620147885
2021-01-14 21:30:00,18.693525441176423,23.154111204646185
2021-01-14 22:00:00,18.565018426783084,22.99186146370152
2021-01-14 22:30:00,18.609528532541987,22.99599444547747
2021-01-14 23:00:00,18.596536841561086,22.661406397490847
2021-01-14 23:30:00,18.389367617920275,21.528709335591437
2021-01-15 00:00:00,18.612879174453802,22.649076211808996
2021-01-15 00:30:00,18.385475309731667,21.31530648706411
2021-01-15 01:00:00,18.106442719128907,21.29200850633062
2021-01-15 01:30:00,18.29577094983641,21.314621501383048
2021-01-15 02:00:00,18.245435081728374,21.279313087645463
2021-01-15 02:30:00,18.15499320903678,20.217932751333695
2021-01-15 03:00:00,18.17084891027824,20.77504494813601
2021-01-15 03:30:00,18.091367003556154,19.631892209722
2021-01-15 04:00:00,18.096005870601044,20.22848895704504
2021-01-15 04:30:00,17.943143825497643,19.687435901577917
2021-01-15 05:00:00,18.201050454329167,20.09724052705173
2021-01-15 05:30:00,18.131574021318805,20.289168236386907
2021-01-15 06:00:00,18.29210745588484,20.734195123469142
2021-01-15 06:30:00,18.261704180654863,21.504895174609373
2021-01-15 07:00:00,18.402508830658736,22.16554340146126
2021-01-15 07:30:00,18.588929653087554,22.62612135485977
2021-01-15 08:00:00,18.44073722837021,23.29763214377543
2021-01-15 08:30:00,18.743999163935754,23.899016672725047
2021-01-15 09:00:00,18.835863832328645,24.957290298894577
2021-01-15 09:30:00,18.72302521244552,24.458774669238142
2021-01-15 10:00:00,18.70559112794016,24.70380121701124
2021-01-15 10:30:00,18.86472876276516,25.1178714700158
2021-01-15 11:00:00,19.21311313658409,26.276313348518762
2021-01-15 11:30:00,19.048625434778856,27.566982386909356
2021-01-15 12:00:00,19.173995457593353,27.359938778206264
2021-01-15 12:30:00,19.290102808544656,28.846379100380002
2021-01-15 13:00:00,19.318996802332947,28.578752244296183
2021-01-15 13:30:00,19.646617752478242,29.117281491099526
2021-01-15 14:00:00,19.849231743914068,28.596147065667207
2021-01-15 14:30:00,19.479868737274884,26.916942602549206
2021-01-15 15:00:00,19.608816108910936,28.650700579539023
2021-01-15 15:30:00,19.492324423738445,28.736026463113017
2021-01-15 16:00:00,19.69522748575007,28.48539433271329
2021-01-15 16:30:00,19.51384995547044,28.86464009278238
2021-01-15 17:00:00,19.656362791056416,27.979942660540626
2021-01-15 17:30:00,19.702149622017203,27.992818719252007
2021-01-15 18:00:00,19.820851867543475,27.764365367411166
2021-01-15 18:30:00,19.486600940519523,26.810136716757054
2021-01-15 19:00:00,19.476663491724054,28.053884404093502
2021-01-15 19:30:00,19.516945468553434,26.884765060451834
2021-01-15 20:00:00,19.207618888710872,26.874478956547133
2021-01-15 20:30:00,19.16408175768767,25.933409890001712
2021-01-15 21:00:00,19.17621374215186,25.454159530815136
2021-01-15 21:30:00,18.927653466922607,23.66785154217646
2021-01-15 22:00:00,18.820569454943985,23.74112873284303
2021-01-15 22:30:00,18.78512041169187,22.85095198527164
2021-01-15 23:00:00,18.58876208253344,23.04100817458751
2021-01-15 23:30:00,18.615263310110862,22.553280347916377
2021-01-16 00:00:00,18.156807980725524,20.75209322530049
2021-01-16 00:30:00,18.16403774302745,20.86595748375466
2021-01-16 01:00:00,18.027527056918032,21.799983154400877
2021-01-16 01:30:00,17.850471911639456,20.739768711366786
2021-01-16 02:00:00,17.809082978828105,20.535569226062222
2021-01-16 02:30:00,17.92812864562068,20.57938854132438
2021-01-16 03:00:00,17.80858327874954,20.68730014746085
2021-01-16 03:30:00,17.75046392003066,20.37648506257369
2021-01-16 04:00:00,17.871062611284298,20.49000169848682
2021-01-16 04:30:00,17.804172800194564,20.967030386116523
2021-01-16 05:00:00,17.465695457680425,20.892809789936738
2021-01-16 05:30:00,17.743014769568006,21.418595538209953
2021-01-16 06:00:00,17.847346774666843,20.821136163820153
2021-01-16 06:30:00,17.81695193146449,20.999871473009698
2021-01-16 07:00:00,17.99108596302338,21.691966596573117
2021-01-16 07:30:00,18.169715995249053,23.494926398075066
2021-01-16 08:00:00,18.03929873632658,23.684817633565043
2021-01-16 08:30:00,18.158833791637225,24.676473921912763
2021-01-16 09:00:00,18.237479290216065,24.449538606832313
2021-01-16 09:30:00,18.377290962692676,24.9130541384881
2021-01-16 10:00:00,18.560162799204498,26.11103067189796
2021-01-16 10:30:00,18.744334093294757,27.069693866084787
2021-01-16 11:00:00,18.761482940081894,25.530939306074956
2021-01-16 11:30:00,18.719285967245725,25.817083848986137
2021-01-16 12:00:00,18.92471455061403,26.69978246612401
2021-01-16 12:30:00,19.13157554758446,27.486537541833343
2021-01-16 13:00:00,19.087085949036155,28.357433143626235
2021-01-16 13:30:00,19.08208205056039,28.552747316167917
2021-01-16 14:00:00,19.249218561063305,29.047921002229504
2021-01-16 14:30:00,19.268694591198347,27.866233500615824
2021-01-16 15:00:00,19.456007377547987,27.74952772957389
2021-01-16 15:30:00,19.320083435024884,28.37150062371318
2021-01-16 16:00:00,19.496845049577093,28.12925051274988
2021-01-16 16:30:00,19.354352483702005,27.961366493105544
2021-01-16 17:00:00,19.244903462378456,27.694366946064047
2021-01-16 17:30:00,19.445604793413658,27.44477935070483
2021-01-16 18:00:00,19.31922630983726,27.56471996679821
2021-01-16 18:30:00,19.119075699202412,26.525026323508484
2021-01-16 19:00:00,19.03109047300745,26.220379499541526
2021-01-16 19:30:00,19.05473801108455,26.599639057474395
2021-01-16 20:00:00,19.095815083147865,25.43827722656039
2021-01-16 20:30:00,18.682653648300324,25.624744294237708
2021-01-16 21:00:00,18.884333348398773,23.07976145664655
2021-01-16 21:30:00,18.746606099918807,23.184591659209232
2021-01-16 22:00:00,18.535222795649148,22.842660186019693
2021-01-16 22:30:00,18.46124979852746,22.053289682496917
2021-01-16 23:00:00,18.343722065989677,21.83091156904573
2021-01-16 23:30:00,18.146153581811976,21.782118645263996
2021-01-17 00:00:00,18.65143574485746,20.483840553572172
2021-01-17 00:30:00,18.634108787418146,20.67862888518973
2021-01-17 01:00:00,18.92262109288905,20.137944879168224
2021-01-17 01:30:00,18.498382587379044,18.89269469504653
2021-01-17 02:00:00,18.434795676203557,19.656799240084492
2021-01-17 02:30:00,18.39456011055198,20.00151426553214
2021-01-17 03:00:00,18.551948877538003,18.458058107249265
2021-01-17 03:30:00,18.288958022974168,19.75571822256627
2021-01-17 04:00:00,18.367934426770372,18.777394482806383
2021-01-17 04:30:00,18.245201845873044,18.54182322065877
2021-01-17 05:00:00,18.379259013273646,19.141141232849744
2021-01-17 05:30:00,18.23647478364328,19.339836871597875
2021-01-17 06:00:00,18.333430380102623,19.65452117111395
2021-01-17 06:30:00,18.44447905932033,19.395188716288278
2021-01-17 07:00:00,18.663725129664257,20.63108358180071
2021-01-17 07:30:00,18.497202803776972,21.110578516151254
2021-01-17 08:00:00,18.787534843256843,20.137029611649822
2021-01-17 08:30:00,18.76392025672947,21.53243096903906
2021-01-17 09:00:00,19.092704917937024,21.815574978021946
2021-01-17 09:30:00,19.139472843591133,23.56741848297114
2021-01-17 10:00:00,19.173318171788058,22.641928810150702
2021-01-17 10:30:00,19.344971079208587,23.622397404601262
2021-01-17 11:00:00,19.281030949367622,24.148517103618868
2021-01-17 11:30:00,19.25350135120801,25.186098611415304
2021-01-17 12:00:00,19.42228817487848,24.86572126545966
2021-01-17 12:30:00,19.577618329551886,25.80638384864701
2021-01-17 13:00:00,19.736567817961298,26.439407707406467
2021-01-17 13:30:00,19.883597227360855,27.249997451518748
2021-01-17 14:00:00,19.889255638840204,27.181055855571763
2021-01-17 14:30:00,19.77927077755279,27.009776340580917
2021-01-17 15:00:00,19.99905337216163,26.746441799613468
2021-01-17 15:30:00,19.86452817590434,26.918467657518235
2021-01-17 16:00:00,19.981438191286912,27.615647676427695
2021-01-17 16:30:00,20.062959305559424,27.579767262486275
2021-01-17 17:00:00,19.707166231741546,27.488207590581904
2021-01-17 17:30:00,19.736484518361667,26.681130056503047
2021-01-17 18:00:00,19.51144853166896,26.740088122063778
2021-01-17 18:30:00,19.785017980007535,26.137386491214993
2021-01-17 19:00:00,19.80538665096583,25.82730780154822
2021-01-17 19:30:00,19.630400602205892,24.739566656742145
2021-01-17 20:00:00,19.568815254867516,23.560452714957506
2021-01-17 20:30:00,19.655366812694197,23.246024855288507
2021-01-17 21:00:00,19.211807919631706,23.07442696933701
2021-01-17 21:30:00,19.37117557115184,22.526336414437104
2021-01-17 22:00:00,19.06325872332385,21.093871677719847
2021-01-17 22:30:00,18.92784278256688,20.745235315594456
2021-01-17 23:00:00,18.79153415778996,21.702775863035694
2021-01-17 23:30:00,18.75270393242303,20.831395621374234
2021-01-18 00:00:00,18.742108920969027,19.187968025090157
2021-01-18 00:30:00,18.4453265098335,19.44522026760525
2021-01-18 01:00:00,18.52193513184533,18.88441438262556
2021-01-18 01:30:00,18.518379502833152,18.091381820381073
2021-01-18 02:00:00,18.367792492151253,18.579060983672836
2021-01-18 02:30:00,18.254261004280682,17.986571240007546
2021-01-18 03:00:00,18.23045469190503,17.73338274965975
2021-01-18 03:30:00,18.443153183127098,17.871050210330665
2021-01-18 04:00:00,18.111459646091056,17.606644362749343
2021-01-18 04:30:00,18.178734321393012,18.873167630208986
2021-01-18 05:00:00,18.048178403326933,18.40362338764125
2021-01-18 05:30:00,18.36316205138403,18.959483705793055
2021-01-18 06:00:00,18.22929024432383,19.555580228531774
2021-01-18 06:30:00,18.44354579349216,19.384234039599157
2021-01-18 07:00:00,18.54537246425414,19.194632736983976
2021-01-18 07:30:00,18.543445736871917,20.502591628025694
2021-01-18 08:00:00,18.562344432748397,22.024202795306262
2021-01-18 08:30:00,18.692579544718534,21.60505857658185
2021-01-18 09:00:00,18.95693864424026,21.46996259209126
2021-01-18 09:30:00,18.99174962515862,23.065042588567792
2021-01-18 10:00:00,18.96880374437826,22.400203851672916
2021-01-18 10:30:00,19.288421748742216,22.99105535090034
2021-01-18 11:00:00,19.146276340382467,23.990430782681603
2021-01-18 11:30:00,19.334808396275744,22.55644552371112
2021-01-18 12:00:00,19.4100330528717,24.45810272134062
2021-01-18 12:30:00,19.610987233243886,23.762112774025216
2021-01-18 13:00:00,19.737495899740715,24.80849569984621
2021-01-18 13:30:00,19.574864536896687,25.066629431622566
2021-01-18 14:00:00,19.6702201028223,24.774831640556386
2021-01-18 14:30:00,19.792585478881158,24.808879824462377
2021-01-18 15:00:00,19.91796812036083,25.865919366190653
2021-01-18 15:30:00,19.82444703936792,25.793178935708358
2021-01-18 16:00:00,19.95928437961884,26.63019853835674
2021-01-18 16:30:00,19.948591422787516,26.54118051559397
2021-01-18 17:00:00,19.656481513726728,25.571519920081723
2021-01-18 17:30:00,19.85602454190731,25.478394593613615
2021-01-18 18:00:00,19.840036342622103,24.68865049383771
2021-01-18 18:30:00,19.690920029362648,23.96207151792693
2021-01-18 19:00:00,19.75700495755584,24.76969757768797
2021-01-18 19:30:00,19.45400645232317,24.405636864432406
2021-01-18 20:00:00,19.457089901304933,24.063086489971145
2021-01-18 20:30:00,19.29438125638665,22.307033361390683
2021-01-18 21:00:00,19.4257079912826,21.957424335854416
2021-01-18 21:30:00,19.030085346554824,20.003770581499833
2021-01-18 22:00:00,18.93705391091154,21.891216669970017
2021-01-18 22:30:00,18.974930770818087,21.467083391712258
2021-01-18 23:00:00,18.868813807279594,19.52170181854114
2021-01-18 23:30:00,18.68553929134282,19.21551569713261
2021-01-19 00:00:00,18.94646812709587,18.716840008874087
2021-01-19 00:30:00,18.616590429518602,17.519814237929694
2021-01-19 01:00:00,18.616861142773296,18.456651687984706
2021-01-19 01:30:00,18.69928934568009,18.161439156632355
2021-01-19 02:00:00,18.33900378688311,16.166804974317756
2021-01-19 02:30:00,18.5389473423634,17.700412926205786
2021-01-19 03:00:00,18.347440233261736,17.536128281589587
2021-01-19 03:30:00,18.291432998207988,17.394268129205344
2021-01-19 04:00:00,18.326412236059294,16.412585029026253
2021-01-19 04:30:00,18.377038136020666,16.81186609853432
2021-01-19 05:00:00,18.345071052429855,16.838504404388416
2021-01-19 05:30:00,18.556251319592796,17.903256930002186
2021-01-19 06:00:00,18.40496526950521,17.210670030442714
2021-01-19 06:30:00,18.418776852299448,18.53117735969249
2021-01-19 07:00:00,18.515933021719828,18.988569137434542
2021-01-19 07:30:00,18.59403794349658,20.018350897300888
2021-01-19 08:00:00,18.499798473775133,19.688624264558065
2021-01-19 08:30:00,18.764032639153758,19.333764917727137
2021-01-19 09:00:00,18.815321613240563,21.10804190483465
2021-01-19 09:30:00,18.90715005409551,21.31318879952222
2021-01-19 10:00:00,19.289486696022244,21.797729006080413
2021-01-19 10:30:00,19.378855442413407,22.060598597681576
2021-01-19 11:00:00,19.26701223404528,23.23162330658309
2021-01-19 11:30:00,19.514175385476985,23.626659106425805
2021-01-19 12:00:00,19.628497290541137,23.650673429062607
2021-01-19 12:30:00,19.56689970468025,23.116687749649433
2021-01-19 13:00:00,19.765394458455045,24.483863635978146
2021-01-19 13:30:00,19.965430300357184,23.71421990171448
2021-01-19 14:00:00,19.659585805226758,24.498524257536417
2021-01-19 14:30:00,19.950333200550865,25.767368906257943
2021-01-19 15:00:00,19.78672708955499,24.925575530738236
2021-01-19 15:30:00,20.045745906410925,25.12276657936143
2021-01-19 16:00:00,19.9548403044152,26.8225219560166
2021-01-19 16:30:00,19.9178797069433,26.53530105053951
2021-01-19 17:00:00,19.98764330978642,26.469245793119633
2021-01-19 17:30:00,19.919388959112258,25.502595648905473
2021-01-19 18:00:00,19.963244968429034,25.430579199763738
2021-01-19 18:30:00,19.69807190544673,24.95750177543504
2021-01-19 19:00:00,19.76198704452334,24.75022479385274
2021-01-19 19:30:00,19.71043421960651,24.573691179655047
2021-01-19 20:00:00,19.27014888817992,22.633924733185015
2021-01-19 20:30:00,19.47601515119254,23.89237433608479
2021-01-19 21:00:00,19.38315984017403,22.851702995536023
2021-01-19 21:30:00,19.407660187060994,22.308344186333386
2021-01-19 22:00:00,18.94564798085964,21.91233778268214
2021-01-19 22:30:00,19.041873279970943,20.898278564462785
2021-01-19 23:00:00,18.821861372409675,20.96814536162064
2021-01-19 23:30:00,18.87993177050149,19.40188514737315
2021-01-20 00:00:00,19.0936679520939,18.325892167493528
2021-01-20 00:30:00,18.93120504486289,19.242338855710226
2021-01-20 01:00:00,18.7854879230685,18.585792709084615
2021-01-20 01:30:00,18.853873299024624,17.554020153526412
2021-01-20 02:00:00,18.677321421614835,18.161007340650624
2021-01-20 02:30:00,18.725430466780537,18.817566942023987
2021-01-20 03:00:00,18.726894714909932,18.800310129931223
2021-01-20 03:30:00,18.613133007901617,18.01694530680073
2021-01-20 04:00:00,18.622727921149707,18.550697276534642
2021-01-20 04:30:00,18.535235207832017,17.973528777310943
2021-01-20 05:00:00,18.54973656062625,18.337854495853602
2021-01-20 05:30:00,18.56341530197283,19.098148748744375
2021-01-20 06:00:00,18.627382245249443,19.311552960324697
2021-01-20 06:30:00,18.950839893259094,19.818184540261313
2021-01-20 07:00:00,18.706808302079914,19.82745944815313
2021-01-20 07:30:00,18.91381391274454,21.451591046997326
2021-01-20 08:00:00,19.084152501469458,21.862260301834077
2021-01-20 08:30:00,19.187484196460144,22.480880741573362
2021-01-20 09:00:00,19.085344037143617,22.79002156462424
2021-01-20 09:30:00,19.214564350038753,23.247107262453405
2021-01-20 10:00:00,19.457052335146606,23.59848946642331
2021-01-20 10:30:00,19.50894033080477,25.35414679341306
2021-01-20 11:00:00,19.680862282471228,26.347874122534783
2021-01-20 11:30:00,19.718214640453056,25.83166984250176
2021-01-20 12:00:00,19.799351793980826,26.478751091016022
2021-01-20 12:30:00,20.05804233675363,27.17808119473915
2021-01-20 13:00:00,20.042763795547152,26.269300924652867
2021-01-20 13:30:00,20.215407233008182,27.423708837121428
2021-01-20 14:00:00,20.150734880250695,27.44670985983067
2021-01-20 14:30:00,20.0429573997701,27.622289831977273
2021-01-20 15:00:00,20.34221789349938,27.654611735035083
2021-01-20 15:30:00,20.241886604410976,28.76961826229338
2021-01-20 16:00:00,20.20940478315579,28.2950356335349
2021-01-20 16:30:00,20.08294393009988,26.585152117077822
2021-01-20 17:00:00,20.06738054587837,27.122945822102622
2021-01-20 17:30:00,20.164056627192053,27.01740882873309
2021-01-20 18:00:00,20.139810837621443,27.236200319087892
2021-01-20 18:30:00,20.142518205369388,25.724911769986885
2021-01-20 19:00:00,20.181799969992746,26.141471752178266
2021-01-20 19:30:00,19.87066970758426,25.005720092150103
2021-01-20 20:00:00,19.437342662908595,25.47632341061061
2021-01-20 20:30:00,19.63953987772835,23.60391069790609
2021-01-20 21:00:00,19.710731298097127,23.51879776051131
2021-01-20 21:30:00,19.683343647335864,22.464127651207303
2021-01-20 22:00:00,19.276982693495036,21.914007340488475
2021-01-20 22:30:00,19.240819629195265,21.551347700521614
2021-01-20 23:00:00,19.38409057971317,21.383120271012817
2021-01-20 23:30:00,19.06180873794836,20.467224450179966
2021-01-21 00:00:00,18.920534401619097,20.40014900729466
2021-01-21 00:30:00,18.85696986573313,19.109317015775005
2021-01-21 01:00:00,18.642767249512637,19.71282009174654
2021-01-21 01:30:00,18.50303502917105,20.17942313644281
2021-01-21 02:00:00,18.59691231249832,18.767129031079232
2021-01-21 02:30:00,18.374828676365475,18.87279468939416
2021-01-21 03:00:00,18.594610203654543,17.749513339893902
2021-01-21 03:30:00,18.45665138823653,17.85057631813873
2021-01-21 04:00:00,18.417837559252657,17.831101798556816
2021-01-21 04:30:00,18.417435018614402,18.36028501347808
2021-01-21 05:00:00,18.59075216191215,17.565158053542046
2021-01-21 05:30:00,18.52102865331081,18.779949857386512
2021-01-21 06:00:00,18.64543646412498,18.190174293818973
2021-01-21 06:30:00,18.6818545664609,20.390593310822858
2021-01-21 07:00:00,18.761950333644695,20.07468010270143
2021-01-21 07:30:00,18.675791011506213,20.18280392276634
2021-01-21 08:00:00,19.014918691415744,20.307876168181636
2021-01-21 08:30:00,18.854061477189795,21.282310341607396
2021-01-21 09:00:00,19.06704060735039,21.49482096235206
2021-01-21 09:30:00,19.375027789364015,21.45525927605903
2021-01-21 10:00:00,19.10769684500521,23.67080734227178
2021-01-21 10:30:00,19.57481451905255,23.346658234922913
2021-01-21 11:00:00,19.54111794149862,24.64694390169961
2021-01-21 11:30:00,19.62358443379764,24.805522097807902
2021-01-21 12:00:00,19.62799209668763,26.80571342230422
2021-01-21 12:30:00,19.783433882273066,25.904174881198
2021-01-21 13:00:00,19.824483753161285,27.325240331972076
2021-01-21 13:30:00,19.905494138680815,27.00431252702185
2021-01-21 14:00:00,19.77981896482804,28.359144212839258
2021-01-21 14:30:00,20.024457181968465,27.296393522593796
2021-01-21 15:00:00,20.11067323339466,27.766938717209946
2021-01-21 15:30:00,20.028247619668473,27.501594232040922
2021-01-21 16:00:00,20.15890722823841,27.57792415185147
2021-01-21 16:30:00,20.176565960424437,28.00279467978746
2021-01-21 17:00:00,19.9845379468265,27.279612014593507
2021-01-21 17:30:00,20.05612200018127,26.88767887719493
2021-01-21 18:00:00,19.952449225772625,26.379805400182647
2021-01-21 18:30:00,19.734897726939575,26.83516150462668
2021-01-21 19:00:00,19.669981595014352,26.774232409939128
2021-01-21 19:30:00,19.703048434752148,25.956290856147902
2021-01-21 20:00:00,19.70374448008525,26.176365089595954
2021-01-21 20:30:00,19.643059813524452,25.438612501407196
2021-01-21 21:00:00,19.465703462449934,25.013573991626927
2021-01-21 21:30:00,19.218523415575824,24.855852562813986
2021-01-21 22:00:00,19.35065432414138,22.74565775511938
2021-01-21 22:30:00,19.013264732428194,22.813325715779342
2021-01-21 23:00:00,19.050661357904183,22.140296607761226
2021-01-21 23:30:00,18.87023297348965,22.296730904216517
2021-01-22 00:00:00,19.03532558343262,21.496402367401515
2021-01-22 00:30:00,19.074751709714164,21.575062495567007
2021-01-22 01:00:00,19.04130967995314,22.150854893859012
2021-01-22 01:30:00,18.845395620599252,21.86611370639642
2021-01-22 02:00:00,18.84015859964914,21.35419310521744
2021-01-22 02:30:00,18.673859219667406,21.206109635063026
2021-01-22 03:00:00,18.667479238083747,20.79023007356372
2021-01-22 03:30:00,18.601594074147993,19.777661640089296
2021-01-22 04:00:00,18.566715256269386,20.830944524326526
2021-01-22 04:30:00,18.691608249415836,21.36772677929401
2021-01-22 05:00:00,18.729190680576327,21.161098964840342
2021-01-22 05:30:00,18.865694615184804,21.67886673114241
2021-01-22 06:00:00,18.81543425458096,21.81715986664742
2021-01-22 06:30:00,18.815180643344544,22.675141557582602
2021-01-22 07:00:00,18.72178511291471,22.606480067860748
2021-01-22 07:30:00,18.9493931354615,22.68626696449389
2021-01-22 08:00:00,19.190250336062643,24.287540145298163
2021-01-22 08:30:00,19.121120071692697,25.141449851216098
2021-01-22 09:00:00,19.296397753172656,24.691382057531527
2021-01-22 09:30:00,19.269257827339654,25.057321318744275
2021-01-22 10:00:00,19.345738331362455,26.851088246272006
2021-01-22 10:30:00,19.638625362536146,26.16222158065433
2021-01-22 11:00:00,19.46071984361323,29.484009714205577
2021-01-22 11:30:00,19.762230673009384,28.901593569497543
2021-01-22 12:00:00,19.85237956660344,29.176184212692064
2021-01-22 12:30:00,19.99705156347741,28.89719294620236
2021-01-22 13:00:00,20.13318604334143,29.28612380117503
2021-01-22 13:30:00,20.02144704493108,29.232091438020472
2021-01-22 14:00:00,20.167323078627433,30.197188620766287
2021-01-22 14:30:00,20.191537494814547,30.47356475835942
2021-01-22 15:00:00,20.04948669615614,30.870532506197566
2021-01-22 15:30:00,20.189157365986347,31.050922661662746
2021-01-22 16:00:00,20.30327889497382,30.53507597020454
2021-01-22 16:30:00,20.18489850137304,30.384325389974816
2021-01-22 17:00:00,20.32944464905312,29.9782904798609
2021-01-22 17:30:00,20.295533324386547,30.020495434834555
2021-01-22 18:00:00,20.262436034885276,30.20937767155633
2021-01-22 18:30:00,20.338646631351537,28.729273203395888
2021-01-22 19:00:00,19.84514627654104,27.813371815391438
2021-01-22 19:30:00,19.92882500976987,27.05059170358158
2021-01-22 20:00:00,20.016098872697565,27.488801949593274
2021-01-22 20:30:00,19.927033936054713,27.398585676469818
2021-01-22 21:00:00,19.58843331138473,26.70390251569593
2021-01-22 21:30:00,19.563583317962134,26.81664637027887
2021-01-22 22:00:00,19.458364369012088,25.020854411683203
2021-01-22 22:30:00,19.302623158235008,25.007122938280478
2021-01-22 23:00:00,19.232480356465636,24.806411891600277
2021-01-22 23:30:00,19.126013200421834,23.948813141296206
2021-01-23 00:00:00,18.787605130583486,23.132752251351075
2021-01-23 00:30:00,18.750442156458845,21.749592609161116
2021-01-23 01:00:00,18.56334218428276,22.910324242597262
2021-01-23 01:30:00,18.472173786573308,21.216732071487645
2021-01-23 02:00:00,18.58948480384724,20.2070438629622
2021-01-23 02:30:00,18.331748056475856,21.376373994968983
2021-01-23 03:00:00,18.443825168562707,21.739133975306533
2021-01-23 03:30:00,18.420323410758417,21.273533404635003
2021-01-23 04:00:00,18.43502627902993,21.79224195843644
2021-01-23 04:30:00,18.47661999589166,21.675309680884094
2021-01-23 05:00:00,18.475743652349625,20.8657531598344
2021-01-23 05:30:00,18.314844817727327,21.599004590220062
2021-01-23 06:00:00,18.689816054676108,21.978166186765495
2021-01-23 06:30:00,18.328327874883303,22.246104884369807
2021-01-23 07:00:00,18.84906841186047,22.6647366199709
2021-01-23 07:30:00,18.770978419745187,23.793998344312666
2021-01-23 08:00:00,18.76810886253135,24.069991428745134
2021-01-23 08:30:00,18.844645303672564,25.310889440070273
2021-01-23 09:00:00,18.879370266798706,25.268104789775165
2021-01-23 09:30:00,19.23987706217712,26.692611501745244
2021-01-23 10:00:00,19.208042824512066,27.315395081235675
2021-01-23 10:30:00,19.178542948754867,28.426799999638295
2021-01-23 11:00:00,19.37333421791676,27.49216890920942
2021-01-23 11:30:00,19.393084668540155,29.68677001742497
2021-01-23 12:00:00,19.704547240230074,29.140986217063407
2021-01-23 12:30:00,19.765796627675368,30.12751759105433
2021-01-23 13:00:00,19.817192421631134,30.44035827148727
2021-01-23 13:30:00,19.712188089535882,29.924633723367144
2021-01-23 14:00:00,19.887718615293064,31.205668135807645
2021-01-23 14:30:00,20.01278651082479,30.571167506304004
2021-01-23 15:00:00,19.97134431932987,30.666595488153245
2021-01-23 15:30:00,19.752091163653116,31.934901595617426
2021-01-23 16:00:00,19.816523633852775,30.864059316747827
2021-01-23 16:30:00,19.940909047910857,30.945578711694814
2021-01-23 17:00:00,20.033568999845254,30.451835348352013
2021-01-23 17:30:00,19.759766626893416,30.71664614747669
2021-01-23 18:00:00,20.008850763650003,31.201202099700335
2021-01-23 18:30:00,19.987141970894054,30.569329532975132
2021-01-23 19:00:00,19.827085804379557,30.348458381592447
2021-01-23 19:30:00,19.80314664493469,29.27762428420419
2021-01-23 20:00:00,19.695146984590945,29.20086777047109
2021-01-23 20:30:00,19.38735342306824,28.768313572525866
2021-01-23 21:00:00,19.526115338193573,27.782790194950458
2021-01-23 21:30:00,19.34688068686184,26.80244559717945
2021-01-23 22:00:00,19.25122125175306,25.900223689152945
2021-01-23 22:30:00,19.043269913422034,25.537594343507223
2021-01-23 23:00:00,18.93635320812344,24.42951781859549
2021-01-23 23:30:00,18.9916745803845,24.18006253702246
2021-01-24 00:00:00,18.539250221329095,23.930104086010232
2021-01-24 00:30:00,18.505815701704808,23.151464609029897
2021-01-24 01:00:00,18.48374985786817,21.876680722961428
2021-01-24 01:30:00,18.227328198009946,20.967333513699863
2021-01-24 02:00:00,18.35684878565002,21.641645786917007
2021-01-24 02:30:00,18.19441954386433,21.50134514357766
2021-01-24 03:00:00,18.32806491414418,21.72400478944769
2021-01-24 03:30:00,18.117829889615155,20.928021984436107
2021-01-24 04:00:00,18.118188235347162,21.927042387142617
2021-01-24 04:30:00,18.07169162557069,21.323785991321053
2021-01-24 05:00:00,17.943843359644973,21.425043641749742
2021-01-24 05:30:00,18.10354277055828,22.204707687805502
2021-01-24 06:00:00,18.258480248685345,21.29323918806251
2021-01-24 06:30:00,18.40629240509374,21.21578771335396
2021-01-24 07:00:00,18.276814866226374,21.31045934222348
2021-01-24 07:30:00,18.59943149702774,22.22332894556022
2021-01-24 08:00:00,18.447978566961673,22.24532983275443
2021-01-24 08:30:00,18.6523432147597,24.11439932962483
2021-01-24 09:00:00,18.682764976956495,24.70170603434427
2021-01-24 09:30:00,18.845756545422226,25.356255512359606
2021-01-24 10:00:00,18.918542171829667,25.578413820150438
2021-01-24 10:30:00,18.82685719829352,26.66581636307465
2021-01-24 11:00:00,19.068770651217523,25.881316337654226
2021-01-24 11:30:00,19.13895651219382,27.179646828852643
2021-01-24 12:00:00,19.18642765172628,27.967865523254716
2021-01-24 12:30:00,19.47025479585874,27.55381809297274
2021-01-24 13:00:00,19.291395555820912,28.400423413780473
2021-01-24 13:30:00,19.392344151197154,29.655373753805446
2021-01-24 14:00:00,19.44113584492046,30.185114909625078
2021-01-24 14:30:00,19.711713136001244,31.115399103695072
2021-01-24 15:00:00,19.610452389704566,30.68231212448208
2021-01-24 15:30:00,19.76398724282114,29.63082855042316
2021-01-24 16:00:00,19.674942992453396,31.182275020438475
2021-01-24 16:30:00,19.631803821143478,30.428508765030468
2021-01-24 17:00:00,19.583361529914328,31.03280317433684
2021-01-24 17:30:00,19.529164611482113,30.596447590219263
2021-01-24 18:00:00,19.48487680323619,31.241430680758263
2021-01-24 18:30:00,19.659155348021226,29.914018054831246
2021-01-24 19:00:00,19.407156136088965,29.448482807170983
2021-01-24 19:30:00,19.65656582258133,28.459507494922903
2021-01-24 20:00:00,19.330308588142472,28.2071051203174
2021-01-24 20:30:00,19.19523920554629,27.505626855155775
2021-01-24 21:00:00,19.15805024539183,27.530798679451934
2021-01-24 21:30:00,19.184431486909737,26.732292350944736
2021-01-24 22:00:00,18.82923782383857,25.386572121244274
2021-01-24 22:30:00,18.72622179682379,24.412716900214008
2021-01-24 23:00:00,18.639771193734653,23.62634467133397
2021-01-24 23:30:00,18.680316446602134,23.901473098573202
2021-01-25 00:00:00,17.82723627115384,22.78165295095519
2021-01-25 00:30:00,17.710753436023406,21.994699062679235
2021-01-25 01:00:00,17.362926298058916,21.572726642059543
2021-01-25 01:30:00,17.32049793226487,21.018259152821933
2021-01-25 02:00:00,17.373994592700743,20.681491513254066
2021-01-25 02:30:00,17.31184284627272,19.452862980832467
2021-01-25 03:00:00,17.280428850038327,20.942561735095243
2021-01-25 03:30:00,17.335183121047574,20.430466983465685
2021-01-25 04:00:00,17.565857653391415,21.168772450329666
2021-01-25 04:30:00,17.26949500596738,20.258501294071607
2021-01-25 05:00:00,17.263140532187304,20.60172553429537
2021-01-25 05:30:00,17.308810849915435,21.58520855331237
2021-01-25 06:00:00,17.382594778447178,22.051730588593593
2021-01-25 06:30:00,17.45073764834818,21.33526035848858
2021-01-25 07:00:00,17.631472693698587,21.79914899982825
2021-01-25 07:30:00,17.667830160116825,22.331098291221895
2021-01-25 08:00:00,17.816519292092742,23.587985884332838
2021-01-25 08:30:00,17.853259177894326,23.132432886747825
2021-01-25 09:00:00,17.91431615646688,23.80313705004601
2021-01-25 09:30:00,18.01497024463097,23.932422101501746
2021-01-25 10:00:00,18.216491855403433,25.123552367892856
2021-01-25 10:30:00,17.920345329901185,26.150423744208826
2021-01-25 11:00:00,18.342680338690762,26.076721141825885
2021-01-25 11:30:00,18.386667096425356,26.785555771470086
2021-01-25 12:00:00,18.538049326517157,27.366897143139166
2021-01-25 12:30:00,18.44689496671766,28.024773604333017
2021-01-25 13:00:00,18.636786794114244,28.24624169809973
2021-01-25 13:30:00,18.595510031731617,28.07641036150076
2021-01-25 14:00:00,18.82062357939829,27.101613688644694
2021-01-25 14:30:00,18.83120921901475,28.86550563055468
2021-01-25 15:00:00,18.65585542029327,28.87222531325551
2021-01-25 15:30:00,18.818259435241796,28.50925255476854
2021-01-25 16:00:00,18.912783052621755,27.830030043929966
2021-01-25 16:30:00,18.968623437327196,28.24608129528031
2021-01-25 17:00:00,18.826786247426995,28.63321792472795
2021-01-25 17:30:00,18.968086840958435,26.24388458457595
2021-01-25 18:00:00,18.627492194848124,26.469270000962744
2021-01-25 18:30:00,18.77988375809337,27.03636683475143
2021-01-25 19:00:00,18.417415318429722,25.9573748672237
2021-01-25 19:30:00,18.597987654244314,26.049826993741853
2021-01-25 20:00:00,18.44386661839156,25.693196248467284
2021-01-25 20:30:00,18.285994421959476,25.224726692806442
2021-01-25 21:00:00,18.213581184751607,25.20021381455472
2021-01-25 21:30:00,18.274752653131912,23.31729692243663
2021-01-25 22:00:00,18.048296060429596,23.556100486321625
2021-01-25 22:30:00,17.962586359105828,21.96116384185818
2021-01-25 23:00:00,17.846344182792638,21.886790226708083
2021-01-25 23:30:00,17.863670615771614,21.34472365551549
2021-01-26 00:00:00,17.88078324494744,20.387002045157057
2021-01-26 00:30:00,17.98132480630719,20.508085840253525
2021-01-26 01:00:00,17.664882408076068,19.952074394052282
2021-01-26 01:30:00,17.755457277056546,20.606700729083073
2021-01-26 02:00:00,17.39852104707006,20.46537257406971
2021-01-26 02:30:00,17.574688483991416,19.71453625797802
2021-01-26 03:00:00,17.737291114036385,20.111486347045833
2021-01-26 03:30:00,17.522766342225456,20.027518082912678
2021-01-26 04:00:00,17.536598664537685,20.2317089897981
2021-01-26 04:30:00,17.58485718274451,20.639212511290218
2021-01-26 05:00:00,17.592920052253657,19.516439639272036
2021-01-26 05:30:00,17.464802228557488,21.06273553884177
2021-01-26 06:00:00,17.605293888334376,20.982273769538107
2021-01-26 06:30:00,17.764128337504815,21.62229667715707
2021-01-26 07:00:00,17.70873517356147,23.084437828906395
2021-01-26 07:30:00,17.82992543263782,22.88645406556484
2021-01-26 08:00:00,17.99198117953686,23.709724961967407
2021-01-26 08:30:00,17.80334767745186,24.2663431532078
2021-01-26 09:00:00,18.17760082798366,25.092721601633045
2021-01-26 09:30:00,18.242295763151205,26.269139249411886
2021-01-26 10:00:00,18.2422995570102,26.23491714502262
2021-01-26 10:30:00,18.489265305375497,26.51996698867932
2021-01-26 11:00:00,18.52373543442696,26.990592574795933
2021-01-26 11:30:00,18.56113535780633,25.856248940173824
2021-01-26 12:00:00,18.42900112127846,27.666437380514186
2021-01-26 12:30:00,18.668522904313054,28.15847378764615
2021-01-26 13:00:00,18.89443491357961,28.01781744596583
2021-01-26 13:30:00,18.828556052468247,29.104714902283696
2021-01-26 14:00:00,18.956671020483608,28.919041362377047
2021-01-26 14:30:00,18.93938060252687,27.980728427563268
2021-01-26 15:00:00,18.995332801182236,29.58328578037737
2021-01-26 15:30:00,19.035320294019183,28.99912464766921
2021-01-26 16:00:00,18.956611427793693,29.231685765365974
2021-01-26 16:30:00,18.84648279513732,28.820888520884136
2021-01-26 17:00:00,19.120837403534935,29.262163194258353
2021-01-26 17:30:00,18.896259128319254,29.388456000106764
2021-01-26 18:00:00,18.90886838003713,28.834309972655976
2021-01-26 18:30:00,18.853467626347925,28.88403115361297
2021-01-26 19:00:00,19.036572232067662,27.904718219271107
2021-01-26 19:30:00,18.79377401253223,27.54042547584188
2021-01-26 20:00:00,18.77931752742865,27.900780206048356
2021-01-26 20:30:00,18.49225612572709,27.194770464969665
2021-01-26 21:00:00,18.462100120447598,25.486939563251546
2021-01-26 21:30:00,18.47943292472041,24.944249098718952
2021-01-26 22:00:00,18.109390365563687,23.82423252257547
2021-01-26 22:30:00,18.06542035147906,24.38151977631743
2021-01-26 23:00:00,18.17996164212835,23.933395784016025
2021-01-26 23:30:00,18.055383035328163,23.396884672990442
2021-01-27 00:00:00,18.09143356195352,23.127156432399076
2021-01-27 00:30:00,17.930560049959215,22.276227550688688
2021-01-27 01:00:00,17.78755151648391,21.63370725478973
2021-01-27 01:30:00,17.925144547715682,20.79886888249054
2021-01-27 02:00:00,17.82708206349492,20.389373382619937
2021-01-27 02:30:00,17.736605357906125,19.67201492075049
2021-01-27 03:00:00,17.882158421199346,21.030912106247555
2021-01-27 03:30:00,17.43741864854635,20.91408090857429
2021-01-27 04:00:00,17.9069593332016,20.271876781549892
2021-01-27 04:30:00,17.783196399964222,20.044711462182757
2021-01-27 05:00:00,17.72536247093672,20.923976508855898
2021-01-27 05:30:00,17.733057099265753,21.000140772250933
2021-01-27 06:00:00,17.801243242332486,22.257508362363243
2021-01-27 06:30:00,17.9268591816001,21.932475350831393
2021-01-27 07:00:00,18.008183288617087,22.039529661214566
2021-01-27 07:30:00,17.943144624562297,22.364811398124814
2021-01-27 08:00:00,18.09127043617275,23.078936434957505
2021-01-27 08:30:00,18.160493686985806,24.970786886050618
2021-01-27 09:00:00,18.175692671926846,26.001647425911493
2021-01-27 09:30:00,18.224751174526236,25.056722012160286
2021-01-27 10:00:00,18.54101297479589,23.988770830704247
2021-01-27 10:30:00,18.66766396428948,25.014902462954428
2021-01-27 11:00:00,18.500336906959113,25.64191822308434
2021-01-27 11:30:00,18.645271892664596,26.52626788938444
2021-01-27 12:00:00,18.920386109588904,27.57493564525824
2021-01-27 12:30:00,18.910409069409706,27.63336887240877
2021-01-27 13:00:00,18.883785224662756,28.97445534676265
2021-01-27 13:30:00,18.881400450918026,28.030402880481166
2021-01-27 14:00:00,19.316885668509567,29.091610115557142
2021-01-27 14:30:00,19.252689786588107,28.27355105873818
2021-01-27 15:00:00,19.38305288201572,27.298912534553136
2021-01-27 15:30:00,19.185845027603285,28.141358911586938
2021-01-27 16:00:00,19.022982539462074,27.909704352374153
2021-01-27 16:30:00,19.213760736780905,28.033065202079783
2021-01-27 17:00:00,19.222892973725596,28.248609433457094
2021-01-27 17:30:00,19.251013620088607,26.41784102295185
2021-01-27 18:00:00,19.19728069822122,27.390733092001547
2021-01-27 18:30:00,19.102304917552416,26.53166314673915
2021-01-27 19:00:00,18.847593273795532,25.262186841214156
2021-01-27 19:30:00,19.009223362458766,26.126301242098744
2021-01-27 20:00:00,18.725625660437213,24.866255425756183
2021-01-27 20:30:00,18.58515691575576,24.979449428348993
2021-01-27 21:00:00,18.44514366110375,22.968733736569853
2021-01-27 21:30:00,18.393740951250212,22.827107534183448
2021-01-27 22:00:00,18.372824948118563,22.156744206285985
2021-01-27 22:30:00,18.311664060169125,21.965820861449107
2021-01-27 23:00:00,18.02298581835491,21.984103213749055
2021-01-27 23:30:00,18.147950376579843,21.04588740280469
2021-01-28 00:00:00,18.124213870905827,19.48922367850155
2021-01-28 00:30:00,18.110586273219393,19.2251378695379
2021-01-28 01:00:00,17.87249806631124,18.833633107523923
2021-01-28 01:30:00,18.125871934370107,18.747605344040725
2021-01-28 02:00:00,18.08582980238384,18.346712287304427
2021-01-28 02:30:00,17.8977214611874,17.39975179460323
2021-01-28 03:00:00,17.991694401944574,18.470371354685014
2021-01-28 03:30:00,17.700750448965792,18.17052189155683
2021-01-28 04:00:00,17.811853331787326,19.485682276637583
2021-01-28 04:30:00,17.98188577311624,18.741780894994406
2021-01-28 05:00:00,17.70744641984945,18.986251398085784
2021-01-28 05:30:00,18.040720977907895,20.038140974558335
2021-01-28 06:00:00,17.82771881070336,19.207439075393843
2021-01-28 06:30:00,18.049293316708674,19.78309856045774
2021-01-28 07:00:00,18.083570195258805,20.965298879099286
2021-01-28 07:30:00,18.016250612959332,21.54135652676034
2021-01-28 08:00:00,17.95036501144064,20.72718330175495
2021-01-28 08:30:00,18.313606834390832,21.033016777957382
2021-01-28 09:00:00,18.514117448494986,23.01962393074861
2021-01-28 09:30:00,18.644747158716992,22.786192155765068
2021-01-28 10:00:00,18.498522970577998,22.669364065944926
2021-01-28 10:30:00,18.828633144281532,22.739270062128842
2021-01-28 11:00:00,18.893837534862225,24.226828980548397
2021-01-28 11:30:00,18.951695497782048,25.003706668722955
2021-01-28 12:00:00,18.885949932604202,24.76789463335211
2021-01-28 12:30:00,19.01248321948918,26.376358290573556
2021-01-28 13:00:00,19.135779365641362,25.962837244357765
2021-01-28 13:30:00,19.203775565605977,25.851502270386476
2021-01-28 14:00:00,19.305524853288688,26.25132172959001
2021-01-28 14:30:00,19.463459373422587,26.60316957107471
2021-01-28 15:00:00,19.377621308321995,26.91135047140871
2021-01-28 15:30:00,19.42876784061015,27.687490358099847
2021-01-28 16:00:00,19.40652207064155,27.60339841589657
2021-01-28 16:30:00,19.411018634411917,26.929031073239972
2021-01-28 17:00:00,19.483216215757857,27.021855874937422
2021-01-28 17:30:00,19.15370735470895,27.662079098140946
2021-01-28 18:00:00,19.242571603767207,26.5021526287817
2021-01-28 18:30:00,19.43602991311928,25.571176398075366
2021-01-28 19:00:00,19.056906410872656,25.38469716599355
2021-01-28 19:30:00,18.78560309090118,25.42937277132192
2021-01-28 20:00:00,18.925981452383432,24.706589390915184
2021-01-28 20:30:00,18.81539428978537,23.121402349163585
2021-01-28 21:00:00,18.746901585749733,22.669044090855266
2021-01-28 21:30:00,18.751498658621742,21.95780174859444
2021-01-28 22:00:00,18.511829984689292,22.15116248315979
2021-01-28 22:30:00,18.42039683636585,21.390855967433062
2021-01-28 23:00:00,18.16981383229405,21.668052070291484
2021-01-28 23:30:00,18.424380706362356,20.81731227310014
2021-01-29 00:00:00,17.796179984655925,19.955504254612837
2021-01-29 00:30:00,17.65403521776044,19.727633279192602
2021-01-29 01:00:00,17.68216397302282,18.7675161766655
2021-01-29 01:30:00,17.465636147318666,18.505054459634994
2021-01-29 02:00:00,17.411030095868153,19.302197161260136
2021-01-29 02:30:00,17.41096551204766,17.501804456018803
2021-01-29 03:00:00,17.485060979149765,18.851851177985495
2021-01-29 03:30:00,17.378974970368823,18.241440267417524
2021-01-29 04:00:00,17.347830359362472,18.44660700240932
2021-01-29 04:30:00,17.507846920338675,19.815796397331034
2021-01-29 05:00:00,17.359643778546154,18.95803822484406
2021-01-29 05:30:00,17.641192088255508,20.12776772474204
2021-01-29 06:00:00,17.45230926750151,20.474925699376858
2021-01-29 06:30:00,17.61287809649759,20.2804943089244
2021-01-29 07:00:00,17.67225582669935,20.666646401679483
2021-01-29 07:30:00,17.622553188235216,20.630024044652895
2021-01-29 08:00:00,17.780250063260297,21.685859597547108
2021-01-29 08:30:00,17.818281682432904,22.464157959184586
2021-01-29 09:00:00,17.846289396092523,22.712820830689996
2021-01-29 09:30:00,18.01933104550694,23.439171214901943
2021-01-29 10:00:00,18.273363448372553,24.306162867317223
2021-01-29 10:30:00,18.164838169408736,24.298132644595896
2021-01-29 11:00:00,18.27944170978894,25.184567093388292
2021-01-29 11:30:00,18.239437206022657,26.451404709228612
2021-01-29 12:00:00,18.659424895029396,27.4279753991171
2021-01-29 12:30:00,18.72640111882333,26.471459669486393
2021-01-29 13:00:00,18.716397257925745,27.232775189928255
2021-01-29 13:30:00,18.807501335618063,27.054901431165344
2021-01-29 14:00:00,18.864506732361896,28.400583279759122
2021-01-29 14:30:00,18.973346440844786,27.501086564933253
2021-01-29 15:00:00,19.07671256274228,26.861364920239613
2021-01-29 15:30:00,19.051394246553482,27.25670351490059
2021-01-29 16:00:00,19.03088222702301,27.03507348926754
2021-01-29 16:30:00,18.800151812497926,27.192557382395023
2021-01-29 17:00:00,18.964322031163558,27.52141426553715
2021-01-29 17:30:00,18.764317194326075,26.50941672180153
2021-01-29 18:00:00,18.777368787409703,25.609939272911188
2021-01-29 18:30:00,18.754643526155213,25.07781025052917
2021-01-29 19:00:00,18.503327226613003,24.25377656393911
2021-01-29 19:30:00,18.619379294217147,23.439421200772518
2021-01-29 20:00:00,18.51787536329413,22.69968767884733
2021-01-29 20:30:00,18.497285623805354,22.317034080322646
2021-01-29 21:00:00,18.412652630614538,22.771770956405707
2021-01-29 21:30:00,18.04248936378012,22.709039796758912
2021-01-29 22:00:00,18.10921889416201,21.675349625478937
2021-01-29 22:30:00,17.998514417683236,20.689685027566394
2021-01-29 23:00:00,17.834024810045904,20.291461059453248
2021-01-29 23:30:00,18.02318094750502,19.714477105524992
2021-01-30 00:00:00,18.549363625093907,20.066676736313717
2021-01-30 00:30:00,18.573684161634826,18.75901026218591
2021-01-30 01:00:00,18.270384832677518,18.694280107940287
2021-01-30 01:30:00,18.38309468991008,18.43546608097314
2021-01-30 02:00:00,18.19775553720157,17.20497603791621
2021-01-30 02:30:00,18.24004336124566,18.152085586407594
2021-01-30 03:00:00,18.17109811145609,17.73860931595576
2021-01-30 03:30:00,18.24860383721579,17.41543648539142
2021-01-30 04:00:00,18.155961246656787,16.790672804451507
2021-01-30 04:30:00,18.067184149792897,17.26237961717852
2021-01-30 05:00:00,18.471720994786917,18.22465328822147
2021-01-30 05:30:00,18.350148525150818,18.613674073368458
2021-01-30 06:00:00,18.46280242750729,18.64245376234793
2021-01-30 06:30:00,18.57073648004433,19.059905104933552
2021-01-30 07:00:00,18.655618685390767,19.153860793919353
2021-01-30 07:30:00,18.532472309202273,20.255728588336193
2021-01-30 08:00:00,18.704527163035454,21.121852529909233
2021-01-30 08:30:00,18.68232155600005,21.74812814857035
2021-01-30 09:00:00,18.929735421544947,22.149202422365008
2021-01-30 09:30:00,18.783824891806628,22.465298960526283
2021-01-30 10:00:00,19.137053187140207,22.789811404485338
2021-01-30 10:30:00,19.127591576217903,24.027039658447354
2021-01-30 11:00:00,19.40116969594642,24.91381878156164
2021-01-30 11:30:00,19.231413003900403,24.380666036783552
2021-01-30 12:00:00,19.49999275569612,24.85446673825336
2021-01-30 12:30:00,19.58308195968297,26.844351765953917
2021-01-30 13:00:00,19.612725475421307,25.982442239890272
2021-01-30 13:30:00,19.474285321796103,27.0169064357442
2021-01-30 14:00:00,19.572545054883168,27.324462718792553
2021-01-30 14:30:00,19.859738451985855,27.633278716146986
2021-01-30 15:00:00,20.035119349077505,27.271713778920503
2021-01-30 15:30:00,19.999311549967086,26.727649822762746
2021-01-30 16:00:00,19.736187027997182,27.07815302905223
2021-01-30 16:30:00,19.89494829169455,27.617094790618047
2021-01-30 17:00:00,19.665974188481954,26.886151612610718
2021-01-30 17:30:00,19.634262818615596,26.57479928461139
2021-01-30 18:00:00,19.78529147431063,26.853929851772705
2021-01-30 18:30:00,19.441159915377096,27.257724291549753
2021-01-30 19:00:00,19.573742151037816,27.112102970148694
2021-01-30 19:30:00,19.594814024213804,24.530587015604063
2021-01-30 20:00:00,19.479274416297404,24.88410394697336
2021-01-30 20:30:00,19.14949768304797,23.87449974203056
2021-01-30 21:00:00,19.338372394438355,25.53315387670877
2021-01-30 21:30:00,19.152827300255414,24.147584178385127
2021-01-30 22:00:00,19.083478823716362,23.730820690663077
2021-01-30 22:30:00,18.70000840168495,23.124798320153936
2021-01-30 23:00:00,18.961871372412364,21.902127909387783
2021-01-30 23:30:00,18.70230681313597,21.26338967593961
2021-01-31 00:00:00,18.603560139628684,20.31902519555391
2021-01-31 00:30:00,18.70368869453826,19.280542989219068
2021-01-31 01:00:00,18.472918372187234,19.694943716654482
2021-01-31 01:30:00,18.235340730856006,18.60383313294586
2021-01-31 02:00:00,18.325203775672648,18.90587202064815
2021-01-31 02:30:00,18.008337581389174,18.85472713593561
2021-01-31 03:00:00,18.163439942511378,18.38111629570005
2021-01-31 03:30:00,18.042985041494482,18.070390549348033
2021-01-31 04:00:00,18.20203333059787,18.946578849482357
2021-01-31 04:30:00,18.259047084294966,18.273836504304022
2021-01-31 05:00:00,18.11925118857135,17.66219304537415
2021-01-31 05:30:00,18.176155006634396,19.230086554445347
2021-01-31 06:00:00,18.13777331212634,18.170885846857125
2021-01-31 06:30:00,18.156200363373,18.402711885861788
2021-01-31 07:00:00,18.4429982038665,19.331521947122262
2021-01-31 07:30:00,18.575178672182705,20.177574136081606
2021-01-31 08:00:00,18.611597161518496,21.115448872272072
2021-01-31 08:30:00,18.875106652837136,21.62246284737392
2021-01-31 09:00:00,18.735611323954455,21.713495761696755
2021-01-31 09:30:00,18.942772553485778,23.0583530882217
2021-01-31 10:00:00,18.902982200461594,23.427070243553864
2021-01-31 10:30:00,19.17596933720397,24.488667522710244
2021-01-31 11:00:00,19.295587188125904,24.404787260309142
2021-01-31 11:30:00,19.1649323187636,24.81868718947765
2021-01-31 12:00:00,19.525873332042696,25.99445754019649
2021-01-31 12:30:00,19.450608071240378,25.134296374752076
2021-01-31 13:00:00,19.752435873404494,25.33367132225601
2021-01-31 13:30:00,19.637354182750535,26.249338914166056
2021-01-31 14:00:00,19.78517903754761,28.05936864735034
2021-01-31 14:30:00,19.931407661417374,27.179805042708388
2021-01-31 15:00:00,19.72146271881151,27.398156484484005
2021-01-31 15:30:00,19.66920316963846,27.24706328857914
2021-01-31 16:00:00,19.631452694965606,25.646196298787135
2021-01-31 16:30:00,19.897218746979267,26.53817959570976
2021-01-31 17:00:00,19.85927553979434,27.227639098150348
2021-01-31 17:30:00,19.734463467336905,24.918804846763052
2021-01-31 18:00:00,19.718292279499128,26.04163010309382
2021-01-31 18:30:00,19.629512737737603,26.42585848172074
2021-01-31 19:00:00,19.35026681640989,24.259837910358982
2021-01-31 19:30:00,19.57578946374205,24.048957302128457
2021-01-31 20:00:00,19.49810100175647,23.55320073166791
2021-01-31 20:30:00,19.293511933605256,22.929043690621814
2021-01-31 21:00:00,19.18687795961468,22.421654766590464
2021-01-31 21:30:00,18.94602453493132,21.74465945605169
2021-01-31 22:00:00,18.814238324114196,22.33401031278428
2021-01-31 22:30:00,18.87129058433077,20.263866169099956
2021-01-31 23:00:00,18.63328279668788,18.928684859617473
2021-01-31 23:30:00,18.594642182042527,19.4217207423825
2021-02-01 00:00:00,18.826462446226575,18.361086516661143
2021-02-01 00:30:00,18.458928602731927,18.535286978639842
2021-02-01 01:00:00,18.536364672232082,16.941035577161113
2021-02-01 01:30:00,18.521526926047603,17.521870139114075
2021-02-01 02:00:00,18.265048236067145,17.56695836565588
2021-02-01 02:30:00,18.37286480409902,17.285885174893423
2021-02-01 03:00:00,18.1220356320347,17.68013875075962
2021-02-01 03:30:00,18.12113611721304,17.987425008856746
2021-02-01 04:00:00,18.310291022965107,18.414569986733795
2021-02-01 04:30:00,18.14660019816948,19.137792660898523
2021-02-01 05:00:00,18.26007502016473,17.913383288484987
2021-02-01 05:30:00,18.26168140415786,18.688281534566027
2021-02-01 06:00:00,18.530011813909084,19.430182167914786
2021-02-01 06:30:00,18.381392820398062,20.151265445526334
2021-02-01 07:00:00,18.38586129285145,19.251910180189395
2021-02-01 07:30:00,18.526280913646175,20.49928178618876
2021-02-01 08:00:00,18.539171647470766,21.672656944770154
2021-02-01 08:30:00,18.797281155285944,20.607381722964625
2021-02-01 09:00:00,18.75677034107301,21.218949731375265
2021-02-01 09:30:00,18.833029175419817,20.669042231865
2021-02-01 10:00:00,19.06462326412891,22.205586413338786
2021-02-01 10:30:00,18.92151850428125,23.458315535412872
2021-02-01 11:00:00,19.25021074549506,23.776680268576182
2021-02-01 11:30:00,19.167812935174354,23.93606934002452
2021-02-01 12:00:00,19.232966526605722,24.76260389750989
2021-02-01 12:30:00,19.462535916651838,25.452000438878112
2021-02-01 13:00:00,19.41872213726384,25.591883612776666
2021-02-01 13:30:00,19.537458434347226,26.476944201903464
2021-02-01 14:00:00,19.75108630976885,26.927430990401554
2021-02-01 14:30:00,19.833404798988315,27.09506500423102
2021-02-01 15:00:00,19.851728343267478,27.24886626254076
2021-02-01 15:30:00,19.93186495176508,27.575499790166056
2021-02-01 16:00:00,19.994788660016486,27.218366183172186
2021-02-01 16:30:00,19.68858538528988,27.470301864325492
2021-02-01 17:00:00,19.729902055358203,27.09252167100309
2021-02-01 17:30:00,19.673001399847667,27.39556905197892
2021-02-01 18:00:00,19.738071988586537,27.052283258466044
2021-02-01 18:30:00,19.454963457852628,25.941356684644052
2021-02-01 19:00:00,19.470282048012727,25.187747031279525
2021-02-01 19:30:00,19.502165923811834,25.488810208733064
2021-02-01 20:00:00,19.43580974796865,23.90658421463093
2021-02-01 20:30:00,19.350052698245424,24.27901474936784
2021-02-01 21:00:00,19.1653591967138,22.94358567898601
2021-02-01 21:30:00,19.068351219006278,23.871002856740475
2021-02-01 22:00:00,18.932905407871537,23.5693391123491
2021-02-01 22:30:00,19.038905250966398,22.503893383036253
2021-02-01 23:00:00,18.674081132556857,21.6918266483936
2021-02-01 23:30:00,18.767107434692996,21.013564704107527
2021-02-02 00:00:00,18.909291905056588,20.723854664923586
2021-02-02 00:30:00,18.77179413650708,20.70751377055205
2021-02-02 01:00:00,18.869728674374247,19.711779560137487
2021-02-02 01:30:00,18.589572079062886,19.613304343067668
2021-02-02 02:00:00,18.506033596894333,19.055067431358186
2021-02-02 02:30:00,18.708208772834297,19.402235191494764
2021-02-02 03:00:00,18.527616667966573,18.18847122614524
2021-02-02 03:30:00,18.34323687419421,18.983846892094387
2021-02-02 04:00:00,18.465221142349897,19.474403626081983
2021-02-02 04:30:00,18.49506999830077,19.845640385244028
2021-02-02 05:00:00,18.589746111966583,17.978424029359978
2021-02-02 05:30:00,18.509482805398786,18.75201449936088
2021-02-02 06:00:00,18.51975773844008,19.272681588646364
2021-02-02 06:30:00,18.644505823566515,19.631248345507792
2021-02-02 07:00:00,18.68379695299576,20.174723412642898
2021-02-02 07:30:00,18.981163252366837,20.739494131945516
2021-02-02 08:00:00,18.878247471494046,21.331692872857158
2021-02-02 08:30:00,19.277478227452615,20.840253775189943
2021-02-02 09:00:00,19.126073326419213,21.509081417584767
2021-02-02 09:30:00,19.028484419606713,21.927144514024096
2021-02-02 10:00:00,19.224828385835146,22.918842782601104
2021-02-02 10:30:00,19.558289593267947,24.371363420934156
2021-02-02 11:00:00,19.500120641714986,24.61044752326125
2021-02-02 11:30:00,19.725680123652875,24.645657013804
2021-02-02 12:00:00,19.742915990934694,25.19790744209587
2021-02-02 12:30:00,19.967472677522913,26.234657841961432
2021-02-02 13:00:00,19.968664578296238,25.911787015121373
2021-02-02 13:30:00,20.007884673613866,25.78007852550637
2021-02-02 14:00:00,20.002020722598374,26.462219453690455
2021-02-02 14:30:00,20.072560963087184,26.141690080472646
2021-02-02 15:00:00,20.23451666312055,26.604709003008576
2021-02-02 15:30:00,19.999149602572732,26.745307333396063
2021-02-02 16:00:00,19.896910749565965,26.093397102858486
2021-02-02 16:30:00,20.10381453558755,26.01072173081811
2021-02-02 17:00:00,20.145316616436862,26.52442832110421
2021-02-02 17:30:00,20.034851084314845,25.73184586980538
2021-02-02 18:00:00,19.90992270016822,26.519213312971267
2021-02-02 18:30:00,19.862269747717132,25.89750468171988
2021-02-02 19:00:00,19.817943325133946,24.15803281570696
2021-02-02 19:30:00,19.816255714726694,25.27364415692955
2021-02-02 20:00:00,19.83986401905246,23.666226148494687
2021-02-02 20:30:00,19.658159971329695,23.652974495508882
2021-02-02 21:00:00,19.314834296457963,22.025832076751353
2021-02-02 21:30:00,19.527508152193604,22.54967961871931
2021-02-02 22:00:00,19.136045217618037,21.654676836163635
2021-02-02 22:30:00,19.165827154842166,20.64885632958155
2021-02-02 23:00:00,19.015546419144044,19.78987484474287
2021-02-02 23:30:00,18.977212545946795,19.067061402526786
2021-02-03 00:00:00,18.447831044587822,19.25299634503958
2021-02-03 00:30:00,18.736670744446723,18.829129196975344
2021-02-03 01:00:00,18.6873410152706,18.816607666462474
2021-02-03 01:30:00,18.608411099805497,17.274270588082484
2021-02-03 02:00:00,18.795689816549856,17.259378482826886
2021-02-03 02:30:00,18.477808680151895,16.909981791866525
2021-02-03 03:00:00,18.37399998291831,16.295944498472945
2021-02-03 03:30:00,18.409796512841222,16.965281551259263
2021-02-03 04:00:00,18.50326951012648,18.194134462593496
2021-02-03 04:30:00,18.42638687402694,17.783511586138275
2021-02-03 05:00:00,18.462271504017888,16.89200196329948
2021-02-03 05:30:00,18.477734339801763,17.70753150367355
2021-02-03 06:00:00,18.387573710961142,18.432743762185194
2021-02-03 06:30:00,18.72570079136542,17.543383698426986
2021-02-03 07:00:00,18.654247015938683,18.357770174603715
2021-02-03 07:30:00,18.69827930519315,20.279422780228042
2021-02-03 08:00:00,18.692028685668056,19.549608844036516
2021-02-03 08:30:00,18.88658867375333,21.26063481161579
2021-02-03 09:00:00,18.810970797588187,21.71547256293976
2021-02-03 09:30:00,19.075736098141164,22.45452989710373
2021-02-03 10:00:00,19.246823015119187,22.894908739502526
2021-02-03 10:30:00,19.43712259424039,24.534632740247076
2021-02-03 11:00:00,19.279342757430232,23.466717876434775
2021-02-03 11:30:00,19.464507335566694,23.64293532416167
2021-02-03 12:00:00,19.665772679351054,24.827429593428693
2021-02-03 12:30:00,19.570082703410762,24.731566529006052
2021-02-03 13:00:00,20.038628557157914,26.02308040703143
2021-02-03 13:30:00,19.83742321767407,25.38053271885112
2021-02-03 14:00:00,19.91829985839124,26.946273823948065
2021-02-03 14:30:00,19.868086435724358,27.62767508959464
2021-02-03 15:00:00,20.07541371536216,26.510728187911365
2021-02-03 15:30:00,19.876169564323614,27.340605193128987
2021-02-03 16:00:00,20.009013706136933,26.24679590022053
2021-02-03 16:30:00,20.03891103522849,26.96222208999976
2021-02-03 17:00:00,19.98922708060563,26.626084763832942
2021-02-03 17:30:00,20.04456520027661,26.57871625526643
2021-02-03 18:00:00,19.887942055253447,26.8364078630078
2021-02-03 18:30:00,19.827186796176733,25.783683186608645
2021-02-03 19:00:00,19.69279266609172,25.52406333068769
2021-02-03 19:30:00,19.70078452634475,25.394688175420917
2021-02-03 20:00:00,19.70067976071813,24.520439266905292
2021-02-03 20:30:00,19.683302098678844,24.019688588698234
2021-02-03 21:00:00,19.413409999133535,23.070399556629393
2021-02-03 21:30:00,19.428973652493234,23.802988921599447
2021-02-03 22:00:00,19.38152250144846,22.62494710203733
2021-02-03 22:30:00,18.935966265662167,22.037058632339498
2021-02-03 23:00:00,19.263519997277964,21.63959781881285
2021-02-03 23:30:00,18.99476757206396,21.604880227429685
2021-02-04 00:00:00,18.784632213124265,20.25091862501003
2021-02-04 00:30:00,18.696426887079827,19.130536755296614
2021-02-04 01:00:00,18.867966752957273,19.313976390427346
2021-02-04 01:30:00,18.605762193507395,18.865941174701373
2021-02-04 02:00:00,18.596098383948654,18.707277820300565
2021-02-04 02:30:00,18.44455455619402,18.28375988900256
2021-02-04 03:00:00,18.528400053076652,18.82705012569416
2021-02-04 03:30:00,18.463154868175376,18.343921907334998
2021-02-04 04:00:00,18.457147253457343,18.63969558529494
2021-02-04 04:30:00,18.55400338632239,17.663249582315334
2021-02-04 05:00:00,18.546231453302973,19.242729554815945
2021-02-04 05:30:00,18.65314015343723,18.488296579895636
2021-02-04 06:00:00,18.531785936985592,19.77748529394719
2021-02-04 06:30:00,18.434395278341274,19.623448956511858
2021-02-04 07:00:00,18.53049852518131,20.574550741010924
2021-02-04 07:30:00,18.752877745714784,20.17268264374601
2021-02-04 08:00:00,18.599966423083732,19.891178816028226
2021-02-04 08:30:00,18.89005586384934,21.263411804034842
2021-02-04 09:00:00,18.98428680437897,23.200569833456775
2021-02-04 09:30:00,18.835294434119646,22.76344439198175
2021-02-04 10:00:00,19.478109763754492,23.430755796548585
2021-02-04 10:30:00,19.40924686787799,25.131297229889995
2021-02-04 11:00:00,19.544451234395822,25.3885470596781
2021-02-04 11:30:00,19.50086648915654,25.791763975856494
2021-02-04 12:00:00,19.57841942207665,25.934910498394785
2021-02-04 12:30:00,19.742128535457848,27.255344270665546
2021-02-04 13:00:00,19.790062564667714,26.98429497811768
2021-02-04 13:30:00,19.806865128930912,26.699647904850377
2021-02-04 14:00:00,19.953748036476444,27.79855019949795
2021-02-04 14:30:00,19.947600093589923,28.099719053439205
2021-02-04 15:00:00,19.9302132332111,28.0122933941293
2021-02-04 15:30:00,19.893746273787816,27.644638223582557
2021-02-04 16:00:00,20.101981422561565,27.19025969776532
2021-02-04 16:30:00,20.15226705406396,27.29037040916892
2021-02-04 17:00:00,19.72672485556333,26.996328424551972
2021-02-04 17:30:00,19.795434651280537,26.738585900934993
2021-02-04 18:00:00,19.889644713351636,26.989337505301673
2021-02-04 18:30:00,19.978270282037762,25.936001344772126
2021-02-04 19:00:00,19.831736732468528,25.93112942114271
2021-02-04 19:30:00,19.942340694798915,24.578060329650313
2021-02-04 20:00:00,19.538489872410537,23.87464977664601
2021-02-04 20:30:00,19.63160528458523,23.93331612891452
2021-02-04 21:00:00,19.43058347871871,22.803829324857062
2021-02-04 21:30:00,19.233988160094345,22.088571076551226
2021-02-04 22:00:00,19.464521851068216,21.63462546397265
2021-02-04 22:30:00,19.170370591712345,20.263933980300834
2021-02-04 23:00:00,18.926496354138767,20.826244665448687
2021-02-04 23:30:00,18.8777090257658,20.9222633772245
2021-02-05 00:00:00,18.787151037150792,20.583424669522707
2021-02-05 00:30:00,18.697592629016512,18.74786304134731
2021-02-05 01:00:00,18.343850149646826,20.103342445000045
2021-02-05 01:30:00,18.476499811951445,18.098671481384418
2021-02-05 02:00:00,18.248336111978794,19.20397014812452
2021-02-05 02:30:00,18.633679901575444,18.971878579941553
2021-02-05 03:00:00,18.38086429149758,17.96196812580997
2021-02-05 03:30:00,18.43477307774755,18.732870525747675
2021-02-05 04:00:00,17.945441546307393,18.730460880505635
2021-02-05 04:30:00,18.357551683727426,19.105652577438963
2021-02-05 05:00:00,18.3218190938826,18.704314835503826
2021-02-05 05:30:00,18.156436211676983,17.969382269980386
2021-02-05 06:00:00,18.60946390460054,18.421810394092677
2021-02-05 06:30:00,18.433850028021112,19.420822704970558
2021-02-05 07:00:00,18.383670252751205,19.89591437994134
2021-02-05 07:30:00,18.464494734607513,19.979991116497953
2021-02-05 08:00:00,18.61551595208162,21.264350855284466
2021-02-05 08:30:00,18.63016396564956,22.97464629772436
2021-02-05 09:00:00,18.891551151245846,22.13009767734549
2021-02-05 09:30:00,18.997445298486955,23.93511968253388
2021-02-05 10:00:00,19.053533610751867,23.437831950066922
2021-02-05 10:30:00,19.19484629777883,23.958152123668626
2021-02-05 11:00:00,19.292979865547515,24.599937389508646
2021-02-05 11:30:00,19.24321829782767,25.768882211093985
2021-02-05 12:00:00,19.361684948612588,26.311196321679976
2021-02-05 12:30:00,19.397620328386537,25.62402240390795
2021-02-05 13:00:00,19.511258242296954,27.7593129037946
2021-02-05 13:30:00,19.70259790273679,27.290789475141363
2021-02-05 14:00:00,20.04802204053463,27.38296995863186
2021-02-05 14:30:00,19.912860004737936,27.771837226538153
2021-02-05 15:00:00,19.74725774996572,27.125708931666342
2021-02-05 15:30:00,20.02360511585977,28.17680270138849
2021-02-05 16:00:00,19.856607996995102,28.355586808445178
2021-02-05 16:30:00,19.788316179894107,27.09890051675213
2021-02-05 17:00:00,19.695784992733344,27.278012601913623
2021-02-05 17:30:00,19.799150566862366,27.69914579324031
2021-02-05 18:00:00,19.674786158855607,27.512466680878916
2021-02-05 18:30:00,19.72183349308669,26.047991759685477
2021-02-05 19:00:00,19.763006071185384,25.262327268875143
2021-02-05 19:30:00,19.388408821358794,24.469863060709894
2021-02-05 20:00:00,19.512756764813755,24.793824123096083
2021-02-05 20:30:00,19.339446620451785,24.89016986347407
2021-02-05 21:00:00,19.291202406229807,23.8439602140224
2021-02-05 21:30:00,19.22727671469373,24.208080832799443
2021-02-05 22:00:00,19.064513362869032,23.56737667334719
2021-02-05 22:30:00,18.769427442926002,22.93108478753168
2021-02-05 23:00:00,19.053020813727287,22.12449367347216
2021-02-05 23:30:00,18.731086837013006,22.52366547318431
2021-02-06 00:00:00,18.49744361250984,21.57499153296092
2021-02-06 00:30:00,18.453498668840286,21.477495120145885
2021-02-06 01:00:00,18.428368810715458,20.08307680572407
2021-02-06 01:30:00,18.28790534496891,20.868922891450502
2021-02-06 02:00:00,18.29501646579121,19.908534621169927
2021-02-06 02:30:00,18.157456879602652,21.213551190471915
2021-02-06 03:00:00,18.22366479601158,19.553525994937697
2021-02-06 03:30:00,18.182163592610614,19.20475211996788
2021-02-06 04:00:00,18.165855116965044,20.847700111661435
2021-02-06 04:30:00,18.271107693687746,20.179435672319222
2021-02-06 05:00:00,18.164915502075317,20.578237525004006
2021-02-06 05:30:00,18.173126533415804,20.46589943648411
2021-02-06 06:00:00,18.297461018225597,20.05624695373761
2021-02-06 06:30:00,18.395117230490282,22.549654750265702
2021-02-06 07:00:00,18.512782544606527,21.128216995857382
2021-02-06 07:30:00,18.580899223509785,21.65607388223068
2021-02-06 08:00:00,18.59499246510457,22.63292732969493
2021-02-06 08:30:00,18.716127550812153,23.34872494176154
2021-02-06 09:00:00,18.546263284058174,24.11217727291235
2021-02-06 09:30:00,18.73508266912113,24.64226614035075
2021-02-06 10:00:00,18.767009175119426,25.339323546193775
2021-02-06 10:30:00,19.006782670910358,25.53837103888987
2021-02-06 11:00:00,19.08513107125879,26.41944154516836
2021-02-06 11:30:00,19.39916017000828,27.526571193637334
2021-02-06 12:00:00,19.445163411150638,28.222135932506298
2021-02-06 12:30:00,19.505844057194555,28.302584431501035
2021-02-06 13:00:00,19.342972415459315,27.77501334527827
2021-02-06 13:30:00,19.56122399812835,27.95302714072796
2021-02-06 14:00:00,19.74073681906572,28.969463992509958
2021-02-06 14:30:00,19.68447950137945,28.692961822760658
2021-02-06 15:00:00,19.469994521000125,28.68555590226867
2021-02-06 15:30:00,19.650333670236165,27.88079208453248
2021-02-06 16:00:00,19.59596732683748,28.39495804134062
2021-02-06 16:30:00,19.61994305154529,29.1455479242319
2021-02-06 17:00:00,19.809112645769034,28.475979911131923
2021-02-06 17:30:00,19.531229987889667,28.05587333161334
2021-02-06 18:00:00,19.689621685627248,27.265485880935938
2021-02-06 18:30:00,19.46644682819725,27.5311565835268
2021-02-06 19:00:00,19.310867335311443,25.90254281679147
2021-02-06 19:30:00,19.47048585753993,25.17600956671252
2021-02-06 20:00:00,19.518408613428917,26.115794961518258
2021-02-06 20:30:00,19.16924828398135,24.45898761362437
2021-02-06 21:00:00,19.09267163514078,23.88686933783299
2021-02-06 21:30:00,19.137513866842305,23.57079751319165
2021-02-06 22:00:00,18.737389684194532,22.35038803686035
2021-02-06 22:30:00,18.851408208854096,22.84537651909599
2021-02-06 23:00:00,18.661453464196388,23.025259980483288
2021-02-06 23:30:00,18.54953939940243,22.055292193809873
2021-02-07 00:00:00,18.962287967710648,22.441525931095363
2021-02-07 00:30:00,18.944443919339044,21.44638999053386
2021-02-07 01:00:00,18.628501264746816,20.128609156073804
2021-02-07 01:30:00,18.699852570323973,20.84674475316874
2021-02-07 02:00:00,18.712512670162713,20.129937542654964
2021-02-07 02:30:00,18.81042961547767,20.115587781494966
2021-02-07 03:00:00,18.48252698744018,19.92673655309014
2021-02-07 03:30:00,18.625984171008874,19.27210223943469
2021-02-07 04:00:00,18.57797157634229,19.719016029032893
2021-02-07 04:30:00,18.551719004909213,19.490638644854176
2021-02-07 05:00:00,18.407630063344776,21.129425737989997
2021-02-07 05:30:00,18.70078923027291,20.017528476202937
2021-02-07 06:00:00,18.580076124135143,20.326341811015062
2021-02-07 06:30:00,18.633139771909587,21.18711010161682
2021-02-07 07:00:00,18.77995138183869,21.66531011804318
2021-02-07 07:30:00,18.69964689691219,21.73669804596747
2021-02-07 08:00:00,18.834439339674944,21.51556870140575
2021-02-07 08:30:00,19.09080423539125,22.522763577985796
2021-02-07 09:00:00,19.17505263052648,23.1336907205384
2021-02-07 09:30:00,19.092687753160817,22.908007269317082
2021-02-07 10:00:00,19.38762429623146,23.02240526187251
2021-02-07 10:30:00,19.4545869655843,23.59969581099552
2021-02-07 11:00:00,19.544018797430756,23.507228017861433
2021-02-07 11:30:00,19.706827855773042,24.540751871321543
2021-02-07 12:00:00,19.59274368253485,25.39492830336366
2021-02-07 12:30:00,19.977760568602335,24.73108080543146
2021-02-07 13:00:00,19.853677124009565,25.26976739180805
2021-02-07 13:30:00,19.646982446541337,26.54836480036357
2021-02-07 14:00:00,20.0002192791661,26.96769241689612
2021-02-07 14:30:00,19.986593836848847,26.750670500569964
2021-02-07 15:00:00,19.900304005609136,26.75054544586197
2021-02-07 15:30:00,20.08259610438967,27.285722385757715
2021-02-07 16:00:00,20.289128629878707,27.074390879928554
2021-02-07 16:30:00,19.942048651942358,26.148351050216032
2021-02-07 17:00:00,20.079924315919595,27.012991858170885
2021-02-07 17:30:00,20.09185350953389,26.83336926459654
2021-02-07 18:00:00,20.024721323400712,26.01017639105398
2021-02-07 18:30:00,19.960559516453444,25.5731792692611
2021-02-07 19:00:00,19.83874974398477,26.07720355239586
2021-02-07 19:30:00,19.927447167437215,25.77447939857546
2021-02-07 20:00:00,19.748561312100616,24.621984451829157
2021-02-07 20:30:00,19.684357727595508,25.62864504076088
2021-02-07 21:00:00,19.544836725380954,24.0531287381344
2021-02-07 21:30:00,19.298561409299115,23.569786124195744
2021-02-07 22:00:00,19.426448281382932,23.44495384972983
2021-02-07 22:30:00,19.402365857764018,22.225929828170095
2021-02-07 23:00:00,19.089170826156057,21.8215036325618
2021-02-07 23:30:00,19.149814178678906,21.479665506689805
2021-02-08 00:00:00,19.400274388461323,20.23857372900913
2021-02-08 00:30:00,19.19104296804461,19.675479324360225
2021-02-08 01:00:00,19.250628720220526,19.86784604684394
2021-02-08 01:30:00,19.175660759825597,18.948471999043882
2021-02-08 02:00:00,19.08314297834294,18.742285016981977
2021-02-08 02:30:00,18.935486695797646,18.525157132962192
2021-02-08 03:00:00,19.0057071463179,19.230107294992706
2021-02-08 03:30:00,18.886251451664968,19.583493459597783
2021-02-08 04:00:00,18.868492944755697,18.927047912400948
2021-02-08 04:30:00,18.814075143156966,18.922658879387924
2021-02-08 05:00:00,19.00505043564524,19.135827050988638
2021-02-08 05:30:00,19.24203939726047,18.444510612782242
2021-02-08 06:00:00,19.140134535423137,18.836914863955524
2021-02-08 06:30:00,19.035544742613183,19.58927157458555
2021-02-08 07:00:00,19.18964804995616,19.845745064856533
2021-02-08 07:30:00,19.31315585731475,19.32540557617906
2021-02-08 08:00:00,19.316766553868884,22.136935134405643
2021-02-08 08:30:00,19.601224724519867,21.324240965960648
2021-02-08 09:00:00,19.529659663719276,22.444182018205566
2021-02-08 09:30:00,19.513484031701203,23.058527267575542
2021-02-08 10:00:00,19.82587620058504,23.433029707389235
2021-02-08 10:30:00,19.763812477505333,25.083175509785384
2021-02-08 11:00:00,19.941717570457396,25.661289045513545
2021-02-08 11:30:00,20.284694053657102,25.72212548114775
2021-02-08 12:00:00,20.232020212443565,25.73228371507881
2021-02-08 12:30:00,20.44167549456041,27.283944700674766
2021-02-08 13:00:00,20.496395397833194,27.39031150393189
2021-02-08 13:30:00,20.390233151336105,27.395653459476975
2021-02-08 14:00:00,20.749660844066305,27.3165325812377
2021-02-08 14:30:00,20.384323408330232,28.958349200127998
2021-02-08 15:00:00,20.817074345090347,29.309535376141564
2021-02-08 15:30:00,20.570961363220487,28.69994364676777
2021-02-08 16:00:00,20.6765767424484,29.10227258729736
2021-02-08 16:30:00,20.69482392005652,29.078804743459262
2021-02-08 17:00:00,20.9115147150184,29.611814000962966
2021-02-08 17:30:00,20.532428954598583,27.60442425907064
2021-02-08 18:00:00,20.72154642368655,27.92269451463885
2021-02-08 18:30:00,20.447441972650907,27.81630692586881
2021-02-08 19:00:00,20.444583444389195,27.21282853559882
2021-02-08 19:30:00,20.561875306617416,26.730030397204906
2021-02-08 20:00:00,19.976461184716342,26.238036935041254
2021-02-08 20:30:00,20.24302666723305,25.256698067038958
2021-02-08 21:00:00,20.03390049504952,24.30710818594074
2021-02-08 21:30:00,19.92800475500362,24.153519019987634
2021-02-08 22:00:00,19.953306288168104,23.179315947398877
2021-02-08 22:30:00,19.593633124445077,23.306605289456574
2021-02-08 23:00:00,19.530294931927475,21.747294740435827
2021-02-08 23:30:00,19.775327720187754,21.3729551117495
2021-02-09 00:00:00,19.424964225272852,20.067750138915667
2021-02-09 00:30:00,19.26240054908899,20.02882677291922
2021-02-09 01:00:00,19.228418637847874,19.60900158178621
2021-02-09 01:30:00,18.94777346267128,19.1871730239716
2021-02-09 02:00:00,19.007529546073698,19.19329719763442
2021-02-09 02:30:00,19.105534146993953,19.013657694318407
2021-02-09 03:00:00,18.88900367691128,18.904888488790334
2021-02-09 03:30:00,18.778114924190138,18.56635824711993
2021-02-09 04:00:00,18.83223535534414,18.40150605271004
2021-02-09 04:30:00,18.724335574986014,18.61196175640736
2021-02-09 05:00:00,18.954427183829072,18.847390318396794
2021-02-09 05:30:00,18.997493518560667,20.26741614420459
2021-02-09 06:00:00,18.95860462054487,19.797048919510775
2021-02-09 06:30:00,19.236953632910865,20.492367371102386
2021-02-09 07:00:00,19.211865269775302,21.058521915427658
2021-02-09 07:30:00,19.287504737106943,22.380102607511077
2021-02-09 08:00:00,19.428987264603123,21.957161688569556
2021-02-09 08:30:00,19.400291723792662,23.37501668402015
2021-02-09 09:00:00,19.48520997466953,22.96225304653469
2021-02-09 09:30:00,19.758995608721367,23.459889384445518
2021-02-09 10:00:00,19.890724321457583,23.491969085782273
2021-02-09 10:30:00,19.712030562912673,24.45330757967775
2021-02-09 11:00:00,20.04480934925116,25.885406990575145
2021-02-09 11:30:00,20.236945470959505,25.642001671213734
2021-02-09 12:00:00,20.181743884813176,26.43180947665718
2021-02-09 12:30:00,20.27038835355923,27.218818282866792
2021-02-09 13:00:00,20.12330118494372,28.766290620945362
2021-02-09 13:30:00,20.44048653384672,29.140941545289046
2021-02-09 14:00:00,20.59989784129988,28.275167411191713
2021-02-09 14:30:00,20.47305608728371,29.891751857648117
2021-02-09 15:00:00,20.55593029440759,30.03389000810591
2021-02-09 15:30:00,20.534814748750126,29.042485648553377
2021-02-09 16:00:00,20.480367952629578,29.36520461664003
2021-02-09 16:30:00,20.616250177457776,29.51939016528334
2021-02-09 17:00:00,20.509953205446294,29.49684922589551
2021-02-09 17:30:00,20.561565497628724,28.882542213528147
2021-02-09 18:00:00,20.306235141338416,29.03055789727548
2021-02-09 18:30:00,20.23622962798474,28.36050530984721
2021-02-09 19:00:00,20.194992976966397,28.445619370802678
2021-02-09 19:30:00,20.153396495571382,27.35542989776633
2021-02-09 20:00:00,20.131279170839086,27.072570744985843
2021-02-09 20:30:00,20.15148496720238,26.443519226614313
2021-02-09 21:00:00,19.99923065940362,25.132354138891763
2021-02-09 21:30:00,19.881069293288185,26.468328526740684
2021-02-09 22:00:00,19.734071735742265,25.911583183906565
2021-02-09 22:30:00,19.712544066324917,25.22580073131908
2021-02-09 23:00:00,19.480904726866,24.38446987204155
2021-02-09 23:30:00,19.528283179543816,23.65897295481768
2021-02-10 00:00:00,18.67391886808903,23.52469530873599
2021-02-10 00:30:00,18.665537754569048,23.057117999157782
2021-02-10 01:00:00,18.573989678895245,21.980690435959456
2021-02-10 01:30:00,18.45329216013087,21.54284744013876
2021-02-10 02:00:00,18.432137075998906,21.583298500191656
2021-02-10 02:30:00,18.45664296260025,22.79609771028965
2021-02-10 03:00:00,18.432001623900543,21.56648065477089
2021-02-10 03:30:00,18.150053240968738,22.204772191568086
2021-02-10 04:00:00,18.234700767197893,22.24555518367736
2021-02-10 04:30:00,18.325199359635235,21.847499704368946
2021-02-10 05:00:00,18.251970453043175,22.375241838993933
2021-02-10 05:30:00,18.289667483643665,23.366899518471964
2021-02-10 06:00:00,18.21520551835048,22.115065460954472
2021-02-10 06:30:00,18.529324559852963,23.60297375959157
2021-02-10 07:00:00,18.37703429068107,22.350656229384718
2021-02-10 07:30:00,18.74885820238396,24.67969703287779
2021-02-10 08:00:00,18.676532494029924,24.152327977559757
2021-02-10 08:30:00,18.82748913927504,24.898128090732317
2021-02-10 09:00:00,18.918186803504657,25.268221859537128
2021-02-10 09:30:00,19.001836602166385,24.737642738907518
2021-02-10 10:00:00,19.33923306870104,26.58308458895797
2021-02-10 10:30:00,19.21599390530792,27.24894867833872
2021-02-10 11:00:00,19.383202257409206,27.424371175653842
2021-02-10 11:30:00,19.33433395794929,28.163458330803167
2021-02-10 12:00:00,19.4675302418437,29.609617867428295
2021-02-10 12:30:00,19.723917475839404,28.93165033021327
2021-02-10 13:00:00,19.63577034983903,29.378201657195255
2021-02-10 13:30:00,19.680223749000355,30.362520818244324
2021-02-10 14:00:00,19.766899697931972,29.73929908478458
2021-02-10 14:30:00,19.851311690831334,30.694004428081563
2021-02-10 15:00:00,19.86932585383071,31.121514960824175
2021-02-10 15:30:00,19.99190857829153,31.53440560183778
2021-02-10 16:00:00,19.89082350375689,31.030382784417863
2021-02-10 16:30:00,19.830593200857635,30.60666993793736
2021-02-10 17:00:00,19.688231466468142,30.43124975575929
2021-02-10 17:30:00,19.876794698777413,29.526277785657285
2021-02-10 18:00:00,19.658172164095728,30.942143192750688
2021-02-10 18:30:00,19.744161166699378,29.55310085680156
2021-02-10 19:00:00,19.706016901607963,29.02045463698853
2021-02-10 19:30:00,19.59589416017413,28.236875493739582
2021-02-10 20:00:00,19.513671235696382,28.778684697707803
2021-02-10 20:30:00,19.40485601215709,26.804842929269565
2021-02-10 21:00:00,19.406333418563072,27.645799327711956
2021-02-10 21:30:00,19.396005014974985,26.0447818461212
2021-02-10 22:00:00,19.276214422897226,26.459531512308242
2021-02-10 22:30:00,19.160706098540853,25.428282426968696
2021-02-10 23:00:00,18.99724083979631,24.993344467022183
2021-02-10 23:30:00,18.790190823422147,24.112620083354074
2021-02-11 00:00:00,18.310825361570522,24.024413144840302
2021-02-11 00:30:00,18.20168579697589,23.3511441989626
2021-02-11 01:00:00,18.300376916629585,22.720648448892348
2021-02-11 01:30:00,18.049451325259067,23.519229554446994
2021-02-11 02:00:00,17.964048135007257,22.285599990002
2021-02-11 02:30:00,17.819000982717643,23.182346270391584
2021-02-11 03:00:00,17.901310535662635,22.021934783011904
2021-02-11 03:30:00,17.85285674497098,22.532116023578673
2021-02-11 04:00:00,17.93692739209978,21.913028005983023
2021-02-11 04:30:00,17.88240953079287,22.661836805926914
2021-02-11 05:00:00,18.010233066094383,22.64996981275205
2021-02-11 05:30:00,18.029074477068733,22.594060538047575
2021-02-11 06:00:00,18.08627816488486,22.255124480264186
2021-02-11 06:30:00,17.970005231648617,23.91434957888908
2021-02-11 07:00:00,17.91462643902817,23.832446054575716
2021-02-11 07:30:00,18.45328413111669,24.336915780870594
2021-02-11 08:00:00,18.46102694187424,24.559448513233768
2021-02-11 08:30:00,18.438323008374603,26.208391414739967
2021-02-11 09:00:00,18.42741234431521,26.376531979514706
2021-02-11 09:30:00,18.555591734966168,27.02280742791533
2021-02-11 10:00:00,18.704688616524102,27.347711331507675
2021-02-11 10:30:00,18.64166209188672,27.349540808615608
2021-02-11 11:00:00,19.089402135375128,28.861712741886585
2021-02-11 11:30:00,18.76234709954145,29.36878443584829
2021-02-11 12:00:00,18.98185011273807,29.531559105573894
2021-02-11 12:30:00,19.032324415347453,30.54983501493935
2021-02-11 13:00:00,19.3128812551319,29.940139925121514
2021-02-11 13:30:00,19.194217535283247,30.277203331631906
2021-02-11 14:00:00,19.321787573614472,31.43374800213673
2021-02-11 14:30:00,19.296656613591793,30.320578003417822
2021-02-11 15:00:00,19.24649701404113,31.698838109924328
2021-02-11 15:30:00,19.518569752867396,31.46111501233885
2021-02-11 16:00:00,19.382050046326334,31.07780237420134
2021-02-11 16:30:00,19.43820877109672,31.573760017131413
2021-02-11 17:00:00,19.62042868568078,30.21417375584414
2021-02-11 17:30:00,19.552189978619758,29.622088813134976
2021-02-11 18:00:00,19.459048829993517,29.662012503835932
2021-02-11 18:30:00,19.357471953817214,29.885920857483754
2021-02-11 19:00:00,19.309660111560586,28.981964223002297
2021-02-11 19:30:00,18.908016073298224,27.97390567615944
2021-02-11 20:00:00,18.91371422303418,28.21176881646345
2021-02-11 20:30:00,18.933845839453408,27.33114046777604
2021-02-11 21:00:00,18.668819614127806,27.11584457367315
2021-02-11 21:30:00,18.756695706000595,25.745588471037706
2021-02-11 22:00:00,18.728551508997732,25.79277352470546
2021-02-11 22:30:00,18.693376573877718,25.036275322249924
2021-02-11 23:00:00,18.50764441525435,24.925479199960783
2021-02-11 23:30:00,18.29855458378746,24.473146128993225
2021-02-12 00:00:00,18.38584229448212,23.63183420020186
2021-02-12 00:30:00,18.25950295739201,23.041696500838942
2021-02-12 01:00:00,18.02117119389817,21.94680881479789
2021-02-12 01:30:00,18.08429394995461,22.378370310001007
2021-02-12 02:00:00,17.90526916025448,21.969706096116163
2021-02-12 02:30:00,17.929488120866896,21.500706340904028
2021-02-12 03:00:00,17.922451995408476,21.5864516976214
2021-02-12 03:30:00,17.946692004608956,21.25651649637145
2021-02-12 04:00:00,17.84707393341769,20.42237985274134
2021-02-12 04:30:00,17.997178090746974,20.066563467958584
2021-02-12 05:00:00,18.103382325249747,20.263278850177766
2021-02-12 05:30:00,17.942585005348327,21.520631743281317
2021-02-12 06:00:00,17.905543608901297,21.02405046689144
2021-02-12 06:30:00,18.076729982046132,23.073864952210396
2021-02-12 07:00:00,17.93326844330487,21.8383903471354
2021-02-12 07:30:00,18.248651165057936,21.75954311592291
2021-02-12 08:00:00,18.201872724788032,22.58076644790824
2021-02-12 08:30:00,18.140682673007802,22.7245317914736
2021-02-12 09:00:00,18.212611195381953,24.14515954318164
2021-02-12 09:30:00,18.7273993907327,25.107652964097998
2021-02-12 10:00:00,18.54385229949661,24.304964921185878
2021-02-12 10:30:00,18.979321178544755,25.77529451914978
2021-02-12 11:00:00,18.812607074164713,26.93164530135517
2021-02-12 11:30:00,19.08823018454558,26.72586219352629
2021-02-12 12:00:00,18.988161108143828,26.995242967118333
2021-02-12 12:30:00,19.194446521340794,28.44885791967041
2021-02-12 13:00:00,19.217604466754153,27.960105125126955
2021-02-12 13:30:00,19.11451564272708,26.935560050327453
2021-02-12 14:00:00,19.2146074160159,28.20996486041091
2021-02-12 14:30:00,19.413648411001063,28.792206580089744
2021-02-12 15:00:00,19.38086785738292,28.941926190083148
2021-02-12 15:30:00,19.317908216943806,27.454573864575075
2021-02-12 16:00:00,19.474079658208158,28.394146636520148
2021-02-12 16:30:00,19.239894870868135,28.126238710577425
2021-02-12 17:00:00,19.141308866910876,28.1105206103895
2021-02-12 17:30:00,19.289293357178618,27.95668370780701
2021-02-12 18:00:00,19.31717869791494,26.60915886557307
2021-02-12 18:30:00,19.315756680400145,26.213392463326713
2021-02-12 19:00:00,19.371286933898208,26.83525637606322
2021-02-12 19:30:00,19.018884726915445,25.654098448796667
2021-02-12 20:00:00,18.88080221569013,24.969763272257243
2021-02-12 20:30:00,19.011131114316633,25.48342288438853
2021-02-12 21:00:00,19.001413899660008,23.487661210979656
2021-02-12 21:30:00,18.70258606133398,23.091023519366132
2021-02-12 22:00:00,18.525941764840088,23.885354259434436
2021-02-12 22:30:00,18.53788371485233,23.0032254755071
2021-02-12 23:00:00,18.449877093961643,21.30591597129583
2021-02-12 23:30:00,18.58021010068908,20.97972866046483
2021-02-13 00:00:00,18.380211671254695,20.399712528219684
2021-02-13 00:30:00,18.393309582703864,20.149536948276975
2021-02-13 01:00:00,18.135480214629624,19.463271332376802
2021-02-13 01:30:00,18.269566415721798,18.41303819035592
2021-02-13 02:00:00,17.91106050606977,18.796528756230558
2021-02-13 02:30:00,17.898694258576597,19.26172566069446
2021-02-13 03:00:00,17.99165839584828,18.168097551563957
2021-02-13 03:30:00,17.980834172747194,19.49866168887043
2021-02-13 04:00:00,17.952373921957257,19.559822558848047
2021-02-13 04:30:00,18.090280106582004,19.603584475110445
2021-02-13 05:00:00,17.94370027429074,19.610727189527612
2021-02-13 05:30:00,17.982774342490664,18.694176423994985
2021-02-13 06:00:00,18.05319769777271,20.325168138701553
2021-02-13 06:30:00,18.18150771723262,21.15395811955277
2021-02-13 07:00:00,18.419534381529363,21.25711722142941
2021-02-13 07:30:00,18.086772603408182,21.963712774800307
2021-02-13 08:00:00,18.304652954861474,22.20784884030454
2021-02-13 08:30:00,18.550026757773043,22.76634176132183
2021-02-13 09:00:00,18.567860869112376,23.264903750812074
2021-02-13 09:30:00,18.676634318152047,24.19551417886398
2021-02-13 10:00:00,18.781165069023277,25.064926579085796
2021-02-13 10:30:00,18.81539074635404,25.49090793349658
2021-02-13 11:00:00,18.998462960349308,26.255983921836716
2021-02-13 11:30:00,19.062501935000714,27.169397152088926
2021-02-13 12:00:00,19.269090756206012,25.93054506021418
2021-02-13 12:30:00,19.097935089583427,27.39522469559169
2021-02-13 13:00:00,19.305369257421493,27.561414036623656
2021-02-13 13:30:00,19.34929687061198,28.492493847804333
2021-02-13 14:00:00,19.56301548978019,29.150625213482765
2021-02-13 14:30:00,19.608787256793796,29.719748423124244
2021-02-13 15:00:00,19.30125659750056,28.38507645856259
2021-02-13 15:30:00,19.51080038608371,28.615620711229333
2021-02-13 16:00:00,19.343554721264432,29.215401810075605
2021-02-13 16:30:00,19.523056897764604,30.55933346759768
2021-02-13 17:00:00,19.31193440085186,29.325807786859993
2021-02-13 17:30:00,19.332969109514664,28.2292914220336
2021-02-13 18:00:00,19.38774829578477,28.57399496323142
2021-02-13 18:30:00,19.399752255558123,27.785118013394147
2021-02-13 19:00:00,19.241946818917654,27.94436580079923
2021-02-13 19:30:00,19.27520851473014,27.787850825247844
2021-02-13 20:00:00,19.30262749019293,27.25427458502221
2021-02-13 20:30:00,19.27224541315784,27.103056887771558
2021-02-13 21:00:00,19.0612173747031,25.5379882829582
2021-02-13 21:30:00,18.790727265258127,24.433135476239162
2021-02-13 22:00:00,18.815692142292104,22.948792721761276
2021-02-13 22:30:00,18.736008947368916,23.406903558055994
2021-02-13 23:00:00,18.605194343300894,22.539418907195163
2021-02-13 23:30:00,18.262218122720626,21.710001827613237
2021-02-14 00:00:00,18.707116506949188,20.890734941420856
2021-02-14 00:30:00,18.534613460192276,21.55340604249929
2021-02-14 01:00:00,18.454644887082022,20.359486572220124
2021-02-14 01:30:00,18.355343154460794,21.133256527004214
2021-02-14 02:00:00,18.260650472472033,21.081207469843584
2021-02-14 02:30:00,18.18040778409603,21.84526001681285
2021-02-14 03:00:00,17.992162585743085,19.570313302596592
2021-02-14 03:30:00,18.170373904709145,20.447910440411402
2021-02-14 04:00:00,18.36780813752543,20.367344900136523
2021-02-14 04:30:00,18.16052802311907,19.669257223810742
2021-02-14 05:00:00,18.349481911640204,20.194647026902942
2021-02-14 05:30:00,18.34464822384921,20.22732213294967
2021-02-14 06:00:00,18.226085371201354,18.84677548507214
2021-02-14 06:30:00,18.259050860182846,20.28626252288978
2021-02-14 07:00:00,18.33665483589889,20.725386257912252
2021-02-14 07:30:00,18.550080515174518,21.409998251755127
2021-02-14 08:00:00,18.555914440623624,21.876973089648544
2021-02-14 08:30:00,18.639890014140633,23.006377584560394
2021-02-14 09:00:00,18.69492834096616,23.390197762689958
2021-02-14 09:30:00,18.75972897358559,23.605600884024227
2021-02-14 10:00:00,18.967108107563007,23.25664899234342
2021-02-14 10:30:00,19.21111725430144,24.71827623149903
2021-02-14 11:00:00,19.332375042173737,25.736286895432325
2021-02-14 11:30:00,19.35092485800073,26.44206433970795
2021-02-14 12:00:00,19.31895893332963,26.81500793502416
2021-02-14 12:30:00,19.48908531345591,26.513342970847344
2021-02-14 13:00:00,19.573272157662533,27.796538432883786
2021-02-14 13:30:00,19.6645515668314,28.467503872593486
2021-02-14 14:00:00,19.643457445929705,27.93424950052905
2021-02-14 14:30:00,19.51460599708848,27.688749074636554
2021-02-14 15:00:00,19.725333554571655,28.380053476984553
2021-02-14 15:30:00,19.764213552033407,27.118892088392002
2021-02-14 16:00:00,19.714333058257036,28.28702540417658
2021-02-14 16:30:00,19.548038994981724,27.767268107137944
2021-02-14 17:00:00,19.604545382281582,27.748849846355526
2021-02-14 17:30:00,19.559580734297544,26.447326808715143
2021-02-14 18:00:00,19.762760462150585,26.532015570881768
2021-02-14 18:30:00,19.378847939231502,26.51839751216003
2021-02-14 19:00:00,19.63379635646814,27.152028282103235
2021-02-14 19:30:00,19.38308595960178,26.94857383460089
2021-02-14 20:00:00,19.180259138957446,26.193512701935443
2021-02-14 20:30:00,19.332129929540507,25.05381781613024
2021-02-14 21:00:00,19.10484866066662,23.977164317014548
2021-02-14 21:30:00,18.92132582685397,23.5278335402484
2021-02-14 22:00:00,19.038460553814133,23.636349954147416
2021-02-14 22:30:00,18.905349987050077,24.24668269000437
2021-02-14 23:00:00,18.842880044598637,22.03192313009032
2021-02-14 23:30:00,18.489589571556227,21.76034392321268
2021-02-15 00:00:00,18.358916509423004,21.01820849511784
2021-02-15 00:30:00,17.9409969752427,21.06579209781849
2021-02-15 01:00:00,17.98917813391903,20.33043296857226
2021-02-15 01:30:00,17.755579296469076,19.865894324790524
2021-02-15 02:00:00,17.661534499800325,20.459688915808318
2021-02-15 02:30:00,17.793997581922536,20.29874813520732
2021-02-15 03:00:00,17.826337422517593,20.290716847193217
2021-02-15 03:30:00,17.776357870563864,19.95360915895038
2021-02-15 04:00:00,17.80193111234827,19.43659989129454
2021-02-15 04:30:00,17.806082313640452,19.258292867471805
2021-02-15 05:00:00,17.62432615682091,19.791143636426916
2021-02-15 05:30:00,17.97288276722481,18.76846968386491
2021-02-15 06:00:00,17.935642942413157,19.77926045567453
2021-02-15 06:30:00,17.93067288874193,19.420984524104036
2021-02-15 07:00:00,17.966144249268297,21.493317438462498
2021-02-15 07:30:00,18.151447227973133,21.09758383599957
2021-02-15 08:00:00,18.138296696772024,20.406235142439023
2021-02-15 08:30:00,18.38501533570548,20.798072715391957
2021-02-15 09:00:00,18.45937513730029,21.085994827120746
2021-02-15 09:30:00,18.41040914599758,22.432072803253895
2021-02-15 10:00:00,18.56735253605524,22.705070181872742
2021-02-15 10:30:00,18.39742832263703,23.876222840729838
2021-02-15 11:00:00,18.892110964100496,25.079019580873965
2021-02-15 11:30:00,18.8945294025533,25.232901074050613
2021-02-15 12:00:00,19.19610278937361,25.901627780098117
2021-02-15 12:30:00,19.087727192958475,25.59332992415901
2021-02-15 13:00:00,19.0115910743867,26.617839270332023
2021-02-15 13:30:00,19.236469093209358,26.185162141253482
2021-02-15 14:00:00,19.16963548740021,25.938763883113968
2021-02-15 14:30:00,19.292700938636646,26.479255875899465
2021-02-15 15:00:00,19.22727572827311,26.611403714761437
2021-02-15 15:30:00,19.320169887196304,26.366029851890506
2021-02-15 16:00:00,19.430794829265878,26.783594876076176
2021-02-15 16:30:00,19.2694037611888,26.409060454857677
2021-02-15 17:00:00,19.525658664615435,26.080679141291203
2021-02-15 17:30:00,19.220405704527185,25.481685158668157
2021-02-15 18:00:00,19.2689982210206,26.293747437679226
2021-02-15 18:30:00,19.099693008858186,25.105507307836266
2021-02-15 19:00:00,19.045870117101092,25.78241711675491
2021-02-15 19:30:00,19.053327183551545,25.132611364500082
2021-02-15 20:00:00,18.994409599677425,24.864384375985033
2021-02-15 20:30:00,18.98624077321938,23.96192954810464
2021-02-15 21:00:00,18.56208689423816,23.244361667660353
2021-02-15 21:30:00,18.7804032274779,23.13679767383468
2021-02-15 22:00:00,18.650320197905906,22.188451626859777
2021-02-15 22:30:00,18.37518195039061,22.18706222242974
2021-02-15 23:00:00,18.215317323523625,20.746882905695212
2021-02-15 23:30:00,18.26399719470536,19.81264052769882
2021-02-16 00:00:00,18.243052419139804,20.563393127169057
2021-02-16 00:30:00,17.98530371376522,19.510014394345845
2021-02-16 01:00:00,17.851736971120268,18.793691978030488
2021-02-16 01:30:00,17.671136809824183,19.100898929854996
2021-02-16 02:00:00,17.82925044477219,18.30703709593277
2021-02-16 02:30:00,17.608179889305802,19.604363012004615
2021-02-16 03:00:00,17.618509122271256,17.709109032157453
2021-02-16 03:30:00,17.71851713715616,17.510066810597195
2021-02-16 04:00:00,17.621876672244774,18.199807870260344
2021-02-16 04:30:00,17.62491643569077,18.058401360800477
2021-02-16 05:00:00,17.655987012086445,19.408652872925046
2021-02-16 05:30:00,17.879742866171192,19.54836129032145
2021-02-16 06:00:00,17.99776116624394,19.709192594657296
2021-02-16 06:30:00,17.844200863276704,19.274984580267052
2021-02-16 07:00:00,18.076340004182228,20.87338137492843
2021-02-16 07:30:00,17.742556396392878,21.035890849848812
2021-02-16 08:00:00,18.20321315961806,21.24775501817968
2021-02-16 08:30:00,18.22604366376896,22.203785428091088
2021-02-16 09:00:00,18.447999329341116,22.122203387452515
2021-02-16 09:30:00,18.23706922006007,23.531773265320762
2021-02-16 10:00:00,18.50442161774061,23.834719008190525
2021-02-16 10:30:00,18.396535669295883,24.31333083118112
2021-02-16 11:00:00,18.912340977861923,25.774716516680108
2021-02-16 11:30:00,18.999845418567347,25.787380309405602
2021-02-16 12:00:00,18.870272124264154,26.871841794656387
2021-02-16 12:30:00,18.90582745402467,26.591169846096328
2021-02-16 13:00:00,18.85273588983052,27.894525938778546
2021-02-16 13:30:00,19.001043291089523,26.828785852425774
2021-02-16 14:00:00,19.02303808431802,27.67851840054463
2021-02-16 14:30:00,19.027214739494923,27.401038655675247
2021-02-16 15:00:00,19.285224020229613,27.649086115029743
2021-02-16 15:30:00,19.3142383746828,27.350153064266625
2021-02-16 16:00:00,19.046634651381055,27.29121555539103
2021-02-16 16:30:00,19.03513304052212,27.089665423782275
2021-02-16 17:00:00,19.11154877495181,26.715493428414813
2021-02-16 17:30:00,19.126011104049443,27.079614966790967
2021-02-16 18:00:00,18.95517928834438,25.486771799515363
2021-02-16 18:30:00,19.00736536683058,25.134529709977475
2021-02-16 19:00:00,19.073822165492704,24.59211596518988
2021-02-16 19:30:00,18.998233284889714,25.694881399500332
2021-02-16 20:00:00,18.63176522386707,24.285299448906507
2021-02-16 20:30:00,18.67775412239131,23.503369670748214
2021-02-16 21:00:00,18.612061827185567,22.457333275711836
2021-02-16 21:30:00,18.532476629376486,22.43913470796428
2021-02-16 22:00:00,18.51934894155729,21.68225901366856
2021-02-16 22:30:00,18.359424456227586,22.190481897321252
2021-02-16 23:00:00,18.39244376568777,20.742131087809266
2021-02-16 23:30:00,18.06607871659757,20.24868290938461
2021-02-17 00:00:00,18.625749896835597,20.240937941254423
2021-02-17 00:30:00,18.241964254300548,19.640691739902238
2021-02-17 01:00:00,18.363705788412553,19.27525922512279
2021-02-17 01:30:00,18.22423399463272,19.19692895747988
2021-02-17 02:00:00,18.309090602281618,18.13074221870437
2021-02-17 02:30:00,18.085645710492766,18.572468591140478
2021-02-17 03:00:00,18.23905559986444,16.31202742276246
2021-02-17 03:30:00,18.517352004714027,17.637255059824817
2021-02-17 04:00:00,18.117630467945332,17.589023203607066
2021-02-17 04:30:00,18.251303014317575,16.758734787726986
2021-02-17 05:00:00,18.03619920786624,17.500883268601093
2021-02-17 05:30:00,18.193873544471366,16.561029737942963
2021-02-17 06:00:00,18.205084254891542,19.093843695787424
2021-02-17 06:30:00,18.053438491124794,18.262127109413676
2021-02-17 07:00:00,18.466752700013046,19.749555870616575
2021-02-17 07:30:00,18.232055965929373,19.888421266777904
2021-02-17 08:00:00,18.555303809274584,19.323808125198802
2021-02-17 08:30:00,18.72976674145679,21.921453749044982
2021-02-17 09:00:00,18.670032867637428,21.91961427218947
2021-02-17 09:30:00,18.89203317782192,22.721956556649847
2021-02-17 10:00:00,18.97133467889075,22.427430540612452
2021-02-17 10:30:00,19.16754483228787,22.718561773790455
2021-02-17 11:00:00,19.310553713042506,23.045620911764228
2021-02-17 11:30:00,19.102153845023874,23.192805937630165
2021-02-17 12:00:00,19.34155948842341,24.0241908034948
2021-02-17 12:30:00,19.452524132917734,24.316699485086776
2021-02-17 13:00:00,19.542118537242846,25.868911590384716
2021-02-17 13:30:00,19.48042425193513,26.206262162664313
2021-02-17 14:00:00,19.619898396755914,25.89489138368971
2021-02-17 14:30:00,19.60541928350137,25.238631313791146
2021-02-17 15:00:00,19.828656029678044,25.97285380274162
2021-02-17 15:30:00,19.756511154271756,24.79800922014108
2021-02-17 16:00:00,19.82224106557761,25.324744033231358
2021-02-17 16:30:00,19.59394361051805,24.30495584930466
2021-02-17 17:00:00,19.799188772116405,25.06558051086814
2021-02-17 17:30:00,19.793947732513676,23.521811356019313
2021-02-17 18:00:00,19.481867135019282,24.420158978461526
2021-02-17 18:30:00,19.668217159143545,23.01647649091233
2021-02-17 19:00:00,19.42947357424894,23.54831358230712
2021-02-17 19:30:00,19.37045332506807,22.257318231168373
2021-02-17 20:00:00,19.315625881256107,22.6328619026534
2021-02-17 20:30:00,19.056512901243938,21.489120594525026
2021-02-17 21:00:00,19.10507585732452,21.36328595358249
2021-02-17 21:30:00,18.97662905829572,22.15530010853026
2021-02-17 22:00:00,18.86574274685402,20.446041593212733
2021-02-17 22:30:00,18.9548713806801,19.263332276385743
2021-02-17 23:00:00,18.570871215722118,20.11767048059439
2021-02-17 23:30:00,18.695910778791283,18.595327959260008
2021-02-18 00:00:00,18.312309165011303,18.457531430568718
2021-02-18 00:30:00,18.199404415511186,18.797280701993024
2021-02-18 01:00:00,18.32334141932705,17.652365079958006
2021-02-18 01:30:00,18.115618871884564,17.873233748819068
2021-02-18 02:00:00,18.180578381499103,16.409663528681524
2021-02-18 02:30:00,18.030113445239696,17.602706297729185
2021-02-18 03:00:00,18.037242575893938,16.973674948431732
2021-02-18 03:30:00,17.810163070204695,15.627989741097853
2021-02-18 04:00:00,17.84721393106445,17.928169970667117
2021-02-18 04:30:00,17.91871571817534,17.199329007870734
2021-02-18 05:00:00,17.947909809598425,17.319422919309364
2021-02-18 05:30:00,17.908249413409123,17.800735927539503
2021-02-18 06:00:00,18.076933961893825,17.803021797704705
2021-02-18 06:30:00,17.957836004373696,18.676265566566514
2021-02-18 07:00:00,18.119489578846473,18.440820538340304
2021-02-18 07:30:00,18.259903979934002,19.534938096588252
2021-02-18 08:00:00,18.302539931250543,19.49603376678333
2021-02-18 08:30:00,18.319490816525526,19.55478464544077
2021-02-18 09:00:00,18.42971686347095,20.341082828339886
2021-02-18 09:30:00,18.71317389772418,20.073037894430062
2021-02-18 10:00:00,18.566176389018274,20.720883781423584
2021-02-18 10:30:00,18.794535576519465,22.241431640847214
2021-02-18 11:00:00,18.73791888470565,20.95760781112612
2021-02-18 11:30:00,19.06268695402218,21.95432656483939
2021-02-18 12:00:00,19.022333058083266,23.72649088886049
2021-02-18 12:30:00,18.979544206041833,23.13906987745357
2021-02-18 13:00:00,19.155754480882365,23.742247338388776
2021-02-18 13:30:00,19.295177460450574,24.456689284832876
2021-02-18 14:00:00,19.47986410191953,24.616675015278844
2021-02-18 14:30:00,19.538606051090817,24.802743427674084
2021-02-18 15:00:00,19.412440765935735,25.09944825227131
2021-02-18 15:30:00,19.349596651149845,25.76495948535407
2021-02-18 16:00:00,19.355288667603947,26.455995183919452
2021-02-18 16:30:00,19.205579380638138,25.170593112759505
2021-02-18 17:00:00,19.551691686354708,26.106103946937115
2021-02-18 17:30:00,19.276152800449054,27.226007745382535
2021-02-18 18:00:00,19.330439594835816,25.39628401402148
2021-02-18 18:30:00,19.070338631608653,23.780629560046247
2021-02-18 19:00:00,19.256559746859025,23.918833743728364
2021-02-18 19:30:00,19.04852982266064,23.829638308754845
2021-02-18 20:00:00,18.95735724483969,21.80986980288869
2021-02-18 20:30:00,19.10863972220631,21.791145933798184
2021-02-18 21:00:00,18.96794965340641,22.11197900276972
2021-02-18 21:30:00,19.119089987384367,21.826845617626493
2021-02-18 22:00:00,18.858446894478472,21.772368292221984
2021-02-18 22:30:00,18.93057684281533,21.27519303280831
2021-02-18 23:00:00,18.54696145930577,20.286560569395714
2021-02-18 23:30:00,18.46364014241441,20.934431354372002
2021-02-19 00:00:00,18.697804120848254,19.672686299298977
2021-02-19 00:30:00,18.996106252521308,19.489496929103645
2021-02-19 01:00:00,18.608050621676906,20.331098170614265
2021-02-19 01:30:00,18.567152118232052,19.4723164299632
2021-02-19 02:00:00,18.496730125768654,19.188451091204623
2021-02-19 02:30:00,18.27024845707914,17.411457790984073
2021-02-19 03:00:00,18.302936703133774,19.118838422070517
2021-02-19 03:30:00,18.446468571449262,17.61409420821349
2021-02-19 04:00:00,18.35409418167615,18.25114549697396
2021-02-19 04:30:00,18.508580387887783,18.079832687820826
2021-02-19 05:00:00,18.45514498742263,18.392802030151987
2021-02-19 05:30:00,18.50731674255055,18.862497580833598
2021-02-19 06:00:00,18.515886735254625,19.20412825582513
2021-02-19 06:30:00,18.607986287413095,19.106982901571516
2021-02-19 07:00:00,18.582081959797858,19.321461810244738
2021-02-19 07:30:00,18.58338445640283,19.578349471819003
2021-02-19 08:00:00,18.88491544648362,20.809018582329873
2021-02-19 08:30:00,18.90860653359339,21.172857494382313
2021-02-19 09:00:00,18.94945078688324,22.863160859044072
2021-02-19 09:30:00,19.098866761792024,22.94174897228193
2021-02-19 10:00:00,19.272155859151496,22.848393410042007
2021-02-19 10:30:00,19.341560330769727,23.462557217870838
2021-02-19 11:00:00,19.312646811113353,25.52454119559202
2021-02-19 11:30:00,19.325685847443197,24.668880247831517
2021-02-19 12:00:00,19.61343323711581,25.3359185678943
2021-02-19 12:30:00,19.693026033077672,26.583054017173453
2021-02-19 13:00:00,19.76334898289802,26.939205650532184
2021-02-19 13:30:00,19.72681372732665,26.75200367090049
2021-02-19 14:00:00,19.63425678812233,26.648619826055256
2021-02-19 14:30:00,19.837106933726258,26.785734660022598
2021-02-19 15:00:00,19.943302149991286,26.837270596343743
2021-02-19 15:30:00,20.102172383837857,27.418897230707962
2021-02-19 16:00:00,20.09129418560676,27.499717453420494
2021-02-19 16:30:00,19.86698651624345,26.165620826482836
2021-02-19 17:00:00,19.987193568003292,26.821484322866855
2021-02-19 17:30:00,19.960960708184256,28.028220016972927
2021-02-19 18:00:00,20.088819617997057,27.72192464608078
2021-02-19 18:30:00,19.856251753676126,26.65060276316197
2021-02-19 19:00:00,19.594342596844694,25.09257439474483
2021-02-19 19:30:00,19.58429554818058,24.56173507774835
2021-02-19 20:00:00,19.490043078269334,24.47212615829646
2021-02-19 20:30:00,19.3244914621482,23.131952447107842
2021-02-19 21:00:00,19.22047753836636,23.3759442333065
2021-02-19 21:30:00,19.391981080275475,22.844091656328576
2021-02-19 22:00:00,19.181517083299465,22.54984854166012
2021-02-19 22:30:00,19.095131924840405,22.695637756509285
2021-02-19 23:00:00,18.95965621877513,21.11275458298504
2021-02-19 23:30:00,18.739673809247318,20.375349967802215
2021-02-20 00:00:00,18.7754186983777,20.108553636166025
2021-02-20 00:30:00,18.58344294871627,19.955311363078433
2021-02-20 01:00:00,18.49281960193151,19.79535126532672
2021-02-20 01:30:00,18.417287788247098,18.7840055839246
2021-02-20 02:00:00,18.458670121354025,18.2702186095832
2021-02-20 02:30:00,18.558026355041903,18.242803607390325
2021-02-20 03:00:00,18.32923491475909,18.314569728662303
2021-02-20 03:30:00,18.34109271407812,18.21921179842695
2021-02-20 04:00:00,18.28823056769901,17.730336134406944
2021-02-20 04:30:00,18.569037514961177,18.89909344381646
2021-02-20 05:00:00,18.383096189166668,18.837789668061447
2021-02-20 05:30:00,18.413976329049216,19.69177212338004
2021-02-20 06:00:00,18.637002861381642,20.02090794089387
2021-02-20 06:30:00,18.645471232597945,20.20931241551928
2021-02-20 07:00:00,18.732756212072246,19.51779086241471
2021-02-20 07:30:00,18.682776010383186,21.569470478587643
2021-02-20 08:00:00,18.898840252248217,21.453688492836445
2021-02-20 08:30:00,19.01996920551802,23.048223850912855
2021-02-20 09:00:00,19.048413777578677,22.628462835616105
2021-02-20 09:30:00,19.228548372650202,23.632017541587082
2021-02-20 10:00:00,19.313605123272097,24.962175503436207
2021-02-20 10:30:00,19.380482598009973,25.170969457085995
2021-02-20 11:00:00,19.415977231246046,25.245810143703686
2021-02-20 11:30:00,19.73455645971887,26.234234407028918
2021-02-20 12:00:00,19.494769048242706,26.99662478242944
2021-02-20 12:30:00,19.840413965716408,26.673162549555755
2021-02-20 13:00:00,19.769606171334253,27.03333359158052
2021-02-20 13:30:00,19.883694144022147,28.518109017268007
2021-02-20 14:00:00,20.021667186790484,26.791542275091565
2021-02-20 14:30:00,19.935689639732853,27.308355858382484
2021-02-20 15:00:00,20.06974737194482,27.662884038216177
2021-02-20 15:30:00,20.107682013635493,27.79189666066629
2021-02-20 16:00:00,19.952049917103878,26.766159977869897
2021-02-20 16:30:00,20.040445966971472,27.45052201368311
2021-02-20 17:00:00,20.095403011622793,27.35244056512243
2021-02-20 17:30:00,20.05162602850312,26.626650485482596
2021-02-20 18:00:00,19.7842050036031,25.682673298088805
2021-02-20 18:30:00,20.133194722314588,26.405459151799295
2021-02-20 19:00:00,19.65188991030475,25.297192565896317
2021-02-20 19:30:00,19.412634863942465,23.958269058554094
2021-02-20 20:00:00,19.645224311564725,23.828229273233177
2021-02-20 20:30:00,19.50458479010173,22.962486441155207
2021-02-20 21:00:00,19.40530960348555,22.263147913100518
2021-02-20 21:30:00,19.22253801728428,21.182330943463
2021-02-20 22:00:00,19.250989600440775,20.882540003942953
2021-02-20 22:30:00,19.05323894748133,19.539370532335553
2021-02-20 23:00:00,19.049706057715394,19.16466626554974
2021-02-20 23:30:00,19.004632628352795,19.65338277256747
2021-02-21 00:00:00,18.83544914403379,18.929438720924328
2021-02-21 00:30:00,18.493848038573482,18.273136680122445
2021-02-21 01:00:00,18.40864890839028,17.792530841081437
2021-02-21 01:30:00,18.36288494066261,17.328643781093074
2021-02-21 02:00:00,18.43694829299544,17.252391189849973
2021-02-21 02:30:00,18.46150817984338,17.555310630614436
2021-02-21 03:00:00,18.303232873674325,17.606940657732387
2021-02-21 03:30:00,18.317321931289257,16.98903834922251
2021-02-21 04:00:00,18.248863294313697,17.147856864500675
2021-02-21 04:30:00,18.486199285785304,18.12081899863617
2021-02-21 05:00:00,18.236279697301985,17.57999169495825
2021-02-21 05:30:00,18.381293414235824,18.34479344601963
2021-02-21 06:00:00,18.371216060606432,18.388659852064727
2021-02-21 06:30:00,18.47553773529652,19.05258143820569
2021-02-21 07:00:00,18.383459801916178,19.997259961907062
2021-02-21 07:30:00,18.661406548748488,20.738177413273483
2021-02-21 08:00:00,18.56277892979695,20.898557412983692
2021-02-21 08:30:00,18.681949258912265,19.508905127148367
2021-02-21 09:00:00,18.80249119051191,22.256530660968078
2021-02-21 09:30:00,19.082723446841012,22.754875833640398
2021-02-21 10:00:00,19.25438734191773,23.05854986652315
2021-02-21 10:30:00,19.360436518015337,24.32955871975674
2021-02-21 11:00:00,19.37311834182323,24.29009798375559
2021-02-21 11:30:00,19.266536722531633,24.262642957439212
2021-02-21 12:00:00,19.417576157781177,25.662005377288697
2021-02-21 12:30:00,19.60731218374291,25.967243751268892
2021-02-21 13:00:00,19.957612626980133,27.678973461657396
2021-02-21 13:30:00,19.59770051270549,26.903668574330496
2021-02-21 14:00:00,19.598936687267635,27.912754716733517
2021-02-21 14:30:00,19.87859964138636,27.524158912413576
2021-02-21 15:00:00,19.892336279678347,27.26569914888844
2021-02-21 15:30:00,19.93736862375965,27.87059927300577
2021-02-21 16:00:00,19.66810899648599,27.038418631122788
2021-02-21 16:30:00,19.963699228264215,29.30452318991592
2021-02-21 17:00:00,19.5558358735259,28.023587545520613
2021-02-21 17:30:00,19.841622779783528,27.871899877445006
2021-02-21 18:00:00,19.737910796160946,27.67086586944032
2021-02-21 18:30:00,19.90472150465855,28.42374233368526
2021-02-21 19:00:00,19.498998500300907,27.942934494228663
2021-02-21 19:30:00,19.308744668078372,27.618432930485348
2021-02-21 20:00:00,19.419828867927446,26.649504345996558
2021-02-21 20:30:00,19.43627624417344,25.466790737870888
2021-02-21 21:00:00,19.44358555682339,24.700483420825247
2021-02-21 21:30:00,19.191106075361244,25.42470098154
2021-02-21 22:00:00,19.049405560359748,25.256560357122844
2021-02-21 22:30:00,18.850578929788966,23.79771736554777
2021-02-21 23:00:00,18.943682105929827,22.805509734341452
2021-02-21 23:30:00,18.81724206734616,22.78258227675375
2021-02-22 00:00:00,19.718901653994966,22.627988399528284
2021-02-22 00:30:00,19.517806274792317,21.006122419234917
2021-02-22 01:00:00,19.573821154441436,20.721069181197585
2021-02-22 01:30:00,19.102797558965978,20.17899853050962
2021-02-22 02:00:00,19.418948428028862,19.408238452329762
2021-02-22 02:30:00,19.3423491798592,20.208953946610247
2021-02-22 03:00:00,19.257717487030348,19.08032418048216
2021-02-22 03:30:00,19.255699984946805,19.91073321071004
2021-02-22 04:00:00,18.99267043327299,20.424796706570678
2021-02-22 04:30:00,19.09430283629287,19.637584112833036
2021-02-22 05:00:00,19.2037302380917,19.65884760741561
2021-02-22 05:30:00,19.41973507227105,19.900260649297422
2021-02-22 06:00:00,19.283003139962315,20.07609644333617
2021-02-22 06:30:00,19.423478929160325,21.773779960686113
2021-02-22 07:00:00,19.43421425836428,21.31801002053473
2021-02-22 07:30:00,19.679222103962992,22.703178726639035
2021-02-22 08:00:00,19.614994093184603,22.3277186567302
2021-02-22 08:30:00,19.540333379036408,23.30153649982326
2021-02-22 09:00:00,19.826741840284424,24.671125971809886
2021-02-22 09:30:00,20.08186797545061,26.51452440718462
2021-02-22 10:00:00,20.045774016850203,25.971148549384885
2021-02-22 10:30:00,19.79550986290671,26.493225435197797
2021-02-22 11:00:00,20.181266855730673,27.64766495624774
2021-02-22 11:30:00,20.19872148298165,27.62531299523628
2021-02-22 12:00:00,20.459291993908433,28.191125724166202
2021-02-22 12:30:00,20.307008276807615,28.189607097719517
2021-02-22 13:00:00,20.376744343661613,28.521859971841174
2021-02-22 13:30:00,20.610608873819103,29.12140247884862
2021-02-22 14:00:00,20.58957643452402,29.00437226192309
2021-02-22 14:30:00,20.798728975752603,29.049308479159063
2021-02-22 15:00:00,20.983176462992997,29.502694015935816
2021-02-22 15:30:00,21.003093923260572,30.608638009952422
2021-02-22 16:00:00,20.76842602562859,29.802023537735867
2021-02-22 16:30:00,20.795245618180857,30.390333846169096
2021-02-22 17:00:00,20.946112918935956,30.45524965068651
2021-02-22 17:30:00,20.69681099991997,29.610633383315488
2021-02-22 18:00:00,20.720731854822183,28.0648310439863
2021-02-22 18:30:00,20.74018361210373,29.012403992014676
2021-02-22 19:00:00,20.517140429016596,27.361728445028973
2021-02-22 19:30:00,20.62276251817692,28.32893422917581
2021-02-22 20:00:00,20.457729361383834,27.369979417533163
2021-02-22 20:30:00,20.411607497669465,26.126131695531942
2021-02-22 21:00:00,20.205690647471325,26.28082906174828
2021-02-22 21:30:00,20.041390255772434,25.414290218105336
2021-02-22 22:00:00,20.143293881689537,25.0713422177147
2021-02-22 22:30:00,19.80591950453007,25.26297599080708
2021-02-22 23:00:00,19.705225415884897,23.64573961997761
2021-02-22 23:30:00,19.538340618623728,22.385560714949875
2021-02-23 00:00:00,19.222802097752655,22.550529087118978
2021-02-23 00:30:00,18.852583057901803,21.038361931299708
2021-02-23 01:00:00,19.090438251418405,21.052446643061558
2021-02-23 01:30:00,18.934981340466553,22.07215405006617
2021-02-23 02:00:00,18.813131995077732,21.282570398072178
2021-02-23 02:30:00,18.86091729673029,21.72044240727343
2021-02-23 03:00:00,18.695165992776865,21.207137665236267
2021-02-23 03:30:00,18.79566361418197,22.268986118622806
2021-02-23 04:00:00,18.73333677135789,20.967183942885093
2021-02-23 04:30:00,18.759329702478997,21.607988088733222
2021-02-23 05:00:00,18.98640981557014,21.255777933757187
2021-02-23 05:30:00,18.59601180972142,21.756890034986128
2021-02-23 06:00:00,18.87035332731033,21.93417268793845
2021-02-23 06:30:00,18.725736946746274,24.322121603048064
2021-02-23 07:00:00,18.91546480892866,22.346910797692406
2021-02-23 07:30:00,18.961364142078544,22.905803504027244
2021-02-23 08:00:00,18.98762549963948,23.717129320913042
2021-02-23 08:30:00,19.088798541859394,23.45486232617688
2021-02-23 09:00:00,19.27134798357151,24.305639306914003
2021-02-23 09:30:00,19.464099961508673,26.22308422669378
2021-02-23 10:00:00,19.420724210621714,26.39030961400048
2021-02-23 10:30:00,19.583534344467232,26.61518238807018
2021-02-23 11:00:00,19.736822534767402,26.934262926961864
2021-02-23 11:30:00,19.832372686298328,27.2589294977842
2021-02-23 12:00:00,20.014694248731363,28.612211510519455
2021-02-23 12:30:00,19.96637597549707,29.250591686101032
2021-02-23 13:00:00,20.101571297791093,29.09058204051974
2021-02-23 13:30:00,20.10926923411534,29.658495542853974
2021-02-23 14:00:00,20.09436391149952,28.94709529882773
2021-02-23 14:30:00,20.112495319774865,29.983223226994685
2021-02-23 15:00:00,20.45793487169508,29.05443278295925
2021-02-23 15:30:00,20.314857037092693,29.417942938021213
2021-02-23 16:00:00,20.35516277271898,29.877906226680246
2021-02-23 16:30:00,20.38880041630934,30.010014015041623
2021-02-23 17:00:00,20.372173360189564,29.35446899660345
2021-02-23 17:30:00,20.158165780904167,29.53665726232964
2021-02-23 18:00:00,20.19362653612745,27.748461580632068
2021-02-23 18:30:00,20.272977642831787,28.39836417955247
2021-02-23 19:00:00,19.994595410334497,26.899963674169353
2021-02-23 19:30:00,20.039387427743527,25.903998461814794
2021-02-23 20:00:00,20.023788647752454,26.62538647751636
2021-02-23 20:30:00,19.86203185506212,25.830514618380285
2021-02-23 21:00:00,19.95324631293459,24.86021760611542
2021-02-23 21:30:00,19.62998437613403,24.0905013354623
2021-02-23 22:00:00,19.500698662997824,23.82018324402989
2021-02-23 22:30:00,19.277703306167393,23.313458149633274
2021-02-23 23:00:00,19.41756505509007,23.64400311374756
2021-02-23 23:30:00,19.487465834848884,23.20942343921764
2021-02-24 00:00:00,18.880135448814087,23.352890155952345
2021-02-24 00:30:00,18.689886883856666,22.37708353922304
2021-02-24 01:00:00,18.39924761519837,21.568114876894953
2021-02-24 01:30:00,18.686033549670046,21.516074014020816
2021-02-24 02:00:00,18.504156779037004,20.766881567049364
2021-02-24 02:30:00,18.4496105058872,21.447523710238702
2021-02-24 03:00:00,18.415652808132247,21.228142881567553
2021-02-24 03:30:00,18.484852442371217,20.951739315060383
2021-02-24 04:00:00,18.218105843524846,20.687049234504837
2021-02-24 04:30:00,18.475616651318735,20.412593118041023
2021-02-24 05:00:00,18.273452105313304,21.3649439862759
2021-02-24 05:30:00,18.627563062008154,21.33444254493384
2021-02-24 06:00:00,18.41252695666166,20.724573305975827
2021-02-24 06:30:00,18.40225625167478,22.099201918725132
2021-02-24 07:00:00,18.77801620900068,21.51548246706319
2021-02-24 07:30:00,18.721103489460397,23.698356911499314
2021-02-24 08:00:00,18.77992342334225,23.69265682231441
2021-02-24 08:30:00,18.624103040246553,23.770420815282456
2021-02-24 09:00:00,19.014788480555357,23.703834026143646
2021-02-24 09:30:00,19.37533529878867,25.62059899963209
2021-02-24 10:00:00,19.20987480838312,26.742914280011988
2021-02-24 10:30:00,19.448329174903883,25.940518159875467
2021-02-24 11:00:00,19.518591900601493,25.565588242058123
2021-02-24 11:30:00,19.324483914402492,26.368519024112494
2021-02-24 12:00:00,19.570047616651372,27.77116132101053
2021-02-24 12:30:00,19.858537029897004,26.45742426999226
2021-02-24 13:00:00,19.842365736775943,27.843435279563355
2021-02-24 13:30:00,19.748965455357666,28.756658883428713
2021-02-24 14:00:00,19.888093766396494,28.986888509422343
2021-02-24 14:30:00,19.9890215113256,29.39922963109926
2021-02-24 15:00:00,20.196024575642024,29.35010240169118
2021-02-24 15:30:00,19.95525558605379,27.528974722092393
2021-02-24 16:00:00,20.203637667752602,28.32595291277856
2021-02-24 16:30:00,19.953160086140482,28.38862922683859
2021-02-24 17:00:00,19.97674738004742,28.682454643613482
2021-02-24 17:30:00,19.798537262664414,27.16585935983665
2021-02-24 18:00:00,20.02303167789704,26.908583778629907
2021-02-24 18:30:00,19.911396589762134,26.98683884730965
2021-02-24 19:00:00,19.654450200435644,26.673712913737138
2021-02-24 19:30:00,19.727518591658143,25.713476097766577
2021-02-24 20:00:00,19.64188703108994,25.214964347587394
2021-02-24 20:30:00,19.508120903363203,24.627182083834423
2021-02-24 21:00:00,19.5593004608771,24.314004043952917
2021-02-24 21:30:00,19.340603388118645,22.600160824289247
2021-02-24 22:00:00,19.31574194269494,21.81568475629637
2021-02-24 22:30:00,19.068733547792576,21.795192336387533
2021-02-24 23:00:00,18.970867980898117,20.932351390894173
2021-02-24 23:30:00,19.00929470778431,20.306362398092663
2021-02-25 00:00:00,18.493350384301966,19.713306962381864
2021-02-25 00:30:00,18.692841793825362,19.26146808840092
2021-02-25 01:00:00,18.455013814380248,19.188814933061106
2021-02-25 01:30:00,18.198043295899343,18.164990741546486
2021-02-25 02:00:00,18.288585708728686,18.02266943737982
2021-02-25 02:30:00,18.06163552432413,17.565814344424034
2021-02-25 03:00:00,18.017468514955116,18.256442179278995
2021-02-25 03:30:00,18.008161453066514,17.117816681828113
2021-02-25 04:00:00,18.08878696854699,18.088444647349252
2021-02-25 04:30:00,18.276206743882515,17.503419017463518
2021-02-25 05:00:00,18.04903427505101,18.007954602574358
2021-02-25 05:30:00,18.171469552516005,18.838466431129063
2021-02-25 06:00:00,18.096375088552747,19.053292206257215
2021-02-25 06:30:00,18.274954485659652,18.8848576087342
2021-02-25 07:00:00,18.387620013203357,19.299467704078484
2021-02-25 07:30:00,18.527622803675854,20.70013690654085
2021-02-25 08:00:00,18.29568822530184,20.3726015060814
2021-02-25 08:30:00,18.612360905626332,20.862542794646775
2021-02-25 09:00:00,18.335248393388706,21.071979221484945
2021-02-25 09:30:00,18.837848270216345,21.956243313589678
2021-02-25 10:00:00,18.718430671378588,22.393658734746978
2021-02-25 10:30:00,19.02382090340401,23.262991125612835
2021-02-25 11:00:00,18.949265960843466,23.15825343624349
2021-02-25 11:30:00,19.40571557924058,23.510589460504583
2021-02-25 12:00:00,19.181173163317926,23.757638320227898
2021-02-25 12:30:00,19.420221367978595,25.244823571838538
2021-02-25 13:00:00,19.56953117072116,24.006426076025676
2021-02-25 13:30:00,19.493245965685176,25.245201560397156
2021-02-25 14:00:00,19.51341380709798,25.979548548401812
2021-02-25 14:30:00,19.54633376668572,25.27768359028896
2021-02-25 15:00:00,19.647248587074902,25.726707648497552
2021-02-25 15:30:00,19.923689166476667,26.400505826351267
2021-02-25 16:00:00,19.48758261072883,26.640081716337
2021-02-25 16:30:00,19.834179082702814,26.631127501044848
2021-02-25 17:00:00,19.633909906309277,26.00948987628749
2021-02-25 17:30:00,19.712501715281743,25.920029193088922
2021-02-25 18:00:00,19.424174349515766,24.929354601491788
2021-02-25 18:30:00,19.713359387443223,24.352279388665284
2021-02-25 19:00:00,19.395098039826753,23.33370974439574
2021-02-25 19:30:00,19.405817340473718,23.115762909332
2021-02-25 20:00:00,19.248105531508696,22.118792835451618
2021-02-25 20:30:00,18.879514439762367,22.751475046747267
2021-02-25 21:00:00,19.126770261504547,21.48624670721117
2021-02-25 21:30:00,19.14291269062275,21.635847438226335
2021-02-25 22:00:00,18.689921558785354,20.65291049591994
2021-02-25 22:30:00,18.874727295043016,20.30220736010917
2021-02-25 23:00:00,18.67879723938669,19.681655834939384
2021-02-25 23:30:00,18.64759494697647,18.220963254978965
2021-02-26 00:00:00,18.419190965001203,18.168461658088127
2021-02-26 00:30:00,18.076767411115547,16.57219646107663
2021-02-26 01:00:00,18.192307734011216,16.522097705795492
2021-02-26 01:30:00,18.067550929275065,16.34837435545888
2021-02-26 02:00:00,17.830188481090218,16.13319691192787
2021-02-26 02:30:00,17.938272424644282,15.82242703429225
2021-02-26 03:00:00,17.916732760307248,16.025124003917956
2021-02-26 03:30:00,17.949992615484582,15.827843737202027
2021-02-26 04:00:00,18.074864680362996,15.423787387011384
2021-02-26 04:30:00,18.00426984913175,16.162077373407065
2021-02-26 05:00:00,17.929318620161894,16.081946244392363
2021-02-26 05:30:00,17.812202735858744,16.26433510503115
2021-02-26 06:00:00,18.040224906682344,16.754436021201997
2021-02-26 06:30:00,18.06369685578306,17.487523691680806
2021-02-26 07:00:00,18.062464907972483,17.27838258714772
2021-02-26 07:30:00,18.376262658128557,18.51990485399004
2021-02-26 08:00:00,18.349714859316684,19.161119209093485
2021-02-26 08:30:00,18.375071408964036,19.364191535763975
2021-02-26 09:00:00,18.30971949358994,20.635347807898498
2021-02-26 09:30:00,18.47137426508703,19.91553566784214
2021-02-26 10:00:00,18.620195849642474,21.608528593511064
2021-02-26 10:30:00,18.870219388379734,21.242533423942234
2021-02-26 11:00:00,18.698238122415948,22.081839310210178
2021-02-26 11:30:00,19.07499181637754,22.015587055279177
2021-02-26 12:00:00,18.883869782728617,23.258176847993365
2021-02-26 12:30:00,19.055132680842412,23.888281075751042
2021-02-26 13:00:00,19.18054922296753,23.633643421718908
2021-02-26 13:30:00,19.34954062158062,23.996576959178167
2021-02-26 14:00:00,19.437155596104866,24.11897730274038
2021-02-26 14:30:00,19.54252849437218,24.361323424154843
2021-02-26 15:00:00,19.417785726038,24.61311821161671
2021-02-26 15:30:00,19.37017889992154,24.492222021540325
2021-02-26 16:00:00,19.719631045663842,25.579166211965557
2021-02-26 16:30:00,19.662401764345034,24.72272311930804
2021-02-26 17:00:00,19.50716560679166,23.681006581162027
2021-02-26 17:30:00,19.35006433964062,23.417969570414066
2021-02-26 18:00:00,19.39475399534538,23.12363238784179
2021-02-26 18:30:00,19.444340307932595,22.382491546259008
2021-02-26 19:00:00,19.303567731457715,22.304910402546067
2021-02-26 19:30:00,19.169611308679166,21.684355308335796
2021-02-26 20:00:00,19.054884138299705,22.920350071158218
2021-02-26 20:30:00,18.930926868934456,22.529932456844396
2021-02-26 21:00:00,18.864124721906474,21.090856153611703
2021-02-26 21:30:00,18.821641503532682,21.07464673783735
2021-02-26 22:00:00,18.656132425275707,20.600828768629608
2021-02-26 22:30:00,18.55586528981574,19.93733678763544
2021-02-26 23:00:00,18.25934420109513,19.843456526027765
2021-02-26 23:30:00,18.344071646184723,19.035162702600235
2021-02-27 00:00:00,18.46443758262172,18.62489282342881
2021-02-27 00:30:00,18.76903653404115,19.08222487715161
2021-02-27 01:00:00,18.555077080013827,17.463387663877526
2021-02-27 01:30:00,18.34687201677731,18.365884773734702
2021-02-27 02:00:00,18.403844357406438,17.195543506848683
2021-02-27 02:30:00,18.61583841148915,16.468517732837686
2021-02-27 03:00:00,18.391169206413746,16.27714396481987
2021-02-27 03:30:00,18.38353569474677,16.635092348342646
2021-02-27 04:00:00,18.241058924107808,16.486327650179632
2021-02-27 04:30:00,18.470729969734645,16.473914267944238
2021-02-27 05:00:00,18.43188350955944,16.4884466751055
2021-02-27 05:30:00,18.261353074134043,16.377570580971852
2021-02-27 06:00:00,18.51113457411047,18.782389843211295
2021-02-27 06:30:00,18.35870385364618,19.369172784651123
2021-02-27 07:00:00,18.536268241322002,18.49336332450213
2021-02-27 07:30:00,18.732000701708206,20.224991452012155
2021-02-27 08:00:00,18.756901251198453,20.371961463649136
2021-02-27 08:30:00,18.852223470147422,20.38990641639092
2021-02-27 09:00:00,18.91976935876469,21.095737305371518
2021-02-27 09:30:00,19.05959773059691,21.89801282143231
2021-02-27 10:00:00,19.198569480992465,21.592434617995615
2021-02-27 10:30:00,19.37521444548492,23.197923139666685
2021-02-27 11:00:00,19.354659601358946,23.874742218587556
2021-02-27 11:30:00,19.36422703992729,24.592081132511076
2021-02-27 12:00:00,19.70534151428842,24.960181076548267
2021-02-27 12:30:00,19.7226276944952,24.93752234198605
2021-02-27 13:00:00,19.92521352998508,25.99758559244903
2021-02-27 13:30:00,19.763151889381437,26.21963377478777
2021-02-27 14:00:00,19.763020948636154,26.094381158945804
2021-02-27 14:30:00,20.122165245247594,27.10781485693959
2021-02-27 15:00:00,19.934167760006687,26.848346889568045
2021-02-27 15:30:00,19.851324301185034,26.34161100267853
2021-02-27 16:00:00,19.950823903410093,25.880928542314145
2021-02-27 16:30:00,20.03581610808759,25.50742501369884
2021-02-27 17:00:00,20.160959046628115,25.53275024068008
2021-02-27 17:30:00,19.919291831099446,25.960958331742763
2021-02-27 18:00:00,19.92059177413836,25.96428716408231
2021-02-27 18:30:00,19.555550855776517,25.061068564986773
2021-02-27 19:00:00,19.701679612430016,24.532213859149376
2021-02-27 19:30:00,19.547013039873228,23.152332785388268
2021-02-27 20:00:00,19.47606838273316,23.780856463798084
2021-02-27 20:30:00,19.504320595852565,23.19769391138656
2021-02-27 21:00:00,19.376495559643967,23.515007732965003
2021-02-27 21:30:00,19.149366278573826,23.051525106755808
2021-02-27 22:00:00,19.14962254971774,22.104010457169668
2021-02-27 22:30:00,19.039841188779487,21.337944649670966
2021-02-27 23:00:00,19.10311069479162,20.18138512337616
2021-02-27 23:30:00,18.72940164123431,20.350539868105464
2021-02-28 00:00:00,18.313785288136486,19.57917564325863
2021-02-28 00:30:00,18.264980439137254,19.95644514384895
2021-02-28 01:00:00,18.05296771538662,19.330168637036177
2021-02-28 01:30:00,18.14593577685997,18.5149950233911
2021-02-28 02:00:00,17.924278217323828,18.50340590701058
2021-02-28 02:30:00,17.91604070260822,17.87459821913837
2021-02-28 03:00:00,17.879722937637112,18.658508091560975
2021-02-28 03:30:00,17.909855444921828,18.05520245604048
2021-02-28 04:00:00,17.950879139068984,18.32500365669586
2021-02-28 04:30:00,17.970638477785744,18.68198580261245
2021-02-28 05:00:00,17.897627350731987,19.00758164724193
2021-02-28 05:30:00,17.880671088074884,19.236038148513753
2021-02-28 06:00:00,17.976534600193023,20.93515871926844
2021-02-28 06:30:00,17.893100006597066,19.809622019366945
2021-02-28 07:00:00,17.999053734645617,20.069173303616513
2021-02-28 07:30:00,18.077064778334027,21.398192933391034
2021-02-28 08:00:00,18.499191574059264,20.24392915601004
2021-02-28 08:30:00,18.382103165987594,21.483920230754926
2021-02-28 09:00:00,18.6286674665826,22.741629699385435
2021-02-28 09:30:00,18.43661364373133,23.75868031600667
2021-02-28 10:00:00,18.873986813523473,23.871822828660143
2021-02-28 10:30:00,18.666041431869015,23.65643001917165
2021-02-28 11:00:00,19.06412907624282,24.782208929121623
2021-02-28 11:30:00,19.01007170018931,25.08509476088506
2021-02-28 12:00:00,19.10741964999462,24.691675199110637
2021-02-28 12:30:00,19.30027178625838,25.615245262677977
2021-02-28 13:00:00,19.1589052972344,25.23221106131445
2021-02-28 13:30:00,19.272118282124172,27.18335587467562
2021-02-28 14:00:00,19.4114972400701,26.106098259922824
2021-02-28 14:30:00,19.416096027952513,26.386132691577778
2021-02-28 15:00:00,19.610365532887858,27.217973150248703
2021-02-28 15:30:00,19.230322859605216,26.456481147217996
2021-02-28 16:00:00,19.29308709005716,25.906792943912205
2021-02-28 16:30:00,19.12725570465927,25.566323996552303
2021-02-28 17:00:00,19.44483235955627,26.32873802636758
2021-02-28 17:30:00,19.337726060153006,25.846955725874555
2021-02-28 18:00:00,19.29566624835611,24.518118052548097
2021-02-28 18:30:00,19.242685345686155,24.69249512180809
2021-02-28 19:00:00,19.33049747241173,23.966236373396214
2021-02-28 19:30:00,18.991165998786244,24.341182940873825
2021-02-28 20:00:00,19.00921306213678,23.424524189877705
2021-02-28 20:30:00,19.041282965055366,23.123468779343415
2021-02-28 21:00:00,18.760555451362816,21.473343502906566
2021-02-28 21:30:00,18.716410316884495,20.65819896869023
2021-02-28 22:00:00,18.597714743879155,20.489004068199204
2021-02-28 22:30:00,18.662043762206732,19.253274002668924
2021-02-28 23:00:00,18.665087662737328,17.915027872873196
2021-02-28 23:30:00,18.362927361599056,17.600975323379437
2021-03-01 00:00:00,17.893622179589283,16.922354079842474
2021-03-01 00:30:00,17.66750874928852,16.12963874555156
2021-03-01 01:00:00,17.57528456803904,16.157096640447072
2021-03-01 01:30:00,17.544201408799292,16.303655307831942
2021-03-01 02:00:00,17.52090211128214,15.531912539631517
2021-03-01 02:30:00,17.46605846387499,16.43269159088187
2021-03-01 03:00:00,17.36995925168301,15.221529162256445
2021-03-01 03:30:00,17.665439762842666,15.72166426703871
2021-03-01 04:00:00,17.438767579064493,15.569067935478321
2021-03-01 04:30:00,17.30697482556213,15.604618747453811
2021-03-01 05:00:00,17.35364992115331,16.32124639018448
2021-03-01 05:30:00,17.404347643162147,16.36796332601671
2021-03-01 06:00:00,17.548932537936714,17.41485527501835
2021-03-01 06:30:00,17.52026106750874,17.400340754145635
2021-03-01 07:00:00,17.661371136811276,16.801508126904473
2021-03-01 07:30:00,17.98603010252408,18.153639334727607
2021-03-01 08:00:00,17.695718009331742,18.84433397742037
2021-03-01 08:30:00,17.897148017818562,18.782219861348874
2021-03-01 09:00:00,17.98603859425321,19.757894717237743
2021-03-01 09:30:00,18.23456059612125,20.1001675855506
2021-03-01 10:00:00,18.28276311178127,21.837368924854452
2021-03-01 10:30:00,18.40177479443813,22.338841396089553
2021-03-01 11:00:00,18.30606945888248,22.45190432544669
2021-03-01 11:30:00,18.265193075168025,22.24325760208746
2021-03-01 12:00:00,18.446156890484023,23.448266139910334
2021-03-01 12:30:00,18.675436518093452,23.97670880992592
2021-03-01 13:00:00,18.74132214107543,23.000587942024296
2021-03-01 13:30:00,18.63940636617787,24.076516512542522
2021-03-01 14:00:00,19.12293854436954,24.718432474337337
2021-03-01 14:30:00,18.74097659851545,24.33947670617418
2021-03-01 15:00:00,18.97682216847326,24.702965712590064
2021-03-01 15:30:00,19.021460439809527,24.522059990831885
2021-03-01 16:00:00,19.069374180884775,24.63202973272061
2021-03-01 16:30:00,18.808870861198418,25.536281570643727
2021-03-01 17:00:00,18.960150475019947,24.457962555558105
2021-03-01 17:30:00,18.87903622831661,24.18175007564864
2021-03-01 18:00:00,18.96560112026483,23.606199672860406
2021-03-01 18:30:00,18.986532077657998,23.034362006613357
2021-03-01 19:00:00,18.799565043662042,23.481228655461628
2021-03-01 19:30:00,18.64842057095067,22.54925639802854
2021-03-01 20:00:00,18.67241605948486,22.525005534480854
2021-03-01 20:30:00,18.49345122029178,21.056393126890942
2021-03-01 21:00:00,18.57311961939531,21.314088847889884
2021-03-01 21:30:00,18.24649266814517,21.73100205935405
2021-03-01 22:00:00,18.224699440980647,18.7116055617038
2021-03-01 22:30:00,18.146676460304462,19.12793083609452
2021-03-01 23:00:00,17.913348421117284,17.50807090076611
2021-03-01 23:30:00,17.933262312978282,17.817529304574627
2021-03-02 00:00:00,17.835763029311295,16.992086562434526
2021-03-02 00:30:00,17.60562951829253,17.71143156105071
2021-03-02 01:00:00,17.53362157851931,16.014903578175236
2021-03-02 01:30:00,17.425954544338566,16.437422431697506
2021-03-02 02:00:00,17.435564382203726,16.612829631088683
2021-03-02 02:30:00,17.329126551448862,16.735866499281713
2021-03-02 03:00:00,17.40984054132814,14.715704476115425
2021-03-02 03:30:00,17.344185067618653,15.100951488826638
2021-03-02 04:00:00,17.28903575676863,14.766753119843843
2021-03-02 04:30:00,17.17538117889691,15.262572339742706
2021-03-02 05:00:00,17.46330241443002,15.46300734024564
2021-03-02 05:30:00,17.410967805499315,15.698361142360168
2021-03-02 06:00:00,17.41284797088068,16.303707854987213
2021-03-02 06:30:00,17.745014426045618,16.89276699715154
2021-03-02 07:00:00,17.598074138246147,18.10305344802391
2021-03-02 07:30:00,17.671004153587816,17.75557604001292
2021-03-02 08:00:00,17.61691387175106,17.99589317711194
2021-03-02 08:30:00,17.856593755247076,19.16579578299567
2021-03-02 09:00:00,18.11985016917616,19.506543865688688
2021-03-02 09:30:00,18.017929954326224,19.58373266113698
2021-03-02 10:00:00,18.02430939137535,19.770102054911284
2021-03-02 10:30:00,18.121717760609855,21.23740182029676
2021-03-02 11:00:00,18.169290483590945,20.965698453077096
2021-03-02 11:30:00,18.366642519524095,21.297406875870713
2021-03-02 12:00:00,18.46161879940662,22.207558053889336
2021-03-02 12:30:00,18.675497135981463,22.49129639974096
2021-03-02 13:00:00,18.559695694254906,22.4860731365306
2021-03-02 13:30:00,18.72506149720068,23.830869367671227
2021-03-02 14:00:00,18.773097582068228,23.39801246046931
2021-03-02 14:30:00,18.619433531071884,23.51227655924016
2021-03-02 15:00:00,18.739639632751125,23.566027466583556
2021-03-02 15:30:00,18.844498087882954,22.050416448458083
2021-03-02 16:00:00,18.81946458376351,24.256361683068107
2021-03-02 16:30:00,18.64128447841609,23.31118084675274
2021-03-02 17:00:00,18.715037149534638,22.31555761268338
2021-03-02 17:30:00,18.914330481027253,23.09521040788819
2021-03-02 18:00:00,18.66891615094837,21.785752900976448
2021-03-02 18:30:00,18.79066049864842,20.955844794208907
2021-03-02 19:00:00,18.774244152395987,20.54510413474092
2021-03-02 19:30:00,18.617145043392348,20.63180727772943
2021-03-02 20:00:00,18.485526945241133,19.821274479990027
2021-03-02 20:30:00,18.25417385444756,18.355462313824745
2021-03-02 21:00:00,18.48518827547751,17.75042312306985
2021-03-02 21:30:00,18.195964640233814,17.920566152185373
2021-03-02 22:00:00,18.055082334460877,18.32159220205634
2021-03-02 22:30:00,18.034728740654224,17.560113464495313
2021-03-02 23:00:00,17.887295492877126,16.379715063845325
2021-03-02 23:30:00,17.782989113397893,15.898097197748905
2021-03-03 00:00:00,18.02114050621562,16.074242438666165
2021-03-03 00:30:00,17.969183415877723,16.48644009247952
2021-03-03 01:00:00,18.177754744240737,14.45688033198315
2021-03-03 01:30:00,17.792749614698213,14.23491038188081
2021-03-03 02:00:00,17.887405818231056,14.273355898653413
2021-03-03 02:30:00,17.842995555976547,13.777092118134302
2021-03-03 03:00:00,17.777124872658337,14.00683200655315
2021-03-03 03:30:00,17.632270938003973,13.733974961311231
2021-03-03 04:00:00,17.73324340469773,15.087395607301168
2021-03-03 04:30:00,17.77706638731758,15.192927601818702
2021-03-03 05:00:00,17.83151337892463,15.660474962239743
2021-03-03 05:30:00,17.95236371369117,14.994705550980873
2021-03-03 06:00:00,17.78466252274291,15.568356894730437
2021-03-03 06:30:00,17.829521820486548,16.64260604663863
2021-03-03 07:00:00,18.005295460322195,17.813873731762182
2021-03-03 07:30:00,18.032066635632777,18.56128581804708
2021-03-03 08:00:00,18.105513256578103,19.225936507497646
2021-03-03 08:30:00,18.227205597690965,19.87156994234226
2021-03-03 09:00:00,18.106546711552742,20.266848391515556
2021-03-03 09:30:00,18.553861814782763,20.875047044388104
2021-03-03 10:00:00,18.26762010577814,22.312787712974107
2021-03-03 10:30:00,18.733991249233878,21.958469746143564
2021-03-03 11:00:00,18.55851969500294,22.745104833658054
2021-03-03 11:30:00,18.828732372748966,23.530191408246335
2021-03-03 12:00:00,18.964951346046703,24.040033501473403
2021-03-03 12:30:00,18.890530895289533,24.299313911041278
2021-03-03 13:00:00,18.885725091718506,25.07591475185322
2021-03-03 13:30:00,19.04756219536632,25.405991925980643
2021-03-03 14:00:00,19.147242684692575,26.513335679342802
2021-03-03 14:30:00,19.067827044540127,27.261139618856294
2021-03-03 15:00:00,19.367019353181956,26.93780582294443
2021-03-03 15:30:00,19.109100947410663,27.940222987872357
2021-03-03 16:00:00,19.218224457153415,27.701216618520217
2021-03-03 16:30:00,19.391286984639727,26.77574967141758
2021-03-03 17:00:00,19.361052584648398,27.31370459911697
2021-03-03 17:30:00,19.143261968891277,28.436792156734402
2021-03-03 18:00:00,19.220862103870065,26.74937836027725
2021-03-03 18:30:00,19.14233913179028,26.27686781814107
2021-03-03 19:00:00,19.169309660868084,26.205688439835022
2021-03-03 19:30:00,18.88493655163423,26.2983954691739
2021-03-03 20:00:00,18.865901010259297,24.03819473771394
2021-03-03 20:30:00,18.802799684313456,23.609083232860335
2021-03-03 21:00:00,18.77472953508071,24.034366977957436
2021-03-03 21:30:00,18.592360225523183,22.34870007310686
2021-03-03 22:00:00,18.48689653203907,22.69749861185395
2021-03-03 22:30:00,18.530402675034157,21.75129311804873
2021-03-03 23:00:00,18.45072135873731,22.2366032117693
2021-03-03 23:30:00,18.158684358668292,20.960679936433948
2021-03-04 00:00:00,18.199308252890283,20.384991040919278
2021-03-04 00:30:00,18.070321435835996,19.811984122496156
2021-03-04 01:00:00,18.14422275503397,18.705952714740413
2021-03-04 01:30:00,18.13054617027234,19.129783014068117
2021-03-04 02:00:00,17.94000796151439,19.592547724479676
2021-03-04 02:30:00,17.86297302573279,19.248787677944144
2021-03-04 03:00:00,18.03276412446919,19.456364474982568
2021-03-04 03:30:00,18.0041275710982,18.10506993546243
2021-03-04 04:00:00,17.90521606339062,18.361971802316024
2021-03-04 04:30:00,17.927722074835845,18.178413344301216
2021-03-04 05:00:00,17.892968049308855,19.61789139377654
2021-03-04 05:30:00,17.89395763868882,19.814699909466782
2021-03-04 06:00:00,17.961411762687966,19.811769819844077
2021-03-04 06:30:00,18.034736896245644,20.369212959429042
2021-03-04 07:00:00,18.18781686302992,20.987405098400803
2021-03-04 07:30:00,18.184855372670324,21.066766606772447
2021-03-04 08:00:00,18.462104892409883,21.80706057500261
2021-03-04 08:30:00,18.199396034486263,22.376258437788724
2021-03-04 09:00:00,18.601184979563133,22.673832754439502
2021-03-04 09:30:00,18.426132502544274,23.737288872621267
2021-03-04 10:00:00,18.618176227747696,23.20952717704092
2021-03-04 10:30:00,18.760342182665262,24.40741199039576
2021-03-04 11:00:00,18.854346735546958,24.573896442844383
2021-03-04 11:30:00,19.031190519784705,24.99746772356686
2021-03-04 12:00:00,18.973969884027394,25.021569766299173
2021-03-04 12:30:00,19.119404815019493,25.906997460755957
2021-03-04 13:00:00,19.267328518809723,26.01332344160589
2021-03-04 13:30:00,19.19800002938948,27.093650461769666
2021-03-04 14:00:00,19.44867612461235,27.773868553838646
2021-03-04 14:30:00,19.352008207903637,28.45072417279742
2021-03-04 15:00:00,19.674515962823172,28.62887168943319
2021-03-04 15:30:00,19.455382550882902,27.87704398086331
2021-03-04 16:00:00,19.71346858498734,28.51322216785259
2021-03-04 16:30:00,19.340515985625444,28.60705300562825
2021-03-04 17:00:00,19.617432986470675,28.59921332665431
2021-03-04 17:30:00,19.48446241264664,27.805247495909835
2021-03-04 18:00:00,19.38641183263495,27.16236273508249
2021-03-04 18:30:00,19.3279768478192,27.211345374068515
2021-03-04 19:00:00,19.300249133525533,26.352485229352514
2021-03-04 19:30:00,19.03132179874671,26.659644881955376
2021-03-04 20:00:00,19.05181969575727,26.528297450423544
2021-03-04 20:30:00,19.13974893369858,25.06409505280048
2021-03-04 21:00:00,18.782834106519207,24.307439720444254
2021-03-04 21:30:00,18.82584123172371,23.711927870758704
2021-03-04 22:00:00,18.559006431368484,22.933176030437416
2021-03-04 22:30:00,18.491082489865782,23.891953021287286
2021-03-04 23:00:00,18.518473609340294,21.841865379895612
2021-03-04 23:30:00,18.378076612340095,21.099805389909815
2021-03-05 00:00:00,18.66091326226077,21.39350290383663
2021-03-05 00:30:00,18.498091206491026,19.972886039204358
2021-03-05 01:00:00,18.76083013324705,19.353289545263074
2021-03-05 01:30:00,18.33578076863044,19.691552784136384
2021-03-05 02:00:00,18.385155447576107,18.470466154261434
2021-03-05 02:30:00,18.242102891760045,19.76763835543045
2021-03-05 03:00:00,18.208185510309463,18.246344121944244
2021-03-05 03:30:00,18.336022980686177,19.31852381440278
2021-03-05 04:00:00,18.24826714740477,19.49346357397026
2021-03-05 04:30:00,18.203777293593877,19.4711642092087
2021-03-05 05:00:00,18.158500511434934,18.94182468768532
2021-03-05 05:30:00,18.26058468797511,19.5427700218679
2021-03-05 06:00:00,18.35882493152594,20.56726804403688
2021-03-05 06:30:00,18.368916528642124,20.053393477204178
2021-03-05 07:00:00,18.450341814459367,20.242078991640774
2021-03-05 07:30:00,18.595684909849915,20.99112364516103
2021-03-05 08:00:00,18.362417138142145,21.91998449736464
2021-03-05 08:30:00,18.66458860372259,22.664153590136536
2021-03-05 09:00:00,18.76129322700145,23.076404180225182
2021-03-05 09:30:00,18.994573360055956,23.448660435538102
2021-03-05 10:00:00,19.117619176335044,23.730828927102333
2021-03-05 10:30:00,19.18035310761273,24.24709701731892
2021-03-05 11:00:00,19.237522969179505,24.738116674085447
2021-03-05 11:30:00,19.262241422204315,25.36654218826811
2021-03-05 12:00:00,19.315041016395092,25.723474223337856
2021-03-05 12:30:00,19.438215318535445,25.93861013916539
2021-03-05 13:00:00,19.707796965963993,26.740564771722745
2021-03-05 13:30:00,19.45161458434712,27.795786719843644
2021-03-05 14:00:00,19.585706197492645,27.768239988490905
2021-03-05 14:30:00,19.833944845268466,28.826736498002553
2021-03-05 15:00:00,19.63352923289121,27.372452150108604
2021-03-05 15:30:00,19.782650417954898,28.004669525927547
2021-03-05 16:00:00,19.825418932822323,28.286182821218112
2021-03-05 16:30:00,19.81925217529005,27.954964191712815
2021-03-05 17:00:00,19.641578635162496,26.92808710901947
2021-03-05 17:30:00,19.802276145717826,28.631467752343923
2021-03-05 18:00:00,19.67645818777487,27.582186173545274
2021-03-05 18:30:00,19.571976959159784,28.02739589511822
2021-03-05 19:00:00,19.782331447574993,26.636049617506565
2021-03-05 19:30:00,19.398719939550165,25.80004554256786
2021-03-05 20:00:00,19.477607273132595,25.31350063669549
2021-03-05 20:30:00,19.337464999401877,23.969241116800646
2021-03-05 21:00:00,19.2498867909784,23.963949399167852
2021-03-05 21:30:00,19.19699288368437,23.97224498975692
2021-03-05 22:00:00,19.0009669831221,22.724852216266996
2021-03-05 22:30:00,18.990378957090666,22.544133890105066
2021-03-05 23:00:00,18.953943872350436,21.198058591300775
2021-03-05 23:30:00,18.760517113359132,20.638210802102215
2021-03-06 00:00:00,19.114187559675955,20.482580623200544
2021-03-06 00:30:00,18.94415731143333,20.891296848014242
2021-03-06 01:00:00,19.049858832213552,20.740972559301287
2021-03-06 01:30:00,18.902303567302102,19.77632166549405
2021-03-06 02:00:00,18.643795954410862,19.249142636459197
2021-03-06 02:30:00,18.854451666041715,19.553146769353795
2021-03-06 03:00:00,18.508687632486218,19.466682820834347
2021-03-06 03:30:00,18.685038303603857,19.820534995761367
2021-03-06 04:00:00,18.647486426537103,18.52332662659503
2021-03-06 04:30:00,18.731859476808378,19.970204189965493
2021-03-06 05:00:00,18.626969004869874,19.52945822767988
2021-03-06 05:30:00,18.59454515510727,19.1534503221451
2021-03-06 06:00:00,18.759817831050217,19.46823298602787
2021-03-06 06:30:00,18.845672770415,20.025384234270398
2021-03-06 07:00:00,18.695028444378085,20.736113804356375
2021-03-06 07:30:00,18.948451491928747,21.97240954378269
2021-03-06 08:00:00,19.036437221271164,21.556680006674032
2021-03-06 08:30:00,19.007462520274167,22.72837475411244
2021-03-06 09:00:00,19.386020583761614,22.76049281155984
2021-03-06 09:30:00,19.46596429472031,23.089610581961665
2021-03-06 10:00:00,19.422710319939412,24.353935619601014
2021-03-06 10:30:00,19.56104134601273,24.02489342249976
2021-03-06 11:00:00,19.574580379822915,24.711040914261474
2021-03-06 11:30:00,19.57643171537479,25.802943581040296
2021-03-06 12:00:00,19.82747552663785,27.110480433094992
2021-03-06 12:30:00,19.987799372404403,27.366439259433566
2021-03-06 13:00:00,19.994832169087832,26.488904298952647
2021-03-06 13:30:00,19.971449447100497,26.953050575853187
2021-03-06 14:00:00,20.089662250216207,27.99793668481787
2021-03-06 14:30:00,20.208920034089623,27.88954766046839
2021-03-06 15:00:00,20.10778472981446,27.98368701761475
2021-03-06 15:30:00,20.377263458374493,28.372109410822866
2021-03-06 16:00:00,20.1388525113111,27.749245266717203
2021-03-06 16:30:00,20.5296077717295,28.4492688037993
2021-03-06 17:00:00,20.17377377144371,28.29183815204271
2021-03-06 17:30:00,20.29938902526604,28.202826500059892
2021-03-06 18:00:00,20.11180670495549,28.281951461976437
2021-03-06 18:30:00,19.959663659601652,27.876796288737086
2021-03-06 19:00:00,19.927554669334288,27.553713212848642
2021-03-06 19:30:00,19.91764980365229,27.169510987807662
2021-03-06 20:00:00,19.761327106101753,26.211870262580184
2021-03-06 20:30:00,19.869436860389516,25.8440191833889
2021-03-06 21:00:00,19.52671032366221,25.09812220571611
2021-03-06 21:30:00,19.57926551264101,24.21485855639029
2021-03-06 22:00:00,19.639175945701442,24.008711516952207
2021-03-06 22:30:00,19.5596867368333,22.91412293646964
2021-03-06 23:00:00,19.1706229606043,23.685192466883226
2021-03-06 23:30:00,19.087012210793805,21.512698764605684
2021-03-07 00:00:00,19.019549668567613,22.47551008531354
2021-03-07 00:30:00,18.850075334933813,21.419606478577702
2021-03-07 01:00:00,19.177982778251767,19.94263776941114
2021-03-07 01:30:00,19.047009522030567,20.498762749390597
2021-03-07 02:00:00,18.818461841309826,18.947574725985852
2021-03-07 02:30:00,18.78646892575236,19.742746349524396
2021-03-07 03:00:00,18.784268634499366,19.789581975343243
2021-03-07 03:30:00,18.716350025926328,19.219447891642105
2021-03-07 04:00:00,18.8728760216397,19.286803802042453
2021-03-07 04:30:00,18.723462249381456,20.32999725355847
2021-03-07 05:00:00,18.830239371355287,19.854980450245666
2021-03-07 05:30:00,18.756922004149523,19.729590235331397
2021-03-07 06:00:00,18.818789722635454,19.763397780104825
2021-03-07 06:30:00,18.919616932699856,19.756999774017586
2021-03-07 07:00:00,18.907463082421586,20.588399304921943
2021-03-07 07:30:00,19.11973531295126,20.73157380442062
2021-03-07 08:00:00,19.092220243375664,20.628146995965313
2021-03-07 08:30:00,19.25372245147767,22.40317950035536
2021-03-07 09:00:00,19.428987378018725,22.609435530450824
2021-03-07 09:30:00,19.427934145838844,23.289988683442086
2021-03-07 10:00:00,19.42092201075627,23.491312943214812
2021-03-07 10:30:00,19.688783366720198,24.106990236667244
2021-03-07 11:00:00,19.934280479186043,24.825785331480382
2021-03-07 11:30:00,20.050472355838377,25.372655697557008
2021-03-07 12:00:00,19.930608367126887,25.3748313061057
2021-03-07 12:30:00,20.091282216834802,25.110402553719577
2021-03-07 13:00:00,20.160284723831285,26.569873171518754
2021-03-07 13:30:00,20.052268287675933,27.875457296455945
2021-03-07 14:00:00,20.24026688405072,27.072171807943228
2021-03-07 14:30:00,20.35119764806608,26.5661201481201
2021-03-07 15:00:00,20.504386458632467,27.400051981711037
2021-03-07 15:30:00,20.344987126592894,26.43552889556086
2021-03-07 16:00:00,20.376784403224924,27.81962509973623
2021-03-07 16:30:00,20.49891083269994,27.233262234097182
2021-03-07 17:00:00,20.2694039983431,27.147136645287798
2021-03-07 17:30:00,20.406654827806797,26.503065358522413
2021-03-07 18:00:00,20.137353091909382,26.307555733337903
2021-03-07 18:30:00,20.229554435304372,25.907821218665738
2021-03-07 19:00:00,19.993322233161415,25.350886054360274
2021-03-07 19:30:00,20.156341915636478,25.317590752012617
2021-03-07 20:00:00,20.0972174166756,25.27139641130277
2021-03-07 20:30:00,19.732354370874123,22.84687891452024
2021-03-07 21:00:00,19.87734046691947,22.87075674565748
2021-03-07 21:30:00,19.767792280137144,22.405689092018154
2021-03-07 22:00:00,19.412527375168082,21.425390079860776
2021-03-07 22:30:00,19.44171372549259,20.745320946626162
2021-03-07 23:00:00,19.412364614037752,21.19026964625786
2021-03-07 23:30:00,19.471153071130978,19.882033143627353
2021-03-08 00:00:00,18.833669343015504,19.119832154520406
2021-03-08 00:30:00,18.977728265153843,18.040538669123002
2021-03-08 01:00:00,19.099594450089196,17.765271018776016
2021-03-08 01:30:00,19.039527542633063,16.750152755752442
2021-03-08 02:00:00,18.622312820625044,17.437155723851944
2021-03-08 02:30:00,18.743831366743716,16.731366330339238
2021-03-08 03:00:00,18.392967331093402,17.005415432107338
2021-03-08 03:30:00,18.467464883596243,16.515374596343108
2021-03-08 04:00:00,18.60280019816326,16.61916968516036
2021-03-08 04:30:00,18.642825489758664,16.237387214763974
2021-03-08 05:00:00,18.75529508351365,16.116950545615836
2021-03-08 05:30:00,18.740858621408073,15.822991135630994
2021-03-08 06:00:00,18.75132941378222,16.364163898472658
2021-03-08 06:30:00,18.707829209359755,17.75458418716023
2021-03-08 07:00:00,18.599460775899466,17.17634992086917
2021-03-08 07:30:00,18.761923373019894,18.107691292659105
2021-03-08 08:00:00,19.020231636070353,18.35737391207772
2021-03-08 08:30:00,18.92958724619334,19.14691558523192
2021-03-08 09:00:00,18.92839326804847,19.45851048301023
2021-03-08 09:30:00,19.195032200168367,19.868115619939665
2021-03-08 10:00:00,19.267284142624625,21.09959277007284
2021-03-08 10:30:00,19.660275262933972,21.673497381312274
2021-03-08 11:00:00,19.72687566192868,22.916696097062804
2021-03-08 11:30:00,19.691290229903874,23.158568961737743
2021-03-08 12:00:00,19.882159625253063,22.861878642547875
2021-03-08 12:30:00,19.740035265394653,24.148020197520598
2021-03-08 13:00:00,19.956410596209448,23.64788034610606
2021-03-08 13:30:00,19.824451730354784,24.567220655197453
2021-03-08 14:00:00,20.06194519753868,24.82705922654426
2021-03-08 14:30:00,20.229823774902325,25.259157848104024
2021-03-08 15:00:00,20.315955043194712,25.85352987573054
2021-03-08 15:30:00,19.89661686765307,26.216991026167715
2021-03-08 16:00:00,20.175129361411084,25.41703730501508
2021-03-08 16:30:00,20.10954800911033,25.638214162952302
2021-03-08 17:00:00,20.188976534136426,25.083088616263886
2021-03-08 17:30:00,20.138998389822756,25.46007763387437
2021-03-08 18:00:00,19.867599536317847,24.997198307744355
2021-03-08 18:30:00,20.114504748539915,23.62922591992213
2021-03-08 19:00:00,20.07427006203483,23.216597333014864
2021-03-08 19:30:00,19.582477944462056,22.23322164002987
2021-03-08 20:00:00,19.710561145114923,23.414386146177936
2021-03-08 20:30:00,19.774436018774143,22.815472866851163
2021-03-08 21:00:00,19.589596388165283,21.16679891510048
2021-03-08 21:30:00,19.434043903904403,20.9539463646785
2021-03-08 22:00:00,19.331009780954826,20.553370863170453
2021-03-08 22:30:00,19.259972274428815,19.442797999101472
2021-03-08 23:00:00,19.285394293476113,18.702239601460324
2021-03-08 23:30:00,19.22656295586089,18.322302596008527
2021-03-09 00:00:00,18.964871664813703,18.176531690342962
2021-03-09 00:30:00,18.992312714862337,17.69629559756553
2021-03-09 01:00:00,18.810122904503103,17.798581539878743
2021-03-09 01:30:00,18.77030924360928,17.938135217211908
2021-03-09 02:00:00,18.415363176097713,17.407382646150957
2021-03-09 02:30:00,18.651630572793195,16.987342044818643
2021-03-09 03:00:00,18.87620591532184,17.05532973268732
2021-03-09 03:30:00,18.613999268505996,16.472900783425754
2021-03-09 04:00:00,18.55675349049017,16.85910142426707
2021-03-09 04:30:00,18.795267532745207,16.915024194023395
2021-03-09 05:00:00,18.553401362859162,17.08880544350698
2021-03-09 05:30:00,18.64885018174421,17.860103139668315
2021-03-09 06:00:00,18.489816573481065,18.13924349764121
2021-03-09 06:30:00,18.70435444111344,18.431100700465723
2021-03-09 07:00:00,18.89947844869545,18.21435335583394
2021-03-09 07:30:00,18.81849918167445,19.00861395271481
2021-03-09 08:00:00,19.066575848997488,18.86874862402935
2021-03-09 08:30:00,19.10838699897412,19.381893616491528
2021-03-09 09:00:00,19.004871034120583,20.091810938711497
2021-03-09 09:30:00,19.23008276156496,20.043628438529108
2021-03-09 10:00:00,19.25836945649432,20.26875533001902
2021-03-09 10:30:00,19.65757201377267,21.376351349447678
2021-03-09 11:00:00,19.72259382536835,22.252250723625764
2021-03-09 11:30:00,19.727428209701632,22.99556698111836
2021-03-09 12:00:00,20.013773740651686,24.37958617866922
2021-03-09 12:30:00,19.877022965302373,23.979840928388356
2021-03-09 13:00:00,19.998998244346538,25.458086282567674
2021-03-09 13:30:00,20.046276581334876,24.911727006787057
2021-03-09 14:00:00,20.06751682593505,25.641277494919823
2021-03-09 14:30:00,20.004814382377,25.927909021290528
2021-03-09 15:00:00,20.201533817690542,25.95398188081284
2021-03-09 15:30:00,20.282186491757663,25.863379193449486
2021-03-09 16:00:00,20.08690946827523,25.532413144869903
2021-03-09 16:30:00,20.35512190675843,24.485929576140503
2021-03-09 17:00:00,20.258901124637614,24.917989483365144
2021-03-09 17:30:00,20.184259544460893,25.18851287475286
2021-03-09 18:00:00,20.305874706149872,25.09692207413085
2021-03-09 18:30:00,19.752393814232676,24.992869463840755
2021-03-09 19:00:00,20.135902610687513,24.322382439840414
2021-03-09 19:30:00,19.983473543537194,24.279746010419913
2021-03-09 20:00:00,19.90617787834765,22.2819089446848
2021-03-09 20:30:00,19.740937581015935,22.806142844402586
2021-03-09 21:00:00,19.763099171614105,20.611074858596606
2021-03-09 21:30:00,19.29983495218453,20.800719473555464
2021-03-09 22:00:00,19.404641378182376,20.766345555621566
2021-03-09 22:30:00,19.170791152950926,20.58298954193048
2021-03-09 23:00:00,19.268505332204402,19.718743387149257
2021-03-09 23:30:00,19.23073721827423,18.481214372635552
2021-03-10 00:00:00,18.402167750545093,17.862311602704047
2021-03-10 00:30:00,18.171858601656407,17.258825939264888
2021-03-10 01:00:00,18.156093114414965,16.80590217895235
2021-03-10 01:30:00,18.23457496846647,16.477667968051232
2021-03-10 02:00:00,18.149402422950633,17.207130116080766
2021-03-10 02:30:00,18.021968621142427,16.634547507316586
2021-03-10 03:00:00,17.915128123668,16.25863584220574
2021-03-10 03:30:00,18.093939857493755,16.59240746193686
2021-03-10 04:00:00,17.871379826389205,17.134810102069295
2021-03-10 04:30:00,18.222882998829984,16.132032748716234
2021-03-10 05:00:00,18.03843400593179,16.791151115594985
2021-03-10 05:30:00,18.054138118222784,16.963609087827006
2021-03-10 06:00:00,17.930408528296944,17.63568049161979
2021-03-10 06:30:00,18.01178355459686,17.27276712135749
2021-03-10 07:00:00,18.147987963323068,19.215864279293314
2021-03-10 07:30:00,18.503047025186948,19.256430471966265
2021-03-10 08:00:00,18.24730857137078,19.043377976031273
2021-03-10 08:30:00,18.55409001530765,19.52000246498152
2021-03-10 09:00:00,18.542468500952968,21.193272577586256
2021-03-10 09:30:00,18.688805060783746,21.194767001069188
2021-03-10 10:00:00,18.794108819972394,21.401987854250695
2021-03-10 10:30:00,18.822556396978968,21.7991206490654
2021-03-10 11:00:00,19.01008025028786,23.29473012174792
2021-03-10 11:30:00,18.845608087976068,24.182925985214716
2021-03-10 12:00:00,19.04899772334435,23.632714109556407
2021-03-10 12:30:00,19.3439916262943,25.35629811643421
2021-03-10 13:00:00,19.383600440351596,24.706008589381778
2021-03-10 13:30:00,19.494808614168385,25.21239024212914
2021-03-10 14:00:00,19.581771336657315,25.923034607399522
2021-03-10 14:30:00,19.44082621818461,25.84727211343796
2021-03-10 15:00:00,19.53669563973958,26.734555710341358
2021-03-10 15:30:00,19.57590387108338,25.964533500386164
2021-03-10 16:00:00,19.5932721745203,26.90750480775067
2021-03-10 16:30:00,19.640418845734636,27.29015326459284
2021-03-10 17:00:00,19.473009266568283,27.777811915378535
2021-03-10 17:30:00,19.39749399029852,26.897346020620798
2021-03-10 18:00:00,19.266309583429702,26.24711139012267
2021-03-10 18:30:00,19.129019014580834,26.700831734752022
2021-03-10 19:00:00,19.108973840327867,25.677602247838173
2021-03-10 19:30:00,19.128021469733607,25.738351326784425
2021-03-10 20:00:00,19.17692119153691,24.15455792342132
2021-03-10 20:30:00,19.00478640615712,24.749610560245998
2021-03-10 21:00:00,18.88201138524921,23.765921828762707
2021-03-10 21:30:00,18.860724904759252,22.30520871664382
2021-03-10 22:00:00,18.826715163813457,22.24759567900583
2021-03-10 22:30:00,18.609303447805452,22.248575876065498
2021-03-10 23:00:00,18.48969661372929,21.893721133293802
2021-03-10 23:30:00,18.33093747610916,20.684737531139813
2021-03-11 00:00:00,18.719213751603526,19.62800049309523
2021-03-11 00:30:00,18.597965937620216,20.132456929378836
2021-03-11 01:00:00,18.585805717821575,20.106518906912587
2021-03-11 01:30:00,18.555398408209086,19.351517999202237
2021-03-11 02:00:00,18.363323712907356,19.03413982228126
2021-03-11 02:30:00,18.091507994888076,18.590908551729033
2021-03-11 03:00:00,18.120246369675833,19.05219727910022
2021-03-11 03:30:00,18.175505437043697,19.543492300049895
2021-03-11 04:00:00,18.11186105205078,18.55585833638383
2021-03-11 04:30:00,18.18004149413627,18.55680066724518
2021-03-11 05:00:00,18.18441718253685,18.03148238626273
2021-03-11 05:30:00,18.29545992565665,19.270415685600398
2021-03-11 06:00:00,18.308722979015247,19.235498493913834
2021-03-11 06:30:00,18.360512928311724,19.71039271253616
2021-03-11 07:00:00,18.345531922151316,21.10312119535265
2021-03-11 07:30:00,18.57086760894488,20.78428953892786
2021-03-11 08:00:00,18.497959962067927,20.83022948151671
2021-03-11 08:30:00,18.589712391116407,21.864114807435925
2021-03-11 09:00:00,18.68999129700759,23.195894905844444
2021-03-11 09:30:00,19.06244190385041,23.735903393521948
2021-03-11 10:00:00,18.866739276959244,23.610949249078075
2021-03-11 10:30:00,19.05232114033432,24.28041685720008
2021-03-11 11:00:00,19.020263950633588,24.553588288430483
2021-03-11 11:30:00,19.241092795157893,25.36506350266004
2021-03-11 12:00:00,19.490031058428546,25.284815014302097
2021-03-11 12:30:00,19.501196552180772,26.235316714341216
2021-03-11 13:00:00,19.67965462650139,26.136981926398473
2021-03-11 13:30:00,19.45640166699445,27.84325372627798
2021-03-11 14:00:00,19.708908188797725,27.335684778412674
2021-03-11 14:30:00,19.628414330732255,26.451378612149316
2021-03-11 15:00:00,19.578344362458836,27.67567256524858
2021-03-11 15:30:00,19.82538847045733,26.738749987052444
2021-03-11 16:00:00,19.713995830321117,26.569032185374393
2021-03-11 16:30:00,19.715933400301523,27.059278170622157
2021-03-11 17:00:00,19.730817167465187,27.09194542751954
2021-03-11 17:30:00,19.703501800440723,26.506492046705304
2021-03-11 18:00:00,19.642122775809657,27.054969371074133
2021-03-11 18:30:00,19.72240016279674,26.742276371990222
2021-03-11 19:00:00,19.61538039821098,25.562523343834204
2021-03-11 19:30:00,19.50920512535314,23.955165837269572
2021-03-11 20:00:00,19.226269424071486,24.78043626023263
2021-03-11 20:30:00,19.380893843296477,24.048696561721247
2021-03-11 21:00:00,19.261353185929075,23.656651229552292
2021-03-11 21:30:00,19.05865597540325,22.506065785533178
2021-03-11 22:00:00,18.86062019847184,20.68114010695609
2021-03-11 22:30:00,18.850523736645243,21.99156128825155
2021-03-11 23:00:00,18.812664179724415,21.725231755613283
2021-03-11 23:30:00,18.653867227780726,20.449829034296762
2021-03-12 00:00:00,18.155717764508374,20.542849386070856
2021-03-12 00:30:00,18.01976367444079,19.14494809697876
2021-03-12 01:00:00,17.828102560524844,18.56327865173695
2021-03-12 01:30:00,17.89149584433868,18.266986213405964
2021-03-12 02:00:00,17.7682697463392,16.910125904122424
2021-03-12 02:30:00,17.733105492304045,17.055871984807474
2021-03-12 03:00:00,17.788471238439445,18.04047551299844
2021-03-12 03:30:00,17.68788336773921,16.64925659821863
2021-03-12 04:00:00,17.79001333634537,16.91296789177434
2021-03-12 04:30:00,17.69149967341662,15.895137554380405
2021-03-12 05:00:00,17.802588154368912,17.384540456023338
2021-03-12 05:30:00,17.695578749234365,17.260554588384746
2021-03-12 06:00:00,17.83059025247003,18.324372459025387
2021-03-12 06:30:00,17.85367263063708,18.10584288870008
2021-03-12 07:00:00,17.993639222909543,18.256716191589017
2021-03-12 07:30:00,18.201018611780892,18.731049610823497
2021-03-12 08:00:00,18.0094626973977,19.543273795771963
2021-03-12 08:30:00,18.001679367149098,18.860902769605268
2021-03-12 09:00:00,18.476674335905184,21.35255809859189
2021-03-12 09:30:00,18.31293258614853,20.830783072632997
2021-03-12 10:00:00,18.381279844130923,22.513827461536888
2021-03-12 10:30:00,18.501770377618186,23.172310082833366
2021-03-12 11:00:00,18.623697423823188,23.829838191443773
2021-03-12 11:30:00,18.747724951407083,23.15993012234632
2021-03-12 12:00:00,19.002670246577196,23.247167699262953
2021-03-12 12:30:00,18.82128418169489,23.638450815886195
2021-03-12 13:00:00,18.959787748357,24.994001968301777
2021-03-12 13:30:00,19.126382903552702,24.39879598992646
2021-03-12 14:00:00,19.255557913281724,25.580400010958606
2021-03-12 14:30:00,19.254645283151966,25.52645591437383
2021-03-12 15:00:00,19.207523060286125,25.731353161383534
2021-03-12 15:30:00,19.166902271220657,25.67567094522815
2021-03-12 16:00:00,19.30989013222767,25.205707090085046
2021-03-12 16:30:00,19.228176452367205,25.316989636741017
2021-03-12 17:00:00,19.303409191002896,24.651388905509137
2021-03-12 17:30:00,19.2215157608447,25.22062332941697
2021-03-12 18:00:00,19.151998379796126,24.39217447931278
2021-03-12 18:30:00,18.940805980686385,24.438281717101024
2021-03-12 19:00:00,18.96851098585564,23.768896964048015
2021-03-12 19:30:00,18.78486888313629,24.053961561760865
2021-03-12 20:00:00,19.11228348263114,23.164058607963756
2021-03-12 20:30:00,18.829763220893653,23.110219365878482
2021-03-12 21:00:00,18.662825408963922,21.794373943847305
2021-03-12 21:30:00,18.56572360673742,20.89607047596164
2021-03-12 22:00:00,18.713741137159232,20.647247386116685
2021-03-12 22:30:00,18.25690862260334,20.620090295766914
2021-03-12 23:00:00,18.27930292898599,19.223428527329716
2021-03-12 23:30:00,18.107816971937755,18.437865512872353
2021-03-13 00:00:00,18.428032975972624,18.60072748385973
2021-03-13 00:30:00,18.665009103810206,18.237451437289227
2021-03-13 01:00:00,18.459722420170813,17.668326124700364
2021-03-13 01:30:00,18.536222979637355,17.45277553490939
2021-03-13 02:00:00,18.31008262095001,16.65794140874866
2021-03-13 02:30:00,18.47182571046207,17.84944746192292
2021-03-13 03:00:00,18.217043298839428,17.297747636882153
2021-03-13 03:30:00,18.383906833001234,18.136530868926503
2021-03-13 04:00:00,18.273452463023045,17.346057447067256
2021-03-13 04:30:00,18.44467055382098,18.476343448233745
2021-03-13 05:00:00,18.284183442794138,18.279871656471013
2021-03-13 05:30:00,18.415085454283695,17.34451994026961
2021-03-13 06:00:00,18.34334078122777,18.077328890746454
2021-03-13 06:30:00,18.423318361533106,19.090346280714716
2021-03-13 07:00:00,18.59776843909292,19.733763998345676
2021-03-13 07:30:00,18.571908764246135,20.302893853186877
2021-03-13 08:00:00,18.72900480342089,20.71837342661157
2021-03-13 08:30:00,18.718481581346655,21.010478131664996
2021-03-13 09:00:00,18.8451321868488,22.021992202038124
2021-03-13 09:30:00,19.1352877063875,23.00004033526074
2021-03-13 10:00:00,19.097841816364685,23.613667581863304
2021-03-13 10:30:00,19.1609232215627,24.068212163820572
2021-03-13 11:00:00,19.274338358803043,24.922988119388826
2021-03-13 11:30:00,19.406121694426226,25.560251531587472
2021-03-13 12:00:00,19.39505817388485,25.251633756947715
2021-03-13 12:30:00,19.728025823228844,25.27202513365228
2021-03-13 13:00:00,19.665598784621885,26.414490146558013
2021-03-13 13:30:00,19.598682218926164,26.57149653624022
2021-03-13 14:00:00,19.665441124951062,28.32833527509224
2021-03-13 14:30:00,19.892849962132374,27.505667386617898
2021-03-13 15:00:00,19.639383593663762,27.226769594874295
2021-03-13 15:30:00,19.892936643151618,27.264217405761283
2021-03-13 16:00:00,19.826577763692672,28.12274821754514
2021-03-13 16:30:00,19.946467689031095,26.110087726501632
2021-03-13 17:00:00,19.871317988384483,26.301050157853453
2021-03-13 17:30:00,19.777837585640093,25.823752975837206
2021-03-13 18:00:00,19.758986940444277,26.305921464066728
2021-03-13 18:30:00,19.679190709053174,27.061233666783085
2021-03-13 19:00:00,19.733668751574267,25.090024764340985
2021-03-13 19:30:00,19.271408609858657,24.62252843859223
2021-03-13 20:00:00,19.530657191381277,22.607617558022092
2021-03-13 20:30:00,19.39435864701462,23.017830322181407
2021-03-13 21:00:00,19.358849168796294,22.60952399290503
2021-03-13 21:30:00,19.06109908626205,21.519532043431695
2021-03-13 22:00:00,19.153066427965324,21.820546012946217
2021-03-13 22:30:00,19.145730523442364,21.590014568883735
2021-03-13 23:00:00,18.796058021875226,21.161395260380345
2021-03-13 23:30:00,18.812192749928162,20.386670934039167
2021-03-14 00:00:00,18.83989278395057,19.682122249265447
2021-03-14 00:30:00,18.66624356886886,19.12434256430927
2021-03-14 01:00:00,18.535171986076378,18.54524963293804
2021-03-14 01:30:00,18.839475199194375,17.99554433511745
2021-03-14 02:00:00,18.57299660148339,18.293303140303056
2021-03-14 02:30:00,18.41746361359202,18.280317964232054
2021-03-14 03:00:00,18.332444331145954,18.267243007274537
2021-03-14 03:30:00,18.332561551901012,18.673707227439262
2021-03-14 04:00:00,18.503672419176628,17.341676051968037
2021-03-14 04:30:00,18.46705953099887,18.683397864867366
2021-03-14 05:00:00,18.506143768316587,18.248704730717478
2021-03-14 05:30:00,18.260101669716256,18.33024111130568
2021-03-14 06:00:00,18.368931243541905,18.286580794813442
2021-03-14 06:30:00,18.599631896792605,19.72677197604876
2021-03-14 07:00:00,18.75706454263427,19.859957292618688
2021-03-14 07:30:00,18.624934536962435,20.09029042547996
2021-03-14 08:00:00,18.87095067524996,21.326577576776884
2021-03-14 08:30:00,18.693041673354507,21.882266491108133
2021-03-14 09:00:00,19.05390963541978,21.9835181141403
2021-03-14 09:30:00,19.09498435209481,22.180900829215105
2021-03-14 10:00:00,19.051854319557837,23.36019311825804
2021-03-14 10:30:00,19.261366429496544,22.934536159417142
2021-03-14 11:00:00,19.301390876482493,23.088627123326923
2021-03-14 11:30:00,19.46017348249961,23.164959831112483
2021-03-14 12:00:00,19.70849286968836,23.357584923390586
2021-03-14 12:30:00,19.883049865192454,23.582201613640688
2021-03-14 13:00:00,19.898703879260708,23.910498124508695
2021-03-14 13:30:00,19.893556272893107,24.20964487909186
2021-03-14 14:00:00,19.73240765216127,24.72878900763626
2021-03-14 14:30:00,19.890338134878895,24.216481523212884
2021-03-14 15:00:00,19.90232336741221,24.918157091591713
2021-03-14 15:30:00,20.068743783991465,24.562737135459926
2021-03-14 16:00:00,19.942087948321387,24.16853202061685
2021-03-14 16:30:00,20.135422584853885,24.84199240415907
2021-03-14 17:00:00,19.70930371745389,23.976022529818046
2021-03-14 17:30:00,19.852180187480425,23.30519630768912
2021-03-14 18:00:00,19.861799745766803,22.55436688191499
2021-03-14 18:30:00,19.582105695141706,23.141639201697053
2021-03-14 19:00:00,19.75116253427228,23.711852703503187
2021-03-14 19:30:00,19.738015052773594,22.311560404774703
2021-03-14 20:00:00,19.658843604028398,20.649475331388963
2021-03-14 20:30:00,19.47922735854387,20.63070547958311
2021-03-14 21:00:00,19.577855768963964,20.039071303939522
2021-03-14 21:30:00,19.17218733299616,19.53868919348611
2021-03-14 22:00:00,19.15760646698457,18.55074367197772
2021-03-14 22:30:00,19.06292572438937,17.788710811090244
2021-03-14 23:00:00,19.092708464541197,17.49713874711802
2021-03-14 23:30:00,18.77124107142593,16.22515882948528
2021-03-15 00:00:00,18.870123144639262,16.035919821961794
2021-03-15 00:30:00,18.808927115702126,15.272045639237176
2021-03-15 01:00:00,18.559471406394668,14.939255301345973
2021-03-15 01:30:00,18.708405337676435,14.698018201514795
2021-03-15 02:00:00,18.598619711516694,14.298080748046292
2021-03-15 02:30:00,18.522325931089515,15.150375696267323
2021-03-15 03:00:00,18.394377292827908,15.146868048295593
2021-03-15 03:30:00,18.516681686396513,14.620169797450997
2021-03-15 04:00:00,18.353651820940076,14.884713590627058
2021-03-15 04:30:00,18.43846976180598,15.627319647699505
2021-03-15 05:00:00,18.520053372853276,14.538962171906219
2021-03-15 05:30:00,18.598479860380067,15.391993653878124
2021-03-15 06:00:00,18.566662933711953,15.446826881689221
2021-03-15 06:30:00,18.63432197000224,14.830001160753604
2021-03-15 07:00:00,18.56205666017282,16.79311780577633
2021-03-15 07:30:00,18.682867263730408,18.076192229635875
2021-03-15 08:00:00,18.756687250935748,16.809120029220637
2021-03-15 08:30:00,18.796554465148926,17.548502479185867
2021-03-15 09:00:00,18.991808313770225,17.411395424590022
2021-03-15 09:30:00,19.197683018075796,19.742815626039523
2021-03-15 10:00:00,19.096429998977587,19.26790105941666
2021-03-15 10:30:00,19.425120160423337,20.203202214151247
2021-03-15 11:00:00,19.31692759502687,21.124367011144756
2021-03-15 11:30:00,19.52603577087422,22.17222745709373
2021-03-15 12:00:00,19.55864195101242,22.24760520199652
2021-03-15 12:30:00,19.622856698390883,22.52359467687258
2021-03-15 13:00:00,19.711391367598367,22.521852336978654
2021-03-15 13:30:00,19.930616249677254,23.923780664087282
2021-03-15 14:00:00,19.874057579161352,23.050465371194058
2021-03-15 14:30:00,19.894691214020884,23.370623417349563
2021-03-15 15:00:00,19.957490370644763,23.05124619025063
2021-03-15 15:30:00,20.02925161238532,23.641148120911943
2021-03-15 16:00:00,20.026374430290623,23.693300984296304
2021-03-15 16:30:00,19.99424364610841,23.82160512403603
2021-03-15 17:00:00,19.788684777043688,24.063005301586884
2021-03-15 17:30:00,20.21021703243794,22.590682994135072
2021-03-15 18:00:00,19.872167060945625,22.824646949693776
2021-03-15 18:30:00,19.610312779476594,20.980814569210356
2021-03-15 19:00:00,20.037753847813942,21.431405314270016
2021-03-15 19:30:00,19.74136811498523,20.799310424201796
2021-03-15 20:00:00,19.50943230043021,20.62152201205032
2021-03-15 20:30:00,19.453092760598103,19.520699096886258
2021-03-15 21:00:00,19.35390987617418,18.954496657354667
2021-03-15 21:30:00,19.3654508361766,18.988907338015412
2021-03-15 22:00:00,19.310460161675334,17.498640828466964
2021-03-15 22:30:00,19.068280110192738,18.117342355648535
2021-03-15 23:00:00,18.9950214704714,15.958059818918546
2021-03-15 23:30:00,18.91200082018806,16.607370173484732
2021-03-16 00:00:00,18.571830960052164,15.888542261426519
2021-03-16 00:30:00,18.277602418293714,15.135111021924152
2021-03-16 01:00:00,18.211409175959773,13.951789756344597
2021-03-16 01:30:00,18.12877893381992,13.466896375859164
2021-03-16 02:00:00,18.38603440379335,14.513039612141151
2021-03-16 02:30:00,18.197066568216986,14.40397120982392
2021-03-16 03:00:00,18.265550769825484,14.283331698101534
2021-03-16 03:30:00,17.948978186833987,13.070253167263248
2021-03-16 04:00:00,18.10670879426523,13.394686713805195
2021-03-16 04:30:00,18.043772538022754,14.086395503054332
2021-03-16 05:00:00,18.186833168769653,13.287195339524038
2021-03-16 05:30:00,18.05149059432246,14.655954236993269
2021-03-16 06:00:00,18.179604777992463,15.695874301825729
2021-03-16 06:30:00,18.201992304051483,14.794943028618158
2021-03-16 07:00:00,18.341695013390538,15.679530600644418
2021-03-16 07:30:00,18.302153963230282,16.16740031855401
2021-03-16 08:00:00,18.697040820937254,17.7073651360349
2021-03-16 08:30:00,18.453660968627112,17.847053078481544
2021-03-16 09:00:00,18.74041569594446,17.807442969695487
2021-03-16 09:30:00,18.938830344819053,18.534513624192627
2021-03-16 10:00:00,18.886097002428443,20.139452472616746
2021-03-16 10:30:00,18.897667204655974,19.891153010697092
2021-03-16 11:00:00,19.23443036855576,20.328027578920356
2021-03-16 11:30:00,19.130420837667774,21.272866926220196
2021-03-16 12:00:00,19.531383453674074,21.185718278310635
2021-03-16 12:30:00,19.55167335572419,22.75110884598142
2021-03-16 13:00:00,19.50475506177357,22.826255001438742
2021-03-16 13:30:00,19.365686050520505,22.651552340004752
2021-03-16 14:00:00,19.557751894397516,23.429267091275797
2021-03-16 14:30:00,19.706308824551925,24.330019128677772
2021-03-16 15:00:00,19.86195272940884,23.474518241646294
2021-03-16 15:30:00,19.838792029954426,23.32260468603109
2021-03-16 16:00:00,19.734109345387758,23.83145122022985
2021-03-16 16:30:00,19.553411141317454,22.45263706357433
2021-03-16 17:00:00,19.885534995397958,23.435922787492363
2021-03-16 17:30:00,19.750796698777155,23.718097478801774
2021-03-16 18:00:00,19.719571542040015,23.16411980430242
2021-03-16 18:30:00,19.59269165924275,22.88543876341663
2021-03-16 19:00:00,19.41238437527497,22.765387427225505
2021-03-16 19:30:00,19.22283740409222,22.15109922081251
2021-03-16 20:00:00,19.307867286677034,21.55132030905697
2021-03-16 20:30:00,19.38870832751624,21.21339977432234
2021-03-16 21:00:00,19.15897277290627,20.4098278876184
2021-03-16 21:30:00,19.27608216635831,20.473096439933315
2021-03-16 22:00:00,18.9343385740077,19.292541187020767
2021-03-16 22:30:00,18.938179097637416,17.28964757888142
2021-03-16 23:00:00,18.658937562042155,18.144525641811416
2021-03-16 23:30:00,18.668483611844923,16.37569229575631
2021-03-17 00:00:00,18.945653982593843,16.67481400009611
2021-03-17 00:30:00,18.777881652805224,16.038987663575917
2021-03-17 01:00:00,18.43031978601985,15.38390224227047
2021-03-17 01:30:00,18.576246813150355,15.963113464659285
2021-03-17 02:00:00,18.41451874566104,15.143626929628402
2021-03-17 02:30:00,18.37659111398725,14.624815954423894
2021-03-17 03:00:00,18.14162019301539,14.715640246925332
2021-03-17 03:30:00,18.314377070646337,15.533206996442274
2021-03-17 04:00:00,18.609706248079725,14.620771356239475
2021-03-17 04:30:00,18.478289259795407,14.802082940713321
2021-03-17 05:00:00,18.374389120658822,15.082187284169157
2021-03-17 05:30:00,18.383950370227307,15.092828147920285
2021-03-17 06:00:00,18.478360990031288,14.307689189286148
2021-03-17 06:30:00,18.615105857988777,15.420706224510486
2021-03-17 07:00:00,18.61998703853616,15.420448145854953
2021-03-17 07:30:00,18.650900515145455,15.777924695079315
2021-03-17 08:00:00,18.91306217737619,17.028775504147195
2021-03-17 08:30:00,18.698618835578383,17.444150328650608
2021-03-17 09:00:00,18.906271106749504,17.63340448755751
2021-03-17 09:30:00,19.04546873779438,18.81133382494696
2021-03-17 10:00:00,19.008422291952122,18.975679322916502
2021-03-17 10:30:00,19.26002960014704,18.457025027344237
2021-03-17 11:00:00,19.385316669868875,19.238817899357695
2021-03-17 11:30:00,19.391108802270132,19.425731595342008
2021-03-17 12:00:00,19.340616582341255,20.99403784191307
2021-03-17 12:30:00,19.79709796522971,21.784639469236687
2021-03-17 13:00:00,19.728419537494172,21.659601797382102
2021-03-17 13:30:00,19.752522570531074,21.794868078973703
2021-03-17 14:00:00,20.002370676225432,22.772864779275917
2021-03-17 14:30:00,19.961136760398528,23.036878466992686
2021-03-17 15:00:00,20.125806983176844,22.462420472660895
2021-03-17 15:30:00,20.080597709898626,23.813354265435784
2021-03-17 16:00:00,19.670386558678892,23.32469776981065
2021-03-17 16:30:00,19.960710862070982,22.49543930515091
2021-03-17 17:00:00,19.861419227045346,22.74396069210502
2021-03-17 17:30:00,19.847257426295144,21.52796225027023
2021-03-17 18:00:00,19.68024755845582,22.70342780834953
2021-03-17 18:30:00,19.708506168269356,21.820830999115646
2021-03-17 19:00:00,19.67474710884001,21.945393593452057
2021-03-17 19:30:00,19.837283963223516,21.05975963962334
2021-03-17 20:00:00,19.50319492541365,20.392303704621973
2021-03-17 20:30:00,19.373605412226926,19.380719915981604
2021-03-17 21:00:00,19.16597239247866,18.41031717520968
2021-03-17 21:30:00,19.047316960463466,17.877818691089864
2021-03-17 22:00:00,19.137030494427414,17.736514904709857
2021-03-17 22:30:00,19.01105768862661,16.509175445969653
2021-03-17 23:00:00,19.0276616999675,14.646611243471577
2021-03-17 23:30:00,18.91646799319093,15.516794244656868
2021-03-18 00:00:00,19.440769933962244,14.567317862659854
2021-03-18 00:30:00,19.3955223369593,13.997759646562445
2021-03-18 01:00:00,19.263131863127782,13.916996986700402
2021-03-18 01:30:00,19.50608913606259,13.683789085479116
2021-03-18 02:00:00,19.141270711289952,12.88031438139581
2021-03-18 02:30:00,19.111464222086987,12.780360342448791
2021-03-18 03:00:00,19.01669436225192,12.561638712633474
2021-03-18 03:30:00,19.262319854503318,13.120317825027081
2021-03-18 04:00:00,19.087371964749035,12.595126535803464
2021-03-18 04:30:00,18.90039435939264,13.387688162192326
2021-03-18 05:00:00,19.02812082009871,12.7767337260268
2021-03-18 05:30:00,18.96771364025891,13.257950077476353
2021-03-18 06:00:00,19.27605906278711,13.145202250662882
2021-03-18 06:30:00,19.066479142772536,13.97975621716694
2021-03-18 07:00:00,19.08477086699513,16.261826799922993
2021-03-18 07:30:00,19.36763463559495,14.380222017617921
2021-03-18 08:00:00,19.419370911136912,16.84847702867335
2021-03-18 08:30:00,19.468304244502395,16.90831999834742
2021-03-18 09:00:00,19.518273426439148,17.18163715517093
2021-03-18 09:30:00,19.8026525359585,17.40988656617066
2021-03-18 10:00:00,19.852721880414876,17.853490641519315
2021-03-18 10:30:00,19.788405738758833,20.30412337430492
2021-03-18 11:00:00,20.292027165376485,20.800755379018423
2021-03-18 11:30:00,20.314659067703307,21.828568769113843
2021-03-18 12:00:00,20.353415327439116,22.940582832311833
2021-03-18 12:30:00,20.421893248115655,22.20805258039158
2021-03-18 13:00:00,20.302611664765355,22.77822230518997
2021-03-18 13:30:00,20.573709104465486,22.612273500131124
2021-03-18 14:00:00,20.516049880361358,23.764233076939668
2021-03-18 14:30:00,20.7193674405014,23.43917792370626
2021-03-18 15:00:00,20.81196115203325,23.084592117402114
2021-03-18 15:30:00,20.370835989899078,23.094782694867277
2021-03-18 16:00:00,20.68454566980339,23.05879593113844
2021-03-18 16:30:00,20.58538266541832,23.256224275399628
2021-03-18 17:00:00,20.54999402404502,22.819243477690762
2021-03-18 17:30:00,20.816631087493725,22.20062063500979
2021-03-18 18:00:00,20.626363595359997,22.106718895065306
2021-03-18 18:30:00,20.509300505886078,22.341442352257637
2021-03-18 19:00:00,20.53948469197764,20.866864438956657
2021-03-18 19:30:00,20.373444774035303,20.642005813619694
2021-03-18 20:00:00,20.166684853523467,20.323284456700208
2021-03-18 20:30:00,20.110732778747103,19.309935115908186
2021-03-18 21:00:00,20.077904277891005,19.2719225463956
2021-03-18 21:30:00,19.932557619992533,18.81229804331897
2021-03-18 22:00:00,20.012787421411243,18.433742504396378
2021-03-18 22:30:00,19.73714131698853,16.89273615811842
2021-03-18 23:00:00,19.52232905203834,16.460874115595278
2021-03-18 23:30:00,19.49211791081335,16.281675414205363
2021-03-19 00:00:00,19.863339667145393,15.159608599406992
2021-03-19 00:30:00,19.603348181712036,15.129636672370097
2021-03-19 01:00:00,19.625049629409222,13.591063317785634
2021-03-19 01:30:00,19.57474056121649,14.17709381218863
2021-03-19 02:00:00,19.401781492458838,13.280378141244704
2021-03-19 02:30:00,19.576724661902546,13.755938524231597
2021-03-19 03:00:00,19.492427771491116,13.071489855893743
2021-03-19 03:30:00,19.39353929359408,12.990760879612093
2021-03-19 04:00:00,19.221456502438183,13.639705040697477
2021-03-19 04:30:00,19.271925777202842,12.520671243567579
2021-03-19 05:00:00,19.43727598552422,13.015023948672743
2021-03-19 05:30:00,19.60120963867743,13.662343707218742
2021-03-19 06:00:00,19.391579889762042,13.650611674626699
2021-03-19 06:30:00,19.524648307013255,14.939170423349143
2021-03-19 07:00:00,19.47988422058248,15.830231386793034
2021-03-19 07:30:00,19.7826232428016,16.32299225567826
2021-03-19 08:00:00,19.65566606662105,16.210768831907327
2021-03-19 08:30:00,19.704911546292216,16.356589434912415
2021-03-19 09:00:00,19.846225428135913,17.460387802978577
2021-03-19 09:30:00,19.999785314063935,16.668746415490126
2021-03-19 10:00:00,20.232289997289836,19.240870674577433
2021-03-19 10:30:00,20.405460679808936,18.16346962048272
2021-03-19 11:00:00,20.27137522092971,18.371422365438395
2021-03-19 11:30:00,20.62385294550793,18.440085951966115
2021-03-19 12:00:00,20.591064774149633,18.860515189993556
2021-03-19 12:30:00,20.463877976989146,19.314909334948602
2021-03-19 13:00:00,20.798578746896446,20.448803270090117
2021-03-19 13:30:00,21.190855703903317,21.288853801842166
2021-03-19 14:00:00,20.906961212374146,21.253201548634028
2021-03-19 14:30:00,21.061100687754045,20.69735075775475
2021-03-19 15:00:00,20.896968906517127,20.85843720110735
2021-03-19 15:30:00,21.113123971137636,21.734417177246627
2021-03-19 16:00:00,20.876623688829877,21.66501457774889
2021-03-19 16:30:00,20.905120736716643,21.60442396040523
2021-03-19 17:00:00,21.213721198495993,22.04989471555373
2021-03-19 17:30:00,21.038581623326593,21.82904258168379
2021-03-19 18:00:00,20.78597356751127,21.425549331645797
2021-03-19 18:30:00,20.875602744456586,20.961658380706627
2021-03-19 19:00:00,20.78361456463359,19.934825501158397
2021-03-19 19:30:00,20.713342991708696,19.547474185425916
2021-03-19 20:00:00,20.3707430498859,19.179231296128812
2021-03-19 20:30:00,20.548739367742375,19.00810227733755
2021-03-19 21:00:00,20.312955335575044,18.76677730896442
2021-03-19 21:30:00,20.291302324305626,17.316900385898386
2021-03-19 22:00:00,20.06851565516206,16.361455481744034
2021-03-19 22:30:00,20.13063258889386,16.913607893916893
2021-03-19 23:00:00,19.847558783570953,16.424988552303322
2021-03-19 23:30:00,19.73214282110717,15.394481510065841
2021-03-20 00:00:00,18.797030536328606,14.691635682025453
2021-03-20 00:30:00,18.737025634716986,13.35245280954518
2021-03-20 01:00:00,18.68335445305774,13.60711705393778
2021-03-20 01:30:00,18.673548747354822,14.458818581193738
2021-03-20 02:00:00,18.523821032992757,12.917016070623253
2021-03-20 02:30:00,18.54090272483875,13.32492329869743
2021-03-20 03:00:00,18.43861720122179,12.21311600834504
2021-03-20 03:30:00,18.36681934986389,13.53746465177316
2021-03-20 04:00:00,18.26401873912362,13.063088432352105
2021-03-20 04:30:00,18.40878785479498,12.886803965793122
2021-03-20 05:00:00,18.565115091365648,13.086366900690637
2021-03-20 05:30:00,18.494596064089773,13.511853284558931
2021-03-20 06:00:00,18.422967242676414,14.417320058271866
2021-03-20 06:30:00,18.713052525263258,15.016169168065833
2021-03-20 07:00:00,18.899584157003737,14.580930420457564
2021-03-20 07:30:00,18.60271418216057,15.191906405247872
2021-03-20 08:00:00,18.88348500009451,16.91123888016196
2021-03-20 08:30:00,18.99455709814803,16.37195052149279
2021-03-20 09:00:00,19.036923108484384,17.476688526818815
2021-03-20 09:30:00,19.231492281107847,18.161721424592514
2021-03-20 10:00:00,19.24802082848398,18.7636404095794
2021-03-20 10:30:00,19.263791032741366,19.532127197659296
2021-03-20 11:00:00,19.603966672888664,20.47904233177583
2021-03-20 11:30:00,19.587033443002564,20.048347302533116
2021-03-20 12:00:00,19.68626318433584,20.18835808736196
2021-03-20 12:30:00,19.64341849143802,20.711903568189474
2021-03-20 13:00:00,19.7364129853802,20.226329616557553
2021-03-20 13:30:00,19.966527372575396,20.121749083842435
2021-03-20 14:00:00,19.935249731301674,21.875865507952472
2021-03-20 14:30:00,19.8764307357598,21.771465672614077
2021-03-20 15:00:00,20.07238264434123,22.39712694175914
2021-03-20 15:30:00,20.033448769027615,21.563828162690093
2021-03-20 16:00:00,20.35040888521056,21.770404523387366
2021-03-20 16:30:00,20.117451556168444,21.975710056551815
2021-03-20 17:00:00,19.98011853516919,21.565880950254073
2021-03-20 17:30:00,20.019082561923454,21.019991594098055
2021-03-20 18:00:00,19.949217889542474,20.667142276922934
2021-03-20 18:30:00,19.93703544185832,20.348246012864365
2021-03-20 19:00:00,19.821981998957952,19.641358561013377
2021-03-20 19:30:00,19.61960580582676,20.24132924829005
2021-03-20 20:00:00,19.47656502360323,19.13001003588141
2021-03-20 20:30:00,19.623480700887658,19.1949550481269
2021-03-20 21:00:00,19.474473079838162,17.8123114018027
2021-03-20 21:30:00,19.50731234563642,18.1011097613234
2021-03-20 22:00:00,19.42883048497335,16.327895277873992
2021-03-20 22:30:00,19.092504522623866,15.932181317542117
2021-03-20 23:00:00,19.086272340931508,14.782835307727341
2021-03-20 23:30:00,18.967600564835113,16.00480635085655
2021-03-21 00:00:00,18.69488286911389,14.812369987028017
2021-03-21 00:30:00,18.71864332784459,13.64782629397626
2021-03-21 01:00:00,18.58018326640326,13.243901007492791
2021-03-21 01:30:00,18.54821665404398,13.115428051592811
2021-03-21 02:00:00,18.582876624366037,12.010475098688318
2021-03-21 02:30:00,18.449244654726563,12.209000341856497
2021-03-21 03:00:00,18.468844072284334,12.45957593477644
2021-03-21 03:30:00,18.556329891695576,12.449070318190657
2021-03-21 04:00:00,18.48817102162136,12.297866603927138
2021-03-21 04:30:00,18.344006331756763,11.506308315089772
2021-03-21 05:00:00,18.500906003739797,13.324060546925999
2021-03-21 05:30:00,18.48338482041789,13.809643213672999
2021-03-21 06:00:00,18.522971615530015,14.012887954751433
2021-03-21 06:30:00,18.535236882694,14.05793598544122
2021-03-21 07:00:00,18.47351444909954,15.280211560119845
2021-03-21 07:30:00,18.768439855432177,16.47299356440035
2021-03-21 08:00:00,18.981113523733338,15.80544549238185
2021-03-21 08:30:00,18.585793834090186,16.303913345543975
2021-03-21 09:00:00,18.93601806650798,16.920583709886518
2021-03-21 09:30:00,19.032687360343353,17.788652115007263
2021-03-21 10:00:00,19.2562258685656,18.8788005558198
2021-03-21 10:30:00,19.25287068756808,18.94957141479249
2021-03-21 11:00:00,19.623134978322508,19.453873812474363
2021-03-21 11:30:00,19.60933998207592,20.433679346416724
2021-03-21 12:00:00,19.522964996771652,20.699652401668185
2021-03-21 12:30:00,19.706566470046162,21.520365419935963
2021-03-21 13:00:00,19.713465265751413,21.427111027286383
2021-03-21 13:30:00,19.812161012568424,22.209348530339504
2021-03-21 14:00:00,19.93608491681772,21.38821626996175
2021-03-21 14:30:00,19.905665810637664,22.292073419920914
2021-03-21 15:00:00,19.997721102853006,22.543558733346007
2021-03-21 15:30:00,20.07684637445112,22.737493525483135
2021-03-21 16:00:00,20.080874514958918,22.535237644302757
2021-03-21 16:30:00,20.00761863344713,23.470408367908053
2021-03-21 17:00:00,19.862181952456066,23.6224079590515
2021-03-21 17:30:00,19.960976406254403,22.08449534409893
2021-03-21 18:00:00,19.942749673584483,22.86890572865404
2021-03-21 18:30:00,19.943591419885482,22.313014306257624
2021-03-21 19:00:00,19.97194555046547,21.94422698004524
2021-03-21 19:30:00,19.463072086618027,20.421580924054556
2021-03-21 20:00:00,19.57640902597916,19.29268614262639
2021-03-21 20:30:00,19.55547911966528,19.867814355440434
2021-03-21 21:00:00,19.437839655110693,20.560773484510804
2021-03-21 21:30:00,19.443247079416032,19.241038178390458
2021-03-21 22:00:00,19.296372782466406,18.678548715025318
2021-03-21 22:30:00,19.20526484165455,17.48647481381715
2021-03-21 23:00:00,19.11458242011742,17.761777551859428
2021-03-21 23:30:00,19.0394787609527,15.453914022108075
2021-03-22 00:00:00,18.63543475404816,15.740830512625928
2021-03-22 00:30:00,18.558815626371498,15.297814037666004
2021-03-22 01:00:00,18.421885304748216,14.551638640209054
2021-03-22 01:30:00,18.489825524321656,14.254026834641499
2021-03-22 02:00:00,18.532539358165646,14.188979453885702
2021-03-22 02:30:00,18.237080537915407,14.103275718622987
2021-03-22 03:00:00,18.341583544610803,14.818430359894903
2021-03-22 03:30:00,18.04613763617382,14.581299913010847
2021-03-22 04:00:00,18.226885970031848,14.267586917668774
2021-03-22 04:30:00,18.240497389599707,15.23290535774173
2021-03-22 05:00:00,18.29680094731755,15.587853326224941
2021-03-22 05:30:00,18.26634106920179,15.724999453205287
2021-03-22 06:00:00,18.333658060891317,15.44366180544173
2021-03-22 06:30:00,18.37728417182166,15.949753358817784
2021-03-22 07:00:00,18.399236595739517,16.93537267130181
2021-03-22 07:30:00,18.498452242215233,18.091462782423285
2021-03-22 08:00:00,18.783031075625917,18.37674445909923
2021-03-22 08:30:00,18.782940696093732,19.04509567048675
2021-03-22 09:00:00,18.76649019314921,19.39740914677022
2021-03-22 09:30:00,18.793527354858664,20.2013448558132
2021-03-22 10:00:00,19.076811215643996,20.45036036578892
2021-03-22 10:30:00,19.12551427147191,21.268324694929653
2021-03-22 11:00:00,19.12908254942054,21.637243883568527
2021-03-22 11:30:00,19.34011259476699,22.572067601605355
2021-03-22 12:00:00,19.45139227453491,21.92805565383399
2021-03-22 12:30:00,19.318719430502515,22.662182396437704
2021-03-22 13:00:00,19.605588629754894,24.117346328268933
2021-03-22 13:30:00,19.553386534210727,23.853600230894713
2021-03-22 14:00:00,19.573124182356057,23.295683893634518
2021-03-22 14:30:00,19.6062249389612,24.28479878275492
2021-03-22 15:00:00,19.774092171177813,24.044385516741837
2021-03-22 15:30:00,19.76666625501305,24.54032351496445
2021-03-22 16:00:00,19.827566526884965,23.664875951625906
2021-03-22 16:30:00,19.722893535815796,23.42161263858131
2021-03-22 17:00:00,19.760831699657928,23.792113308104458
2021-03-22 17:30:00,19.613176670041163,23.978930571754198
2021-03-22 18:00:00,19.53230002630498,22.45425174257012
2021-03-22 18:30:00,19.637921258740132,21.858938322474234
2021-03-22 19:00:00,19.61426413566924,22.30104376448697
2021-03-22 19:30:00,19.45066755873106,20.778522356454406
2021-03-22 20:00:00,19.427125056811644,19.58309579364722
2021-03-22 20:30:00,19.108658719197475,18.39070241052164
2021-03-22 21:00:00,19.08177767541791,18.704668363900616
2021-03-22 21:30:00,18.937355216751815,17.486242404537954
2021-03-22 22:00:00,19.02023917078286,17.580693369045775
2021-03-22 22:30:00,18.922329862553905,16.176405744476426
2021-03-22 23:00:00,18.832483512657497,16.518804415268875
2021-03-22 23:30:00,18.681213124519665,14.988886203610917
2021-03-23 00:00:00,17.958691085663975,15.063329431986704
2021-03-23 00:30:00,17.86332952067492,15.158328318034823
2021-03-23 01:00:00,17.93688090243694,12.819781191685063
2021-03-23 01:30:00,17.730465855378828,12.234871306099638
2021-03-23 02:00:00,17.88179128871024,12.995407879422045
2021-03-23 02:30:00,17.52422934065927,12.880858548209446
2021-03-23 03:00:00,17.542613675799778,13.075251988777696
2021-03-23 03:30:00,17.73927702431703,14.213375718979187
2021-03-23 04:00:00,17.59100981344078,13.304651558311477
2021-03-23 04:30:00,17.601483811404112,13.401630061298485
2021-03-23 05:00:00,17.64301926325072,13.468478264125679
2021-03-23 05:30:00,17.604976056379158,13.70074714163937
2021-03-23 06:00:00,17.68667243112683,14.106757627397943
2021-03-23 06:30:00,17.784393675357382,15.058226284923787
2021-03-23 07:00:00,17.700572912047935,14.881406372302363
2021-03-23 07:30:00,18.032115629852377,15.608918611721403
2021-03-23 08:00:00,17.94533626252951,16.501738452025688
2021-03-23 08:30:00,18.251651851839735,15.489751242068406
2021-03-23 09:00:00,18.00454249258642,17.235028939774864
2021-03-23 09:30:00,18.035200698956903,16.895342092439968
2021-03-23 10:00:00,18.31037574345411,17.769113773674093
2021-03-23 10:30:00,18.551991800351153,18.18243315701967
2021-03-23 11:00:00,18.552047458681077,19.028203294177228
2021-03-23 11:30:00,18.527615804810655,19.350191628974052
2021-03-23 12:00:00,18.5324415112021,19.687870372379468
2021-03-23 12:30:00,18.978232696182307,20.23447293394512
2021-03-23 13:00:00,18.898804769782853,19.743799227097288
2021-03-23 13:30:00,18.730142161525364,20.70399300031844
2021-03-23 14:00:00,19.138088814191736,21.518441498545755
2021-03-23 14:30:00,19.07542757022354,21.338816652930245
2021-03-23 15:00:00,18.846220227001943,21.94427288127715
2021-03-23 15:30:00,19.033637008026197,21.945393856525545
2021-03-23 16:00:00,19.082556070529137,20.693650529653134
2021-03-23 16:30:00,19.134727958670894,20.227200665252955
2021-03-23 17:00:00,18.92402722903422,21.021869235375753
2021-03-23 17:30:00,19.205266296638438,20.880395882849566
2021-03-23 18:00:00,18.85605287934012,19.614636156219966
2021-03-23 18:30:00,18.85471244726263,19.30374169000698
2021-03-23 19:00:00,18.96428716570424,19.48660566734164
2021-03-23 19:30:00,18.972214928424844,18.307251525492006
2021-03-23 20:00:00,18.791482717953137,17.976393716899267
2021-03-23 20:30:00,18.411293961809537,17.303927835795726
2021-03-23 21:00:00,18.544389179892207,16.589918473518487
2021-03-23 21:30:00,18.252922275775052,16.440051246640405
2021-03-23 22:00:00,18.172185547323643,16.680359595300256
2021-03-23 22:30:00,18.268557333261462,15.33809468269451
2021-03-23 23:00:00,18.007881156970733,15.897867795428223
2021-03-23 23:30:00,17.87455602795017,15.312461782365734
2021-03-24 00:00:00,18.05903688831773,15.548432705827802
2021-03-24 00:30:00,17.872020552198403,15.111273884157871
2021-03-24 01:00:00,17.798167690101955,13.486376031889082
2021-03-24 01:30:00,17.652039770214717,14.472195372607654
2021-03-24 02:00:00,17.74634949692394,13.906118060474627
2021-03-24 02:30:00,17.59654098745723,13.172836126578302
2021-03-24 03:00:00,17.71334096913274,13.80309892124937
2021-03-24 03:30:00,17.57639248798449,12.258325259300648
2021-03-24 04:00:00,17.40413427306023,12.586225254618935
2021-03-24 04:30:00,17.64267417425746,12.617983789529411
2021-03-24 05:00:00,17.55429811147065,13.303588700013982
2021-03-24 05:30:00,17.371235137204764,12.551812136367149
2021-03-24 06:00:00,17.673088306008648,13.451161549628848
2021-03-24 06:30:00,17.771682854615566,14.08934458185876
2021-03-24 07:00:00,17.804663491482493,14.183261674588664
2021-03-24 07:30:00,17.669861746831447,14.449387977023923
2021-03-24 08:00:00,17.925217942809436,14.649667093004036
2021-03-24 08:30:00,18.251311247560785,15.91902139797922
2021-03-24 09:00:00,18.10380986412672,16.296127271075147
2021-03-24 09:30:00,17.96111844243929,17.84747839096156
2021-03-24 10:00:00,18.244327346560834,17.762967389618737
2021-03-24 10:30:00,18.495889545824273,18.519426511930806
2021-03-24 11:00:00,18.73291189525492,18.156439179818808
2021-03-24 11:30:00,18.695743634769787,18.327582667007967
2021-03-24 12:00:00,18.54401708938267,19.934142286661324
2021-03-24 12:30:00,18.597388669616922,20.370573582299972
2021-03-24 13:00:00,18.801537885357956,20.74087197961099
2021-03-24 13:30:00,19.026432611554906,20.72743117966911
2021-03-24 14:00:00,18.980000003429414,22.249835991986245
2021-03-24 14:30:00,19.131395578685208,21.974509062229842
2021-03-24 15:00:00,19.074024579848405,22.06305483814506
2021-03-24 15:30:00,19.043387353666887,23.882901525654763
2021-03-24 16:00:00,19.042841228363333,22.51530580253812
2021-03-24 16:30:00,19.306172217568772,21.776233028089756
2021-03-24 17:00:00,19.22123174241711,22.04167782598779
2021-03-24 17:30:00,18.853446110633946,21.846320578323358
2021-03-24 18:00:00,18.864232738974675,21.16568617878317
2021-03-24 18:30:00,18.82284582231764,20.820654894755826
2021-03-24 19:00:00,18.976579935739046,20.124633433753573
2021-03-24 19:30:00,18.77232093019599,18.66780106362801
2021-03-24 20:00:00,18.807788994460427,18.19824444526466
2021-03-24 20:30:00,18.363533239690685,18.053782964676998
2021-03-24 21:00:00,18.376770959803768,15.638362131022298
2021-03-24 21:30:00,18.288900114766896,16.812319026455558
2021-03-24 22:00:00,18.417890182682036,15.75942348972364
2021-03-24 22:30:00,18.089717572496493,15.64816801272974
2021-03-24 23:00:00,18.28304877854161,14.690661870149968
2021-03-24 23:30:00,17.945299426183883,15.846900899716347
2021-03-25 00:00:00,17.842554294749743,14.584892164209174
2021-03-25 00:30:00,17.868891833765076,14.006530454686182
2021-03-25 01:00:00,17.659688964173974,14.89433876751514
2021-03-25 01:30:00,17.43541293148835,13.855357772627768
2021-03-25 02:00:00,17.315954445478187,14.267154945394374
2021-03-25 02:30:00,17.490806971040655,13.951255544150346
2021-03-25 03:00:00,17.390706317172665,12.51787674653234
2021-03-25 03:30:00,17.449396805593874,13.78783185204122
2021-03-25 04:00:00,17.338374414016783,13.86377247677211
2021-03-25 04:30:00,17.423500375952656,14.061051443348509
2021-03-25 05:00:00,17.544025168450965,13.475266734260096
2021-03-25 05:30:00,17.589653580185125,13.44417579333562
2021-03-25 06:00:00,17.41791669472935,14.583382590274365
2021-03-25 06:30:00,17.3802594694335,15.195283749987734
2021-03-25 07:00:00,17.715961702694184,15.221078728088283
2021-03-25 07:30:00,17.68686689911635,15.36128928483358
2021-03-25 08:00:00,17.905438609635333,16.939557368456583
2021-03-25 08:30:00,17.866047424664064,16.210680184138123
2021-03-25 09:00:00,17.847156473266935,17.810037441219535
2021-03-25 09:30:00,18.063698950363268,18.39622105212854
2021-03-25 10:00:00,17.981273617897966,19.254336216504953
2021-03-25 10:30:00,18.331789002001273,20.815674364050018
2021-03-25 11:00:00,18.33094964119998,21.492776046887716
2021-03-25 11:30:00,18.484902484341248,22.192061485940155
2021-03-25 12:00:00,18.370663795342175,22.88064624711789
2021-03-25 12:30:00,18.74830036852955,23.992396474946375
2021-03-25 13:00:00,18.78104039385686,23.50340763148025
2021-03-25 13:30:00,18.734033048345403,25.576375762615587
2021-03-25 14:00:00,18.908357508913152,25.0541768020913
2021-03-25 14:30:00,18.849479208346622,25.718802133145104
2021-03-25 15:00:00,18.834893160794152,25.584137845665257
2021-03-25 15:30:00,18.812125712028415,25.43507197329312
2021-03-25 16:00:00,18.911011100112994,25.510738043061647
2021-03-25 16:30:00,18.707544259353995,25.49061753335144
2021-03-25 17:00:00,18.88802417549882,24.82517607420722
2021-03-25 17:30:00,18.906358220206315,24.495657906559845
2021-03-25 18:00:00,18.794566580939737,24.881317317143054
2021-03-25 18:30:00,18.74849687059117,23.871063872855377
2021-03-25 19:00:00,18.832234696349037,22.99512499218879
2021-03-25 19:30:00,18.647178492589045,23.221714508577268
2021-03-25 20:00:00,18.434837828848906,21.87165237184462
2021-03-25 20:30:00,18.339105951571728,21.096041759595607
2021-03-25 21:00:00,18.276022171622024,21.030361115545098
2021-03-25 21:30:00,18.180661225225187,19.735953426908214
2021-03-25 22:00:00,18.00080539502911,20.123896247206968
2021-03-25 22:30:00,18.08446695404178,19.33444940135756
2021-03-25 23:00:00,18.078364165512923,19.0971412534516
2021-03-25 23:30:00,17.905963088770527,17.526675531814472
2021-03-26 00:00:00,17.855566849178174,17.843234494326513
2021-03-26 00:30:00,17.788511664076182,17.490179976615156
2021-03-26 01:00:00,17.49096964693888,16.61091579321075
2021-03-26 01:30:00,17.36233412750597,16.680896282266016
2021-03-26 02:00:00,17.459562264984672,16.405878032749246
2021-03-26 02:30:00,17.562301234811056,15.8514100322884
2021-03-26 03:00:00,17.2834632191005,15.78017685995044
2021-03-26 03:30:00,17.37549695084769,15.65389174881165
2021-03-26 04:00:00,17.28083591540701,15.251870224669664
2021-03-26 04:30:00,17.46085220861598,16.1585174310552
2021-03-26 05:00:00,17.33505682074638,15.91416358310626
2021-03-26 05:30:00,17.344439463988003,16.368661163169815
2021-03-26 06:00:00,17.556379649909246,17.00720834547084
2021-03-26 06:30:00,17.53948012104774,16.066699758637174
2021-03-26 07:00:00,17.686719884868964,16.951190740921422
2021-03-26 07:30:00,17.53792484378985,18.10570507976643
2021-03-26 08:00:00,17.68524043170211,19.27178431455798
2021-03-26 08:30:00,17.74881991779041,19.76916441625387
2021-03-26 09:00:00,17.90529515799776,19.64248978120531
2021-03-26 09:30:00,17.773354674587416,20.653418815897215
2021-03-26 10:00:00,17.991523972056495,20.55711991633479
2021-03-26 10:30:00,17.922571213316402,21.420527813064133
2021-03-26 11:00:00,18.294748967654275,21.41611819204214
2021-03-26 11:30:00,18.429635308889374,22.052939279066372
2021-03-26 12:00:00,18.756916900791055,22.7512078302581
2021-03-26 12:30:00,18.739119759699538,23.27593486465893
2021-03-26 13:00:00,18.699145533351384,23.30678917192594
2021-03-26 13:30:00,18.617088329315333,23.685990274331363
2021-03-26 14:00:00,18.61164352240783,24.816585369648124
2021-03-26 14:30:00,18.68754862884473,24.656091800155224
2021-03-26 15:00:00,18.781704960299436,24.088758620811785
2021-03-26 15:30:00,18.904719714814593,24.54889675544812
2021-03-26 16:00:00,18.89532418154979,25.361563922231856
2021-03-26 16:30:00,18.827764112421733,25.664379511617355
2021-03-26 17:00:00,18.738189905954403,24.358980162269905
2021-03-26 17:30:00,18.91189425405531,23.46266078299361
2021-03-26 18:00:00,18.71844827225786,23.870104850897487
2021-03-26 18:30:00,18.64216916892607,23.899424392931113
2021-03-26 19:00:00,18.55864489122017,23.343280136134375
2021-03-26 19:30:00,18.318541111788534,22.706952480547663
2021-03-26 20:00:00,18.441523034626464,21.382879418764336
2021-03-26 20:30:00,18.281503835540107,21.706140632768626
2021-03-26 21:00:00,18.268706374415025,20.58304761823753
2021-03-26 21:30:00,18.285376321461,19.947509658945332
2021-03-26 22:00:00,17.935926206776575,19.970037265961857
2021-03-26 22:30:00,18.096911613677936,18.43613420090441
2021-03-26 23:00:00,17.86329415205208,19.37897356572255
2021-03-26 23:30:00,17.651062060079166,17.74595131908479
2021-03-27 00:00:00,17.692848024693784,17.425870682386666
2021-03-27 00:30:00,17.746551307117738,16.895856273532743
2021-03-27 01:00:00,17.713136810274715,16.454660314056795
2021-03-27 01:30:00,17.809043489498546,16.241161547303633
2021-03-27 02:00:00,17.66459130935088,15.761475933601009
2021-03-27 02:30:00,17.36106758673002,14.913401137491245
2021-03-27 03:00:00,17.410321025739357,15.557826303285841
2021-03-27 03:30:00,17.51547979242152,16.29726438269081
2021-03-27 04:00:00,17.690032046491616,15.212748783808767
2021-03-27 04:30:00,17.734086059595583,16.201290820613647
2021-03-27 05:00:00,17.311992636575628,15.816755509347455
2021-03-27 05:30:00,17.469651189851085,16.324588177809698
2021-03-27 06:00:00,17.60470233327104,16.183206757198853
2021-03-27 06:30:00,17.650058940979825,16.460165008273055
2021-03-27 07:00:00,17.734360168003434,17.089018320241422
2021-03-27 07:30:00,17.871424095753582,16.64376280101479
2021-03-27 08:00:00,17.92042244385933,18.802725635448535
2021-03-27 08:30:00,17.912312937641513,18.38304986478086
2021-03-27 09:00:00,18.12656663285182,19.57574278979719
2021-03-27 09:30:00,18.099692374638554,20.050626859115276
2021-03-27 10:00:00,18.31726974126543,19.778642632320935
2021-03-27 10:30:00,18.198444019528154,20.24239314575149
2021-03-27 11:00:00,18.327893937658462,21.106873070270293
2021-03-27 11:30:00,18.296187657157684,21.42726625619257
2021-03-27 12:00:00,18.701142707582033,22.414069425057086
2021-03-27 12:30:00,18.63697103485469,23.02675980775679
2021-03-27 13:00:00,18.969457304830474,22.87415524023834
2021-03-27 13:30:00,18.732876919060875,22.932827798708146
2021-03-27 14:00:00,18.78367424617102,23.126237753950317
2021-03-27 14:30:00,18.998659300352006,23.914969862265195
2021-03-27 15:00:00,19.056228872002585,24.1485857451871
2021-03-27 15:30:00,18.890255604922032,23.063667058358547
2021-03-27 16:00:00,19.04688334514771,23.775187336110296
2021-03-27 16:30:00,18.847101719235056,23.473766831368795
2021-03-27 17:00:00,18.96253020016527,23.19173462337985
2021-03-27 17:30:00,19.254320898704957,23.101840050306944
2021-03-27 18:00:00,19.075636027419897,23.424881097459135
2021-03-27 18:30:00,18.766868838065275,22.257646927692726
2021-03-27 19:00:00,18.785076051128144,22.165548408376537
2021-03-27 19:30:00,18.943724091787427,21.79882962893165
2021-03-27 20:00:00,18.727478212243273,21.01518900755838
2021-03-27 20:30:00,18.457430875074284,20.448834145728185
2021-03-27 21:00:00,18.61031660122958,20.397582640338324
2021-03-27 21:30:00,18.41197014499163,19.533784253838604
2021-03-27 22:00:00,18.260242332179445,17.718913914283952
2021-03-27 22:30:00,18.149705849691042,17.34357097048476
2021-03-27 23:00:00,18.07472903513616,17.79017709036052
2021-03-27 23:30:00,17.995749700130236,16.667674978000647
2021-03-28 00:00:00,18.042816208287363,16.53625103739737
2021-03-28 00:30:00,17.951821093408512,15.49762428680137
2021-03-28 01:00:00,17.88274685752477,15.748987554867227
2021-03-28 01:30:00,18.006548729131627,14.826664394343542
2021-03-28 02:00:00,17.731100428883817,14.963539671834162
2021-03-28 02:30:00,17.747286283630967,14.69951688429331
2021-03-28 03:00:00,17.672015848620127,14.548911226800376
2021-03-28 03:30:00,17.683519241262186,15.61587225720588
2021-03-28 04:00:00,17.6258434318363,15.202693340294203
2021-03-28 04:30:00,17.7316091279622,15.63380648266971
2021-03-28 05:00:00,17.64896214194018,14.961737678152323
2021-03-28 05:30:00,17.703766902836172,16.152608683093966
2021-03-28 06:00:00,17.792797417375986,17.196883126803513
2021-03-28 06:30:00,17.77163205108721,15.655224950416631
2021-03-28 07:00:00,18.04074070914649,17.1513424484657
2021-03-28 07:30:00,17.81136920113626,18.41786738840138
2021-03-28 08:00:00,17.99390695092293,19.01936500239225
2021-03-28 08:30:00,18.23429484670346,17.999732575342147
2021-03-28 09:00:00,18.12473022073652,18.190222161955177
2021-03-28 09:30:00,18.45809887608413,18.88526114356726
2021-03-28 10:00:00,18.36368551844454,19.9389433094314
2021-03-28 10:30:00,18.54514632450416,21.125393012039048
2021-03-28 11:00:00,18.703306403969577,20.852249110374824
2021-03-28 11:30:00,18.856968065590742,21.234612417235724
2021-03-28 12:00:00,18.644671954351974,21.286597821756487
2021-03-28 12:30:00,18.776257067217124,22.094004289564634
2021-03-28 13:00:00,18.82833310525152,22.13283152347305
2021-03-28 13:30:00,19.02724312802946,22.39049381055215
2021-03-28 14:00:00,19.26829871841796,22.917751888505034
2021-03-28 14:30:00,19.014547484510704,23.220115591843214
2021-03-28 15:00:00,19.139800739016273,23.047399674832103
2021-03-28 15:30:00,19.19577679994467,24.223050133362857
2021-03-28 16:00:00,19.254802413386297,23.288303331447345
2021-03-28 16:30:00,19.273717986341936,23.522467643726962
2021-03-28 17:00:00,19.34643536675205,22.73568994373831
2021-03-28 17:30:00,19.249858615015707,22.077710362993976
2021-03-28 18:00:00,19.050672523325176,22.180060748976985
2021-03-28 18:30:00,18.966375283100835,21.10839262775083
2021-03-28 19:00:00,19.013738652138294,21.54349928687369
2021-03-28 19:30:00,18.926180295330056,21.059587958205743
2021-03-28 20:00:00,18.609293964808444,19.527406633413207
2021-03-28 20:30:00,18.634011962745,19.805691697066447
2021-03-28 21:00:00,18.529632463425838,19.72109120239859
2021-03-28 21:30:00,18.544450466046,18.540295178642427
2021-03-28 22:00:00,18.588336723521707,19.343914712170697
2021-03-28 22:30:00,18.540304886336134,18.09933996714805
2021-03-28 23:00:00,18.28259225975326,18.37074197211128
2021-03-28 23:30:00,18.176696661563994,17.98701144132608
2021-03-29 00:00:00,17.712462631474192,16.693552777689497
2021-03-29 00:30:00,17.49786775882803,17.10586682340348
2021-03-29 01:00:00,17.448105770327736,16.940535013837504
2021-03-29 01:30:00,17.289548745980966,16.555056207768523
2021-03-29 02:00:00,17.253752550673653,15.956107782189319
2021-03-29 02:30:00,17.28156046247067,16.481980944950152
2021-03-29 03:00:00,17.343890849602175,15.938257257347347
2021-03-29 03:30:00,17.073021427536272,15.487167663570215
2021-03-29 04:00:00,17.23040791539169,15.128066116411205
2021-03-29 04:30:00,17.26127719936852,14.109505171445695
2021-03-29 05:00:00,17.274724369199465,16.11433317025332
2021-03-29 05:30:00,17.233740638055952,14.734102680056377
2021-03-29 06:00:00,17.328402756628858,15.997437795459417
2021-03-29 06:30:00,17.527268771168426,17.42903574172629
2021-03-29 07:00:00,17.63890803062823,17.855955080634754
2021-03-29 07:30:00,17.45974893671603,17.139825389599988
2021-03-29 08:00:00,17.64399282579176,17.808827195898942
2021-03-29 08:30:00,17.723951798913586,19.593487632556347
2021-03-29 09:00:00,17.692460184872147,19.899669282374475
2021-03-29 09:30:00,17.81050058991144,20.317325421092555
2021-03-29 10:00:00,18.11449327515136,21.701485666124995
2021-03-29 10:30:00,18.14688239863553,21.269730438874902
2021-03-29 11:00:00,18.19225198446875,21.42339314528072
2021-03-29 11:30:00,18.280592095209233,22.799851288531876
2021-03-29 12:00:00,18.46496580379205,23.88792945898721
2021-03-29 12:30:00,18.27660777964787,23.051948113783194
2021-03-29 13:00:00,18.69637039893564,23.33244448783668
2021-03-29 13:30:00,18.62396826410784,23.60227208225043
2021-03-29 14:00:00,18.623534391676454,24.767873784319306
2021-03-29 14:30:00,18.78254352128919,24.371098075335446
2021-03-29 15:00:00,18.601416644808932,24.425097893739622
2021-03-29 15:30:00,18.707398713555765,25.181376505530263
2021-03-29 16:00:00,18.5357888900194,24.51819598879365
2021-03-29 16:30:00,18.731364622097722,25.52710428762874
2021-03-29 17:00:00,18.79040645178975,24.15842633032767
2021-03-29 17:30:00,18.905818863379327,24.670223945292786
2021-03-29 18:00:00,18.771350003844475,23.634816637008647
2021-03-29 18:30:00,18.5064562301334,24.35944365174286
2021-03-29 19:00:00,18.504592892100973,23.64809118243692
2021-03-29 19:30:00,18.486526745033927,22.101121000768526
2021-03-29 20:00:00,18.332246169196136,21.76216734351486
2021-03-29 20:30:00,18.166405740095737,20.566019350648965
2021-03-29 21:00:00,18.3697693740439,20.966374869392638
2021-03-29 21:30:00,17.957096631088444,18.8910390162921
2021-03-29 22:00:00,18.256720377346774,19.281501796284463
2021-03-29 22:30:00,18.03151628880526,18.660295241054296
2021-03-29 23:00:00,17.812305262854228,18.241775657351827
2021-03-29 23:30:00,17.83033912721636,17.407983182368746
2021-03-30 00:00:00,17.80782265519071,17.105053642720332
2021-03-30 00:30:00,17.847951948211936,16.429918453314723
2021-03-30 01:00:00,17.670303539754297,15.848664439709713
2021-03-30 01:30:00,17.536529333593254,16.128832367034825
2021-03-30 02:00:00,17.60331224396361,16.1440972208003
2021-03-30 02:30:00,17.57102417663783,15.52994513249137
2021-03-30 03:00:00,17.59058055241259,15.251590107287374
2021-03-30 03:30:00,17.51398604084256,13.69391875827309
2021-03-30 04:00:00,17.363829875658443,15.056131342832213
2021-03-30 04:30:00,17.469056647851865,15.40302782102838
2021-03-30 05:00:00,17.526980114421924,15.624666162152733
2021-03-30 05:30:00,17.491820501988126,16.624537771010893
2021-03-30 06:00:00,17.690327178891177,16.13450169500383
2021-03-30 06:30:00,17.71019017171265,15.933661579706735
2021-03-30 07:00:00,17.687537209495346,17.391016108238286
2021-03-30 07:30:00,17.571312063820123,17.59938214970146
2021-03-30 08:00:00,17.805662320929773,17.14219346947067
2021-03-30 08:30:00,17.916157538870053,17.66545549313375
2021-03-30 09:00:00,18.085804244766592,19.273520935805724
2021-03-30 09:30:00,18.175947978908496,19.117857999580878
2021-03-30 10:00:00,18.394390375019505,19.974008719468152
2021-03-30 10:30:00,18.310625076668938,19.748055294958398
2021-03-30 11:00:00,18.552797300827592,20.32338546842613
2021-03-30 11:30:00,18.474023465147386,21.009430912249545
2021-03-30 12:00:00,18.458713520378687,20.49429871924977
2021-03-30 12:30:00,18.70497383914082,21.91688566492609
2021-03-30 13:00:00,18.781781019312934,21.75597572451747
2021-03-30 13:30:00,18.995394987794576,22.372791783243834
2021-03-30 14:00:00,18.78088364061533,22.154293671832743
2021-03-30 14:30:00,19.029622751812685,21.843791738612428
2021-03-30 15:00:00,19.202570858008418,23.233606824583305
2021-03-30 15:30:00,19.03639391976099,23.273523796402333
2021-03-30 16:00:00,19.066089184578694,23.67676363662598
2021-03-30 16:30:00,19.06928243430542,23.049234881903175
2021-03-30 17:00:00,19.065721228519447,23.745325165406324
2021-03-30 17:30:00,18.971343326489524,23.68702247952149
2021-03-30 18:00:00,18.88004234476491,22.715671689012446
2021-03-30 18:30:00,18.928609613184815,21.343102983364545
2021-03-30 19:00:00,18.792924240012496,21.0103387097223
2021-03-30 19:30:00,18.729002962008824,21.059874584447186
2021-03-30 20:00:00,18.70473549078963,21.556806594619964
2021-03-30 20:30:00,18.4485095731448,20.616807347024213
2021-03-30 21:00:00,18.520775401696945,20.565079134764595
2021-03-30 21:30:00,18.2833832281625,20.59051904594024
2021-03-30 22:00:00,18.301613495987382,19.390507385061227
2021-03-30 22:30:00,18.176547730534867,18.115709543137275
2021-03-30 23:00:00,18.15383701831727,17.707569889570387
2021-03-30 23:30:00,18.108872935064372,16.373026304270567
2021-03-31 00:00:00,17.63405386909171,17.24506744693682
2021-03-31 00:30:00,17.63486668148479,16.137797912396483
2021-03-31 01:00:00,17.654566898745472,16.086830442155623
2021-03-31 01:30:00,17.403057261511716,14.86008957235547
2021-03-31 02:00:00,17.42083577633417,14.039066660681097
2021-03-31 02:30:00,17.30567737672609,14.700749517168225
2021-03-31 03:00:00,17.38670184928578,14.96096329955645
2021-03-31 03:30:00,17.342833177705796,13.607319772099043
2021-03-31 04:00:00,17.10859905877631,14.86472856984323
2021-03-31 04:30:00,17.15109160306649,15.222906016694141
2021-03-31 05:00:00,17.433196127281825,14.844500360418245
2021-03-31 05:30:00,17.426690839548712,15.522470968410385
2021-03-31 06:00:00,17.386802462271934,16.54853622327354
2021-03-31 06:30:00,17.44587129128222,15.83149827395139
2021-03-31 07:00:00,17.685157897001883,16.307447881229034
2021-03-31 07:30:00,17.632796753919997,16.34819552270941
2021-03-31 08:00:00,17.730805137597212,17.56594204843234
2021-03-31 08:30:00,17.587281398142597,18.291159561680953
2021-03-31 09:00:00,17.888296195472083,19.115498986459365
2021-03-31 09:30:00,17.965064590880257,19.403981651313636
2021-03-31 10:00:00,18.091207152227298,19.668095061076745
2021-03-31 10:30:00,18.156859146329456,19.196687042935704
2021-03-31 11:00:00,18.224163545038735,20.687190464632636
2021-03-31 11:30:00,18.178856666095164,21.392724520442044
2021-03-31 12:00:00,18.350466824106203,22.184179938707082
2021-03-31 12:30:00,18.559902167842655,22.388190389520002
2021-03-31 13:00:00,18.44667325507129,21.833994136844353
2021-03-31 13:30:00,18.634008579420378,22.060601785169663
2021-03-31 14:00:00,18.989111276279758,22.531015414266868
2021-03-31 14:30:00,18.589127661905714,22.0453916313491
2021-03-31 15:00:00,18.70871090124013,22.784467089338715
2021-03-31 15:30:00,18.767033744304676,23.011631994463567
2021-03-31 16:00:00,18.714285729405308,22.32120371239765
2021-03-31 16:30:00,18.738082715304465,21.669482762906583
2021-03-31 17:00:00,18.742259683238586,21.955645757779838
2021-03-31 17:30:00,18.90038389079739,21.920061610367128
2021-03-31 18:00:00,18.645435524108738,20.575370678530938
2021-03-31 18:30:00,18.601421760721177,21.244821642999753
2021-03-31 19:00:00,18.536474639746693,21.497282405774616
2021-03-31 19:30:00,18.479478686193563,21.164434552410807
2021-03-31 20:00:00,18.542435822587784,19.40823526078132
2021-03-31 20:30:00,18.22445429054458,19.01883680430312
2021-03-31 21:00:00,18.236324377535066,18.82632847372964
2021-03-31 21:30:00,17.99917446133597,18.12426435211921
2021-03-31 22:00:00,18.085578814299755,17.447630728137636
2021-03-31 22:30:00,17.962447535078176,16.544098161294144
2021-03-31 23:00:00,18.022106233423845,16.350242518957288
2021-03-31 23:30:00,17.57056137100045,15.167017653064605
2021-04-01 00:00:00,18.04287288082282,14.258587574695065
2021-04-01 00:30:00,18.028736518887015,14.278469133114772
2021-04-01 01:00:00,17.82325549917253,13.607334596578225
2021-04-01 01:30:00,17.869789508435353,14.197573061917488
2021-04-01 02:00:00,17.909783213956967,13.290682459325573
2021-04-01 02:30:00,17.681894861361975,12.494082143638169
2021-04-01 03:00:00,17.724124376694938,12.842034713039101
2021-04-01 03:30:00,17.780516441977166,12.21272987160674
2021-04-01 04:00:00,17.479558428002274,12.795886738268466
2021-04-01 04:30:00,17.770222324865593,13.413848820171047
2021-04-01 05:00:00,17.630396701669625,13.940956333584905
2021-04-01 05:30:00,17.716130881074697,12.516285485285954
2021-04-01 06:00:00,17.613949351167495,12.671149219891078
2021-04-01 06:30:00,17.75459386395866,13.76103483490727
2021-04-01 07:00:00,17.824577833671743,14.168683535052008
2021-04-01 07:30:00,18.107076837988,15.436846155864274
2021-04-01 08:00:00,18.049876332127866,16.336762601641656
2021-04-01 08:30:00,17.987849005827915,16.20661534699471
2021-04-01 09:00:00,18.12289039350667,16.880275225076105
2021-04-01 09:30:00,18.29353696561402,18.03640242555268
2021-04-01 10:00:00,18.43736825378637,17.60754417850601
2021-04-01 10:30:00,18.520040819893,18.389626468491564
2021-04-01 11:00:00,18.551785239539228,18.8630035643405
2021-04-01 11:30:00,18.61144730055857,20.570600762802655
2021-04-01 12:00:00,18.780865377422586,21.06239359104199
2021-04-01 12:30:00,18.952061726272227,21.506828301876574
2021-04-01 13:00:00,18.812453457338403,22.14979658608289
2021-04-01 13:30:00,19.005628903069532,21.6460974552152
2021-04-01 14:00:00,18.93087069353732,21.903444987190667
2021-04-01 14:30:00,19.04051396880549,22.82402164282718
2021-04-01 15:00:00,19.211597147560628,20.548262177525938
2021-04-01 15:30:00,19.120792862518066,21.7489169456454
2021-04-01 16:00:00,19.100447181951623,22.351477597536707
2021-04-01 16:30:00,19.26283141492546,21.823730390647373
2021-04-01 17:00:00,19.17903843540886,21.957816390631294
2021-04-01 17:30:00,18.962569644469696,22.40261743105183
2021-04-01 18:00:00,19.038879467146213,21.83102690543816
2021-04-01 18:30:00,18.995818459794396,20.861777374906136
2021-04-01 19:00:00,18.925100062910285,20.477534454248467
2021-04-01 19:30:00,19.038218956711127,20.292638487761735
2021-04-01 20:00:00,18.770456128897408,20.156464847816046
2021-04-01 20:30:00,18.79885443626653,19.10957577611743
2021-04-01 21:00:00,18.420170138864865,18.345296320376587
2021-04-01 21:30:00,18.441872479328993,17.11831793670418
2021-04-01 22:00:00,18.327607556549125,17.563194725495357
2021-04-01 22:30:00,18.517168581725027,16.888352711065583
2021-04-01 23:00:00,17.97229359638835,16.89996411514545
2021-04-01 23:30:00,18.12738189934461,15.610425291385159
2021-04-02 00:00:00,17.834821689837828,16.062598226439192
2021-04-02 00:30:00,17.832078125732348,14.29913263582003
2021-04-02 01:00:00,17.59910574686189,14.867460973789285
2021-04-02 01:30:00,17.57904351474421,14.033153952694757
2021-04-02 02:00:00,17.443639606373647,13.446745044086388
2021-04-02 02:30:00,17.486147986854572,14.306112273775696
2021-04-02 03:00:00,17.58096402285404,13.739337702391039
2021-04-02 03:30:00,17.47731062817932,13.732084663516769
2021-04-02 04:00:00,17.521012416455655,13.954030494766295
2021-04-02 04:30:00,17.448764897726207,13.966778860353202
2021-04-02 05:00:00,17.37713356644786,13.88990604650329
2021-04-02 05:30:00,17.643606257413506,13.916721041391977
2021-04-02 06:00:00,17.67285076262219,13.913046886393587
2021-04-02 06:30:00,17.592346816818527,15.428915921754143
2021-04-02 07:00:00,17.75202803456193,15.005438678182024
2021-04-02 07:30:00,17.860099879115438,15.033202910784462
2021-04-02 08:00:00,18.009943892095254,16.015732898428112
2021-04-02 08:30:00,18.004506537000996,15.308765826504114
2021-04-02 09:00:00,18.009049343790515,16.57609817032185
2021-04-02 09:30:00,18.127548526756243,17.792304264039753
2021-04-02 10:00:00,18.168345060438394,18.53725421647374
2021-04-02 10:30:00,18.324385162478272,18.455571731575
2021-04-02 11:00:00,18.381953491906813,18.92834929444071
2021-04-02 11:30:00,18.427293414900443,21.513133018004986
2021-04-02 12:00:00,18.623617465313615,21.15502281390278
2021-04-02 12:30:00,18.69160977495474,21.43104936059902
2021-04-02 13:00:00,18.880580765318104,22.113817652040204
2021-04-02 13:30:00,19.059034861211245,22.257890958028927
2021-04-02 14:00:00,19.012936540700185,22.314392244397137
2021-04-02 14:30:00,19.02889410754307,22.68273374734875
2021-04-02 15:00:00,19.105089484127003,22.45586878847716
2021-04-02 15:30:00,19.0919892995106,22.197756508213768
2021-04-02 16:00:00,19.233489477402905,23.393278981106807
2021-04-02 16:30:00,19.19353673286581,23.182480782831902
2021-04-02 17:00:00,18.89350816415435,23.139729385077302
2021-04-02 17:30:00,19.032886740083164,22.229260346130385
2021-04-02 18:00:00,19.12265607674586,23.03322645616702
2021-04-02 18:30:00,18.722513772847407,22.555409554883617
2021-04-02 19:00:00,18.93811954022665,22.11405423468196
2021-04-02 19:30:00,18.48138779010336,21.947358283150646
2021-04-02 20:00:00,18.53849882848392,20.20378691538358
2021-04-02 20:30:00,18.31738666797656,20.266747951125154
2021-04-02 21:00:00,18.58242174184009,19.30709860240099
2021-04-02 21:30:00,18.350937506106373,19.37472195981504
2021-04-02 22:00:00,18.46656012195724,19.00863555049594
2021-04-02 22:30:00,18.23306261172787,17.636864593216924
2021-04-02 23:00:00,17.899977193524382,17.311231892137766
2021-04-02 23:30:00,18.10095323141107,17.08498683195926
2021-04-03 00:00:00,17.833433747355297,17.08897009197582
2021-04-03 00:30:00,17.503566170546623,15.547213364241802
2021-04-03 01:00:00,17.531528514629922,15.090910388293066
2021-04-03 01:30:00,17.475229671104483,14.722100032463823
2021-04-03 02:00:00,17.682988381517745,14.63257575645139
2021-04-03 02:30:00,17.327590307484943,14.038123996083439
2021-04-03 03:00:00,17.289362277750847,14.175323631285522
2021-04-03 03:30:00,17.442083423371592,14.297488930415751
2021-04-03 04:00:00,17.40916934347788,14.358763038474239
2021-04-03 04:30:00,17.26030020039553,14.470298716637126
2021-04-03 05:00:00,17.37220824374858,14.921756643301986
2021-04-03 05:30:00,17.336011222905576,15.338037207786199
2021-04-03 06:00:00,17.470378128019945,15.56049869632453
2021-04-03 06:30:00,17.535153613052962,15.236730353199418
2021-04-03 07:00:00,17.715611703969056,15.696065763821101
2021-04-03 07:30:00,17.605706933313968,16.48623485133405
2021-04-03 08:00:00,17.573631605131936,16.357053959688027
2021-04-03 08:30:00,17.673787058822253,16.874649809256294
2021-04-03 09:00:00,17.826460682545218,17.638397264751216
2021-04-03 09:30:00,18.017522575914697,17.798620482570556
2021-04-03 10:00:00,17.92457017658182,19.716674892538375
2021-04-03 10:30:00,18.002678881021783,19.008902344661255
2021-04-03 11:00:00,18.27834475906747,19.53610001490659
2021-04-03 11:30:00,18.54758655457872,19.87547691667198
2021-04-03 12:00:00,18.494912867615135,21.022390461530296
2021-04-03 12:30:00,18.508286171741073,20.170997178143995
2021-04-03 13:00:00,18.88323134413309,21.838377556764982
2021-04-03 13:30:00,18.89025729261644,20.634149818659985
2021-04-03 14:00:00,18.82799221340424,22.269692332237
2021-04-03 14:30:00,18.818362212957016,23.185161855431147
2021-04-03 15:00:00,18.914287512670516,22.419793711938162
2021-04-03 15:30:00,18.913913128125476,23.647375076178193
2021-04-03 16:00:00,18.965949656521293,22.70780566470614
2021-04-03 16:30:00,19.017587718710224,22.285785599679315
2021-04-03 17:00:00,19.14886658218341,22.71762789069437
2021-04-03 17:30:00,18.90009747411241,22.17128235331094
2021-04-03 18:00:00,19.08780685094535,20.931502487808583
2021-04-03 18:30:00,19.004046859030588,21.9613016232293
2021-04-03 19:00:00,18.653645435852013,21.014843398576637
2021-04-03 19:30:00,18.741530038636945,19.299821848552472
2021-04-03 20:00:00,18.678894481077283,19.501253549923355
2021-04-03 20:30:00,18.37095790170952,18.412743893886553
2021-04-03 21:00:00,18.310449392960294,17.992888527920222
2021-04-03 21:30:00,18.104174836011783,18.713802631763656
2021-04-03 22:00:00,18.286035750558387,17.267038468710627
2021-04-03 22:30:00,18.08370740201098,17.732735875679424
2021-04-03 23:00:00,18.005140072540215,17.414774110367798
2021-04-03 23:30:00,18.025842103832744,15.377736749654975
2021-04-04 00:00:00,17.974272076955852,15.75048197946294
2021-04-04 00:30:00,17.969893001580147,14.605031853705004
2021-04-04 01:00:00,17.902983552546157,13.993118334847255
2021-04-04 01:30:00,17.712104168504478,13.918567994478163
2021-04-04 02:00:00,17.729629679386505,12.867493675370847
2021-04-04 02:30:00,17.68279022061757,13.660251455993025
2021-04-04 03:00:00,17.60372057523397,11.959932237617727
2021-04-04 03:30:00,17.58989149492408,13.106764941375637
2021-04-04 04:00:00,17.656778988093333,12.457836749759897
2021-04-04 04:30:00,17.568346443719896,12.777910656573757
2021-04-04 05:00:00,17.5481668169542,13.174909315563527
2021-04-04 05:30:00,17.813856193715804,13.929487963881947
2021-04-04 06:00:00,17.760865922388874,13.535373855223298
2021-04-04 06:30:00,17.564082594035817,13.304175864599907
2021-04-04 07:00:00,18.095660271626702,14.555679025678316
2021-04-04 07:30:00,17.94746170338716,15.443375662929643
2021-04-04 08:00:00,17.92827622312659,15.031738592091862
2021-04-04 08:30:00,18.008619936420235,15.702870341486209
2021-04-04 09:00:00,18.169334058204917,16.193628075573052
2021-04-04 09:30:00,18.391645727911822,18.000471023393697
2021-04-04 10:00:00,18.272895019482178,17.871878330441984
2021-04-04 10:30:00,18.398087193920198,19.18917718911449
2021-04-04 11:00:00,18.802419853489308,19.816953397370046
2021-04-04 11:30:00,18.55411696874973,20.214703636372384
2021-04-04 12:00:00,18.85309728100019,20.551821220058788
2021-04-04 12:30:00,18.91884780168815,20.876151804581326
2021-04-04 13:00:00,19.052257903065243,21.90035943217451
2021-04-04 13:30:00,19.167957655919015,22.268427420953028
2021-04-04 14:00:00,19.123895713968345,22.542986122819435
2021-04-04 14:30:00,19.032281111153708,22.918138923452485
2021-04-04 15:00:00,18.897077876313176,22.8117917131726
2021-04-04 15:30:00,19.151295927385288,23.13997365633676
2021-04-04 16:00:00,19.015267466167003,23.815522154729013
2021-04-04 16:30:00,19.069044019961613,23.078967116502852
2021-04-04 17:00:00,19.15247678753983,22.912850977462547
2021-04-04 17:30:00,19.168727924658747,22.973538838126903
2021-04-04 18:00:00,18.958013650741652,22.4579224286164
2021-04-04 18:30:00,19.11354597102894,21.968550920789472
2021-04-04 19:00:00,18.89194007666298,21.01590055235525
2021-04-04 19:30:00,18.958826732429344,20.83724894306806
2021-04-04 20:00:00,18.722520363553198,21.34809197769575
2021-04-04 20:30:00,18.74502375275175,20.488614700419614
2021-04-04 21:00:00,18.65598222247984,19.3370097672706
2021-04-04 21:30:00,18.538956222877022,18.306771353511635
2021-04-04 22:00:00,18.42074152409065,18.34806732269944
2021-04-04 22:30:00,18.296702286398567,17.541265957768474
2021-04-04 23:00:00,18.418790649210425,17.218002925300024
2021-04-04 23:30:00,18.1706531167729,17.012533993453246
2021-04-05 00:00:00,17.84100039708836,15.923201987761082
2021-04-05 00:30:00,17.64498280614482,15.068623043241889
2021-04-05 01:00:00,17.452061447924738,15.860201993506752
2021-04-05 01:30:00,17.267694157440104,14.408968433610637
2021-04-05 02:00:00,17.395932497881528,14.119242245159198
2021-04-05 02:30:00,17.116903532476826,14.34832071739312
2021-04-05 03:00:00,17.30724155855409,16.435598734640703
2021-04-05 03:30:00,17.226983313758318,15.894609552374837
2021-04-05 04:00:00,17.23113851444614,15.599236612008731
2021-04-05 04:30:00,17.2386423468197,15.759216766696111
2021-04-05 05:00:00,17.461607871193426,15.796137094908287
2021-04-05 05:30:00,17.274431405229862,16.03427823014951
2021-04-05 06:00:00,17.272239892851754,16.25960603689923
2021-04-05 06:30:00,17.42734559480936,16.352181106506666
2021-04-05 07:00:00,17.58878583587886,16.783434148529178
2021-04-05 07:30:00,17.549451342657427,17.801872605574218
2021-04-05 08:00:00,17.602469641436514,17.380597471771495
2021-04-05 08:30:00,17.778812563854522,17.829560900327927
2021-04-05 09:00:00,17.860972452686717,18.838741609651418
2021-04-05 09:30:00,17.903041187024094,18.769835507669463
2021-04-05 10:00:00,18.144685802045927,19.731336801823964
2021-04-05 10:30:00,18.178401482836147,20.503719654068064
2021-04-05 11:00:00,18.156514283321165,20.971985664321895
2021-04-05 11:30:00,18.163675559228878,22.20528307514181
2021-04-05 12:00:00,18.363587362528726,22.212764741269186
2021-04-05 12:30:00,18.350918270885053,22.496525175377286
2021-04-05 13:00:00,18.5802448768003,22.2025363427755
2021-04-05 13:30:00,18.617266069493464,22.8568692833649
2021-04-05 14:00:00,18.636758492089317,23.164317669847467
2021-04-05 14:30:00,18.627728281753043,21.99382320105664
2021-04-05 15:00:00,18.440551925584607,23.81906065555894
2021-04-05 15:30:00,18.78485771114484,23.20179818091272
2021-04-05 16:00:00,18.76476086880684,23.330900047616826
2021-04-05 16:30:00,18.579223323461346,22.926894973500257
2021-04-05 17:00:00,18.634983504636665,23.459927892405297
2021-04-05 17:30:00,18.695007076067228,22.395322050949062
2021-04-05 18:00:00,18.678323131274503,22.18159780904681
2021-04-05 18:30:00,18.40078978556855,22.400588729685868
2021-04-05 19:00:00,18.629991452805264,21.67091519637418
2021-04-05 19:30:00,18.561427810998673,21.760038259205405
2021-04-05 20:00:00,18.54500962846775,21.932365386580393
2021-04-05 20:30:00,18.293530321770632,22.077425055933475
2021-04-05 21:00:00,18.351379425482058,20.75380444152555
2021-04-05 21:30:00,18.13003867752775,19.641467874285947
2021-04-05 22:00:00,17.85996007873585,19.289914648316778
2021-04-05 22:30:00,17.921104986883588,19.136620345410044
2021-04-05 23:00:00,17.719623676767327,17.89963568054512
2021-04-05 23:30:00,17.802195472202637,17.395887003903177
2021-04-06 00:00:00,18.02327689231412,17.2147023212093
2021-04-06 00:30:00,17.740865544260284,15.863461897766049
2021-04-06 01:00:00,17.892623453750904,15.982602018620053
2021-04-06 01:30:00,17.57392353828227,16.077633735189305
2021-04-06 02:00:00,17.681884615589667,15.213736534880178
2021-04-06 02:30:00,17.517266535263413,15.31381697956135
2021-04-06 03:00:00,17.510083857090805,15.897866474737123
2021-04-06 03:30:00,17.74093426060806,15.049765255307571
2021-04-06 04:00:00,17.564058318209028,15.449562476503543
2021-04-06 04:30:00,17.483973986370113,15.897201648714958
2021-04-06 05:00:00,17.667323800943393,15.75443358220434
2021-04-06 05:30:00,17.512610178804636,16.565387694090674
2021-04-06 06:00:00,17.543080423435658,16.49674887772462
2021-04-06 06:30:00,17.566297630056884,16.296609713399345
2021-04-06 07:00:00,17.88011101005316,17.044377489762635
2021-04-06 07:30:00,17.738537667171755,16.86768094203089
2021-04-06 08:00:00,18.0185094740218,17.314737523214244
2021-04-06 08:30:00,17.912868758475618,17.721642201402542
2021-04-06 09:00:00,18.080945033494498,18.244277362890468
2021-04-06 09:30:00,18.30811232834198,18.718661781883164
2021-04-06 10:00:00,18.338576879729512,19.690484564351536
2021-04-06 10:30:00,18.464250769247833,19.959843520478138
2021-04-06 11:00:00,18.622195514540284,19.09349777183313
2021-04-06 11:30:00,18.47541923357816,20.088356380450694
2021-04-06 12:00:00,18.50769272794298,21.45607702193776
2021-04-06 12:30:00,18.795068680332907,21.38982362610603
2021-04-06 13:00:00,18.800655873454737,22.09076788895628
2021-04-06 13:30:00,18.681576722525435,23.88583894479486
2021-04-06 14:00:00,18.990095543152933,23.35361555747989
2021-04-06 14:30:00,18.871472824843654,22.403001264927475
2021-04-06 15:00:00,19.085474560523284,22.686999584427923
2021-04-06 15:30:00,18.968558863150342,22.80547250083147
2021-04-06 16:00:00,19.248706896589994,23.421461227308694
2021-04-06 16:30:00,18.945559979262192,23.58298157266413
2021-04-06 17:00:00,18.82391705558515,23.472486618632097
2021-04-06 17:30:00,19.011762311649633,22.938279245153048
2021-04-06 18:00:00,19.01454195957284,21.978230796170116
2021-04-06 18:30:00,19.053285458304817,22.573683638873952
2021-04-06 19:00:00,18.8523907747057,21.491996069187607
2021-04-06 19:30:00,18.83515427360279,19.95466243011693
2021-04-06 20:00:00,18.73643867274394,21.08176999025842
2021-04-06 20:30:00,18.468918601693037,20.296165685950687
2021-04-06 21:00:00,18.568670165481468,18.238497108121884
2021-04-06 21:30:00,18.452005434716572,18.860531097872936
2021-04-06 22:00:00,18.341067662098258,17.00071459848035
2021-04-06 22:30:00,18.18652100937094,17.66613336570537
2021-04-06 23:00:00,18.223078929877552,16.9006145394491
2021-04-06 23:30:00,17.930879328050437,16.314938232159804
2021-04-07 00:00:00,17.391252320134186,15.838604526074455
2021-04-07 00:30:00,17.27791059272026,16.0176454465888
2021-04-07 01:00:00,17.29094315398342,15.903819884309483
2021-04-07 01:30:00,17.135295491650748,14.418516792809392
2021-04-07 02:00:00,17.05868655351182,14.78573963661401
2021-04-07 02:30:00,16.918525390334324,14.684167051583811
2021-04-07 03:00:00,16.97956623046599,15.293504614866158
2021-04-07 03:30:00,16.87490716125015,14.530916634189422
2021-04-07 04:00:00,16.776149957662913,15.535000238825724
2021-04-07 04:30:00,17.00222653054748,15.024170242423406
2021-04-07 05:00:00,17.040303712044413,15.183839015825479
2021-04-07 05:30:00,16.89514632707513,15.53565777817887
2021-04-07 06:00:00,16.969734813872908,14.841214319040581
2021-04-07 06:30:00,17.056635123033015,15.350348499134126
2021-04-07 07:00:00,17.026941589761577,16.679432263428122
2021-04-07 07:30:00,17.131261993675487,16.180309171289448
2021-04-07 08:00:00,17.35752449131438,18.024387860806918
2021-04-07 08:30:00,17.490876694540088,18.578546414028988
2021-04-07 09:00:00,17.427581538729346,18.25871594068661
2021-04-07 09:30:00,17.726212018472605,18.017594452461275
2021-04-07 10:00:00,17.686841232441637,17.812471962944134
2021-04-07 10:30:00,17.79800555862767,19.34971679436878
2021-04-07 11:00:00,17.77589426949504,18.670234870863023
2021-04-07 11:30:00,17.877812163218046,19.356211056058424
2021-04-07 12:00:00,17.900803488185865,21.170477050198116
2021-04-07 12:30:00,18.140112657467892,21.238966334904834
2021-04-07 13:00:00,18.259646501733958,22.743544341751853
2021-04-07 13:30:00,18.26707107868782,21.793864511534835
2021-04-07 14:00:00,18.321948669272675,21.79399333781124
2021-04-07 14:30:00,18.149596854811637,21.919564455740908
2021-04-07 15:00:00,18.39855154114748,22.631650646059708
2021-04-07 15:30:00,18.493771152647163,22.631257196984016
2021-04-07 16:00:00,18.628740784874267,23.049906361556516
2021-04-07 16:30:00,18.420107809275486,23.44629860952043
2021-04-07 17:00:00,18.401541196485294,22.050738529311225
2021-04-07 17:30:00,18.358490678844053,21.1541543456863
2021-04-07 18:00:00,18.349039927362853,22.55767722612471
2021-04-07 18:30:00,18.21519414983599,20.426986838268622
2021-04-07 19:00:00,18.127908329167365,21.303132195621004
2021-04-07 19:30:00,18.124640275605973,21.93741834684154
2021-04-07 20:00:00,18.01974622269167,19.03000598335568
2021-04-07 20:30:00,18.0560643997538,18.917718075088334
2021-04-07 21:00:00,17.9318793892339,18.354911904288855
2021-04-07 21:30:00,17.692683784161364,18.357881622347506
2021-04-07 22:00:00,17.65486839771739,16.90754435571839
2021-04-07 22:30:00,17.561065413032598,16.30714202568124
2021-04-07 23:00:00,17.56879276582883,16.486089365477334
2021-04-07 23:30:00,17.382776261328623,16.263632926680135
2021-04-08 00:00:00,17.21227541091195,14.323411767097571
2021-04-08 00:30:00,17.0765004439847,15.181139324788816
2021-04-08 01:00:00,16.812128755174587,14.79334873294704
2021-04-08 01:30:00,17.003731354966224,14.678753817687234
2021-04-08 02:00:00,17.050025587865527,15.24753403410684
2021-04-08 02:30:00,16.83191707095122,13.660514421678963
2021-04-08 03:00:00,16.873361439034834,14.12922403173518
2021-04-08 03:30:00,16.76587798461917,13.941604787343545
2021-04-08 04:00:00,16.593804362100848,14.1164180666052
2021-04-08 04:30:00,16.84551423616247,15.458482818715854
2021-04-08 05:00:00,16.82630986672677,14.97314932245759
2021-04-08 05:30:00,16.977475072075812,15.36409999411974
2021-04-08 06:00:00,16.697531813963273,15.704064611349176
2021-04-08 06:30:00,16.90690533082144,16.173910834160683
2021-04-08 07:00:00,17.150894699864995,16.05047033333066
2021-04-08 07:30:00,17.15645471271933,17.639964298778484
2021-04-08 08:00:00,17.069131142159886,17.486183027515942
2021-04-08 08:30:00,17.193204056689357,18.37550757624445
2021-04-08 09:00:00,17.317955626740307,18.161062127149645
2021-04-08 09:30:00,17.20929298600849,18.662458380146386
2021-04-08 10:00:00,17.48871099988368,19.607178711465256
2021-04-08 10:30:00,17.659291359657647,20.947009335692375
2021-04-08 11:00:00,17.89954988850332,21.011472352292635
2021-04-08 11:30:00,17.806735136923557,21.04683923565844
2021-04-08 12:00:00,18.077240496310207,23.737052045375197
2021-04-08 12:30:00,17.908032201559312,23.124785528306294
2021-04-08 13:00:00,17.966804338045893,22.746188346854016
2021-04-08 13:30:00,18.138629835023938,22.990376341475617
2021-04-08 14:00:00,18.11726459642219,24.939365248534305
2021-04-08 14:30:00,18.216181000396052,24.070986027998615
2021-04-08 15:00:00,18.10128503713483,24.52524314812187
2021-04-08 15:30:00,18.29264331967037,24.594631058692023
2021-04-08 16:00:00,18.101366810130735,23.954192021184053
2021-04-08 16:30:00,18.23737914640951,23.564272246738895
2021-04-08 17:00:00,18.360860966619768,23.317669200266312
2021-04-08 17:30:00,18.10731540848891,23.872456224363813
2021-04-08 18:00:00,18.286858855410344,23.396217692726317
2021-04-08 18:30:00,18.05984172347258,22.311609986195116
2021-04-08 19:00:00,18.10338825787366,22.32966342014921
2021-04-08 19:30:00,18.102052093647202,20.872762653414267
2021-04-08 20:00:00,18.016411679974404,21.86925270450506
2021-04-08 20:30:00,17.86925054370436,21.891558857142968
2021-04-08 21:00:00,17.87953109777372,20.596865974442505
2021-04-08 21:30:00,17.558467630272496,20.221981918760285
2021-04-08 22:00:00,17.48355095834352,19.836209737522353
2021-04-08 22:30:00,17.30523244722512,18.59502318908188
2021-04-08 23:00:00,17.412133968871807,17.5662515805338
2021-04-08 23:30:00,17.219690592650757,17.695949953383067
2021-04-09 00:00:00,17.15656290787961,15.96961176620457
2021-04-09 00:30:00,17.351178596330886,15.811403441794493
2021-04-09 01:00:00,16.988745311501166,15.100951242049847
2021-04-09 01:30:00,17.039897116327744,15.289662225423594
2021-04-09 02:00:00,16.811715727820527,15.064561738723318
2021-04-09 02:30:00,16.861839222541004,15.650563478343397
2021-04-09 03:00:00,16.833348257829574,15.028755988163836
2021-04-09 03:30:00,16.93769240309571,15.230868361331757
2021-04-09 04:00:00,16.841336539839823,14.697901880689152
2021-04-09 04:30:00,16.797287304056606,16.137952316727635
2021-04-09 05:00:00,17.023911685327136,15.870253871140475
2021-04-09 05:30:00,16.949129292322677,15.405769495449942
2021-04-09 06:00:00,17.000718551324816,16.41647087002725
2021-04-09 06:30:00,16.94983553602129,15.84619081191792
2021-04-09 07:00:00,17.16254189713568,16.45830810864368
2021-04-09 07:30:00,17.181538967272086,16.81209618868301
2021-04-09 08:00:00,17.322417414403972,17.2761780468253
2021-04-09 08:30:00,17.526839003145092,17.918509367927573
2021-04-09 09:00:00,17.462197581674406,18.784929728681682
2021-04-09 09:30:00,17.656801861543503,19.237153485246736
2021-04-09 10:00:00,17.638945005456282,19.657680577817544
2021-04-09 10:30:00,17.7554356074508,19.683046226206166
2021-04-09 11:00:00,17.672327364565465,20.502910459438983
2021-04-09 11:30:00,18.01201447620136,20.371702331408223
2021-04-09 12:00:00,17.89448914817572,21.717074323909117
2021-04-09 12:30:00,18.04281183522494,21.373248307227783
2021-04-09 13:00:00,18.09229699832144,22.321804804626364
2021-04-09 13:30:00,18.2941164128365,22.6811725745683
2021-04-09 14:00:00,18.185383072037364,22.043070020770262
2021-04-09 14:30:00,18.376911816281464,22.5752002338026
2021-04-09 15:00:00,18.202056841116736,22.840084789380708
2021-04-09 15:30:00,18.149285550524382,23.54070733201164
2021-04-09 16:00:00,18.3018164003021,22.61689876921199
2021-04-09 16:30:00,18.48158609246472,22.143817393493258
2021-04-09 17:00:00,18.24884758681446,22.017200904656484
2021-04-09 17:30:00,18.469401786551636,21.4157805050961
2021-04-09 18:00:00,18.51543980026877,21.654786928587693
2021-04-09 18:30:00,18.23008629570302,21.299675339564388
2021-04-09 19:00:00,18.29234016902086,20.45754736695991
2021-04-09 19:30:00,18.10827602492343,19.3973627534038
2021-04-09 20:00:00,18.112373683805746,19.36626012583218
2021-04-09 20:30:00,17.95490200351458,18.788103979036322
2021-04-09 21:00:00,17.79547664386832,17.7719942478086
2021-04-09 21:30:00,17.6130338219063,17.937784092348057
2021-04-09 22:00:00,17.6266966759724,17.30611142561406
2021-04-09 22:30:00,17.466145443824264,16.566077207612537
2021-04-09 23:00:00,17.5843700218978,16.597819662147796
2021-04-09 23:30:00,17.25454245456826,15.053969026150831
2021-04-10 00:00:00,17.440318374585498,15.349148838034932
2021-04-10 00:30:00,17.422234559644828,14.423161659792543
2021-04-10 01:00:00,17.526294306150174,13.70571118103654
2021-04-10 01:30:00,17.08380856702115,13.001101680031526
2021-04-10 02:00:00,17.192791281069187,13.087422208720668
2021-04-10 02:30:00,17.114384522458778,12.571208852496149
2021-04-10 03:00:00,17.207827825171776,12.380526130700629
2021-04-10 03:30:00,17.053110521555833,13.084789752417745
2021-04-10 04:00:00,17.21454600335591,13.19832348552533
2021-04-10 04:30:00,17.00996152824788,12.483544521837096
2021-04-10 05:00:00,17.06302601157975,13.081017708037214
2021-04-10 05:30:00,17.27634135104025,12.732393384314456
2021-04-10 06:00:00,17.06804323748907,12.676688472548069
2021-04-10 06:30:00,17.379832325187614,13.750952922595328
2021-04-10 07:00:00,17.3044880853037,14.79149300028115
2021-04-10 07:30:00,17.452419114310633,15.157476185116153
2021-04-10 08:00:00,17.393113490866575,15.649810532423704
2021-04-10 08:30:00,17.66076745936259,15.307525736250662
2021-04-10 09:00:00,17.693407882141553,16.695091558305876
2021-04-10 09:30:00,17.752812667381217,18.03818315010817
2021-04-10 10:00:00,17.982135206980303,17.205013937082086
2021-04-10 10:30:00,17.88688010850452,18.342110633833475
2021-04-10 11:00:00,18.063074047923582,18.977702940598224
2021-04-10 11:30:00,18.13549307437286,19.300765362214044
2021-04-10 12:00:00,18.099206892609956,20.145886883277594
2021-04-10 12:30:00,18.52005066512756,20.434210004206207
2021-04-10 13:00:00,18.28312879355993,20.473398319183055
2021-04-10 13:30:00,18.384896023237378,20.744188333050438
2021-04-10 14:00:00,18.397478379147667,20.41835249155881
2021-04-10 14:30:00,18.307162984898717,20.5025069145912
2021-04-10 15:00:00,18.579920053550882,21.05467053346572
2021-04-10 15:30:00,18.4605695236776,20.285643465168864
2021-04-10 16:00:00,18.633937904933898,21.196679623803956
2021-04-10 16:30:00,18.542877039147115,19.3183886331009
2021-04-10 17:00:00,18.484008450003014,19.398170552570807
2021-04-10 17:30:00,18.49142233791674,20.17049743824255
2021-04-10 18:00:00,18.595816049015006,19.430437873098555
2021-04-10 18:30:00,18.370741782103963,19.048288662589872
2021-04-10 19:00:00,18.403526383823255,17.767342693811713
2021-04-10 19:30:00,18.150687383103158,18.084352883605266
2021-04-10 20:00:00,18.10301983701797,16.81006676729076
2021-04-10 20:30:00,18.08847025577938,16.87783725022734
2021-04-10 21:00:00,18.065436087755355,14.989324216884796
2021-04-10 21:30:00,18.008044234748812,15.735169795436834
2021-04-10 22:00:00,17.821119126615887,15.100317255388008
2021-04-10 22:30:00,17.781745210539015,12.940227220515963
2021-04-10 23:00:00,17.639079289723686,14.089265510640175
2021-04-10 23:30:00,17.427835755779743,13.08567417044
2021-04-11 00:00:00,16.96944254714899,11.65348455431762
2021-04-11 00:30:00,17.015598779591297,11.769060177257995
2021-04-11 01:00:00,17.110839942666477,11.591269235163852
2021-04-11 01:30:00,16.934468088663664,12.098858757032362
2021-04-11 02:00:00,16.91172819048845,11.865795993376253
2021-04-11 02:30:00,16.820740669757296,11.245326182374756
2021-04-11 03:00:00,16.977125097664025,11.81221971012489
2021-04-11 03:30:00,16.93003618289403,11.248938860964506
2021-04-11 04:00:00,16.85746598944684,12.0702232695639
2021-04-11 04:30:00,16.827439955186357,11.912653124322182
2021-04-11 05:00:00,16.790099172165004,12.87332051453595
2021-04-11 05:30:00,16.925408270081984,11.780865258670898
2021-04-11 06:00:00,17.018017778930904,13.453539719163956
2021-04-11 06:30:00,17.100578932766204,12.872360670668444
2021-04-11 07:00:00,16.92701339848807,13.724237865483419
2021-04-11 07:30:00,17.127564739006075,13.103249634728686
2021-04-11 08:00:00,17.16335114771776,14.078714060246654
2021-04-11 08:30:00,17.307370330468835,14.779433380000476
2021-04-11 09:00:00,17.20500757694251,14.385343438673338
2021-04-11 09:30:00,17.348280120749877,16.229268319611315
2021-04-11 10:00:00,17.37368135737927,16.401937663372923
2021-04-11 10:30:00,17.677028001220418,16.15877926841375
2021-04-11 11:00:00,17.759933073897074,17.789341989086108
2021-04-11 11:30:00,17.798596429933678,19.279126745720486
2021-04-11 12:00:00,17.77771793470637,19.003133677419523
2021-04-11 12:30:00,17.822456397827736,18.53001827719364
2021-04-11 13:00:00,18.11193353736942,19.01311002730582
2021-04-11 13:30:00,18.0640509307486,20.701542423134942
2021-04-11 14:00:00,18.433086362640957,19.234757752615455
2021-04-11 14:30:00,18.06645904569071,19.328556792370282
2021-04-11 15:00:00,18.06132959264667,20.57459568982251
2021-04-11 15:30:00,18.109252744150623,20.04059093157348
2021-04-11 16:00:00,18.18666450499946,20.614621013174315
2021-04-11 16:30:00,18.25174013236453,19.46947360350874
2021-04-11 17:00:00,18.484257666648748,19.86252002170072
2021-04-11 17:30:00,18.126504088163887,18.576232240559552
2021-04-11 18:00:00,18.11557131470191,18.58669453650703
2021-04-11 18:30:00,18.17372399321665,18.45737103788062
2021-04-11 19:00:00,17.88184971432321,17.87746903812956
2021-04-11 19:30:00,17.860709053049042,17.92611237756849
2021-04-11 20:00:00,17.90671547791045,16.022129439885873
2021-04-11 20:30:00,17.791364821247203,15.578892239183682
2021-04-11 21:00:00,17.686745879400906,16.211969520646555
2021-04-11 21:30:00,17.537229015443152,15.209575075350166
2021-04-11 22:00:00,17.635245252815693,15.449597483349333
2021-04-11 22:30:00,17.501147430705515,13.864376103855601
2021-04-11 23:00:00,17.369683037532624,12.814170927467762
2021-04-11 23:30:00,17.18148526993474,13.327575146968496
2021-04-12 00:00:00,16.96064863710707,12.69752562476846
2021-04-12 00:30:00,16.82040410827397,11.006463158841738
2021-04-12 01:00:00,16.743802352754038,11.147945663597943
2021-04-12 01:30:00,16.647567273783118,11.636078070704322
2021-04-12 02:00:00,16.64183806867769,11.52610137105752
2021-04-12 02:30:00,16.61228677496834,11.523941988300882
2021-04-12 03:00:00,16.594921742711215,10.53564492534559
2021-04-12 03:30:00,16.619505908211565,9.508910531917916
2021-04-12 04:00:00,16.383506569278264,10.859999397164094
2021-04-12 04:30:00,16.491651877251243,10.567402992112513
2021-04-12 05:00:00,16.466707307855156,10.762399582462358
2021-04-12 05:30:00,16.507093579697614,11.710229153540858
2021-04-12 06:00:00,16.6198276637415,11.758783374706844
2021-04-12 06:30:00,16.631389227707558,12.22787361863278
2021-04-12 07:00:00,16.894283030825445,12.513580248919668
2021-04-12 07:30:00,16.812976615725802,13.317701883851617
2021-04-12 08:00:00,16.90957373080561,13.464066155371821
2021-04-12 08:30:00,17.083175000811565,13.970289162960821
2021-04-12 09:00:00,17.11413001876153,14.81355267941531
2021-04-12 09:30:00,17.239587159718422,15.796307034815424
2021-04-12 10:00:00,17.2620084447369,16.87419663782034
2021-04-12 10:30:00,17.331809877067613,16.92326280066338
2021-04-12 11:00:00,17.24176416253677,18.19585455635148
2021-04-12 11:30:00,17.628947199409176,17.784391487436583
2021-04-12 12:00:00,17.642793756720412,18.392261834982584
2021-04-12 12:30:00,17.7412852184085,19.400996017753126
2021-04-12 13:00:00,17.803367072850126,18.447877130430058
2021-04-12 13:30:00,17.848597301658227,20.133974740161594
2021-04-12 14:00:00,17.787513829056596,20.93100843782512
2021-04-12 14:30:00,18.197534131560225,19.83530989563141
2021-04-12 15:00:00,17.867028920692306,20.600824331017414
2021-04-12 15:30:00,17.962681526626,20.29358175858607
2021-04-12 16:00:00,18.2160880674042,20.45481629659008
2021-04-12 16:30:00,18.245530206705272,19.950977258937222
2021-04-12 17:00:00,17.90888114466927,19.23000656188779
2021-04-12 17:30:00,17.97386762130281,19.758080060651544
2021-04-12 18:00:00,17.85646394915376,19.862458770868106
2021-04-12 18:30:00,17.975662022315486,18.54118904619103
2021-04-12 19:00:00,18.033202777978282,18.10823864572418
2021-04-12 19:30:00,17.693743394712186,19.075460090184674
2021-04-12 20:00:00,17.473374823307303,18.31302894226257
2021-04-12 20:30:00,17.350526361294175,17.304338122990785
2021-04-12 21:00:00,17.498181839364015,17.149750189110073
2021-04-12 21:30:00,17.23347010546327,16.328919718999913
2021-04-12 22:00:00,17.185287686388044,14.61156571205427
2021-04-12 22:30:00,17.08369290762674,15.80299186457978
2021-04-12 23:00:00,17.1256273150549,13.111706495757257
2021-04-12 23:30:00,16.824842869454258,14.364397317054662
2021-04-13 00:00:00,17.273959687400943,13.698715639162486
2021-04-13 00:30:00,16.941943110771806,13.14139236272945
2021-04-13 01:00:00,16.97105100338807,12.348415178160275
2021-04-13 01:30:00,17.005761517219565,12.369051131356489
2021-04-13 02:00:00,16.954014386419864,13.095554668480265
2021-04-13 02:30:00,16.881026964394643,11.609723616235494
2021-04-13 03:00:00,17.052798316681965,12.016595128417071
2021-04-13 03:30:00,16.73233016792668,10.545122310965375
2021-04-13 04:00:00,16.84110079497884,11.213444725594767
2021-04-13 04:30:00,16.825435830272262,10.99280670225347
2021-04-13 05:00:00,16.977771521777814,11.128292458102827
2021-04-13 05:30:00,16.801955871618652,11.422106774658799
2021-04-13 06:00:00,16.876578917488416,11.750846686438084
2021-04-13 06:30:00,16.857493188607855,11.486165647606494
2021-04-13 07:00:00,17.087455007406398,11.956336123753042
2021-04-13 07:30:00,17.11089901540904,12.31401604840011
2021-04-13 08:00:00,17.232624430349116,13.365035734563495
2021-04-13 08:30:00,17.199233482527024,14.205610105770793
2021-04-13 09:00:00,17.62665912093242,14.000269894563823
2021-04-13 09:30:00,17.5600977653683,15.533966874382635
2021-04-13 10:00:00,17.641394441149576,15.875225109606916
2021-04-13 10:30:00,17.72030604048318,16.456930629023656
2021-04-13 11:00:00,17.758715685807093,17.674692336037765
2021-04-13 11:30:00,18.085461719099285,17.722576959072487
2021-04-13 12:00:00,17.882313293561953,17.56527019529404
2021-04-13 12:30:00,18.003121116952045,18.387053053261027
2021-04-13 13:00:00,18.249649990473234,17.922208084883344
2021-04-13 13:30:00,18.16131422159649,17.845434416796444
2021-04-13 14:00:00,18.099300652285816,20.059118066560977
2021-04-13 14:30:00,18.308087853830536,19.771438405467485
2021-04-13 15:00:00,18.12819544057896,18.608767248794553
2021-04-13 15:30:00,18.279208708068545,19.820646422410913
2021-04-13 16:00:00,18.128703286794693,19.6433564490801
2021-04-13 16:30:00,18.30838941799514,20.75599056543527
2021-04-13 17:00:00,18.284948905677094,20.239208749524455
2021-04-13 17:30:00,18.045531791861965,20.48891999450285
2021-04-13 18:00:00,18.22095792445066,19.412078545956
2021-04-13 18:30:00,18.18436992527539,19.140567707305827
2021-04-13 19:00:00,17.971702319384043,18.840221376598915
2021-04-13 19:30:00,18.10294337321896,19.097397703025038
2021-04-13 20:00:00,17.987931929759196,18.462077338686658
2021-04-13 20:30:00,17.88588968697907,17.797144988749075
2021-04-13 21:00:00,17.797629245693553,16.545668467306612
2021-04-13 21:30:00,17.521521875434825,16.87655210888484
2021-04-13 22:00:00,17.453381924141944,15.77392072948
2021-04-13 22:30:00,17.393517870435083,14.817871453278288
2021-04-13 23:00:00,17.436378935947598,15.128724364538563
2021-04-13 23:30:00,17.32854745641373,14.910234200219667
2021-04-14 00:00:00,17.274745363337516,14.667706331534692
2021-04-14 00:30:00,16.98886006981238,14.395726280278295
2021-04-14 01:00:00,16.972403609184656,12.256689012080322
2021-04-14 01:30:00,17.067576556946403,12.784235763487
2021-04-14 02:00:00,17.05696341970179,11.671049016348128
2021-04-14 02:30:00,16.968425007066926,11.878239482516802
2021-04-14 03:00:00,17.081870768276886,12.254902833743841
2021-04-14 03:30:00,16.798213039495767,12.016343555271323
2021-04-14 04:00:00,16.855550056441533,12.240482809957143
2021-04-14 04:30:00,16.79307282235181,11.74820043787793
2021-04-14 05:00:00,16.88982870308041,11.783514654604394
2021-04-14 05:30:00,16.82039802421881,12.243733075665775
2021-04-14 06:00:00,17.140113498243416,13.465463744092038
2021-04-14 06:30:00,17.125622983892253,14.49661699869524
2021-04-14 07:00:00,17.155481092067593,14.896365941635404
2021-04-14 07:30:00,17.495320808919804,14.786410310453295
2021-04-14 08:00:00,17.18299798102667,15.95737489189014
2021-04-14 08:30:00,17.234950838601193,16.478477855307556
2021-04-14 09:00:00,17.430798412947123,16.33144445589114
2021-04-14 09:30:00,17.416009397585803,16.5631457667787
2021-04-14 10:00:00,17.564391934149853,17.673701142760482
2021-04-14 10:30:00,17.551103442482038,19.48699416750538
2021-04-14 11:00:00,17.850883463849268,18.92806975433655
2021-04-14 11:30:00,17.826608279291342,19.0924134990802
2021-04-14 12:00:00,17.952613622869574,18.785379997665196
2021-04-14 12:30:00,18.090238960503076,20.470871943953146
2021-04-14 13:00:00,18.368319078886334,19.805960984617244
2021-04-14 13:30:00,18.16205133168282,21.01504159101529
2021-04-14 14:00:00,18.21141145484402,21.118268587810405
2021-04-14 14:30:00,18.188626874664926,21.030580779041316
2021-04-14 15:00:00,18.38523878939874,21.218858306874516
2021-04-14 15:30:00,18.372225100142888,21.686634622793925
2021-04-14 16:00:00,18.34001752386821,21.909780063114088
2021-04-14 16:30:00,18.51956462348453,20.973300651385575
2021-04-14 17:00:00,18.158128608225205,20.641348299551094
2021-04-14 17:30:00,18.380704644482837,19.828737458781635
2021-04-14 18:00:00,18.32658425502668,20.51230378938803
2021-04-14 18:30:00,18.1916494979642,20.270112684976592
2021-04-14 19:00:00,17.906118131892374,19.356688023481183
2021-04-14 19:30:00,18.030606141043293,19.308811002764504
2021-04-14 20:00:00,17.9178215933664,18.646678861722826
2021-04-14 20:30:00,18.00310652980323,17.669531160166418
2021-04-14 21:00:00,17.911735289539596,16.694595432801535
2021-04-14 21:30:00,17.539213505289958,17.683320121007345
2021-04-14 22:00:00,17.522789071008823,16.197283941028143
2021-04-14 22:30:00,17.53441090514644,15.729155665810266
2021-04-14 23:00:00,17.301816404659718,14.014558151602714
2021-04-14 23:30:00,17.482424270574754,13.282301425957277
2021-04-15 00:00:00,17.854480311858968,12.629700551901488
2021-04-15 00:30:00,17.834289788406068,11.66036499688872
2021-04-15 01:00:00,17.73513970397466,12.561960276735444
2021-04-15 01:30:00,17.574862695386788,10.967456204252208
2021-04-15 02:00:00,17.56398829778051,10.552824261825263
2021-04-15 02:30:00,17.76769072343942,9.83135653137514
2021-04-15 03:00:00,17.44476191306547,10.234152016665345
2021-04-15 03:30:00,17.494303932671126,10.616845950920371
2021-04-15 04:00:00,17.34598100187395,9.920332732939636
2021-04-15 04:30:00,17.35510636088564,10.24439995991943
2021-04-15 05:00:00,17.328914789570643,11.532278482838027
2021-04-15 05:30:00,17.61987351199336,11.72920003014609
2021-04-15 06:00:00,17.62372485695692,12.642286258041215
2021-04-15 06:30:00,17.85743616325109,12.353527756127233
2021-04-15 07:00:00,17.71729778421679,13.37013091533122
2021-04-15 07:30:00,17.910338860615955,13.543133931048684
2021-04-15 08:00:00,17.85329749261239,14.498540510881076
2021-04-15 08:30:00,17.860879800669736,14.615090208228008
2021-04-15 09:00:00,18.098753526212093,15.325547113402777
2021-04-15 09:30:00,18.105598656924123,16.36869996805498
2021-04-15 10:00:00,18.274731455910747,17.219915324875366
2021-04-15 10:30:00,18.188334486313778,17.53337180721301
2021-04-15 11:00:00,18.406572432928993,18.77401715508332
2021-04-15 11:30:00,18.437892088617858,19.58757302672608
2021-04-15 12:00:00,18.710512451837623,19.910702413165936
2021-04-15 12:30:00,18.8189706201744,20.162039650129014
2021-04-15 13:00:00,18.82934560516831,21.260106190696764
2021-04-15 13:30:00,18.89458125241486,21.457925985880184
2021-04-15 14:00:00,18.935827098275535,20.49617361163033
2021-04-15 14:30:00,19.152741236136777,22.415866498896378
2021-04-15 15:00:00,18.909604174241643,21.055869481702505
2021-04-15 15:30:00,19.211503922543066,22.59844085379528
2021-04-15 16:00:00,18.93269716432659,21.341964825197145
2021-04-15 16:30:00,18.983131758663458,21.024935918475
2021-04-15 17:00:00,18.841170488756493,21.339232665445333
2021-04-15 17:30:00,18.764839992352904,20.626243826116223
2021-04-15 18:00:00,18.97683984974415,20.18134488977566
2021-04-15 18:30:00,18.788307024194047,20.14855058460998
2021-04-15 19:00:00,18.872544969829516,19.173812661797072
2021-04-15 19:30:00,18.657343025498545,18.26526368793706
2021-04-15 20:00:00,18.741248861383333,18.10316676406565
2021-04-15 20:30:00,18.477713513907453,18.325661622404063
2021-04-15 21:00:00,18.52271263995523,16.896825327260807
2021-04-15 21:30:00,18.757232304909408,17.056136167026853
2021-04-15 22:00:00,18.19678953801731,16.68665870150582
2021-04-15 22:30:00,18.015563839192176,15.156572256115208
2021-04-15 23:00:00,18.025858627433625,15.688210513798161
2021-04-15 23:30:00,18.01949351191998,15.13531889008133
2021-04-16 00:00:00,17.91070546431151,14.00837585211988
2021-04-16 00:30:00,17.85322835294043,13.397234960005541
2021-04-16 01:00:00,17.763264417627347,13.045972778909478
2021-04-16 01:30:00,17.680895063002396,12.524552865285656
2021-04-16 02:00:00,17.51605764254999,11.803091609389176
2021-04-16 02:30:00,17.512314456801775,12.703135008692575
2021-04-16 03:00:00,17.452846571195465,12.175107182724599
2021-04-16 03:30:00,17.5535361264194,11.311108755169801
2021-04-16 04:00:00,17.587041793824596,12.336630629660936
2021-04-16 04:30:00,17.483285030032423,12.499329931654804
2021-04-16 05:00:00,17.6816622168754,12.077726704400622
2021-04-16 05:30:00,17.757710065821822,12.313841693309518
2021-04-16 06:00:00,17.517939097036706,12.595034496404818
2021-04-16 06:30:00,17.775086612957644,13.016308819339535
2021-04-16 07:00:00,17.77450551566691,14.269501703950622
2021-04-16 07:30:00,17.86796808243994,14.480409693927239
2021-04-16 08:00:00,17.770873332779257,15.138188622822597
2021-04-16 08:30:00,18.014900417968203,15.806322774672445
2021-04-16 09:00:00,17.949960249938172,16.00625591625308
2021-04-16 09:30:00,18.20988133814815,16.18050011872579
2021-04-16 10:00:00,18.236931163734003,16.640727084603476
2021-04-16 10:30:00,18.51001070913295,17.266732176899772
2021-04-16 11:00:00,18.424004911921433,18.434868548169167
2021-04-16 11:30:00,18.565892382373303,19.976775781806335
2021-04-16 12:00:00,18.815572043510095,20.737830998626013
2021-04-16 12:30:00,18.9138933289592,20.08005600752771
2021-04-16 13:00:00,18.7571115217533,19.93030140669924
2021-04-16 13:30:00,18.87700913249824,20.885814209614722
2021-04-16 14:00:00,18.7234411756994,20.918000117230008
2021-04-16 14:30:00,19.158586768451695,20.952679449296113
2021-04-16 15:00:00,18.95859048412195,20.45851071664979
2021-04-16 15:30:00,18.812241109735304,20.943464255593888
2021-04-16 16:00:00,19.154879647362787,21.71518214931109
2021-04-16 16:30:00,19.187700171071818,21.23327839739799
2021-04-16 17:00:00,18.85694489049161,20.52086534204394
2021-04-16 17:30:00,18.83096825776122,20.118756826529186
2021-04-16 18:00:00,18.810514912689165,18.97131863766211
2021-04-16 18:30:00,18.85795586288366,19.00580769172069
2021-04-16 19:00:00,18.640295186309185,19.35520353664544
2021-04-16 19:30:00,18.67122215969176,17.11569638445854
2021-04-16 20:00:00,18.621064572126695,17.40054003373708
2021-04-16 20:30:00,18.66214361566527,17.77152629816213
2021-04-16 21:00:00,18.33309109057966,17.362259540805436
2021-04-16 21:30:00,18.433875679138858,16.00798712105698
2021-04-16 22:00:00,18.44330296857012,15.215072627687698
2021-04-16 22:30:00,18.128955433064654,15.05165946248803
2021-04-16 23:00:00,17.910596003839732,14.120363109742819
2021-04-16 23:30:00,18.026862170116427,14.283716414522283
2021-04-17 00:00:00,18.39651812859884,13.639733020660808
2021-04-17 00:30:00,18.140969896686236,12.637312660734223
2021-04-17 01:00:00,18.26272573079562,14.211597434862016
2021-04-17 01:30:00,17.92970194130723,12.927158204081648
2021-04-17 02:00:00,18.046429729030507,12.665261421533007
2021-04-17 02:30:00,18.011681655903242,12.256319144632858
2021-04-17 03:00:00,17.981186049112033,12.268111063912196
2021-04-17 03:30:00,17.944773723846275,11.922568940496806
2021-04-17 04:00:00,17.871609996841713,12.056331437572538
2021-04-17 04:30:00,17.794692337208495,12.875415951625962
2021-04-17 05:00:00,17.786310706279814,12.454722916097753
2021-04-17 05:30:00,17.707408611917124,13.090303526909679
2021-04-17 06:00:00,18.18013463487749,13.57009435713281
2021-04-17 06:30:00,18.008353549352034,11.66110870654028
2021-04-17 07:00:00,18.160809120413138,13.770935780435453
2021-04-17 07:30:00,18.17483995334838,14.151065575760585
2021-04-17 08:00:00,18.159088148487626,14.627928653863462
2021-04-17 08:30:00,18.580120969093805,15.04911898784444
2021-04-17 09:00:00,18.35772284456587,15.208030568967498
2021-04-17 09:30:00,18.65328752567407,16.698251626746558
2021-04-17 10:00:00,18.870506587843465,16.1134445637665
2021-04-17 10:30:00,18.865449986883778,17.57524167656513
2021-04-17 11:00:00,19.0058950911462,17.590290990116337
2021-04-17 11:30:00,18.928715614089555,18.277296870870117
2021-04-17 12:00:00,19.100899427404272,18.997473363972862
2021-04-17 12:30:00,19.31076575019919,19.0700914717296
2021-04-17 13:00:00,19.153082383636292,19.6613478998571
2021-04-17 13:30:00,19.44792810421249,18.934396287675312
2021-04-17 14:00:00,19.371465295427214,19.705696437173717
2021-04-17 14:30:00,19.468745403654367,19.253169168080664
2021-04-17 15:00:00,19.37572609892622,20.18255022192671
2021-04-17 15:30:00,19.462351615463962,18.235794608952038
2021-04-17 16:00:00,19.50476367498572,19.65783017144713
2021-04-17 16:30:00,19.56273419728745,19.387476569089866
2021-04-17 17:00:00,19.4186614550844,18.665303916817823
2021-04-17 17:30:00,19.428915371106626,18.65810140043782
2021-04-17 18:00:00,19.35438510088029,18.139812660692062
2021-04-17 18:30:00,19.308499715555108,17.733271611965986
2021-04-17 19:00:00,19.179407159699796,17.291543298242356
2021-04-17 19:30:00,19.085944418336894,16.5806982066242
2021-04-17 20:00:00,18.988603368145085,16.469283540432198
2021-04-17 20:30:00,19.14061273992358,15.960351866360005
2021-04-17 21:00:00,18.94224811183684,15.079868944602138
2021-04-17 21:30:00,18.7066433995273,14.050254395382474
2021-04-17 22:00:00,18.704652326084474,14.086678556440567
2021-04-17 22:30:00,18.38053328545604,14.189653683874372
2021-04-17 23:00:00,18.469907466605665,13.039144195904683
2021-04-17 23:30:00,18.543942372407354,12.558576010088998
2021-04-18 00:00:00,18.280093605581218,11.311900498059257
2021-04-18 00:30:00,18.29348449263507,11.401534401420388
2021-04-18 01:00:00,18.297777881008415,11.417176482514563
2021-04-18 01:30:00,18.43069889702934,10.391374228712406
2021-04-18 02:00:00,18.240262645192214,10.956980882839913
2021-04-18 02:30:00,18.07947337795791,10.624784424642874
2021-04-18 03:00:00,18.17750477910999,11.361536160181977
2021-04-18 03:30:00,18.077859812494548,11.171178900225716
2021-04-18 04:00:00,17.93218438242723,10.177009109756295
2021-04-18 04:30:00,18.092488970503084,11.539219676761002
2021-04-18 05:00:00,18.026819444083742,10.252527840418473
2021-04-18 05:30:00,17.91361465178496,12.314529815931243
2021-04-18 06:00:00,18.24329422963487,12.192393651613457
2021-04-18 06:30:00,18.23221345722835,12.942223571948762
2021-04-18 07:00:00,18.386408601613333,13.856769418433025
2021-04-18 07:30:00,18.581145559467583,14.725595827567204
2021-04-18 08:00:00,18.24876494415615,14.575790934445436
2021-04-18 08:30:00,18.676033597810765,15.013968506113054
2021-04-18 09:00:00,18.55498873870713,16.897791338080005
2021-04-18 09:30:00,18.819049693868653,16.147164560354163
2021-04-18 10:00:00,18.680791044148762,16.818759471219206
2021-04-18 10:30:00,18.999069619459505,17.684469285185095
2021-04-18 11:00:00,19.099186386048757,18.044526774215665
2021-04-18 11:30:00,19.218605404262675,18.492130936192154
2021-04-18 12:00:00,19.13164534611767,18.856067996642842
2021-04-18 12:30:00,19.457136717649234,19.612190256213054
2021-04-18 13:00:00,19.352078646159555,21.047924788590112
2021-04-18 13:30:00,19.38288515854875,19.645794041246866
2021-04-18 14:00:00,19.466164644985014,21.598133027177088
2021-04-18 14:30:00,19.48372865712702,21.09201381952653
2021-04-18 15:00:00,19.86103227214053,20.11521194790046
2021-04-18 15:30:00,19.739988006356757,20.80267035305418
2021-04-18 16:00:00,19.720254787695065,20.881945947141148
2021-04-18 16:30:00,19.464851175451084,20.644285350458937
2021-04-18 17:00:00,19.45788016941299,21.632697607422188
2021-04-18 17:30:00,19.50389801088022,21.299972232672314
2021-04-18 18:00:00,19.46333355948909,20.989815242440415
2021-04-18 18:30:00,19.590542481940783,19.440855865936406
2021-04-18 19:00:00,19.176166143240422,20.25980622609845
2021-04-18 19:30:00,19.387091646809456,18.767515643136402
2021-04-18 20:00:00,19.136901815892315,18.89049267127904
2021-04-18 20:30:00,19.176988604065944,17.79852569154533
2021-04-18 21:00:00,18.99796417333779,17.136428494169493
2021-04-18 21:30:00,18.898264660004696,16.66414964903589
2021-04-18 22:00:00,18.87144105436901,16.44088675298469
2021-04-18 22:30:00,18.90010776029614,14.842978080700515
2021-04-18 23:00:00,18.400244144757163,14.121242101881109
2021-04-18 23:30:00,18.45880888980928,14.191637402253907
2021-04-19 00:00:00,18.330158466100286,12.312616133550613
2021-04-19 00:30:00,18.579183064875124,12.495893780387576
2021-04-19 01:00:00,18.48444275620736,13.296656380046048
2021-04-19 01:30:00,18.354676760259917,11.830885567843922
2021-04-19 02:00:00,18.297302884276615,12.634882895716492
2021-04-19 02:30:00,18.261110877885177,11.821208922809564
2021-04-19 03:00:00,18.265528382247876,11.611591071765494
2021-04-19 03:30:00,18.06689224004281,11.619703922074677
2021-04-19 04:00:00,18.216450655888917,11.609662945957435
2021-04-19 04:30:00,18.161656719516333,12.25344830740863
2021-04-19 05:00:00,18.089053196975595,12.892985014754412
2021-04-19 05:30:00,18.292947185983998,11.998497977878205
2021-04-19 06:00:00,18.202244718579387,13.19354551295656
2021-04-19 06:30:00,18.257474473529903,12.13355580259169
2021-04-19 07:00:00,18.526188559240925,12.647760801291868
2021-04-19 07:30:00,18.350941749183526,13.99773246461971
2021-04-19 08:00:00,18.386215325330326,13.105987288253933
2021-04-19 08:30:00,18.498801643431886,15.020496424892729
2021-04-19 09:00:00,18.844535851779955,14.614850028249338
2021-04-19 09:30:00,18.81715103998072,15.414098007033731
2021-04-19 10:00:00,18.860917642320015,15.9580092539065
2021-04-19 10:30:00,19.08308683417292,17.549783384171327
2021-04-19 11:00:00,19.120586013615377,18.789846923178768
2021-04-19 11:30:00,19.387871664017155,18.179663888118263
2021-04-19 12:00:00,19.250931281638234,19.57001777179077
2021-04-19 12:30:00,19.44482035886364,18.225649267530322
2021-04-19 13:00:00,19.503693491086455,19.138150292608
2021-04-19 13:30:00,19.576167659655134,19.437072548245734
2021-04-19 14:00:00,19.41703213619259,18.302628498047252
2021-04-19 14:30:00,19.80393352945858,17.893622241637242
2021-04-19 15:00:00,19.793349443168868,18.580605388870524
2021-04-19 15:30:00,19.516188184933018,19.88950924232893
2021-04-19 16:00:00,19.661703444536126,18.899614848740125
2021-04-19 16:30:00,19.63607027699103,19.30616633632831
2021-04-19 17:00:00,19.793299846009962,18.931750970632958
2021-04-19 17:30:00,19.41387323352928,18.21592917505264
2021-04-19 18:00:00,19.72980416264569,17.282129833213773
2021-04-19 18:30:00,19.701754097742697,16.503136811241284
2021-04-19 19:00:00,19.57451515858953,16.2199347460835
2021-04-19 19:30:00,19.338030994900496,15.92688943152795
2021-04-19 20:00:00,19.47250067999487,14.988642989276375
2021-04-19 20:30:00,19.27990696153344,15.167843660537194
2021-04-19 21:00:00,19.1989645661251,14.867146550319902
2021-04-19 21:30:00,19.09620269025993,15.063126741325558
2021-04-19 22:00:00,18.917810744984312,13.914267711012203
2021-04-19 22:30:00,19.003002212201565,13.38203713651909
2021-04-19 23:00:00,18.70827189272979,12.453593559488555
2021-04-19 23:30:00,18.58643873182801,12.608429860834516
2021-04-20 00:00:00,18.510799770725214,12.058261346327658
2021-04-20 00:30:00,18.81046145628333,11.859595917265192
2021-04-20 01:00:00,18.664039502852606,10.668504315450456
2021-04-20 01:30:00,18.58495641087261,10.807657496684088
2021-04-20 02:00:00,18.37613244247374,10.522526311602688
2021-04-20 02:30:00,18.46394491643183,10.218146433115196
2021-04-20 03:00:00,18.671528863162393,10.144024527230998
2021-04-20 03:30:00,18.3925614722517,10.052221333054323
2021-04-20 04:00:00,18.463409593569306,10.034223006211892
2021-04-20 04:30:00,18.636378278379837,9.874062497021747
2021-04-20 05:00:00,18.491778234120787,11.212992716644417
2021-04-20 05:30:00,18.56765928884343,10.55064241553374
2021-04-20 06:00:00,18.520803881133762,11.143519137087594
2021-04-20 06:30:00,18.668709942629345,10.892312903452451
2021-04-20 07:00:00,18.72337456250304,11.869615341560001
2021-04-20 07:30:00,18.68772893804537,13.372890664281558
2021-04-20 08:00:00,18.72117948398513,14.320148049472914
2021-04-20 08:30:00,19.108023544565583,15.471059038628125
2021-04-20 09:00:00,19.10348883119244,15.74837608260899
2021-04-20 09:30:00,18.993952215716043,16.143903725837465
2021-04-20 10:00:00,19.121454909083027,16.72514957615856
2021-04-20 10:30:00,19.29102745080052,17.543299639791112
2021-04-20 11:00:00,19.400852387893444,18.74064464365011
2021-04-20 11:30:00,19.456801589972187,19.308476463153312
2021-04-20 12:00:00,19.625895786469002,19.468275155686175
2021-04-20 12:30:00,19.745277747945142,20.318987885124322
2021-04-20 13:00:00,19.67970988912227,20.915410254961465
2021-04-20 13:30:00,19.833555716758642,21.74533956314662
2021-04-20 14:00:00,20.08700623085169,21.226297438023014
2021-04-20 14:30:00,19.964163965447263,21.009491296635634
2021-04-20 15:00:00,20.133956105484643,21.139017798528446
2021-04-20 15:30:00,20.134531089704463,20.39121278021009
2021-04-20 16:00:00,19.982697660814072,21.014120151223548
2021-04-20 16:30:00,19.97821858477936,20.924018009350085
2021-04-20 17:00:00,20.182816673176756,21.211015174564512
2021-04-20 17:30:00,20.006923361057403,21.385057316122968
2021-04-20 18:00:00,19.91200500912672,21.451259865081976
2021-04-20 18:30:00,19.93435623633436,20.662708080867873
2021-04-20 19:00:00,19.78463750278417,19.275249785134292
2021-04-20 19:30:00,19.808322638899686,18.44128965441902
2021-04-20 20:00:00,19.66474949233432,18.185819948914123
2021-04-20 20:30:00,19.47801280881506,17.22904752053667
2021-04-20 21:00:00,19.54276843790268,18.51761101437036
2021-04-20 21:30:00,19.4244131127282,17.611342745438762
2021-04-20 22:00:00,19.325709435746397,17.190704962212532
2021-04-20 22:30:00,19.22006591135295,15.978927699142654
2021-04-20 23:00:00,19.196520762971588,15.959114008753945
2021-04-20 23:30:00,18.947926271190095,15.873538305460205
2021-04-21 00:00:00,18.96902463886894,14.28411331204143
2021-04-21 00:30:00,18.663526988538937,13.61402979837275
2021-04-21 01:00:00,18.43041564196689,13.313961844474555
2021-04-21 01:30:00,18.34381441967118,13.1449333229111
2021-04-21 02:00:00,18.380971478514077,12.737638776783239
2021-04-21 02:30:00,18.41619775948636,12.446312308528714
2021-04-21 03:00:00,17.969513040781514,12.189305473681339
2021-04-21 03:30:00,18.247727737603604,12.559065472257704
2021-04-21 04:00:00,18.32887972134956,12.227410514780447
2021-04-21 04:30:00,18.127545370231594,12.625002881869689
2021-04-21 05:00:00,18.097145032533867,11.852505210452273
2021-04-21 05:30:00,18.180427820860334,12.359926123996443
2021-04-21 06:00:00,18.44829745812456,12.59553034266643
2021-04-21 06:30:00,18.386209018927822,14.012150083880456
2021-04-21 07:00:00,18.567729675456512,13.976374649051017
2021-04-21 07:30:00,18.69693631150454,15.013619972252837
2021-04-21 08:00:00,18.764849735808564,15.0569130408224
2021-04-21 08:30:00,18.753198702777862,15.428733245215586
2021-04-21 09:00:00,18.727594944209393,15.63406588169844
2021-04-21 09:30:00,19.104954967072548,16.807246495248723
2021-04-21 10:00:00,18.76056768281882,17.65717237317368
2021-04-21 10:30:00,19.091810196676843,16.99558777814161
2021-04-21 11:00:00,19.33270256732557,18.304517801045346
2021-04-21 11:30:00,19.411052083203522,18.813018027215325
2021-04-21 12:00:00,19.381760379652896,19.412638085486204
2021-04-21 12:30:00,19.39337557497895,19.714591802797372
2021-04-21 13:00:00,19.577161521023715,20.39348471180463
2021-04-21 13:30:00,19.741393678468498,21.55078911446302
2021-04-21 14:00:00,19.800530814455488,20.74403369490982
2021-04-21 14:30:00,19.777530621258844,19.8264470171163
2021-04-21 15:00:00,19.932165082945463,20.53447146691889
2021-04-21 15:30:00,19.723861915562427,20.29355739137466
2021-04-21 16:00:00,19.724927295277556,21.11464435994814
2021-04-21 16:30:00,20.06182309861845,20.47962898699158
2021-04-21 17:00:00,19.82125052247522,20.48610554209714
2021-04-21 17:30:00,19.622448290114598,19.582140088221493
2021-04-21 18:00:00,19.76153540843639,19.6679791860579
2021-04-21 18:30:00,19.521536506984283,18.718931326574992
2021-04-21 19:00:00,19.544265394020197,19.507396411615385
2021-04-21 19:30:00,19.619184966518873,18.62687639639164
2021-04-21 20:00:00,19.518696770909553,18.300849780657384
2021-04-21 20:30:00,19.207104737508256,17.074090305522756
2021-04-21 21:00:00,19.22967801563901,16.07025225680959
2021-04-21 21:30:00,19.415455662783728,16.592852473335586
2021-04-21 22:00:00,19.107636382256807,14.593394083632038
2021-04-21 22:30:00,18.974309768747947,14.47559769076585
2021-04-21 23:00:00,18.93409310492711,13.795537605395957
2021-04-21 23:30:00,18.64062565609659,13.475448954611187
2021-04-22 00:00:00,18.065062727136176,12.345850178882548
2021-04-22 00:30:00,17.970401551031003,12.130359726991585
2021-04-22 01:00:00,18.011028097861534,12.83773001062924
2021-04-22 01:30:00,17.87872872324738,11.203984659803849
2021-04-22 02:00:00,17.835381457558796,11.026557766987978
2021-04-22 02:30:00,17.79386159581586,11.303096684813122
2021-04-22 03:00:00,17.687866086074447,10.92133471635266
2021-04-22 03:30:00,17.65971644705606,10.89073281496752
2021-04-22 04:00:00,17.832100777286904,10.13650574484559
2021-04-22 04:30:00,17.93366545825287,10.27118270135345
2021-04-22 05:00:00,17.923475831082,10.537605995613214
2021-04-22 05:30:00,17.70448153040631,11.25126502539195
2021-04-22 06:00:00,18.001119001276784,12.009555277904118
2021-04-22 06:30:00,17.93342813158496,12.221805422433187
2021-04-22 07:00:00,17.985204249100146,12.775067398779349
2021-04-22 07:30:00,18.16235177358087,13.692490180918375
2021-04-22 08:00:00,18.126843416803908,13.167683717715693
2021-04-22 08:30:00,18.043184579171992,14.080513062176717
2021-04-22 09:00:00,18.210812446390364,13.940972622215694
2021-04-22 09:30:00,18.473157728218563,14.93488333354945
2021-04-22 10:00:00,18.488346930867266,15.774206956269207
2021-04-22 10:30:00,18.51243110539476,16.074581254893328
2021-04-22 11:00:00,18.791648449287386,16.886615630855914
2021-04-22 11:30:00,18.546043330373013,17.415202172455693
2021-04-22 12:00:00,18.917586567682562,17.276806451606507
2021-04-22 12:30:00,19.100038913009715,18.16420945548887
2021-04-22 13:00:00,19.19987724042128,18.60174345742948
2021-04-22 13:30:00,19.044189853468357,19.316567492611206
2021-04-22 14:00:00,19.34974777762811,18.41539886357408
2021-04-22 14:30:00,19.047757863036317,19.776918799153616
2021-04-22 15:00:00,19.162914641192774,20.15136452463192
2021-04-22 15:30:00,19.46791771510045,18.973796992453668
2021-04-22 16:00:00,19.199594414985118,19.342909917317257
2021-04-22 16:30:00,19.322437365754976,18.630914843010867
2021-04-22 17:00:00,19.102910822102526,18.891044962959974
2021-04-22 17:30:00,19.289470592957397,18.358658704772402
2021-04-22 18:00:00,19.132203927385266,17.771720464773693
2021-04-22 18:30:00,18.895933013170424,18.032381666902918
2021-04-22 19:00:00,19.061279908895056,17.53157573295291
2021-04-22 19:30:00,19.050102289435337,16.684574039130787
2021-04-22 20:00:00,19.01882530403512,16.248380111836
2021-04-22 20:30:00,18.90846517654308,16.017986010602055
2021-04-22 21:00:00,18.785686030687746,15.541137342104978
2021-04-22 21:30:00,18.495910072146433,15.1719893209053
2021-04-22 22:00:00,18.658704220851025,14.888762971361924
2021-04-22 22:30:00,18.310139122937763,13.472668853173653
2021-04-22 23:00:00,18.392070215647703,12.251501785334277
2021-04-22 23:30:00,18.33709463498424,13.06144082392131
2021-04-23 00:00:00,18.736387160361378,11.648733504121758
2021-04-23 00:30:00,18.746434560057626,11.496258663519136
2021-04-23 01:00:00,18.63324963013367,11.841606093039577
2021-04-23 01:30:00,18.66126652644789,11.102085919835842
2021-04-23 02:00:00,18.61197823245201,9.182441226823125
2021-04-23 02:30:00,18.53054460952805,9.653002438768567
2021-04-23 03:00:00,18.470389872473756,9.942274513350913
2021-04-23 03:30:00,18.345249992632233,9.7191684715095
2021-04-23 04:00:00,18.312512708454186,9.943774890916238
2021-04-23 04:30:00,18.348766199344226,8.72274299303791
2021-04-23 05:00:00,18.58689801350926,8.932492279390122
2021-04-23 05:30:00,18.439189251442254,10.511649876472092
2021-04-23 06:00:00,18.410834401555665,10.569546919227845
2021-04-23 06:30:00,18.58683788339389,10.978800200688699
2021-04-23 07:00:00,18.690287927438884,11.7253244412106
2021-04-23 07:30:00,18.538223381862604,11.595418204479317
2021-04-23 08:00:00,18.759554380701893,12.200312972963442
2021-04-23 08:30:00,18.830049403392955,12.562637928182562
2021-04-23 09:00:00,18.971513848560225,13.345338791515303
2021-04-23 09:30:00,18.880009705713523,14.892107860099877
2021-04-23 10:00:00,19.09419306040762,14.759842292573694
2021-04-23 10:30:00,19.28125584917886,16.183547728326918
2021-04-23 11:00:00,19.49375606246282,15.192331367800266
2021-04-23 11:30:00,19.497114229251856,17.14470887060212
2021-04-23 12:00:00,19.499907915444012,18.542645134567902
2021-04-23 12:30:00,19.82618084130266,18.547103608695775
2021-04-23 13:00:00,19.73291695358815,18.32681124322924
2021-04-23 13:30:00,19.860234280936847,19.09800890331002
2021-04-23 14:00:00,19.932895102964586,18.77968988344169
2021-04-23 14:30:00,19.74574877410874,19.457572029791596
2021-04-23 15:00:00,19.8481115615828,19.98055640393784
2021-04-23 15:30:00,19.88304371404777,20.594892085298333
2021-04-23 16:00:00,19.861413762488997,20.800164975538387
2021-04-23 16:30:00,19.89132849668351,20.286385711520634
2021-04-23 17:00:00,19.837300142053472,20.156366818985187
2021-04-23 17:30:00,20.03144885621713,19.17064109253844
2021-04-23 18:00:00,19.76415365076312,19.08151644906516
2021-04-23 18:30:00,19.83465710401806,18.378985319099247
2021-04-23 19:00:00,19.74128536550819,17.56695510954236
2021-04-23 19:30:00,19.83892140730222,17.802147941938436
2021-04-23 20:00:00,19.691197693920785,16.577718336164658
2021-04-23 20:30:00,19.56913043746636,15.674551973196797
2021-04-23 21:00:00,19.321268001608416,14.44337615290301
2021-04-23 21:30:00,19.442117176309264,14.974478970940442
2021-04-23 22:00:00,19.14446341721213,14.342949445352295
2021-04-23 22:30:00,19.124064094168432,15.01896540012974
2021-04-23 23:00:00,19.019316128862222,13.122824953949449
2021-04-23 23:30:00,18.77561131557334,13.164277368285529
2021-04-24 00:00:00,19.078063317962872,12.316074601218117
2021-04-24 00:30:00,18.889877321427974,11.616016721744582
2021-04-24 01:00:00,18.883451562425712,11.17404904100695
2021-04-24 01:30:00,18.79453081584148,11.577471226372284
2021-04-24 02:00:00,18.891626110009053,11.924254794710139
2021-04-24 02:30:00,18.827561569636895,10.316003625758288
2021-04-24 03:00:00,18.76571482933624,11.533395995662044
2021-04-24 03:30:00,18.547473380840174,11.065894005107218
2021-04-24 04:00:00,18.742725258453206,11.215868973521218
2021-04-24 04:30:00,18.598964290598722,11.876433981748534
2021-04-24 05:00:00,18.68135856793503,10.649964842967531
2021-04-24 05:30:00,18.68875267407693,11.843700915290816
2021-04-24 06:00:00,18.719771820399846,10.930187659032025
2021-04-24 06:30:00,18.619386963590653,13.25205927945393
2021-04-24 07:00:00,18.971234277203383,12.481301485274964
2021-04-24 07:30:00,18.915600790708258,13.06874883716623
2021-04-24 08:00:00,19.05024957586369,14.116375795439447
2021-04-24 08:30:00,18.930160818073336,14.168731372670669
2021-04-24 09:00:00,19.35995497153085,14.240664060240894
2021-04-24 09:30:00,19.429047531204233,16.763652666676737
2021-04-24 10:00:00,19.56841066920713,16.36378119539782
2021-04-24 10:30:00,19.72001159237497,16.29650686401518
2021-04-24 11:00:00,19.80471356086991,17.07693795217743
2021-04-24 11:30:00,19.846413205618745,18.27188971306251
2021-04-24 12:00:00,19.806895545217134,17.70523763536367
2021-04-24 12:30:00,19.98865277265816,19.13625584283224
2021-04-24 13:00:00,19.92777031561417,20.160849886933384
2021-04-24 13:30:00,20.051500421413657,20.283334975825596
2021-04-24 14:00:00,20.19984461076802,20.978331513630177
2021-04-24 14:30:00,20.19423647619903,21.148821402114425
2021-04-24 15:00:00,20.297611787885604,21.07876815099685
2021-04-24 15:30:00,20.256694379856672,21.3180256540442
2021-04-24 16:00:00,20.1424775553349,20.52167140569279
2021-04-24 16:30:00,20.091874529571736,20.58461710713307
2021-04-24 17:00:00,20.300874380634525,21.203043981676473
2021-04-24 17:30:00,20.42191746678715,20.957182682029288
2021-04-24 18:00:00,20.142498285885097,21.086621127074572
2021-04-24 18:30:00,20.025505802558584,20.314973711343413
2021-04-24 19:00:00,20.220748593106602,18.774787774205745
2021-04-24 19:30:00,19.731559221728258,19.029338379879817
2021-04-24 20:00:00,19.698432809380922,19.038136633191193
2021-04-24 20:30:00,19.872422051601696,17.570434607435807
2021-04-24 21:00:00,19.8953982191065,17.937074190966783
2021-04-24 21:30:00,19.603428884123108,15.541986871260418
2021-04-24 22:00:00,19.531810328247545,15.448546250363721
2021-04-24 22:30:00,19.543478285361147,13.720452239022244
2021-04-24 23:00:00,19.262570751446916,13.851219395451507
2021-04-24 23:30:00,19.245349105397263,14.13674003332903
2021-04-25 00:00:00,19.069500828795217,13.48460859670492
2021-04-25 00:30:00,19.037212084968584,12.23807287924653
2021-04-25 01:00:00,19.121367162741297,12.359051082193611
2021-04-25 01:30:00,18.95226271040953,12.47368475472366
2021-04-25 02:00:00,18.940572788877923,12.174443100818594
2021-04-25 02:30:00,18.885742283109316,10.79213796066888
2021-04-25 03:00:00,18.759932231673062,11.206702368807445
2021-04-25 03:30:00,18.7411390544279,9.847398389852447
2021-04-25 04:00:00,18.95312216487665,9.931272044833525
2021-04-25 04:30:00,18.98261726574395,11.763649424645196
2021-04-25 05:00:00,18.937015230499963,11.323477356284027
2021-04-25 05:30:00,18.638146131947344,11.4078250364054
2021-04-25 06:00:00,18.95596982371863,12.28112182812584
2021-04-25 06:30:00,18.93761622262999,11.814937654873967
2021-04-25 07:00:00,19.074731185746487,12.42982264937006
2021-04-25 07:30:00,19.205231390516243,11.95051153561682
2021-04-25 08:00:00,19.29610415372092,13.444739779923697
2021-04-25 08:30:00,19.381179142408243,14.094992606549152
2021-04-25 09:00:00,19.378277500027586,14.43565101100159
2021-04-25 09:30:00,19.486031989797915,15.786787547831144
2021-04-25 10:00:00,19.618954716419385,16.817992080874966
2021-04-25 10:30:00,19.87628961367956,17.32913023093594
2021-04-25 11:00:00,19.832007232193245,17.613659337833596
2021-04-25 11:30:00,19.926482602659608,18.60683904565738
2021-04-25 12:00:00,19.912155395241687,18.79037039118033
2021-04-25 12:30:00,19.828072810530312,19.868139490361457
2021-04-25 13:00:00,20.234368245816274,20.428226876060087
2021-04-25 13:30:00,20.317897800238484,20.16982573240231
2021-04-25 14:00:00,20.346190037841435,20.95909032754958
2021-04-25 14:30:00,20.668177779655185,20.322772164982414
2021-04-25 15:00:00,20.443934917865743,21.727890559929392
2021-04-25 15:30:00,20.164199098978816,20.563861641027874
2021-04-25 16:00:00,20.38167490526013,20.463982619249116
2021-04-25 16:30:00,20.427307265671544,20.553792999658793
2021-04-25 17:00:00,20.416587477945807,21.811297258450086
2021-04-25 17:30:00,20.508161003279984,20.19555217985745
2021-04-25 18:00:00,20.48207534083824,19.7430027813955
2021-04-25 18:30:00,20.179184125017194,18.23954192575148
2021-04-25 19:00:00,20.211944607816566,19.702986090834788
2021-04-25 19:30:00,20.025535783895542,18.389359863672617
2021-04-25 20:00:00,20.077897518967468,18.19329975746075
2021-04-25 20:30:00,19.73410147296222,18.360107052072422
2021-04-25 21:00:00,19.67265127004566,17.419994766775037
2021-04-25 21:30:00,19.62535162939007,16.28044381593358
2021-04-25 22:00:00,19.533338413572807,16.511092296470775
2021-04-25 22:30:00,19.56846500627485,15.03785173286945
2021-04-25 23:00:00,19.634805134728982,15.772438858624477
2021-04-25 23:30:00,19.346087937560128,14.618485605610198
2021-04-26 00:00:00,18.420680974273584,14.365540902264748
2021-04-26 00:30:00,18.530575677441696,13.620452449004203
2021-04-26 01:00:00,18.50589731654755,13.304865797649983
2021-04-26 01:30:00,18.427607708884373,12.827352037479988
2021-04-26 02:00:00,18.437588611842042,12.55792053611164
2021-04-26 02:30:00,18.137005158114395,11.56658527924538
2021-04-26 03:00:00,18.108693330931427,11.560360307530297
2021-04-26 03:30:00,18.142179533283223,11.373238831907452
2021-04-26 04:00:00,18.41667252699365,11.837882168653852
2021-04-26 04:30:00,18.046559652586772,11.472816114930476
2021-04-26 05:00:00,18.33784517668565,11.247294617857488
2021-04-26 05:30:00,18.281384555047396,11.756876817235918
2021-04-26 06:00:00,18.342380444166736,12.784159042922784
2021-04-26 06:30:00,18.28998102767411,12.046330907524991
2021-04-26 07:00:00,18.326221198268282,13.966121596690343
2021-04-26 07:30:00,18.487695050574555,12.46550934271313
2021-04-26 08:00:00,18.53267415258179,13.989890641274018
2021-04-26 08:30:00,18.731614648670014,14.811139086944333
2021-04-26 09:00:00,18.4586665922539,14.368869621385551
2021-04-26 09:30:00,18.74959236811645,14.798522197628508
2021-04-26 10:00:00,19.012033430961516,16.755879264569348
2021-04-26 10:30:00,18.98701609314247,16.595630692386962
2021-04-26 11:00:00,19.145285938468227,16.10309821752085
2021-04-26 11:30:00,19.201361388732234,17.3831871758982
2021-04-26 12:00:00,19.181900416312832,16.75244304957522
2021-04-26 12:30:00,19.27714524748884,17.05062262940189
2021-04-26 13:00:00,19.489478558730717,17.622471961413478
2021-04-26 13:30:00,19.57462469014347,17.423635726437197
2021-04-26 14:00:00,19.683255984063102,17.893199456484254
2021-04-26 14:30:00,19.76314172186235,18.88372924147855
2021-04-26 15:00:00,19.873965307596634,18.965824290768577
2021-04-26 15:30:00,19.66642354807197,18.995406851864484
2021-04-26 16:00:00,19.65490631206584,20.46979088460066
2021-04-26 16:30:00,19.607434507000065,18.730786709327226
2021-04-26 17:00:00,19.764047140170497,18.98887246801041
2021-04-26 17:30:00,19.549795921733637,18.140613774763775
2021-04-26 18:00:00,19.629414981688154,18.16389981615005
2021-04-26 18:30:00,19.78720402919158,18.067998569602608
2021-04-26 19:00:00,19.61047837433973,17.2948504868948
2021-04-26 19:30:00,19.46661331501721,17.341647128858607
2021-04-26 20:00:00,19.268770186564712,16.821021067989484
2021-04-26 20:30:00,19.23946095256157,15.521173777538099
2021-04-26 21:00:00,19.17699285108472,14.913970193319766
2021-04-26 21:30:00,18.909525896876204,14.691005759242712
2021-04-26 22:00:00,18.816083711331164,14.443771584429628
2021-04-26 22:30:00,18.80314003765332,13.465654071031368
2021-04-26 23:00:00,18.725833690635717,11.852121709025713
2021-04-26 23:30:00,18.71139176005842,10.405505916763408
2021-04-27 00:00:00,18.399910359689763,11.64126015652596
2021-04-27 00:30:00,18.7009809925791,10.327076281808498
2021-04-27 01:00:00,18.366872965552343,10.035935716426746
2021-04-27 01:30:00,18.216389891653833,10.092979874711284
2021-04-27 02:00:00,18.331908589395237,9.604327081425522
2021-04-27 02:30:00,18.37067566098157,9.15612804905504
2021-04-27 03:00:00,18.195797297884383,9.797011887851419
2021-04-27 03:30:00,18.088218509670035,9.111673679589002
2021-04-27 04:00:00,18.260000332438594,9.406189679493574
2021-04-27 04:30:00,18.40231752539793,9.507522787446197
2021-04-27 05:00:00,18.284276674440527,10.187196156039839
2021-04-27 05:30:00,18.28470008798243,11.126453739453336
2021-04-27 06:00:00,18.473432715702693,11.01741780359998
2021-04-27 06:30:00,18.52705374924315,11.298155780851273
2021-04-27 07:00:00,18.5252649663987,11.94634463698327
2021-04-27 07:30:00,18.558587262396156,11.346543142173127
2021-04-27 08:00:00,18.799310559139183,12.509807283602829
2021-04-27 08:30:00,18.48126600788679,12.292313418066295
2021-04-27 09:00:00,18.875110507742665,13.4321994260064
2021-04-27 09:30:00,19.089439577198846,14.082951580083362
2021-04-27 10:00:00,18.904355219377344,14.625699437898211
2021-04-27 10:30:00,19.270779578212018,14.947088388437955
2021-04-27 11:00:00,19.329107161431175,15.145469698137655
2021-04-27 11:30:00,19.257836073233033,15.720182919362731
2021-04-27 12:00:00,19.31094801798247,16.030233996719343
2021-04-27 12:30:00,19.632518316800454,17.499927159823013
2021-04-27 13:00:00,19.574150514036557,17.77745177322277
2021-04-27 13:30:00,19.702265994544355,18.737242471676524
2021-04-27 14:00:00,19.709303613507373,17.778841830177207
2021-04-27 14:30:00,19.814722481820937,18.76049283076838
2021-04-27 15:00:00,19.77746298756354,19.411900672411313
2021-04-27 15:30:00,19.73488825731154,19.649517246782175
2021-04-27 16:00:00,19.900758926378067,18.737898481491406
2021-04-27 16:30:00,19.77224384855825,18.472517341971724
2021-04-27 17:00:00,19.760059621074817,20.662147380154376
2021-04-27 17:30:00,19.844013988848886,19.878396642904487
2021-04-27 18:00:00,19.753874340580552,19.134739439465257
2021-04-27 18:30:00,19.744563895166902,19.40365047825233
2021-04-27 19:00:00,19.695216238472913,19.495424354581424
2021-04-27 19:30:00,19.56047925669463,17.987167953123176
2021-04-27 20:00:00,19.306467685538976,17.447991497484143
2021-04-27 20:30:00,19.358464657145674,16.98856409115377
2021-04-27 21:00:00,19.21919800225888,16.321971878460324
2021-04-27 21:30:00,19.21873701373917,15.657837152370472
2021-04-27 22:00:00,19.102320736242415,16.12764571536974
2021-04-27 22:30:00,18.697848331191572,15.506905317558608
2021-04-27 23:00:00,19.03746927970615,14.252468818605088
2021-04-27 23:30:00,18.77187776282617,13.890787727426103
2021-04-28 00:00:00,18.581052711648383,13.6330882357751
2021-04-28 00:30:00,18.78026065842279,12.75439026267098
2021-04-28 01:00:00,18.536818874832168,11.709597853013697
2021-04-28 01:30:00,18.423391737843442,11.615935565095391
2021-04-28 02:00:00,18.399387339952543,12.032734549265383
2021-04-28 02:30:00,18.293581379749376,10.749588982037382
2021-04-28 03:00:00,18.353946347109027,12.216300637757836
2021-04-28 03:30:00,18.113253537200723,12.316046935064639
2021-04-28 04:00:00,18.262558167569143,11.648434075264698
2021-04-28 04:30:00,18.232229641835485,12.115577875043462
2021-04-28 05:00:00,18.34928787099671,11.892500036757378
2021-04-28 05:30:00,18.467138703477865,13.20461790405425
2021-04-28 06:00:00,18.448346107421024,11.764355937302351
2021-04-28 06:30:00,18.435352061034177,12.723672134596566
2021-04-28 07:00:00,18.67971582121407,12.874193858812484
2021-04-28 07:30:00,18.424661234477096,12.648759285203848
2021-04-28 08:00:00,18.58470569339281,13.565590609846447
2021-04-28 08:30:00,18.806961458205215,13.549465165689806
2021-04-28 09:00:00,18.950382052136742,13.869854702474782
2021-04-28 09:30:00,19.093926445642236,14.013484726802009
2021-04-28 10:00:00,19.00517345872392,15.711784728894923
2021-04-28 10:30:00,19.160101474993457,16.218755485579205
2021-04-28 11:00:00,19.128242358369416,16.352269160847772
2021-04-28 11:30:00,19.350634044395974,18.036337579068956
2021-04-28 12:00:00,19.36118163138751,17.161463782353305
2021-04-28 12:30:00,19.47932361440886,17.795528049433695
2021-04-28 13:00:00,19.631445614837677,18.17601483832265
2021-04-28 13:30:00,19.793148350154752,18.973696608129785
2021-04-28 14:00:00,19.679469523732973,19.876993344760372
2021-04-28 14:30:00,19.871048559299826,18.743497357439814
2021-04-28 15:00:00,19.973568742140372,19.10074327786854
2021-04-28 15:30:00,19.86932545320428,19.544527280529334
2021-04-28 16:00:00,19.77121285904421,19.099338093660574
2021-04-28 16:30:00,19.743046211514127,19.50066271095937
2021-04-28 17:00:00,19.64130935161519,19.676808991650397
2021-04-28 17:30:00,19.78000409443316,18.202515328456975
2021-04-28 18:00:00,19.80784710872213,18.705955190792633
2021-04-28 18:30:00,19.680246650122395,17.95699857604647
2021-04-28 19:00:00,19.458584813452738,17.622728620130605
2021-04-28 19:30:00,19.53672472395078,17.378641664216943
2021-04-28 20:00:00,19.595429819357722,17.782993173492283
2021-04-28 20:30:00,19.275428946743457,15.895947893556336
2021-04-28 21:00:00,19.388997636227657,16.28316481807974
2021-04-28 21:30:00,19.205161636495376,14.323564170648217
2021-04-28 22:00:00,18.9171859352746,13.922746676505588
2021-04-28 22:30:00,19.079957803367492,13.629927621609601
2021-04-28 23:00:00,18.984334906068696,13.14012759086883
2021-04-28 23:30:00,18.654482585116373,12.586810817475705
2021-04-29 00:00:00,18.871761207611772,13.124766212684666
2021-04-29 00:30:00,19.17395727011225,11.219444146132359
2021-04-29 01:00:00,18.973594164927576,11.188578064177348
2021-04-29 01:30:00,19.040193360242668,10.302005942215759
2021-04-29 02:00:00,18.732054934317038,9.538952117831464
2021-04-29 02:30:00,18.84621898699889,9.912214261365651
2021-04-29 03:00:00,18.606302505618594,10.90837105512406
2021-04-29 03:30:00,18.85140177628141,10.106098220558755
2021-04-29 04:00:00,18.693369102495826,10.24897369097179
2021-04-29 04:30:00,18.635538648765227,11.3658508016114
2021-04-29 05:00:00,18.89901356134469,10.790752351349058
2021-04-29 05:30:00,18.771447627505722,10.895240375907553
2021-04-29 06:00:00,18.898552370262948,12.542264489835347
2021-04-29 06:30:00,18.74153699060927,12.505690783352009
2021-04-29 07:00:00,19.118466882966764,12.765133470688896
2021-04-29 07:30:00,18.948700723648315,13.464260957397872
2021-04-29 08:00:00,19.098264379935884,14.277663892712315
2021-04-29 08:30:00,19.274928819022854,14.512455817640209
2021-04-29 09:00:00,19.106985257371832,15.24033061266299
2021-04-29 09:30:00,19.437162478514058,14.474953519338685
2021-04-29 10:00:00,19.485210955330682,16.327640063233417
2021-04-29 10:30:00,19.641515292984764,16.283039406869392
2021-04-29 11:00:00,19.603866276022572,16.389496591445262
2021-04-29 11:30:00,19.693580907359802,17.718274853232224
2021-04-29 12:00:00,19.871701071268422,18.613574620656784
2021-04-29 12:30:00,20.089207402598007,19.422081755540972
2021-04-29 13:00:00,20.144647661342294,18.363563591373055
2021-04-29 13:30:00,20.03910943758564,18.89125417401935
2021-04-29 14:00:00,20.22600313840915,18.979278649410627
2021-04-29 14:30:00,20.343735133984584,18.490727898393207
2021-04-29 15:00:00,20.233224788547755,18.13159600572134
2021-04-29 15:30:00,20.369469970706955,19.553868154932037
2021-04-29 16:00:00,20.318372277484897,19.235207453373
2021-04-29 16:30:00,20.406172260500465,19.61764935981846
2021-04-29 17:00:00,20.122042228370248,20.12917944787872
2021-04-29 17:30:00,20.273820186469788,19.935060288809506
2021-04-29 18:00:00,20.084277367821397,19.543689317830676
2021-04-29 18:30:00,20.178578046072804,18.43044403201803
2021-04-29 19:00:00,19.922143882463608,17.466377921399793
2021-04-29 19:30:00,19.959614889662596,17.380913119533595
2021-04-29 20:00:00,19.851671796872115,17.401362414222483
2021-04-29 20:30:00,19.750645555795664,17.30526358959679
2021-04-29 21:00:00,19.826572801218866,16.520293598640365
2021-04-29 21:30:00,19.63523302258236,15.446739084647739
2021-04-29 22:00:00,19.297298250132553,14.312182508478053
2021-04-29 22:30:00,19.407067433670612,13.63672500593675
2021-04-29 23:00:00,19.54956947227521,13.832007260990997
2021-04-29 23:30:00,19.198553196850348,12.772472777107199
2021-04-30 00:00:00,18.83034962782644,12.331282338984698
2021-04-30 00:30:00,18.791121500773027,12.185904899450888
2021-04-30 01:00:00,18.674265238332136,10.823428597763845
2021-04-30 01:30:00,18.643404155190233,8.646215289370817
2021-04-30 02:00:00,18.48077271691597,9.494048011950447
2021-04-30 02:30:00,18.53239651663088,8.677349863147823
2021-04-30 03:00:00,18.72489299390039,9.511269577765818
2021-04-30 03:30:00,18.47397172305304,9.602210500970841
2021-04-30 04:00:00,18.486256726940812,9.654830325485781
2021-04-30 04:30:00,18.407028182851544,9.517437838639903
2021-04-30 05:00:00,18.438112796685946,9.330574006354183
2021-04-30 05:30:00,18.660887556667983,10.316772582858178
2021-04-30 06:00:00,18.496985320779146,10.945449193654047
2021-04-30 06:30:00,18.62625356703947,10.094256543660078
2021-04-30 07:00:00,18.791915924677575,11.086100474114861
2021-04-30 07:30:00,18.701767718435022,11.558158958063988
2021-04-30 08:00:00,19.030508891838146,11.51538558829619
2021-04-30 08:30:00,19.012312190771233,12.534968012157073
2021-04-30 09:00:00,19.013965353003062,13.40124993980983
2021-04-30 09:30:00,19.280494096323334,14.366148343090819
2021-04-30 10:00:00,19.305466107165383,15.485633102472118
2021-04-30 10:30:00,19.143493809144566,15.390552581310141
2021-04-30 11:00:00,19.592265751941184,15.892285172116209
2021-04-30 11:30:00,19.464542665986915,16.019766469426518
2021-04-30 12:00:00,19.374676572306846,17.467746862862676
2021-04-30 12:30:00,19.656662449200425,18.0064528008607
2021-04-30 13:00:00,19.696508830104577,18.73892803227045
2021-04-30 13:30:00,19.816943185840675,18.98831035462983
2021-04-30 14:00:00,20.0011576659327,19.07862647331098
2021-04-30 14:30:00,20.015821647557217,19.148295040774823
2021-04-30 15:00:00,20.098789018374255,20.25407383165321
2021-04-30 15:30:00,20.06070531979139,20.08548569397563
2021-04-30 16:00:00,19.96284676123603,20.30756977251756
2021-04-30 16:30:00,20.04211659237193,20.045708527774128
2021-04-30 17:00:00,20.01593099598114,20.348530169376385
2021-04-30 17:30:00,20.103972922865104,19.401816776530172
2021-04-30 18:00:00,20.202964120591798,18.58737614675492
2021-04-30 18:30:00,19.989345035859834,18.36574968263088
2021-04-30 19:00:00,19.883406168719457,18.59546566754097
2021-04-30 19:30:00,19.796387374479117,17.249862168733955
2021-04-30 20:00:00,19.331718092640646,16.52900562712853
2021-04-30 20:30:00,19.60887218203656,16.885054676992407
2021-04-30 21:00:00,19.58010034717901,15.775972871524798
2021-04-30 21:30:00,19.440911335499475,15.72497840874496
2021-04-30 22:00:00,19.173652952810613,14.938512230000091
2021-04-30 22:30:00,18.951519779318446,14.822111919076093
2021-04-30 23:00:00,19.148175026866344,13.572164045093361
2021-04-30 23:30:00,18.912211707959642,13.923936448761784
2021-05-01 00:00:00,18.860665650057086,12.889145060228156
2021-05-01 00:30:00,18.625530893919663,11.81690930542921
2021-05-01 01:00:00,18.62170073823144,13.050560304076882
2021-05-01 01:30:00,18.313392913053274,11.160314725368314
2021-05-01 02:00:00,18.387929348395144,11.31008354149702
2021-05-01 02:30:00,18.393844309788136,11.519439333853914
2021-05-01 03:00:00,18.326824977722755,12.23657344048622
2021-05-01 03:30:00,18.212194408081544,11.821507020553863
2021-05-01 04:00:00,18.19472199865968,12.189773514199025
2021-05-01 04:30:00,18.05960261330803,11.470063141615809
2021-05-01 05:00:00,18.23175532443341,12.19363683577212
2021-05-01 05:30:00,18.16021127077691,11.63180990149699
2021-05-01 06:00:00,18.350876514265494,12.33453157121555
2021-05-01 06:30:00,18.35239594005315,13.596290212938264
2021-05-01 07:00:00,18.581775676466865,13.932693565223655
2021-05-01 07:30:00,18.64518382368387,13.981693943894935
2021-05-01 08:00:00,18.737198593724475,14.99854721099871
2021-05-01 08:30:00,18.696674136103635,14.598820132712088
2021-05-01 09:00:00,18.895549260746467,15.072681788667305
2021-05-01 09:30:00,18.922233386891605,15.890271274396689
2021-05-01 10:00:00,19.08452809222684,16.902556381214023
2021-05-01 10:30:00,19.16307052981674,16.6899868590726
2021-05-01 11:00:00,19.319970391887185,17.337020649451645
2021-05-01 11:30:00,19.27818149358913,17.766949183732173
2021-05-01 12:00:00,19.40175081763318,17.642659550429983
2021-05-01 12:30:00,19.52062838235751,18.111749813989345
2021-05-01 13:00:00,19.822849598079305,18.579758585180176
2021-05-01 13:30:00,19.533004160975892,19.095200223871462
2021-05-01 14:00:00,19.689143724344298,18.402325416518163
2021-05-01 14:30:00,19.82722564535364,19.332173378888136
2021-05-01 15:00:00,19.864227123908446,19.946491868759935
2021-05-01 15:30:00,19.9649038815088,19.22526044570513
2021-05-01 16:00:00,19.895243793785497,19.893348264722537
2021-05-01 16:30:00,19.81096310264587,19.383581859176942
2021-05-01 17:00:00,19.845465530075998,19.32074057146337
2021-05-01 17:30:00,20.034884376776883,19.452950179253392
2021-05-01 18:00:00,19.77779586175636,18.87603030501137
2021-05-01 18:30:00,19.578435242290446,18.50933994532614
2021-05-01 19:00:00,19.768460331844704,18.413276594816292
2021-05-01 19:30:00,19.69742127619093,16.462291645379906
2021-05-01 20:00:00,19.451264997829465,16.933209368407468
2021-05-01 20:30:00,19.45677896328084,16.237020358673906
2021-05-01 21:00:00,19.12953301802106,15.440133839705336
2021-05-01 21:30:00,19.146201822364244,14.874199979569445
2021-05-01 22:00:00,18.836756643485344,13.299148302758459
2021-05-01 22:30:00,19.055214712185695,13.305261903985874
2021-05-01 23:00:00,18.882480909709617,13.685084428029102
2021-05-01 23:30:00,18.921727655481096,12.120084071206964
2021-05-02 00:00:00,18.73928019576135,11.413748682694104
2021-05-02 00:30:00,18.771723779153326,11.194928160130303
2021-05-02 01:00:00,18.42411928120204,11.065784430879978
2021-05-02 01:30:00,18.662507976104326,10.250012217859263
2021-05-02 02:00:00,18.40696126296671,9.764440577238565
2021-05-02 02:30:00,18.23726132215953,10.610071284787553
2021-05-02 03:00:00,18.191256262699913,9.212037158702993
2021-05-02 03:30:00,18.421247347101584,10.23196431606136
2021-05-02 04:00:00,18.277102356441706,10.036694914862087
2021-05-02 04:30:00,18.31430173544182,10.59891114383824
2021-05-02 05:00:00,18.385880961566553,9.766358188481966
2021-05-02 05:30:00,18.250703531752585,10.56885262815974
2021-05-02 06:00:00,18.504117971819117,10.663336496157067
2021-05-02 06:30:00,18.397424967046526,11.490493510540873
2021-05-02 07:00:00,18.57168159135961,11.57243708285204
2021-05-02 07:30:00,18.58591281496477,12.625304013776677
2021-05-02 08:00:00,18.667643971028102,13.566914007470194
2021-05-02 08:30:00,18.695386261700943,13.001126653102364
2021-05-02 09:00:00,18.851996714665795,14.681232695831554
2021-05-02 09:30:00,18.967150683176733,15.721314019455443
2021-05-02 10:00:00,19.202532152624297,15.312016941282529
2021-05-02 10:30:00,19.038697656368832,16.3426897530558
2021-05-02 11:00:00,19.029700763102493,17.13586956304706
2021-05-02 11:30:00,19.354145698328526,17.740930524454406
2021-05-02 12:00:00,19.498542656557927,17.99450770544909
2021-05-02 12:30:00,19.546779629721897,18.43095730879265
2021-05-02 13:00:00,19.58156233906675,18.082708926296846
2021-05-02 13:30:00,19.9310950208641,18.653944445829836
2021-05-02 14:00:00,19.946778879706066,18.441342777211386
2021-05-02 14:30:00,19.810768411198687,18.83557584125912
2021-05-02 15:00:00,19.599838670575117,19.396488020791494
2021-05-02 15:30:00,20.135517296885357,18.978477864348555
2021-05-02 16:00:00,19.950071456934648,18.4969181658389
2021-05-02 16:30:00,19.88082756863242,18.225979307176324
2021-05-02 17:00:00,19.850014263012632,18.57966289188455
2021-05-02 17:30:00,19.875481238538008,17.78088926493636
2021-05-02 18:00:00,19.72926075293371,16.87363068360845
2021-05-02 18:30:00,19.780922121261494,17.242415498501675
2021-05-02 19:00:00,19.5922002973755,16.870519772064263
2021-05-02 19:30:00,19.59513668977014,15.822626780159778
2021-05-02 20:00:00,19.48009723225902,14.991265648542166
2021-05-02 20:30:00,19.41363754269309,14.695660236589411
2021-05-02 21:00:00,19.32723477934657,13.515869821993904
2021-05-02 21:30:00,19.09351793368546,14.541469174484778
2021-05-02 22:00:00,19.16606185165385,13.395664210752589
2021-05-02 22:30:00,19.085723023044064,12.221968082883425
2021-05-02 23:00:00,18.959455741824236,11.35952310187013
2021-05-02 23:30:00,18.73900513549798,11.884014630884899
2021-05-03 00:00:00,19.137337293816092,10.173000709954728
2021-05-03 00:30:00,18.686936813014245,9.574427209812274
2021-05-03 01:00:00,18.650643753461466,10.119132623822928
2021-05-03 01:30:00,18.468640378669715,8.815316442681562
2021-05-03 02:00:00,18.567579696629966,9.496747417426429
2021-05-03 02:30:00,18.390604366411367,8.641043972198924
2021-05-03 03:00:00,18.44154600955626,7.878873527795669
2021-05-03 03:30:00,18.28792260645089,7.923481142970029
2021-05-03 04:00:00,18.466991688169983,8.630574043593901
2021-05-03 04:30:00,18.450949609898874,9.051123912457776
2021-05-03 05:00:00,18.39753722774695,9.040760075689041
2021-05-03 05:30:00,18.319019592558035,9.65248157325579
2021-05-03 06:00:00,18.412531777050933,8.07224854938258
2021-05-03 06:30:00,18.641325818200606,10.909116669242032
2021-05-03 07:00:00,18.773287420528597,9.92622142658965
2021-05-03 07:30:00,18.69295221910209,9.959742831702528
2021-05-03 08:00:00,18.69458830554068,11.258858024866074
2021-05-03 08:30:00,18.904893783158514,12.509140796997361
2021-05-03 09:00:00,19.0377599392729,11.560750093906897
2021-05-03 09:30:00,19.133113156453877,12.250087113180381
2021-05-03 10:00:00,19.137432570221577,13.944417225604365
2021-05-03 10:30:00,19.350461856231686,13.750366966230004
2021-05-03 11:00:00,19.52695484719294,14.359844176914951
2021-05-03 11:30:00,19.750699963814466,13.676331240403456
2021-05-03 12:00:00,19.61851604362855,14.719385653966665
2021-05-03 12:30:00,19.7343103494554,15.856278151403057
2021-05-03 13:00:00,19.55813013298038,14.90466701688252
2021-05-03 13:30:00,19.901230523570764,16.68353533044989
2021-05-03 14:00:00,19.79602022809099,16.670722266747365
2021-05-03 14:30:00,19.799672328288242,18.092877710288633
2021-05-03 15:00:00,19.862832399486688,17.968731665524082
2021-05-03 15:30:00,19.962041237455576,16.227024829631645
2021-05-03 16:00:00,20.082723768178802,17.376869973795213
2021-05-03 16:30:00,19.962877255988435,17.291791872573967
2021-05-03 17:00:00,20.137234475014697,17.61375010661322
2021-05-03 17:30:00,19.92312690155612,17.07462217942714
2021-05-03 18:00:00,19.906517906452944,16.261808602862875
2021-05-03 18:30:00,20.005872004741253,15.400951840332718
2021-05-03 19:00:00,19.907380715579297,16.52979373569213
2021-05-03 19:30:00,19.55548775611746,15.485247726198798
2021-05-03 20:00:00,19.656616093639133,13.952136479779663
2021-05-03 20:30:00,19.473681651100886,13.27650859379263
2021-05-03 21:00:00,19.53540038233941,13.076950427836044
2021-05-03 21:30:00,19.327447668028658,13.491460978447389
2021-05-03 22:00:00,19.082237591576625,12.558243097789802
2021-05-03 22:30:00,19.050769527728985,12.270536035810052
2021-05-03 23:00:00,18.989110070226737,12.02099326174325
2021-05-03 23:30:00,18.77930283264198,12.029334838561784
2021-05-04 00:00:00,18.244304136044178,11.719984218634732
2021-05-04 00:30:00,18.26878011252519,10.945494058247263
2021-05-04 01:00:00,18.32679284933953,11.047246470594569
2021-05-04 01:30:00,18.05224726348882,9.861420330093939
2021-05-04 02:00:00,18.051967423600914,10.524739300574923
2021-05-04 02:30:00,17.837911222076485,10.332868186422292
2021-05-04 03:00:00,17.907474337606704,10.554079804812444
2021-05-04 03:30:00,18.153676094109496,10.680588461360996
2021-05-04 04:00:00,18.030170466658713,10.93332804614587
2021-05-04 04:30:00,17.87367760549344,11.228872994752937
2021-05-04 05:00:00,18.148032392581037,10.778325933063265
2021-05-04 05:30:00,18.08394656629505,11.335587803566526
2021-05-04 06:00:00,18.026984627715468,11.342361914041208
2021-05-04 06:30:00,18.135288409598086,12.541542463288865
2021-05-04 07:00:00,17.91871673442213,13.110344600920783
2021-05-04 07:30:00,18.173563528836674,12.87675493839833
2021-05-04 08:00:00,18.25004359136178,14.195690497390487
2021-05-04 08:30:00,18.301267053410758,13.88318994910053
2021-05-04 09:00:00,18.504700684033164,15.438218370779941
2021-05-04 09:30:00,18.63981174360736,16.293675062258263
2021-05-04 10:00:00,18.820069990347175,16.18406211271907
2021-05-04 10:30:00,18.840066583441285,16.78369709325883
2021-05-04 11:00:00,19.13387131285621,17.326405618268886
2021-05-04 11:30:00,19.00699553206213,18.218546259335223
2021-05-04 12:00:00,19.134337279270717,19.944216566536944
2021-05-04 12:30:00,19.228587608171864,19.2210113654877
2021-05-04 13:00:00,19.34293019847417,19.769481846512324
2021-05-04 13:30:00,19.494277515061643,21.04340343022893
2021-05-04 14:00:00,19.479347451515807,19.68078940839028
2021-05-04 14:30:00,19.54748509723818,20.361164081681515
2021-05-04 15:00:00,19.418228040860953,19.726846907298185
2021-05-04 15:30:00,19.516150159155906,19.370248407795895
2021-05-04 16:00:00,19.547769010413738,20.12114262340684
2021-05-04 16:30:00,19.509540996438222,20.153320117014285
2021-05-04 17:00:00,19.41735345783269,20.235602871648137
2021-05-04 17:30:00,19.473016860204233,20.068989364322384
2021-05-04 18:00:00,19.35311660807358,20.108763442268437
2021-05-04 18:30:00,19.49765739786639,19.28974565459131
2021-05-04 19:00:00,19.350566975607105,18.16290716482823
2021-05-04 19:30:00,18.979655709783472,19.465268920892616
2021-05-04 20:00:00,19.14183019120639,17.562608937079506
2021-05-04 20:30:00,19.189761627621568,17.087964431527507
2021-05-04 21:00:00,18.81845250391378,16.7694087657633
2021-05-04 21:30:00,18.744917853535114,15.972463703997118
2021-05-04 22:00:00,18.72227868557656,16.092810456405765
2021-05-04 22:30:00,18.63872546021474,14.187124714377996
2021-05-04 23:00:00,18.480472579021136,13.482536145408082
2021-05-04 23:30:00,18.596310081738775,12.896835657594188
2021-05-05 00:00:00,18.176861508774234,12.245239391715355
2021-05-05 00:30:00,18.12699422231289,12.062206838008006
2021-05-05 01:00:00,17.96828769838904,12.673862222234902
2021-05-05 01:30:00,17.989989636644022,11.484253051901417
2021-05-05 02:00:00,17.823905732901032,11.956534889359657
2021-05-05 02:30:00,17.639638025057636,11.783382795720529
2021-05-05 03:00:00,17.78559268848766,11.942422804430402
2021-05-05 03:30:00,17.901448800733554,12.166198647320355
2021-05-05 04:00:00,17.686149764923638,10.652053923227601
2021-05-05 04:30:00,17.67228851450687,11.278747905884371
2021-05-05 05:00:00,17.711203757130914,11.547106681778603
2021-05-05 05:30:00,17.904548165905734,11.766989759551741
2021-05-05 06:00:00,17.760912242200714,13.107182358334667
2021-05-05 06:30:00,17.992634091495674,12.868516074482207
2021-05-05 07:00:00,18.00959921336167,12.332008046420045
2021-05-05 07:30:00,18.09500111455987,14.29152541150195
2021-05-05 08:00:00,18.004191550237998,15.09532215588604
2021-05-05 08:30:00,18.248171712773168,15.200769623321666
2021-05-05 09:00:00,18.181586779434628,14.714334789436274
2021-05-05 09:30:00,18.499248246910156,15.899980705283182
2021-05-05 10:00:00,18.498277882058005,16.87925380401134
2021-05-05 10:30:00,18.721465869655415,18.479121801314122
2021-05-05 11:00:00,18.70071860595396,17.09470895655809
2021-05-05 11:30:00,18.876160447341803,18.232970645609587
2021-05-05 12:00:00,19.03709846102279,18.358328479752984
2021-05-05 12:30:00,18.892995899781535,19.442984550188253
2021-05-05 13:00:00,19.17620457607463,20.415279567688476
2021-05-05 13:30:00,19.210528860982777,20.965553275045078
2021-05-05 14:00:00,19.259284963469014,20.14508913050787
2021-05-05 14:30:00,19.344008318448036,20.53074902142478
2021-05-05 15:00:00,19.265988936156685,19.57189832546132
2021-05-05 15:30:00,19.450287993784027,20.002068837851123
2021-05-05 16:00:00,19.513006109471497,20.5698809999507
2021-05-05 16:30:00,19.460496525477495,20.75935015326618
2021-05-05 17:00:00,19.03384463360799,20.07146671811669
2021-05-05 17:30:00,19.29716530973605,18.71866476036994
2021-05-05 18:00:00,19.217468244482507,18.698942403111506
2021-05-05 18:30:00,19.169601953437265,18.332734404724736
2021-05-05 19:00:00,19.028292782771683,19.087616812125514
2021-05-05 19:30:00,19.145175552063527,17.890246318434166
2021-05-05 20:00:00,19.155278351571493,17.08512864964922
2021-05-05 20:30:00,18.92087715280571,15.86535273399741
2021-05-05 21:00:00,18.74889762257289,15.662583147039415
2021-05-05 21:30:00,18.483021085588195,16.442909102071134
2021-05-05 22:00:00,18.61891168578079,14.268999439310111
2021-05-05 22:30:00,18.520175620158916,13.717617395924249
2021-05-05 23:00:00,18.41386023571943,13.988648292344022
2021-05-05 23:30:00,18.352557411152876,12.236199617959551
2021-05-06 00:00:00,17.964386184218103,12.617512722757683
2021-05-06 00:30:00,18.020381162381405,11.349274098345207
2021-05-06 01:00:00,17.93245775540426,11.219977618823068
2021-05-06 01:30:00,17.742525780000534,10.722398879120082
2021-05-06 02:00:00,17.478439814402467,11.2776614071016
2021-05-06 02:30:00,17.656025629824143,11.21574662958168
2021-05-06 03:00:00,17.99416095349777,10.788469119702306
2021-05-06 03:30:00,17.50056722459745,10.158921838122549
2021-05-06 04:00:00,17.82345802243688,10.938242146706527
2021-05-06 04:30:00,17.636791437628283,11.66970076870235
2021-05-06 05:00:00,17.72273253155849,12.46243770514628
2021-05-06 05:30:00,17.680789719941984,11.304516389032662
2021-05-06 06:00:00,17.740703848841875,11.025647922228938
2021-05-06 06:30:00,17.900011850417012,12.971973451135938
2021-05-06 07:00:00,17.887096219199552,13.313361931676537
2021-05-06 07:30:00,17.916202485705632,14.348350394324331
2021-05-06 08:00:00,18.12194713931316,14.499022035967803
2021-05-06 08:30:00,18.21599327837878,14.093755628764399
2021-05-06 09:00:00,18.38269815290347,15.203260160794914
2021-05-06 09:30:00,18.34440893271203,15.346793182290515
2021-05-06 10:00:00,18.419630659425774,15.805667063167682
2021-05-06 10:30:00,18.36022706762572,17.178373378310855
2021-05-06 11:00:00,18.670329459089345,18.037310694801246
2021-05-06 11:30:00,18.67758607940628,18.45443926341888
2021-05-06 12:00:00,18.905582927015963,18.101612457005558
2021-05-06 12:30:00,18.731804525677244,19.385213544581383
2021-05-06 13:00:00,18.877444611280634,19.235949815729143
2021-05-06 13:30:00,18.993754420678737,19.91452642939715
2021-05-06 14:00:00,18.97210958213403,18.573695914943585
2021-05-06 14:30:00,18.963203640800483,18.53865128418391
2021-05-06 15:00:00,19.061071192155858,19.662069442070365
2021-05-06 15:30:00,19.201160158309907,19.7457463909168
2021-05-06 16:00:00,19.192676960243617,19.2924100399576
2021-05-06 16:30:00,19.412823242287004,18.66403838503458
2021-05-06 17:00:00,19.111051205902413,19.248099846083186
2021-05-06 17:30:00,19.17547352080912,18.213386868249852
2021-05-06 18:00:00,19.24900187403052,18.356502444865832
2021-05-06 18:30:00,18.902215314343774,17.254944481998532
2021-05-06 19:00:00,18.985551463528186,17.735794925681702
2021-05-06 19:30:00,19.026773270378676,17.07524016767759
2021-05-06 20:00:00,18.69673524441165,16.120902929236124
2021-05-06 20:30:00,18.67562388425907,15.840049777176743
2021-05-06 21:00:00,18.689724739891854,15.02795429352997
2021-05-06 21:30:00,18.55404025224979,14.60827379192607
2021-05-06 22:00:00,18.4354706318426,13.648227995396745
2021-05-06 22:30:00,18.3258315148673,13.52986039127615
2021-05-06 23:00:00,18.222704591712805,14.11668235963296
2021-05-06 23:30:00,18.024946871070014,12.76727110916395
2021-05-07 00:00:00,17.74989494034985,12.64490809548884
2021-05-07 00:30:00,17.863649498034423,10.949588943642512
2021-05-07 01:00:00,17.652595886554117,10.863665747171458
2021-05-07 01:30:00,17.544852221602476,10.220464605321954
2021-05-07 02:00:00,17.555153027971524,10.780972272780918
2021-05-07 02:30:00,17.461522854443547,9.430223783603546
2021-05-07 03:00:00,17.324756519315184,9.826825244074605
2021-05-07 03:30:00,17.537224681783098,10.009463662479249
2021-05-07 04:00:00,17.514684068996665,8.630966829114476
2021-05-07 04:30:00,17.47587414055268,9.822126175740259
2021-05-07 05:00:00,17.492720554032488,10.140440855963117
2021-05-07 05:30:00,17.404685737497193,10.273379557344962
2021-05-07 06:00:00,17.423872150652937,9.260134307637589
2021-05-07 06:30:00,17.632247649907946,11.273304189068298
2021-05-07 07:00:00,17.609624918486663,11.188540447974846
2021-05-07 07:30:00,17.650991315047044,11.850367180067282
2021-05-07 08:00:00,17.87954400306272,12.72219074943411
2021-05-07 08:30:00,18.007723901898245,12.493329538523895
2021-05-07 09:00:00,18.140524952814364,14.971395272823077
2021-05-07 09:30:00,18.28073146149789,13.97700504806103
2021-05-07 10:00:00,18.3518129030995,14.612169367883338
2021-05-07 10:30:00,18.18667435886354,16.341644705993907
2021-05-07 11:00:00,18.345040897132712,16.697010556684887
2021-05-07 11:30:00,18.513482402133814,16.752842946231034
2021-05-07 12:00:00,18.59381320864176,17.915021830095725
2021-05-07 12:30:00,18.73664319717603,17.356913659069118
2021-05-07 13:00:00,18.629638456248802,19.028828991053064
2021-05-07 13:30:00,18.756419087566865,18.30648099635029
2021-05-07 14:00:00,18.99357012334034,18.76024436425384
2021-05-07 14:30:00,18.93534053610441,19.324296663332177
2021-05-07 15:00:00,19.063641624978857,18.61121999165098
2021-05-07 15:30:00,19.061924537685368,17.14846467295855
2021-05-07 16:00:00,18.972914043907334,17.75573901786727
2021-05-07 16:30:00,18.942990383478712,17.406766637418706
2021-05-07 17:00:00,19.048814224616915,18.383898524174633
2021-05-07 17:30:00,19.010712629139846,17.67225493354329
2021-05-07 18:00:00,18.874623462240727,17.76318577072492
2021-05-07 18:30:00,18.72550343717326,17.042053378185006
2021-05-07 19:00:00,18.822071723023026,15.203555047331175
2021-05-07 19:30:00,18.44831583412219,14.865590204286146
2021-05-07 20:00:00,18.908304775456294,14.438572422702235
2021-05-07 20:30:00,18.728179007699115,15.434876582818243
2021-05-07 21:00:00,18.509001148945607,13.304554831171965
2021-05-07 21:30:00,18.26758833201617,13.2141744348652
2021-05-07 22:00:00,18.263556908202602,11.588140852285031
2021-05-07 22:30:00,18.169059095898827,10.241016412055858
2021-05-07 23:00:00,17.804909349698423,10.983293464788625
2021-05-07 23:30:00,17.88992484735343,11.2869661636661
2021-05-08 00:00:00,17.66612672553441,10.490899938263308
2021-05-08 00:30:00,17.641194727942278,9.83620939666563
2021-05-08 01:00:00,17.6203909936608,9.837752239373007
2021-05-08 01:30:00,17.613471234323768,9.365833294987025
2021-05-08 02:00:00,17.46738252399274,9.38556234105765
2021-05-08 02:30:00,17.412366560754037,8.960620752001914
2021-05-08 03:00:00,17.394324053958687,8.252454054458745
2021-05-08 03:30:00,17.353325801135572,8.942561983751176
2021-05-08 04:00:00,17.537605006809244,8.443888037984562
2021-05-08 04:30:00,17.32294136238489,8.783059847736979
2021-05-08 05:00:00,17.657727605908306,8.34084717835549
2021-05-08 05:30:00,17.445225028757896,9.026523063286511
2021-05-08 06:00:00,17.420240005667207,10.240940301939146
2021-05-08 06:30:00,17.499270862517907,9.799555868353409
2021-05-08 07:00:00,17.412001136721283,10.065175012918221
2021-05-08 07:30:00,17.5441171536072,10.83309828431988
2021-05-08 08:00:00,17.79235766461756,11.055952625491482
2021-05-08 08:30:00,17.925108945326357,12.132060090582907
2021-05-08 09:00:00,17.937354469103,12.277454422475396
2021-05-08 09:30:00,18.210707848208287,12.611350178561183
2021-05-08 10:00:00,18.118314947059403,12.520622993089214
2021-05-08 10:30:00,18.355391894421864,13.573542257043263
2021-05-08 11:00:00,18.146101296762176,13.741960108677272
2021-05-08 11:30:00,18.615056453946853,15.254364159724135
2021-05-08 12:00:00,18.392946822630744,14.9679701093873
2021-05-08 12:30:00,18.5394189917106,16.18414366889886
2021-05-08 13:00:00,18.664654211305425,15.866367341161842
2021-05-08 13:30:00,18.818010327108183,17.54009511603693
2021-05-08 14:00:00,18.883599498825077,16.497709821666437
2021-05-08 14:30:00,18.72484533158334,16.2406598284348
2021-05-08 15:00:00,18.823534287212148,17.211797955894642
2021-05-08 15:30:00,18.79048793717521,17.522728718948528
2021-05-08 16:00:00,18.986674197229693,17.585513908694715
2021-05-08 16:30:00,19.06574394992201,15.447268171085915
2021-05-08 17:00:00,18.8468982914274,17.09925140693047
2021-05-08 17:30:00,18.96068318270654,16.171569920840323
2021-05-08 18:00:00,18.687202062187104,16.0607100642871
2021-05-08 18:30:00,18.875264989005718,15.379278411103286
2021-05-08 19:00:00,18.561119702769133,14.130113763994322
2021-05-08 19:30:00,18.7023344243632,13.15106286375805
2021-05-08 20:00:00,18.59718623887154,14.369224453562751
2021-05-08 20:30:00,18.363179424369424,12.965508990989461
2021-05-08 21:00:00,18.509594469918092,12.332594649098256
2021-05-08 21:30:00,18.16391479372547,11.552357322303465
2021-05-08 22:00:00,18.084511469496903,12.095868902519653
2021-05-08 22:30:00,18.05506929609928,11.045738056772423
2021-05-08 23:00:00,17.91788692150316,10.259937230159835
2021-05-08 23:30:00,17.759474636035247,10.60984749068233
2021-05-09 00:00:00,18.589808825181795,9.12178392560672
2021-05-09 00:30:00,18.087347402324568,8.076219949701688
2021-05-09 01:00:00,18.33583279973685,8.291981307053426
2021-05-09 01:30:00,18.235955599005223,6.890279486633059
2021-05-09 02:00:00,18.338107301779694,8.176158724470584
2021-05-09 02:30:00,18.192786048820576,7.321090249147336
2021-05-09 03:00:00,18.018732254407553,6.808553998816836
2021-05-09 03:30:00,18.228167627884655,7.0000087698330224
2021-05-09 04:00:00,18.161596286508285,7.518080454339563
2021-05-09 04:30:00,18.012553012996868,7.673682743259807
2021-05-09 05:00:00,17.88844029832643,7.822078747056187
2021-05-09 05:30:00,18.337814813729274,8.618611625904212
2021-05-09 06:00:00,18.04951361707339,9.283859434197783
2021-05-09 06:30:00,18.38797298161728,9.723337472915034
2021-05-09 07:00:00,18.03581648522848,9.722393363449218
2021-05-09 07:30:00,18.39317821773425,11.073967270625822
2021-05-09 08:00:00,18.34212560096686,9.827945336743339
2021-05-09 08:30:00,18.56256067820851,12.167087548434594
2021-05-09 09:00:00,18.524450864625166,11.682982303806792
2021-05-09 09:30:00,18.644415476143152,12.337504686104497
2021-05-09 10:00:00,18.68125032673296,13.202899336989276
2021-05-09 10:30:00,18.815393229047505,12.744597604933114
2021-05-09 11:00:00,18.92560140192369,13.246837169994183
2021-05-09 11:30:00,19.3226954602536,14.808310135375889
2021-05-09 12:00:00,19.25751228667614,15.607408049502197
2021-05-09 12:30:00,19.396091339439725,16.308939696685247
2021-05-09 13:00:00,19.543702828535483,16.45148751180311
2021-05-09 13:30:00,19.59686476762462,17.882037534611445
2021-05-09 14:00:00,19.62736744480202,17.321918798555824
2021-05-09 14:30:00,19.469691135692656,17.46736107513549
2021-05-09 15:00:00,19.62179218389713,16.650630008580904
2021-05-09 15:30:00,19.586474171623266,17.43951934925256
2021-05-09 16:00:00,19.494323308440375,16.715777568526168
2021-05-09 16:30:00,19.614122082758573,17.05861009229042
2021-05-09 17:00:00,19.767058619442874,17.817366246723722
2021-05-09 17:30:00,19.357874900574995,17.83068999228384
2021-05-09 18:00:00,19.479018761668648,16.9181004002003
2021-05-09 18:30:00,19.14188454764268,16.581463715251722
2021-05-09 19:00:00,19.227250235351736,15.354007594182491
2021-05-09 19:30:00,19.37249366874165,14.444429292968653
2021-05-09 20:00:00,19.273242170054775,14.263386391462946
2021-05-09 20:30:00,19.1094028717109,14.540934683507542
2021-05-09 21:00:00,19.093415302800473,12.485674134175913
2021-05-09 21:30:00,19.09052638912611,12.163475413870732
2021-05-09 22:00:00,18.651095685479397,12.789168490385808
2021-05-09 22:30:00,18.661931205098238,11.639403422531334
2021-05-09 23:00:00,18.795602592123316,11.053683077042173
2021-05-09 23:30:00,18.59072495538131,9.797775916904119
2021-05-10 00:00:00,18.79481503728584,9.218310252677538
2021-05-10 00:30:00,18.68719191115392,9.585510979181889
2021-05-10 01:00:00,18.78174129458886,9.54059893857128
2021-05-10 01:30:00,18.550485824121935,8.512896535700575
2021-05-10 02:00:00,18.364603818672304,8.050821087554727
2021-05-10 02:30:00,18.262574579396897,8.464765997046378
2021-05-10 03:00:00,18.36989718282694,7.872059166067753
2021-05-10 03:30:00,18.218085307464055,6.662468930158111
2021-05-10 04:00:00,18.35480620683603,7.191540988003638
2021-05-10 04:30:00,18.485130327055334,7.6910829538757906
2021-05-10 05:00:00,18.601039401734667,8.61374791499005
2021-05-10 05:30:00,18.489860942984556,7.907791870257384
2021-05-10 06:00:00,18.567738849339985,8.308525691918437
2021-05-10 06:30:00,18.656799155460632,9.602479317017798
2021-05-10 07:00:00,18.607115788175076,9.413372616282587
2021-05-10 07:30:00,18.895397282342365,9.78251730567491
2021-05-10 08:00:00,18.859177685958894,10.62517677837909
2021-05-10 08:30:00,18.857740102969302,11.07726836657604
2021-05-10 09:00:00,18.84183628642523,11.736468991163502
2021-05-10 09:30:00,19.15111399929183,11.959621062721773
2021-05-10 10:00:00,19.31356321176732,12.964998688160536
2021-05-10 10:30:00,19.226618249200214,12.959500374911496
2021-05-10 11:00:00,19.488772031293212,13.2714067053881
2021-05-10 11:30:00,19.794422046695388,13.652343315176914
2021-05-10 12:00:00,19.82945779707656,14.545195615873013
2021-05-10 12:30:00,19.77758918027052,15.819577838290742
2021-05-10 13:00:00,19.67790403844952,15.522321636528458
2021-05-10 13:30:00,19.786660698183116,16.21430879642274
2021-05-10 14:00:00,19.986337581174126,14.969756721807501
2021-05-10 14:30:00,19.879689869551814,16.603763671457337
2021-05-10 15:00:00,20.059984025147628,14.947893724007763
2021-05-10 15:30:00,20.113415383283677,15.160985265753375
2021-05-10 16:00:00,20.086867560096298,15.962299051239457
2021-05-10 16:30:00,20.016042981937776,14.267578457336434
2021-05-10 17:00:00,20.090141658079624,15.5105037713214
2021-05-10 17:30:00,19.994460257850747,14.50017485009586
2021-05-10 18:00:00,19.978090086900426,14.388358659839843
2021-05-10 18:30:00,19.909631782913916,14.774574173140957
2021-05-10 19:00:00,19.843447653569456,12.736391622071768
2021-05-10 19:30:00,19.759456897028542,13.40965249393207
2021-05-10 20:00:00,19.56138717252044,12.335216508819842
2021-05-10 20:30:00,19.52143371562367,11.988292566641144
2021-05-10 21:00:00,19.50425855060541,11.829086148752754
2021-05-10 21:30:00,19.305335639903284,11.186860678124997
2021-05-10 22:00:00,19.178460172532542,9.516126126510171
2021-05-10 22:30:00,19.013020189223273,8.301494753642366
2021-05-10 23:00:00,19.232906362628096,8.712337916531444
2021-05-10 23:30:00,18.870675785227498,8.083766774369902
2021-05-11 00:00:00,18.755041755854307,7.818694187670083
2021-05-11 00:30:00,18.367290563084573,7.93059132138653
2021-05-11 01:00:00,18.526905276414478,6.640914351897407
2021-05-11 01:30:00,18.31454759141787,5.887873481531522
2021-05-11 02:00:00,18.343068825082792,6.619907719809719
2021-05-11 02:30:00,18.185601895311603,6.8408863779919855
2021-05-11 03:00:00,18.285965283200238,5.914830500497971
2021-05-11 03:30:00,18.169258421296192,6.049139526963895
2021-05-11 04:00:00,18.181959912172843,5.81627234692521
2021-05-11 04:30:00,17.99139456105268,6.099736718669116
2021-05-11 05:00:00,18.23454424474112,5.214986469062389
2021-05-11 05:30:00,18.305410879912685,6.012444986174901
2021-05-11 06:00:00,18.38641267388885,6.651807736499834
2021-05-11 06:30:00,18.33628302704307,6.628136916685321
2021-05-11 07:00:00,18.419302034656898,6.341043065187382
2021-05-11 07:30:00,18.464910240487026,6.162486662012807
2021-05-11 08:00:00,18.63308256211105,8.625951060287356
2021-05-11 08:30:00,18.866092786330288,8.265468865495032
2021-05-11 09:00:00,18.709878889729527,8.745383269875449
2021-05-11 09:30:00,18.84419835883704,8.830810176878702
2021-05-11 10:00:00,18.96156754541524,9.112529710350358
2021-05-11 10:30:00,19.04140835669944,10.125573002409523
2021-05-11 11:00:00,19.166173428296947,11.328705959542004
2021-05-11 11:30:00,19.291463749864377,10.983236864950939
2021-05-11 12:00:00,19.292530891298505,11.02196624504003
2021-05-11 12:30:00,19.616302756251596,12.56816334616799
2021-05-11 13:00:00,19.49706434192793,12.349006373728388
2021-05-11 13:30:00,19.804107562679828,13.051355040622798
2021-05-11 14:00:00,19.63423619111069,12.82250696373173
2021-05-11 14:30:00,19.8215459768338,13.415140153952178
2021-05-11 15:00:00,19.667283725700337,13.67768272640825
2021-05-11 15:30:00,19.825638941781396,13.476458195020525
2021-05-11 16:00:00,19.685469278453873,12.604056851657145
2021-05-11 16:30:00,19.600818911753862,13.389599506706155
2021-05-11 17:00:00,19.962403933699306,12.353446606829605
2021-05-11 17:30:00,19.90571157436265,12.790218594330279
2021-05-11 18:00:00,19.726548649508985,12.381041075585376
2021-05-11 18:30:00,19.685288059307226,11.84155256983709
2021-05-11 19:00:00,19.327331742231987,11.636312584827376
2021-05-11 19:30:00,19.449434837234545,11.009796157460588
2021-05-11 20:00:00,19.288363741940742,10.1670316966054
2021-05-11 20:30:00,19.080468197872097,9.343751622273055
2021-05-11 21:00:00,19.227522018610372,8.886026917094593
2021-05-11 21:30:00,19.152073627693092,8.304632635310853
2021-05-11 22:00:00,19.088154984750343,8.815461836788161
2021-05-11 22:30:00,19.046398858422616,8.639877370311593
2021-05-11 23:00:00,18.77769546639298,7.975268741286169
2021-05-11 23:30:00,18.56922606488713,7.496876395949548
2021-05-12 00:00:00,18.792683647944074,7.430632125900914
2021-05-12 00:30:00,18.737650447130356,5.604784012115744
2021-05-12 01:00:00,18.632762147394807,7.164987560334748
2021-05-12 01:30:00,18.536083218527146,5.601859930738153
2021-05-12 02:00:00,18.516863792970714,4.64321871293823
2021-05-12 02:30:00,18.423057600773863,4.839009889839221
2021-05-12 03:00:00,18.54824497379582,4.064990663010737
2021-05-12 03:30:00,18.50186671284302,4.841977605722971
2021-05-12 04:00:00,18.642039552184876,5.32177507668692
2021-05-12 04:30:00,18.699740905466356,5.72875413988349
2021-05-12 05:00:00,18.579481740043647,4.262348251539498
2021-05-12 05:30:00,18.6525826563516,5.037708709971545
2021-05-12 06:00:00,18.49323025374752,5.348486901530282
2021-05-12 06:30:00,18.476397133462683,5.67680045213241
2021-05-12 07:00:00,18.54905076651831,6.112949197386689
2021-05-12 07:30:00,18.72411458924187,7.955659849346383
2021-05-12 08:00:00,18.856481516891165,8.187771784315284
2021-05-12 08:30:00,18.961362714121353,9.305919235338209
2021-05-12 09:00:00,19.066300523497603,9.051858041008902
2021-05-12 09:30:00,19.016411936882502,9.284414507801394
2021-05-12 10:00:00,19.283834623686865,10.696609348042845
2021-05-12 10:30:00,19.325195322210877,10.716686308264766
2021-05-12 11:00:00,19.21858177990011,11.620841398820744
2021-05-12 11:30:00,19.570259980395456,11.487927443639418
2021-05-12 12:00:00,19.744633702720357,12.21466309398129
2021-05-12 12:30:00,19.673385546286468,12.54694375044494
2021-05-12 13:00:00,19.74716527011798,13.062476681356932
2021-05-12 13:30:00,19.91234295833955,13.236015399707327
2021-05-12 14:00:00,19.913745095999044,11.760664366287111
2021-05-12 14:30:00,19.933075240932627,12.838789282606195
2021-05-12 15:00:00,20.103396320579982,13.895675476904163
2021-05-12 15:30:00,20.047495397142185,12.638696207697405
2021-05-12 16:00:00,19.945762812756616,13.333456299604288
2021-05-12 16:30:00,19.957146640654425,12.751769540183478
2021-05-12 17:00:00,19.95024996934752,12.910808670629347
2021-05-12 17:30:00,19.977947995261072,12.893383276573179
2021-05-12 18:00:00,19.899588359519406,11.961428516970939
2021-05-12 18:30:00,19.903014188343747,11.808160623609927
2021-05-12 19:00:00,19.751062177915625,10.645695331876421
2021-05-12 19:30:00,19.721795826594256,10.864138977257069
2021-05-12 20:00:00,19.68436212198348,10.325217254916248
2021-05-12 20:30:00,19.43978745455922,9.504278158683519
2021-05-12 21:00:00,19.56662904795468,8.607654025743454
2021-05-12 21:30:00,19.365900905400842,9.266836646536742
2021-05-12 22:00:00,19.204146729549723,7.76245567298367
2021-05-12 22:30:00,19.100142026155307,6.921233324778764
2021-05-12 23:00:00,19.369348631907975,7.506315927654873
2021-05-12 23:30:00,19.00711311733143,7.381384808087561
2021-05-13 00:00:00,18.70725430804925,6.073820462100047
2021-05-13 00:30:00,18.477656118395124,6.4174336454419
2021-05-13 01:00:00,18.270125416220154,4.944610853858009
2021-05-13 01:30:00,18.388915306698436,6.213355838352495
2021-05-13 02:00:00,18.32014861506613,4.7502786984725685
2021-05-13 02:30:00,18.16967338868567,5.303784963227042
2021-05-13 03:00:00,18.033056378962304,4.672576339204189
2021-05-13 03:30:00,18.18992831164906,4.936700420670066
2021-05-13 04:00:00,18.12339364979074,4.288287828500944
2021-05-13 04:30:00,18.256794970146345,5.149576456745476
2021-05-13 05:00:00,18.16656489916908,4.767794821320144
2021-05-13 05:30:00,18.427742656013905,3.9446194231601917
2021-05-13 06:00:00,18.395567480870916,6.777041310044661
2021-05-13 06:30:00,18.37408925283206,6.5507437440329
2021-05-13 07:00:00,18.3763707660706,7.8791683601388725
2021-05-13 07:30:00,18.85458003912057,6.909827480287258
2021-05-13 08:00:00,18.619209958325683,8.231774212124243
2021-05-13 08:30:00,18.708598710431584,9.3161051832802
2021-05-13 09:00:00,18.845478680659895,9.638654150625356
2021-05-13 09:30:00,19.09233252472145,10.146513908144593
2021-05-13 10:00:00,18.999920237814436,9.86042970045456
2021-05-13 10:30:00,18.9218920314605,11.525320676639359
2021-05-13 11:00:00,19.27996877271322,10.942363550832889
2021-05-13 11:30:00,19.330609843058006,11.678065558143787
2021-05-13 12:00:00,19.25735386860647,12.95391681535708
2021-05-13 12:30:00,19.492638413838428,13.333159288401138
2021-05-13 13:00:00,19.57764315814563,13.297316940894321
2021-05-13 13:30:00,19.47128857676062,13.273054046062965
2021-05-13 14:00:00,19.42490644379467,13.725618189233964
2021-05-13 14:30:00,19.587715580964844,14.365317189687476
2021-05-13 15:00:00,19.63088298003812,13.707918866507773
2021-05-13 15:30:00,19.98757649504847,13.728199475726868
2021-05-13 16:00:00,19.91713524674212,14.383238278518352
2021-05-13 16:30:00,19.885034177725636,14.187725337440316
2021-05-13 17:00:00,19.58651080222718,14.172643531561533
2021-05-13 17:30:00,19.73791128719516,15.198055803438173
2021-05-13 18:00:00,19.815703285207828,13.639085609717137
2021-05-13 18:30:00,19.738610608991106,13.694791356160044
2021-05-13 19:00:00,19.515255141033663,13.566891681804435
2021-05-13 19:30:00,19.212416755835154,12.082148999583492
2021-05-13 20:00:00,19.425090762975604,11.505602946598001
2021-05-13 20:30:00,19.20515774229427,12.32747548532338
2021-05-13 21:00:00,19.277197680276092,11.792569426035064
2021-05-13 21:30:00,19.09018112297389,10.788052934155395
2021-05-13 22:00:00,19.00448807027001,10.692043191960733
2021-05-13 22:30:00,18.84892436743519,9.521256414887457
2021-05-13 23:00:00,18.55003407001555,8.766153033385015
2021-05-13 23:30:00,18.39531212848509,8.782391816070403
2021-05-14 00:00:00,18.224801619036786,8.197439501210233
2021-05-14 00:30:00,18.1512224193052,7.270492292117572
2021-05-14 01:00:00,18.35946883336302,6.790955865625006
2021-05-14 01:30:00,18.321463029953033,6.608196397790157
2021-05-14 02:00:00,17.916617244075695,5.307586891280296
2021-05-14 02:30:00,17.885399332731804,6.51391708828058
2021-05-14 03:00:00,17.857237342878634,6.299997117987574
2021-05-14 03:30:00,17.7947897210339,5.542251240284236
2021-05-14 04:00:00,18.014128670177143,5.878400377276571
2021-05-14 04:30:00,17.848849630179263,6.837272972100683
2021-05-14 05:00:00,17.93287151460352,6.628390808271633
2021-05-14 05:30:00,17.92284737243347,7.208194309196871
2021-05-14 06:00:00,18.201901612583068,7.764501568620325
2021-05-14 06:30:00,18.19563882068313,8.153407302657865
2021-05-14 07:00:00,18.224089438496815,8.531869722002742
2021-05-14 07:30:00,18.086488680127076,9.502568575820746
2021-05-14 08:00:00,18.29249195610281,9.991920558525305
2021-05-14 08:30:00,18.517327737860235,10.548074355079963
2021-05-14 09:00:00,18.397235990362862,10.205412229421789
2021-05-14 09:30:00,18.356979440779725,12.48378027196001
2021-05-14 10:00:00,18.80185729490391,11.819370710073203
2021-05-14 10:30:00,18.722704482696447,12.067135476661667
2021-05-14 11:00:00,18.94780825494028,13.691678257166522
2021-05-14 11:30:00,18.844330094367688,14.528241219232523
2021-05-14 12:00:00,19.09497563911231,14.560154866582716
2021-05-14 12:30:00,19.16332808810726,14.3591112961923
2021-05-14 13:00:00,19.170710205765285,14.659079518037341
2021-05-14 13:30:00,19.193553450947782,15.073483670036238
2021-05-14 14:00:00,19.35824843139131,15.781989835930897
2021-05-14 14:30:00,19.237170710509126,15.146634279162326
2021-05-14 15:00:00,19.41562050735695,15.985123109484642
2021-05-14 15:30:00,19.65205385238389,16.14986035470026
2021-05-14 16:00:00,19.437166692144537,15.959141202175008
2021-05-14 16:30:00,19.473034816131946,15.689046779107125
2021-05-14 17:00:00,19.390012396681826,15.955800268511947
2021-05-14 17:30:00,19.659558410195864,15.321649650555361
2021-05-14 18:00:00,19.65779011916003,15.810325792368928
2021-05-14 18:30:00,19.304143556454463,14.881004821695146
2021-05-14 19:00:00,19.151384885203832,14.416966700378426
2021-05-14 19:30:00,19.297750350191276,14.39858427699066
2021-05-14 20:00:00,19.091674723718825,14.71284553121743
2021-05-14 20:30:00,19.054596496578203,14.389931751256182
2021-05-14 21:00:00,18.849001888013497,13.219141051398086
2021-05-14 21:30:00,18.692754909950747,13.239878378508124
2021-05-14 22:00:00,18.457081111428273,11.444017771080944
2021-05-14 22:30:00,18.633714205324942,11.223903749092202
2021-05-14 23:00:00,18.575726982660576,10.864073111665387
2021-05-14 23:30:00,18.34657626152771,10.573101602705135
2021-05-15 00:00:00,18.08907892499794,10.706964056470046
2021-05-15 00:30:00,18.080797007911677,9.335353590887102
2021-05-15 01:00:00,18.000433925845368,10.04176248776864
2021-05-15 01:30:00,17.895767255263557,9.581282457554174
2021-05-15 02:00:00,17.687521455837842,9.385638215306386
2021-05-15 02:30:00,17.69951744944763,9.141853620114997
2021-05-15 03:00:00,17.799212548591274,8.24441871073879
2021-05-15 03:30:00,17.742696372484076,9.0127968061889
2021-05-15 04:00:00,17.721478202630227,9.339748123817309
2021-05-15 04:30:00,17.418090549486518,7.928341777108015
2021-05-15 05:00:00,17.497255639242642,10.077006515180171
2021-05-15 05:30:00,17.726531660783564,9.950206386891406
2021-05-15 06:00:00,17.827138411380325,9.690365436785244
2021-05-15 06:30:00,17.792074656700336,10.244123971368078
2021-05-15 07:00:00,18.004681923563027,10.56047913762666
2021-05-15 07:30:00,17.902150457292986,11.788628114967851
2021-05-15 08:00:00,17.96177851792973,10.629714572053125
2021-05-15 08:30:00,17.96755078064767,11.524520925268886
2021-05-15 09:00:00,18.315497945656737,13.044666218337051
2021-05-15 09:30:00,18.443756710546786,13.03504824388611
2021-05-15 10:00:00,18.45643541118858,14.244605645513696
2021-05-15 10:30:00,18.60555836631597,13.646673406580959
2021-05-15 11:00:00,18.66601930334266,14.899741666970034
2021-05-15 11:30:00,18.77232129029239,15.618444748636408
2021-05-15 12:00:00,19.03156189295785,14.810748256410507
2021-05-15 12:30:00,19.03889522290801,16.31341106530501
2021-05-15 13:00:00,18.960644573375095,16.091389026656348
2021-05-15 13:30:00,18.975070629923824,16.8195723689379
2021-05-15 14:00:00,19.023079602441857,16.836592986788425
2021-05-15 14:30:00,19.069500246742354,16.84801661593676
2021-05-15 15:00:00,19.24016633262153,16.847990644567965
2021-05-15 15:30:00,19.146791902482338,17.37765527946887
2021-05-15 16:00:00,19.300807529943256,16.623496092114234
2021-05-15 16:30:00,19.078686026550294,16.52504869130033
2021-05-15 17:00:00,19.138876720822623,15.623719574552975
2021-05-15 17:30:00,19.271937938774144,16.50177204326568
2021-05-15 18:00:00,18.950483871963613,16.829308149650206
2021-05-15 18:30:00,19.041869985849026,15.479058318941139
2021-05-15 19:00:00,18.977789569968866,14.552967138362186
2021-05-15 19:30:00,18.892322904057945,14.18374907347914
2021-05-15 20:00:00,18.874426261484327,13.040670013321112
2021-05-15 20:30:00,18.80240462422691,13.64578403473977
2021-05-15 21:00:00,18.50791882712397,11.785996461293083
2021-05-15 21:30:00,18.427440482491672,11.704516443107643
2021-05-15 22:00:00,18.297216887588075,10.678996860467008
2021-05-15 22:30:00,18.20072786338681,10.967664733755779
2021-05-15 23:00:00,18.065330294490064,10.478674857768821
2021-05-15 23:30:00,18.175402324423505,10.145090382056072
2021-05-16 00:00:00,17.811968999293867,9.055657174135193
2021-05-16 00:30:00,17.711324911036808,8.126518275496371
2021-05-16 01:00:00,17.401676306010696,7.908632109829621
2021-05-16 01:30:00,17.557174547257237,7.9832566713934705
2021-05-16 02:00:00,17.571328065791892,7.979830625616147
2021-05-16 02:30:00,17.492701080777707,7.073028197263005
2021-05-16 03:00:00,17.321144585076254,8.22455453633902
2021-05-16 03:30:00,17.420865995382552,7.815934039951679
2021-05-16 04:00:00,17.527827615118525,8.323433473295545
2021-05-16 04:30:00,17.259438762647978,6.807878934445651
2021-05-16 05:00:00,17.60050468869639,7.622742914889976
2021-05-16 05:30:00,17.463862571204476,8.222894696772562
2021-05-16 06:00:00,17.4911869936871,8.474016652031057
2021-05-16 06:30:00,17.560167534168176,8.980473809856978
2021-05-16 07:00:00,17.57485855229603,8.154678174112824
2021-05-16 07:30:00,17.765347377696173,8.61948410211348
2021-05-16 08:00:00,17.577433722821706,9.161384892671533
2021-05-16 08:30:00,17.806218008944,9.8935290168669
2021-05-16 09:00:00,18.070753000408665,10.298035036486304
2021-05-16 09:30:00,18.10786235915778,11.324318255066203
2021-05-16 10:00:00,18.170079799319364,12.167900488588742
2021-05-16 10:30:00,18.307526071809644,12.81065333020968
2021-05-16 11:00:00,18.23715252278311,13.177536226922111
2021-05-16 11:30:00,18.394322859901287,13.594584046523421
2021-05-16 12:00:00,18.688422975508,14.24734412191722
2021-05-16 12:30:00,18.63668599533469,14.184847722222841
2021-05-16 13:00:00,18.750485397567957,15.79063745468277
2021-05-16 13:30:00,18.744297111113006,16.46171856658794
2021-05-16 14:00:00,18.901681998756732,15.2432150850486
2021-05-16 14:30:00,18.764819677241476,17.224769748319655
2021-05-16 15:00:00,19.02420612721412,16.580895622759694
2021-05-16 15:30:00,18.81556307983564,16.206071997398386
2021-05-16 16:00:00,19.09766886342405,16.26740118225227
2021-05-16 16:30:00,18.752643456981144,16.12090557576493
2021-05-16 17:00:00,18.807110361143316,16.525276215604933
2021-05-16 17:30:00,18.74674626885233,16.325820867959763
2021-05-16 18:00:00,18.96551202679636,15.571465675444978
2021-05-16 18:30:00,18.798015782961276,15.71384564343877
2021-05-16 19:00:00,18.657347941631027,14.234692497441705
2021-05-16 19:30:00,18.77859007996048,13.936557184667963
2021-05-16 20:00:00,18.34610773324266,13.954476916672293
2021-05-16 20:30:00,18.36295642430502,13.839314711601023
2021-05-16 21:00:00,18.278850859540256,13.53649266391472
2021-05-16 21:30:00,18.33098364224706,12.679310696629106
2021-05-16 22:00:00,18.12370172731773,11.970126035807535
2021-05-16 22:30:00,18.334246004342962,10.759250843297034
2021-05-16 23:00:00,17.854008875730763,10.349468309160553
2021-05-16 23:30:00,17.84609988518965,8.170103604610986
2021-05-17 00:00:00,18.14882474429065,7.767679489826866
2021-05-17 00:30:00,18.206851092806282,7.519283736798775
2021-05-17 01:00:00,18.074950970336765,7.12447231704039
2021-05-17 01:30:00,18.36331041704803,6.153238384760616
2021-05-17 02:00:00,18.028613381088242,6.079570002411717
2021-05-17 02:30:00,17.947670456962705,6.566930490150738
2021-05-17 03:00:00,17.94978069712241,5.505231182593559
2021-05-17 03:30:00,18.0283407180971,5.517425219203784
2021-05-17 04:00:00,18.01935755758787,6.649978202327954
2021-05-17 04:30:00,18.061820350373335,6.84030201193715
2021-05-17 05:00:00,17.91589770999023,6.2423718334527605
2021-05-17 05:30:00,17.910225318059997,7.527467450925823
2021-05-17 06:00:00,17.927743710439703,8.420312298464273
2021-05-17 06:30:00,18.098286506931817,8.101677038489605
2021-05-17 07:00:00,18.059217685863594,8.27135460186416
2021-05-17 07:30:00,18.289251734961184,8.960972371711815
2021-05-17 08:00:00,18.335623897481657,11.002396190400098
2021-05-17 08:30:00,18.481360867372118,9.299007978117867
2021-05-17 09:00:00,18.287599538303258,11.284294328465156
2021-05-17 09:30:00,18.571104905505337,11.054642465890634
2021-05-17 10:00:00,18.511517620840753,11.707579763900608
2021-05-17 10:30:00,18.74585460715211,11.899839578330209
2021-05-17 11:00:00,18.594859018471514,12.298464235039834
2021-05-17 11:30:00,19.06971390536598,13.049265229078484
2021-05-17 12:00:00,19.04383256317002,13.664540823717873
2021-05-17 12:30:00,19.015762788077037,14.222783355910634
2021-05-17 13:00:00,19.172675020290445,14.331567793071349
2021-05-17 13:30:00,19.291146177729797,14.45430261456783
2021-05-17 14:00:00,19.170688560767502,15.146972532208592
2021-05-17 14:30:00,19.45944205857101,15.54103911805792
2021-05-17 15:00:00,19.458787898215807,15.876839144792413
2021-05-17 15:30:00,19.381214660936127,15.824047408586697
2021-05-17 16:00:00,19.511913200487413,16.04578901051704
2021-05-17 16:30:00,19.272959847866044,17.074728533656625
2021-05-17 17:00:00,19.64563839886845,16.359597079333607
2021-05-17 17:30:00,19.170566099562105,16.64088065418501
2021-05-17 18:00:00,19.34735087694825,16.06631533235903
2021-05-17 18:30:00,19.350527054387573,15.452704366698322
2021-05-17 19:00:00,19.464879560094854,15.725925097611858
2021-05-17 19:30:00,19.207703366420557,15.161583528662451
2021-05-17 20:00:00,18.955075546339387,12.980175997341123
2021-05-17 20:30:00,19.05401150937837,13.252468454188557
2021-05-17 21:00:00,19.22103338701616,13.851882438046513
2021-05-17 21:30:00,18.807546976874377,12.61801811703226
2021-05-17 22:00:00,18.573012964537927,11.570139650022586
2021-05-17 22:30:00,18.735957740345615,11.413191844203897
2021-05-17 23:00:00,18.51273356214553,9.83533775433326
2021-05-17 23:30:00,18.22595237799703,9.13985777473954
2021-05-18 00:00:00,17.699725405830726,9.977069092444264
2021-05-18 00:30:00,17.731350343232023,8.925419334288575
2021-05-18 01:00:00,17.605459586803658,8.51985237977747
2021-05-18 01:30:00,17.68016313524135,7.456609295216079
2021-05-18 02:00:00,17.621272582127744,8.241712021723359
2021-05-18 02:30:00,17.566898434180306,8.654805275162362
2021-05-18 03:00:00,17.404004462488814,7.557141101334105
2021-05-18 03:30:00,17.404826811306393,7.9221959850724435
2021-05-18 04:00:00,17.400244518925714,6.761609508259934
2021-05-18 04:30:00,17.457464283326242,7.722638480764702
2021-05-18 05:00:00,17.501168363296102,8.598080410713846
2021-05-18 05:30:00,17.630637363015545,7.591982803866885
2021-05-18 06:00:00,17.589523076737546,7.813917010911051
2021-05-18 06:30:00,17.703552415247657,9.141154680089539
2021-05-18 07:00:00,17.531873473995212,9.146113768594883
2021-05-18 07:30:00,17.696915708063713,9.978673449604914
2021-05-18 08:00:00,17.934949434313147,11.006337118067735
2021-05-18 08:30:00,17.974456736603575,11.382061177552433
2021-05-18 09:00:00,18.003939233009543,11.26095747514172
2021-05-18 09:30:00,18.12919527863098,11.33626384848004
2021-05-18 10:00:00,18.199341386614414,13.247437039192167
2021-05-18 10:30:00,18.26584660560319,12.808041648114289
2021-05-18 11:00:00,18.419796712458243,13.415708082170784
2021-05-18 11:30:00,18.485443299141888,13.472265248477685
2021-05-18 12:00:00,18.57675556295956,15.328517185020461
2021-05-18 12:30:00,18.449956949775753,14.380670807166096
2021-05-18 13:00:00,18.838107449688117,15.596761940100349
2021-05-18 13:30:00,18.85704311122036,16.48056548109558
2021-05-18 14:00:00,18.820895928467657,15.226804488732466
2021-05-18 14:30:00,18.860287671970656,16.16453589751952
2021-05-18 15:00:00,18.76202775793393,16.603098120785905
2021-05-18 15:30:00,19.012899045069748,16.10288875103257
2021-05-18 16:00:00,18.799421610303682,16.55111614461174
2021-05-18 16:30:00,19.096961802634425,17.059675039945795
2021-05-18 17:00:00,18.937512824292998,16.623276670679463
2021-05-18 17:30:00,18.940199718193885,16.19775440183084
2021-05-18 18:00:00,18.762894478987445,16.72346463162814
2021-05-18 18:30:00,18.81656461570535,16.010688597932596
2021-05-18 19:00:00,18.667257311916078,15.918382955419675
2021-05-18 19:30:00,18.49288568721204,15.238447949842001
2021-05-18 20:00:00,18.54366328859083,14.233023505251577
2021-05-18 20:30:00,18.300786538786344,14.349675668072448
2021-05-18 21:00:00,18.399120668380554,13.33899039714686
2021-05-18 21:30:00,18.3581230865585,12.810201608177097
2021-05-18 22:00:00,18.05481991465415,12.236015639652512
2021-05-18 22:30:00,18.157098924143195,11.127247175762584
2021-05-18 23:00:00,17.89372410012905,11.260074648857682
2021-05-18 23:30:00,17.750260336131493,9.85034348959943
2021-05-19 00:00:00,17.266224469900212,9.740221467916747
2021-05-19 00:30:00,17.04206925679982,10.222610303154884
2021-05-19 01:00:00,16.94010509505167,10.757019109991925
2021-05-19 01:30:00,17.083033437274825,9.713716504457068
2021-05-19 02:00:00,16.797002838442353,9.449828230180916
2021-05-19 02:30:00,16.7981936595268,8.576160286167077
2021-05-19 03:00:00,16.75117146035861,8.711922337130911
2021-05-19 03:30:00,16.754823004417016,9.14355020390151
2021-05-19 04:00:00,16.926640661685816,9.558040695064197
2021-05-19 04:30:00,16.654150708907615,9.828137739444877
2021-05-19 05:00:00,16.497429033702954,9.616715143449106
2021-05-19 05:30:00,16.796155375515184,9.512329418662235
2021-05-19 06:00:00,16.838920071248612,9.948492103417893
2021-05-19 06:30:00,16.950170042741632,10.282313472593597
2021-05-19 07:00:00,17.09721574404662,11.015012934637378
2021-05-19 07:30:00,16.910974774885023,12.15445447192275
2021-05-19 08:00:00,17.284615680283462,12.46571344317139
2021-05-19 08:30:00,17.27218060435296,12.74910163286291
2021-05-19 09:00:00,17.153581596810316,13.660829310218693
2021-05-19 09:30:00,17.585037349403162,14.520586616279648
2021-05-19 10:00:00,17.555672597389467,14.473763136808103
2021-05-19 10:30:00,17.631669432661848,15.935379237275432
2021-05-19 11:00:00,17.802684110567323,15.548030164897192
2021-05-19 11:30:00,17.585125377587026,17.26007457546145
2021-05-19 12:00:00,17.6222302003681,17.342842793279594
2021-05-19 12:30:00,17.75062906360645,16.942168933682265
2021-05-19 13:00:00,18.02274690454328,18.326095311461625
2021-05-19 13:30:00,18.030376989686342,18.454738302511515
2021-05-19 14:00:00,18.120504392598516,18.397823156823925
2021-05-19 14:30:00,18.32274656855178,18.12676232091992
2021-05-19 15:00:00,18.193038769099278,18.642968657066074
2021-05-19 15:30:00,18.222334773309704,19.20987106181512
2021-05-19 16:00:00,18.025098669413723,19.316005854245297
2021-05-19 16:30:00,18.076060697348545,18.71977130655112
2021-05-19 17:00:00,18.216105836044587,19.959549583881007
2021-05-19 17:30:00,18.009085606452597,19.27622313709618
2021-05-19 18:00:00,18.01953405444775,18.831545317434706
2021-05-19 18:30:00,18.117845895732597,18.33154556772336
2021-05-19 19:00:00,17.94847473398475,17.124100980454255
2021-05-19 19:30:00,17.78908608215917,17.322995281580575
2021-05-19 20:00:00,17.824970763931894,15.884008575332318
2021-05-19 20:30:00,17.88483793403753,15.618915855731466
2021-05-19 21:00:00,17.812246978782838,15.51577277501438
2021-05-19 21:30:00,17.614760840789206,14.692642512442143
2021-05-19 22:00:00,17.496777854649817,13.593500902625015
2021-05-19 22:30:00,17.425795016409776,13.19077886280897
2021-05-19 23:00:00,17.396140234538716,12.578034128508364
2021-05-19 23:30:00,17.22792968518892,11.536824114719284
2021-05-20 00:00:00,17.555690626299892,11.325556441658833
2021-05-20 00:30:00,17.56030753595943,11.21681842026234
2021-05-20 01:00:00,17.449313269311855,10.433560528386167
2021-05-20 01:30:00,17.43804723787915,9.635161859719165
2021-05-20 02:00:00,17.413020735046533,9.084824556073178
2021-05-20 02:30:00,17.258374149753344,9.358150414273837
2021-05-20 03:00:00,17.33484015409306,9.279520170326238
2021-05-20 03:30:00,17.31487537631271,10.04966912352288
2021-05-20 04:00:00,17.28427031348434,9.559072243230258
2021-05-20 04:30:00,17.250249470553445,10.824790935240335
2021-05-20 05:00:00,17.19696143581443,10.608896082060172
2021-05-20 05:30:00,17.483322947594267,10.46729549556639
2021-05-20 06:00:00,17.51702367263787,10.9692363883802
2021-05-20 06:30:00,17.421782176644218,10.647928485347348
2021-05-20 07:00:00,17.429472795781656,11.444162665515375
2021-05-20 07:30:00,17.567636209986063,10.705674481064591
2021-05-20 08:00:00,17.6388391510623,11.694427242692493
2021-05-20 08:30:00,17.702754875285866,11.411471427836636
2021-05-20 09:00:00,17.613025049508295,12.648938013214606
2021-05-20 09:30:00,17.880064277277548,14.072390095884261
2021-05-20 10:00:00,18.041271143697934,14.010056613286872
2021-05-20 10:30:00,18.13271553397453,14.161278039826463
2021-05-20 11:00:00,18.059761102067807,14.52590435737564
2021-05-20 11:30:00,18.396108999695947,15.148579876415095
2021-05-20 12:00:00,18.52737122420464,15.388944569637395
2021-05-20 12:30:00,18.426659519778465,16.045839821671862
2021-05-20 13:00:00,18.50846972152897,16.360543367483398
2021-05-20 13:30:00,18.74770875812644,17.000861817434608
2021-05-20 14:00:00,18.642677979172344,16.68948608534716
2021-05-20 14:30:00,18.737359926299057,16.735091217161962
2021-05-20 15:00:00,18.862250948101103,17.50681399964934
2021-05-20 15:30:00,18.7474981770827,16.833542923347494
2021-05-20 16:00:00,18.874604850322374,17.518799018783344
2021-05-20 16:30:00,18.615137919500548,17.05359935459868
2021-05-20 17:00:00,18.936184910594935,17.154845993784186
2021-05-20 17:30:00,18.526105942774908,17.345386729227176
2021-05-20 18:00:00,18.72930979876716,16.2423551798761
2021-05-20 18:30:00,18.66998833592191,15.88682855868438
2021-05-20 19:00:00,18.32433824262549,16.24463004276979
2021-05-20 19:30:00,18.395635181092697,15.624420521683325
2021-05-20 20:00:00,18.38154611337195,16.090043201795883
2021-05-20 20:30:00,18.10886928049918,15.209860591466635
2021-05-20 21:00:00,18.184311720009344,13.939434185999696
2021-05-20 21:30:00,18.042980715031206,13.364468728873609
2021-05-20 22:00:00,18.12590428591343,12.601761049319675
2021-05-20 22:30:00,17.666519045870903,11.927642174263271
2021-05-20 23:00:00,17.842342141042742,10.70689115686093
2021-05-20 23:30:00,17.714386505147118,10.395653670689358
2021-05-21 00:00:00,17.971682530797214,10.755309345735839
2021-05-21 00:30:00,17.903617057028853,8.882810329640582
2021-05-21 01:00:00,17.92909425261936,8.678827584101393
2021-05-21 01:30:00,17.984277391176303,8.86596318374838
2021-05-21 02:00:00,17.890811234030537,9.12266056733021
2021-05-21 02:30:00,17.51646023228418,8.978003995697517
2021-05-21 03:00:00,17.60882875221106,9.02828869517307
2021-05-21 03:30:00,17.562669475633232,9.132871456847631
2021-05-21 04:00:00,17.704403822373067,9.498210216507056
2021-05-21 04:30:00,17.612677304423755,8.893065012418576
2021-05-21 05:00:00,17.558943527647724,9.274384272063402
2021-05-21 05:30:00,17.7269222801036,9.88086352040596
2021-05-21 06:00:00,17.70345790419192,10.295744753540557
2021-05-21 06:30:00,17.846196334346363,10.510346480782554
2021-05-21 07:00:00,18.07408789071202,11.327465943166906
2021-05-21 07:30:00,18.013878596658994,11.019367084434307
2021-05-21 08:00:00,17.756937884272006,12.30762140947216
2021-05-21 08:30:00,18.043915457998036,13.292851940515504
2021-05-21 09:00:00,18.098814104623266,12.6433963321815
2021-05-21 09:30:00,18.332790037001242,13.787869414317898
2021-05-21 10:00:00,18.354953431545624,13.674267872178516
2021-05-21 10:30:00,18.61420594563649,15.477164083879357
2021-05-21 11:00:00,18.555406056115245,15.579461419944774
2021-05-21 11:30:00,18.821078218861384,16.523361426614652
2021-05-21 12:00:00,18.68221860191136,16.352915813172785
2021-05-21 12:30:00,18.79322450283956,16.652847597242726
2021-05-21 13:00:00,18.767427167936848,17.013695636962897
2021-05-21 13:30:00,18.933297417080016,17.83606914235231
2021-05-21 14:00:00,19.14466895707541,18.468437331124445
2021-05-21 14:30:00,19.192421569855544,18.873326655126164
2021-05-21 15:00:00,19.180945383890375,17.18065848693365
2021-05-21 15:30:00,19.212257372389153,18.56217305002778
2021-05-21 16:00:00,18.985166163184225,18.330707234871497
2021-05-21 16:30:00,18.927543866308774,17.870351974130855
2021-05-21 17:00:00,19.37896732639118,17.706457822267787
2021-05-21 17:30:00,19.20157808148615,17.720472096249775
2021-05-21 18:00:00,19.00287682421989,17.5519140674335
2021-05-21 18:30:00,19.06425551827499,17.714886001708916
2021-05-21 19:00:00,18.894713628745198,17.33799172686763
2021-05-21 19:30:00,18.865986019046485,16.199808180396705
2021-05-21 20:00:00,18.88838795186526,14.562052367213225
2021-05-21 20:30:00,18.63800305967805,15.117969733862427
2021-05-21 21:00:00,18.677061195622038,14.822378710998834
2021-05-21 21:30:00,18.6598744794964,14.258896461288867
2021-05-21 22:00:00,18.38209090877091,14.145033436673717
2021-05-21 22:30:00,18.298372088492,13.68419517778587
2021-05-21 23:00:00,18.227913213245518,12.985485320921498
2021-05-21 23:30:00,17.981751166991547,11.347798468206323
2021-05-22 00:00:00,17.597256832540648,11.167464461755255
2021-05-22 00:30:00,17.50028613924272,11.868556121729942
2021-05-22 01:00:00,17.450109618577766,11.645608084775922
2021-05-22 01:30:00,17.356783889740985,11.037982309818585
2021-05-22 02:00:00,17.34503882287154,10.164635592469438
2021-05-22 02:30:00,17.36256614463004,10.80977339765918
2021-05-22 03:00:00,17.367896738299144,9.82182863491825
2021-05-22 03:30:00,17.21891309735366,10.126753561601934
2021-05-22 04:00:00,17.247966292180855,11.37356557859257
2021-05-22 04:30:00,17.288306360464787,11.25524949198461
2021-05-22 05:00:00,17.0779332756062,13.022789118460508
2021-05-22 05:30:00,17.180417838000388,12.119015091701975
2021-05-22 06:00:00,17.209873439866435,11.620495493773552
2021-05-22 06:30:00,17.37755369628522,11.417839684617967
2021-05-22 07:00:00,17.43514539725317,12.51005640897821
2021-05-22 07:30:00,17.426508256950978,12.446458104184702
2021-05-22 08:00:00,17.387368536751854,13.46905046094772
2021-05-22 08:30:00,17.569894014372192,14.697707945883451
2021-05-22 09:00:00,17.93244386985159,15.602310974343453
2021-05-22 09:30:00,17.856732511192657,15.299012056771401
2021-05-22 10:00:00,18.112888481653435,15.584101285699402
2021-05-22 10:30:00,17.92398875723632,16.357645437667504
2021-05-22 11:00:00,18.028866381162768,16.633474240078023
2021-05-22 11:30:00,18.150630481765567,15.837807146652658
2021-05-22 12:00:00,18.20881028411805,16.793079064961724
2021-05-22 12:30:00,18.47186103057786,16.89300706222523
2021-05-22 13:00:00,18.377426557808636,17.099060279370494
2021-05-22 13:30:00,18.52682242972381,17.582875646929843
2021-05-22 14:00:00,18.71817606530887,18.074418344999284
2021-05-22 14:30:00,18.642499361739326,17.45274952906201
2021-05-22 15:00:00,18.608961574362645,17.237224017613265
2021-05-22 15:30:00,18.55086785416873,17.14001000420352
2021-05-22 16:00:00,18.548204539288527,17.476341418345413
2021-05-22 16:30:00,18.855080443101524,16.90570267883768
2021-05-22 17:00:00,18.620598407869572,17.1548339224062
2021-05-22 17:30:00,18.576526493725382,17.650888274296527
2021-05-22 18:00:00,18.639824015503265,16.787920629474694
2021-05-22 18:30:00,18.481311310102992,16.417567296889835
2021-05-22 19:00:00,18.465180887304065,17.111379009928793
2021-05-22 19:30:00,18.35488687376285,15.255601278556249
2021-05-22 20:00:00,18.340756339683523,14.546159212928462
2021-05-22 20:30:00,18.266942930927097,14.812743080610137
2021-05-22 21:00:00,18.126074085969623,15.165178718834111
2021-05-22 21:30:00,18.091303083703146,14.116963851511832
2021-05-22 22:00:00,17.90797677492346,13.863052534489139
2021-05-22 22:30:00,17.802654514801073,14.098984593742395
2021-05-22 23:00:00,17.87095117474524,13.254835968611637
2021-05-22 23:30:00,17.724347206154437,12.89748810854026
2021-05-23 00:00:00,18.00688711899479,12.14624487169698
2021-05-23 00:30:00,17.884864331848394,10.548657085999643
2021-05-23 01:00:00,17.890087948826224,10.648845839797472
2021-05-23 01:30:00,17.840675045941577,10.032967337959123
2021-05-23 02:00:00,17.925452115469287,10.437386897160973
2021-05-23 02:30:00,17.59715479480238,9.108667030298566
2021-05-23 03:00:00,17.523412917657158,10.005298448211779
2021-05-23 03:30:00,17.65633308107631,8.981009138763211
2021-05-23 04:00:00,17.66963534758671,9.980076284548751
2021-05-23 04:30:00,17.78112146125619,10.48689404274491
2021-05-23 05:00:00,17.703385364733947,10.613928886365155
2021-05-23 05:30:00,17.594132048312595,10.577064621638051
2021-05-23 06:00:00,17.62861123645928,10.24113914744557
2021-05-23 06:30:00,17.715902877672733,11.56512624009672
2021-05-23 07:00:00,17.829517726477903,13.060883680932422
2021-05-23 07:30:00,17.965774542781983,13.389669302036683
2021-05-23 08:00:00,18.15289289975103,13.34409391840068
2021-05-23 08:30:00,18.20413795936229,12.96774931446063
2021-05-23 09:00:00,18.13636171512136,13.806849129531837
2021-05-23 09:30:00,18.116539926984416,14.856251509280574
2021-05-23 10:00:00,18.172262958406147,15.277923991108484
2021-05-23 10:30:00,18.644621197526213,15.456810532928401
2021-05-23 11:00:00,18.638561957672046,15.486901223732165
2021-05-23 11:30:00,18.68492280635894,16.236159988152835
2021-05-23 12:00:00,18.922440995192492,17.004649355744956
2021-05-23 12:30:00,18.57087093258402,16.806360428736514
2021-05-23 13:00:00,18.821016064774156,17.248442453921612
2021-05-23 13:30:00,19.12797504114903,18.01633767022099
2021-05-23 14:00:00,19.15218181037343,18.160349111127296
2021-05-23 14:30:00,19.243853077365312,19.580442243659878
2021-05-23 15:00:00,19.06253397585617,20.215596887364
2021-05-23 15:30:00,19.318099547064595,19.031368406367676
2021-05-23 16:00:00,19.234936800616858,19.97208931584612
2021-05-23 16:30:00,19.168648278317164,18.396447596600012
2021-05-23 17:00:00,19.16138182397662,18.297866766822192
2021-05-23 17:30:00,18.989096581969115,18.38453951666425
2021-05-23 18:00:00,19.220866018501173,17.787800939957236
2021-05-23 18:30:00,19.11158561062329,17.963246809189904
2021-05-23 19:00:00,19.070129514547727,16.604535357059596
2021-05-23 19:30:00,18.901930865719248,15.566624988213027
2021-05-23 20:00:00,18.626643370153282,15.609282001332947
2021-05-23 20:30:00,18.774082262557325,14.712499970108523
2021-05-23 21:00:00,18.68190267565685,14.505802607161746
2021-05-23 21:30:00,18.54174379858311,12.98376788998853
2021-05-23 22:00:00,18.36286309197813,13.103424573778687
2021-05-23 22:30:00,18.195437517006596,11.75730603571963
2021-05-23 23:00:00,17.944699644537444,11.144181233017225
2021-05-23 23:30:00,17.90615594361036,11.490486503601998
2021-05-24 00:00:00,18.17064352369731,9.599343122315066
2021-05-24 00:30:00,18.330839293525017,9.711524996638964
2021-05-24 01:00:00,18.158151186936696,9.53900404382593
2021-05-24 01:30:00,18.2135614661071,8.136082733300897
2021-05-24 02:00:00,17.973723169981813,8.161873320339186
2021-05-24 02:30:00,17.861672837158178,8.128665112100816
2021-05-24 03:00:00,18.019502290166493,8.74872949582986
2021-05-24 03:30:00,17.69159581413186,7.699105997002997
2021-05-24 04:00:00,17.874604434545596,8.497566386888284
2021-05-24 04:30:00,18.114112882656634,7.765822774177663
2021-05-24 05:00:00,17.9643919606871,7.126378269274911
2021-05-24 05:30:00,18.007096092276953,8.605353064273817
2021-05-24 06:00:00,17.887391112830755,8.58029343510083
2021-05-24 06:30:00,18.141616104510106,8.957467004508946
2021-05-24 07:00:00,18.18692449609348,8.707361854211342
2021-05-24 07:30:00,18.30127604491029,8.306987416086919
2021-05-24 08:00:00,18.45443367877605,9.485682515921543
2021-05-24 08:30:00,18.54390123356469,10.771227332734284
2021-05-24 09:00:00,18.42555659212294,11.001901197306523
2021-05-24 09:30:00,18.5843824555791,11.246623538298412
2021-05-24 10:00:00,18.60552243805892,11.932966875829703
2021-05-24 10:30:00,18.6932813634853,12.336087568592308
2021-05-24 11:00:00,18.840889933913754,12.914707950276723
2021-05-24 11:30:00,18.961187084007285,13.151693204483093
2021-05-24 12:00:00,18.994872805423903,13.052061747775117
2021-05-24 12:30:00,19.180461841618808,13.829498760163764
2021-05-24 13:00:00,19.199369167419274,14.966248403982284
2021-05-24 13:30:00,19.20413884645309,14.533888849208475
2021-05-24 14:00:00,19.398391556227566,15.417525044114955
2021-05-24 14:30:00,19.27736529560724,15.585410696902542
2021-05-24 15:00:00,19.24086505538891,14.869047664593253
2021-05-24 15:30:00,19.643803292813512,14.816718999127522
2021-05-24 16:00:00,19.258392547351143,16.006403563705803
2021-05-24 16:30:00,19.54644404929748,15.012472406651286
2021-05-24 17:00:00,19.57974812942766,14.977705825589275
2021-05-24 17:30:00,19.56017230841198,14.414211742586994
2021-05-24 18:00:00,19.1699618842951,14.33640855812552
2021-05-24 18:30:00,19.369110825573912,14.266688634898095
2021-05-24 19:00:00,19.141723213581354,13.666667834067459
2021-05-24 19:30:00,19.217843108218297,12.845663416068998
2021-05-24 20:00:00,19.126655426588474,13.499959978341996
2021-05-24 20:30:00,19.00969349431023,12.609867001990125
2021-05-24 21:00:00,18.964970165090918,11.413384479975933
2021-05-24 21:30:00,19.08294931580134,11.732464134120821
2021-05-24 22:00:00,18.720984527200443,11.908199459388515
2021-05-24 22:30:00,18.48330658742007,9.858357638996377
2021-05-24 23:00:00,18.668839997600845,10.560489410605673
2021-05-24 23:30:00,18.455737600552602,10.289523021906845
2021-05-25 00:00:00,18.53066186772072,8.70426402515715
2021-05-25 00:30:00,18.508056997380304,7.430836133640182
2021-05-25 01:00:00,18.108401456632215,7.868246141970758
2021-05-25 01:30:00,18.36099495448718,6.238347113851297
2021-05-25 02:00:00,17.984137916908992,7.459402188027163
2021-05-25 02:30:00,18.245546945001898,7.020251388424878
2021-05-25 03:00:00,18.217599586482084,7.36914775992607
2021-05-25 03:30:00,18.24699252615888,7.501030111580934
2021-05-25 04:00:00,18.241493468285245,7.512107583383248
2021-05-25 04:30:00,18.02736923863591,7.062938703986254
2021-05-25 05:00:00,18.180996786614706,7.231582862749757
2021-05-25 05:30:00,18.153340423954464,7.779517277801115
2021-05-25 06:00:00,18.185106090793965,8.820747876267756
2021-05-25 06:30:00,18.177783115737384,9.218259554947837
2021-05-25 07:00:00,18.04311382355736,9.010816867008952
2021-05-25 07:30:00,18.26528124862984,9.875008453288864
2021-05-25 08:00:00,18.321933895990405,10.351441257226936
2021-05-25 08:30:00,18.368577433661653,11.291842466734911
2021-05-25 09:00:00,18.62646797523479,11.029070471652837
2021-05-25 09:30:00,18.866943622714807,12.551119155343544
2021-05-25 10:00:00,18.802596858360722,12.979288918042446
2021-05-25 10:30:00,19.17406762694625,14.895654181452086
2021-05-25 11:00:00,19.077190419078732,14.72966564386494
2021-05-25 11:30:00,19.138828636110052,15.1960798988404
2021-05-25 12:00:00,19.44139879529725,15.615446433497716
2021-05-25 12:30:00,19.297716137136316,15.872236961091867
2021-05-25 13:00:00,19.50819549592389,16.14549593914815
2021-05-25 13:30:00,19.608270197351043,16.015897024514853
2021-05-25 14:00:00,19.603649152333322,17.643710666469882
2021-05-25 14:30:00,19.651257078899782,17.271933935055635
2021-05-25 15:00:00,19.7574570905606,17.263384243817946
2021-05-25 15:30:00,19.461556817172266,17.387728284472335
2021-05-25 16:00:00,19.772359258108487,17.27248093816582
2021-05-25 16:30:00,19.481791106626034,16.97518203905726
2021-05-25 17:00:00,19.847295747503363,17.34533576583608
2021-05-25 17:30:00,19.650128903550925,17.31024813351839
2021-05-25 18:00:00,19.692106546654962,16.08638850717854
2021-05-25 18:30:00,19.599365205245856,15.694668030546959
2021-05-25 19:00:00,19.415904623677473,14.790624120868767
2021-05-25 19:30:00,19.258944054716437,13.767616375335184
2021-05-25 20:00:00,19.320325486791287,13.911469351420411
2021-05-25 20:30:00,19.422262384273907,14.13203857194856
2021-05-25 21:00:00,19.199621189459833,13.615436769957538
2021-05-25 21:30:00,18.87589074842746,13.511302660379629
2021-05-25 22:00:00,18.70290207452301,11.824429470142015
2021-05-25 22:30:00,18.721009721363448,12.167923985113678
2021-05-25 23:00:00,18.693672058440196,10.553082246289522
2021-05-25 23:30:00,18.46048246874531,10.789921397602019
2021-05-26 00:00:00,18.54671688009163,10.090477803067959
2021-05-26 00:30:00,18.634702144565175,10.085633375448412
2021-05-26 01:00:00,18.558218610025747,9.482085950749982
2021-05-26 01:30:00,18.489178082619986,9.207947608811471
2021-05-26 02:00:00,18.57371711261001,8.82344634310815
2021-05-26 02:30:00,18.35288678579162,8.20828174836959
2021-05-26 03:00:00,18.22253102027798,8.086248641736903
2021-05-26 03:30:00,18.257014561173186,8.666704362601946
2021-05-26 04:00:00,18.464786399421445,8.84492493298764
2021-05-26 04:30:00,18.08658755784939,8.462952466868556
2021-05-26 05:00:00,18.433813990483383,8.264553398440068
2021-05-26 05:30:00,18.42165683876655,8.37177916482495
2021-05-26 06:00:00,18.60874613287644,9.78607457640011
2021-05-26 06:30:00,18.46178818785243,10.043576173475227
2021-05-26 07:00:00,18.577312319127262,10.560854711595574
2021-05-26 07:30:00,18.645954010291305,12.18846494496012
2021-05-26 08:00:00,18.750134004369507,11.212751368280134
2021-05-26 08:30:00,18.823879865460388,12.860479125642424
2021-05-26 09:00:00,18.975327374876592,13.545852900393061
2021-05-26 09:30:00,19.17618755920181,13.86412662828125
2021-05-26 10:00:00,18.898450090242797,14.381060100002205
2021-05-26 10:30:00,19.142241976443387,15.638895663918376
2021-05-26 11:00:00,19.133853793395243,15.734968969176911
2021-05-26 11:30:00,19.33434044084121,16.49636001172799
2021-05-26 12:00:00,19.539551549263177,16.972743735740156
2021-05-26 12:30:00,19.456345774955714,16.688937791648268
2021-05-26 13:00:00,19.643146024468503,17.49925118769302
2021-05-26 13:30:00,19.9026262901759,17.20754535896368
2021-05-26 14:00:00,19.564253005324446,17.537384554740633
2021-05-26 14:30:00,19.7936926903239,18.080352057520944
2021-05-26 15:00:00,19.902665630423883,18.095339412554903
2021-05-26 15:30:00,19.878017560501203,18.585706626860613
2021-05-26 16:00:00,19.939949905764927,17.702155010756183
2021-05-26 16:30:00,19.713528508486117,17.443084124806184
2021-05-26 17:00:00,19.767901732393003,18.20594498699091
2021-05-26 17:30:00,19.70050199966649,17.4773390285319
2021-05-26 18:00:00,19.703952786478254,17.19054927825446
2021-05-26 18:30:00,19.6138023921638,17.849041919952246
2021-05-26 19:00:00,19.762510189848815,16.737047958201813
2021-05-26 19:30:00,19.45533155160818,16.566511133320873
2021-05-26 20:00:00,19.381419195904652,16.452598925286917
2021-05-26 20:30:00,19.472081977313472,15.106903357064482
2021-05-26 21:00:00,19.423331275468367,13.519366811210784
2021-05-26 21:30:00,19.154082465104,14.015872325631987
2021-05-26 22:00:00,19.116277347694098,13.63146262322449
2021-05-26 22:30:00,18.836921636306876,13.349118193548042
2021-05-26 23:00:00,18.96151678299001,11.808899090008598
2021-05-26 23:30:00,18.651997626117524,11.838693389832294
2021-05-27 00:00:00,18.174779232441008,11.149507990807924
2021-05-27 00:30:00,18.284203510077134,10.144190611775254
2021-05-27 01:00:00,18.137563557874817,9.585394055158206
2021-05-27 01:30:00,17.947479247579732,9.588365419059038
2021-05-27 02:00:00,18.05992482786137,9.350452390607881
2021-05-27 02:30:00,17.82835546306668,8.628581135640767
2021-05-27 03:00:00,17.862433061562054,8.280579736246658
2021-05-27 03:30:00,17.850095825284193,7.826226189800196
2021-05-27 04:00:00,17.852251296951785,7.922997050815213
2021-05-27 04:30:00,17.929060220909907,8.821588374783255
2021-05-27 05:00:00,18.09371890452846,9.146688312100059
2021-05-27 05:30:00,17.959392344482886,9.285884117747345
2021-05-27 06:00:00,17.929607889555232,9.683967833842004
2021-05-27 06:30:00,17.8662722419842,9.995456999411116
2021-05-27 07:00:00,17.81085882216656,9.723587568858102
2021-05-27 07:30:00,18.213972746095205,11.645663257491922
2021-05-27 08:00:00,18.172633664157512,10.444511262732176
2021-05-27 08:30:00,18.183306413371035,12.13034488324297
2021-05-27 09:00:00,18.281117048741713,11.785583347460843
2021-05-27 09:30:00,18.458081075779553,11.705140190825412
2021-05-27 10:00:00,18.588192892363647,12.799198325337565
2021-05-27 10:30:00,18.60466851972981,13.453336674605463
2021-05-27 11:00:00,18.620006012340582,12.486886806144305
2021-05-27 11:30:00,18.720564060156555,13.924442203207049
2021-05-27 12:00:00,19.13451816773191,13.643230331589356
2021-05-27 12:30:00,18.777344213088053,14.549051782960353
2021-05-27 13:00:00,19.34735399235444,14.67938423814495
2021-05-27 13:30:00,19.353999307444205,14.213326218285024
2021-05-27 14:00:00,19.376674765230888,14.76353030514748
2021-05-27 14:30:00,19.43528352203253,14.739583500400641
2021-05-27 15:00:00,19.16697250907844,14.76315944818258
2021-05-27 15:30:00,19.18055458539646,15.157396660754602
2021-05-27 16:00:00,19.323361959218946,15.217629581425093
2021-05-27 16:30:00,19.145682125504454,13.83679093004801
2021-05-27 17:00:00,19.44439443852232,14.737462921855004
2021-05-27 17:30:00,19.19410075397865,14.216511564981285
2021-05-27 18:00:00,19.33949924475486,14.304695435605538
2021-05-27 18:30:00,19.080761000678773,12.520261912369838
2021-05-27 19:00:00,19.21506900586183,11.667343236138413
2021-05-27 19:30:00,19.093485364298722,12.403865785498656
2021-05-27 20:00:00,19.002614958346864,11.642697209357834
2021-05-27 20:30:00,18.91982148832178,10.43628477412974
2021-05-27 21:00:00,18.699213659289455,10.414305410803152
2021-05-27 21:30:00,18.75622879899829,8.86530652701292
2021-05-27 22:00:00,18.67252060528252,10.711842474190673
2021-05-27 22:30:00,18.833617572672022,8.1992373428913
2021-05-27 23:00:00,18.26587756092104,7.823939959989981
2021-05-27 23:30:00,18.47356428170597,7.467072272298488
2021-05-28 00:00:00,18.528017703994255,6.868756058045825
2021-05-28 00:30:00,18.46478065274726,5.945541176281007
2021-05-28 01:00:00,18.20040285904774,5.750519456893178
2021-05-28 01:30:00,18.52226326213899,5.732360823828682
2021-05-28 02:00:00,18.296977201599322,5.369761620511799
2021-05-28 02:30:00,18.24317433606025,4.92136020535659
2021-05-28 03:00:00,18.10065852307102,5.233057561485128
2021-05-28 03:30:00,18.203415177422123,6.001733623462286
2021-05-28 04:00:00,18.15295920814631,4.933837881576438
2021-05-28 04:30:00,18.268796484397953,5.147429169370225
2021-05-28 05:00:00,18.289379236204205,6.097871728734615
2021-05-28 05:30:00,18.31655732101278,5.454276061279968
2021-05-28 06:00:00,18.20639901298418,5.484767840313677
2021-05-28 06:30:00,18.21335475344529,6.774995761565093
2021-05-28 07:00:00,18.288664744609143,6.548927973880142
2021-05-28 07:30:00,18.350135365414776,8.49142449301921
2021-05-28 08:00:00,18.548075208061352,8.832506164387361
2021-05-28 08:30:00,18.71247938109572,9.056247053488
2021-05-28 09:00:00,18.675291422899008,8.825545983546872
2021-05-28 09:30:00,18.97937349367924,10.13542248312993
2021-05-28 10:00:00,19.084385245826766,10.343700219202091
2021-05-28 10:30:00,19.007652006509925,10.547017558277055
2021-05-28 11:00:00,19.10874762536045,11.733063651609807
2021-05-28 11:30:00,18.975252683967202,12.135077490465125
2021-05-28 12:00:00,19.400917769299582,13.580279987190115
2021-05-28 12:30:00,19.422241951414875,14.073283721500728
2021-05-28 13:00:00,19.38093164740433,14.32617300594767
2021-05-28 13:30:00,19.801434570704437,13.110578126556904
2021-05-28 14:00:00,19.865125863828304,13.60614888321347
2021-05-28 14:30:00,19.627018418402617,15.177938377180341
2021-05-28 15:00:00,19.776046877810604,13.798958023346414
2021-05-28 15:30:00,19.808728146947036,14.250540845681542
2021-05-28 16:00:00,19.986025639800705,13.045805061601584
2021-05-28 16:30:00,19.828496670176634,13.784285029841874
2021-05-28 17:00:00,19.67408687523675,14.057751870266081
2021-05-28 17:30:00,19.621025864671427,13.178113514874013
2021-05-28 18:00:00,19.637661619545895,14.053894559919268
2021-05-28 18:30:00,19.513543395111466,12.34784189770387
2021-05-28 19:00:00,19.54403696473337,13.696721086261489
2021-05-28 19:30:00,19.441968617292243,12.16874408538217
2021-05-28 20:00:00,19.29792881300967,10.864663475219443
2021-05-28 20:30:00,19.16801528447986,10.056998313304193
2021-05-28 21:00:00,19.045927271899167,10.221831657423508
2021-05-28 21:30:00,19.371178993402655,9.83509876640314
2021-05-28 22:00:00,19.03932417078832,9.32419749980741
2021-05-28 22:30:00,18.93462879502231,8.059556948151867
2021-05-28 23:00:00,18.910155943988617,8.176821024218139
2021-05-28 23:30:00,18.777902843492697,7.87158803212639
2021-05-29 00:00:00,18.856979640296718,6.992789036770855
2021-05-29 00:30:00,18.70124327277838,6.014226912012217
2021-05-29 01:00:00,18.650125511077842,6.059041092941793
2021-05-29 01:30:00,18.579438109387574,5.408980182130178
2021-05-29 02:00:00,18.368398478101856,5.448885916880324
2021-05-29 02:30:00,18.49604798611787,4.873375693790737
2021-05-29 03:00:00,18.47134550472602,5.531989810097829
2021-05-29 03:30:00,18.306102685539923,5.8349629938801435
2021-05-29 04:00:00,18.45288167034868,4.647713097808033
2021-05-29 04:30:00,18.503122576945024,4.955708846092444
2021-05-29 05:00:00,18.517912006392482,5.96486282675277
2021-05-29 05:30:00,18.642272581935412,5.190538927736898
2021-05-29 06:00:00,18.52104105165797,5.786675292117846
2021-05-29 06:30:00,18.613488009328698,7.091892390071561
2021-05-29 07:00:00,18.819463537062923,6.391320595776274
2021-05-29 07:30:00,18.579510781091706,7.027251270460766
2021-05-29 08:00:00,18.782492675862745,8.396850451188183
2021-05-29 08:30:00,18.79103051500863,8.177641522034955
2021-05-29 09:00:00,18.9671620548126,9.086496495232884
2021-05-29 09:30:00,19.264268467937953,9.610468577372389
2021-05-29 10:00:00,19.061153947988227,10.3722352327428
2021-05-29 10:30:00,19.5028559573637,10.090281262321081
2021-05-29 11:00:00,19.45692842475875,11.210469371054248
2021-05-29 11:30:00,19.482033026831253,11.292935435284868
2021-05-29 12:00:00,19.60787309971409,12.360635115942992
2021-05-29 12:30:00,19.888873038794777,11.719070897399202
2021-05-29 13:00:00,19.705297028593446,12.469785781257084
2021-05-29 13:30:00,19.93707652047113,12.990838383188775
2021-05-29 14:00:00,19.836366844091074,14.02601033879501
2021-05-29 14:30:00,19.87182522390547,13.97692126723136
2021-05-29 15:00:00,19.85539878098686,13.232444321823074
2021-05-29 15:30:00,20.118949829546516,13.099114923412854
2021-05-29 16:00:00,20.020315322461506,12.901002267825245
2021-05-29 16:30:00,20.05243279951803,12.679845924266093
2021-05-29 17:00:00,19.938099501039787,12.065665720682825
2021-05-29 17:30:00,20.077486640497984,12.797363407981392
2021-05-29 18:00:00,19.87537781670071,12.238471669833391
2021-05-29 18:30:00,19.943947726490144,11.09503009495658
2021-05-29 19:00:00,19.88800523365725,11.520153608915628
2021-05-29 19:30:00,19.677504919042946,11.277073930022441
2021-05-29 20:00:00,19.601817447148466,10.314080732020797
2021-05-29 20:30:00,19.560085351873273,9.895276966968428
2021-05-29 21:00:00,19.284141187262886,8.68043057173161
2021-05-29 21:30:00,19.305109938929597,8.693535116583853
2021-05-29 22:00:00,19.290982733534054,8.6832003739576
2021-05-29 22:30:00,19.20092681566626,7.358761381657852
2021-05-29 23:00:00,19.00767697447216,6.285663260069405
2021-05-29 23:30:00,18.730954013879902,5.684566905227802
2021-05-30 00:00:00,18.25962358373285,5.2173251349101815
2021-05-30 00:30:00,18.199401486873064,4.844113379703838
2021-05-30 01:00:00,18.332082640826478,5.179205786272558
2021-05-30 01:30:00,18.138161077528654,4.140817890596243
2021-05-30 02:00:00,18.02730874537098,3.4218932449300663
2021-05-30 02:30:00,17.980165719696604,3.5571964087616474
2021-05-30 03:00:00,17.997876642028984,2.5161682336468107
2021-05-30 03:30:00,17.782652740157168,1.995493436181201
2021-05-30 04:00:00,17.816682248926103,2.7457412893352124
2021-05-30 04:30:00,17.927582642412403,2.89749319356911
2021-05-30 05:00:00,18.247844223468007,3.403720728830589
2021-05-30 05:30:00,17.865454681578257,3.2731281544621624
2021-05-30 06:00:00,18.054327351706224,3.3914198242170164
2021-05-30 06:30:00,18.23794826043378,3.761968358730643
2021-05-30 07:00:00,18.258381777594614,4.242988670724841
2021-05-30 07:30:00,18.128172175994404,4.720192015475601
2021-05-30 08:00:00,18.297348823713488,5.5926865787583315
2021-05-30 08:30:00,18.271457708853905,5.9695860603603075
2021-05-30 09:00:00,18.65547028910188,7.294028254559103
2021-05-30 09:30:00,18.650239286453022,7.23890570872855
2021-05-30 10:00:00,18.844698590349417,7.776452315713472
2021-05-30 10:30:00,18.65152038029031,8.167153248400128
2021-05-30 11:00:00,18.939012803557286,9.752011513009695
2021-05-30 11:30:00,19.106704096837767,9.785935495257682
2021-05-30 12:00:00,19.199360115325852,10.433615021693416
2021-05-30 12:30:00,19.07500293908153,10.594882649625228
2021-05-30 13:00:00,19.378319296703502,11.229814400037903
2021-05-30 13:30:00,19.32369650496024,11.570112676266554
2021-05-30 14:00:00,19.5778658609675,12.047754899281152
2021-05-30 14:30:00,19.631460447967946,12.99982820847669
2021-05-30 15:00:00,19.38937138243179,11.832623699401903
2021-05-30 15:30:00,19.437688851708845,12.771792859718813
2021-05-30 16:00:00,19.649618716386247,12.167235289014231
2021-05-30 16:30:00,19.532917628552102,12.769380937513924
2021-05-30 17:00:00,19.554886709536827,12.295708505051449
2021-05-30 17:30:00,19.326143053219027,12.380460862822277
2021-05-30 18:00:00,19.40984593721705,11.057464178056797
2021-05-30 18:30:00,19.34662362332815,11.382527008649475
2021-05-30 19:00:00,19.567033258910637,10.660232971640118
2021-05-30 19:30:00,19.23905539901796,10.692479028795564
2021-05-30 20:00:00,19.130883843411,10.48109584834432
2021-05-30 20:30:00,19.15426422738347,9.38759333060127
2021-05-30 21:00:00,18.95314893131297,8.905337852843955
2021-05-30 21:30:00,18.833024595361234,8.724950737724086
2021-05-30 22:00:00,18.753856050537046,7.968931061360242
2021-05-30 22:30:00,18.580578375728837,7.792956336583417
2021-05-30 23:00:00,18.41158069964392,7.380543628065492
2021-05-30 23:30:00,18.475621926479345,6.1948260740413
2021-05-31 00:00:00,18.050510052554166,5.322433500538838
2021-05-31 00:30:00,17.959657909621175,6.030549848320942
2021-05-31 01:00:00,18.00368134590453,4.36404647344793
2021-05-31 01:30:00,17.936574554215994,4.11098533790998
2021-05-31 02:00:00,17.79494495563041,5.144672042764214
2021-05-31 02:30:00,17.867503583823954,5.298205464548857
2021-05-31 03:00:00,17.700048604120422,4.787786290426317
2021-05-31 03:30:00,17.699152010482663,4.68850766177075
2021-05-31 04:00:00,17.709790044268573,4.699639554357436
2021-05-31 04:30:00,17.914887216990824,4.011861238547195
2021-05-31 05:00:00,17.775055455101477,4.608209720266566
2021-05-31 05:30:00,17.82389268971865,5.559741895011772
2021-05-31 06:00:00,17.789163843560463,5.802244345285128
2021-05-31 06:30:00,17.939317070938877,6.012205016606235
2021-05-31 07:00:00,18.094547561055123,6.035883026624446
2021-05-31 07:30:00,18.02788710284101,6.860193055908693
2021-05-31 08:00:00,18.181191399402774,6.63512997783365
2021-05-31 08:30:00,18.223092792652025,8.12302249289827
2021-05-31 09:00:00,18.340447822438993,8.69261129228103
2021-05-31 09:30:00,18.430959635000036,9.265019192242757
2021-05-31 10:00:00,18.473837874379953,10.337410348315437
2021-05-31 10:30:00,18.731633594618412,10.053754048191339
2021-05-31 11:00:00,18.843834059627127,11.398911707557835
2021-05-31 11:30:00,18.896828869968896,12.331884125644203
2021-05-31 12:00:00,18.950984333799642,12.829924414445001
2021-05-31 12:30:00,19.009959186701497,13.238200884407334
2021-05-31 13:00:00,19.045007060837765,12.530922693975059
2021-05-31 13:30:00,19.128039552784088,13.59786817502629
2021-05-31 14:00:00,19.11784581626283,13.7642035033963
2021-05-31 14:30:00,19.264105314560922,14.193708132412864
2021-05-31 15:00:00,19.401280130187168,14.878217439561006
2021-05-31 15:30:00,19.65480115771783,15.305663528444768
2021-05-31 16:00:00,19.140810138253944,13.840112025550928
2021-05-31 16:30:00,19.141234167797858,13.762769709659358
2021-05-31 17:00:00,19.322754864115605,14.470659067618698
2021-05-31 17:30:00,19.000692133619133,12.579886665513017
2021-05-31 18:00:00,19.188969194222647,13.301729946328196
2021-05-31 18:30:00,18.888316962976045,12.765279897884867
2021-05-31 19:00:00,19.15844635512323,12.236678771126641
2021-05-31 19:30:00,19.034512892071604,11.12200358326267
2021-05-31 20:00:00,18.926699836957294,11.396680864447033
2021-05-31 20:30:00,18.800521214695177,9.56450665069142
2021-05-31 21:00:00,18.52306310517067,9.324132408743925
2021-05-31 21:30:00,18.57011642022643,9.549643253396994
2021-05-31 22:00:00,18.48757594759389,8.450994324140028
2021-05-31 22:30:00,18.33695119532869,7.828527841145535
2021-05-31 23:00:00,18.24298224570734,6.924898796525022
2021-05-31 23:30:00,18.275284472322,6.221990719221926
2021-06-01 00:00:00,17.76621118535159,5.390478267775994
2021-06-01 00:30:00,17.86697258246696,4.80763928382329
2021-06-01 01:00:00,17.595223646211128,4.9823812822499445
2021-06-01 01:30:00,17.750969928745995,5.096567393271079
2021-06-01 02:00:00,17.580061332201534,4.528664482127145
2021-06-01 02:30:00,17.64005891187583,4.604089372232871
2021-06-01 03:00:00,17.62301944087748,3.8151864313491513
2021-06-01 03:30:00,17.498176686830757,3.125101176070482
2021-06-01 04:00:00,17.532001076013934,4.584515522284088
2021-06-01 04:30:00,17.572489126392483,4.6429518116695325
2021-06-01 05:00:00,17.548147653654713,4.300468130184542
2021-06-01 05:30:00,17.492160370511723,3.89483697571423
2021-06-01 06:00:00,17.56761715463718,4.965653638594503
2021-06-01 06:30:00,17.846090677968878,6.164941956583811
2021-06-01 07:00:00,17.505881036457236,5.993411223645368
2021-06-01 07:30:00,17.96644173982415,6.3126354504661295
2021-06-01 08:00:00,18.060785754204243,5.9814555771684095
2021-06-01 08:30:00,18.08214311698844,6.77384199876566
2021-06-01 09:00:00,17.980734146166995,7.169631752427888
2021-06-01 09:30:00,18.114387356594,7.224771373288856
2021-06-01 10:00:00,18.275067956163902,8.559955957178529
2021-06-01 10:30:00,18.188279802752728,8.877250806265263
2021-06-01 11:00:00,18.454691197938015,9.063304647784953
2021-06-01 11:30:00,18.73338206454938,9.211695950451357
2021-06-01 12:00:00,18.58828048943729,10.530358775393145
2021-06-01 12:30:00,18.520503462713574,10.888814249561387
2021-06-01 13:00:00,18.705744993108297,9.682924405579417
2021-06-01 13:30:00,18.819095634402373,9.440893150699067
2021-06-01 14:00:00,18.8241971652036,10.904959885452406
2021-06-01 14:30:00,18.907239550040092,10.852493508128578
2021-06-01 15:00:00,19.032492579994926,10.142531376055892
2021-06-01 15:30:00,18.937503618547943,10.38776913867981
2021-06-01 16:00:00,19.071406767321587,11.65648461773035
2021-06-01 16:30:00,19.119404358196164,10.70412918411433
2021-06-01 17:00:00,18.924429370429934,10.243425835696499
2021-06-01 17:30:00,18.837638621911715,11.752321415819118
2021-06-01 18:00:00,18.94772425632218,10.564386140779149
2021-06-01 18:30:00,18.628256446685345,9.382998218641317
2021-06-01 19:00:00,18.95365566185104,10.577184832599698
2021-06-01 19:30:00,18.914565804255037,8.76308590933792
2021-06-01 20:00:00,18.705958386246763,8.409467006196211
2021-06-01 20:30:00,18.730838914264577,8.925582202182007
2021-06-01 21:00:00,18.623760139914836,7.260857865936229
2021-06-01 21:30:00,18.62052807266115,6.554129689958313
2021-06-01 22:00:00,18.182469652561196,6.633660777390526
2021-06-01 22:30:00,18.21676899945762,5.940922851434759
2021-06-01 23:00:00,18.027492114985726,5.948103811713023
2021-06-01 23:30:00,18.02490289075005,5.464600489530871
2021-06-02 00:00:00,18.000980883656847,4.715721858803071
2021-06-02 00:30:00,17.805654920295122,3.4546007207226563
2021-06-02 01:00:00,17.726071472738827,3.88109294498502
2021-06-02 01:30:00,17.743572403496024,3.9010311623533847
2021-06-02 02:00:00,17.596444528579713,2.9944125811450153
2021-06-02 02:30:00,17.581824704205914,3.6660218010888492
2021-06-02 03:00:00,17.44257224690642,2.7527460786818936
2021-06-02 03:30:00,17.464925501201,2.596075121693888
2021-06-02 04:00:00,17.453298032705945,3.2882158649345716
2021-06-02 04:30:00,17.63446911822676,2.7761382948836277
2021-06-02 05:00:00,17.644985352821802,2.7453437424451765
2021-06-02 05:30:00,17.572285265038726,3.2549441778869346
2021-06-02 06:00:00,17.627438871362386,3.7721792998059995
2021-06-02 06:30:00,17.674585343619523,4.782232123242356
2021-06-02 07:00:00,17.62400227237211,4.578533163837552
2021-06-02 07:30:00,17.91160853785012,5.32887729431335
2021-06-02 08:00:00,18.117650211973512,5.360449791574546
2021-06-02 08:30:00,18.02895187027858,6.9448517608380795
2021-06-02 09:00:00,18.142751966950534,7.044259196303142
2021-06-02 09:30:00,18.245301626754042,7.796554263554204
2021-06-02 10:00:00,18.247146446191582,8.017801390618082
2021-06-02 10:30:00,18.4091245172505,9.003413611047707
2021-06-02 11:00:00,18.40296857309706,11.193934988887317
2021-06-02 11:30:00,18.380634313262615,9.840181997043556
2021-06-02 12:00:00,18.595379633442498,10.68913159929075
2021-06-02 12:30:00,18.75797855461657,11.46171631301163
2021-06-02 13:00:00,18.959970358268947,11.434538388899247
2021-06-02 13:30:00,18.612914505474826,11.299547675127044
2021-06-02 14:00:00,18.688041906755807,12.585675696213597
2021-06-02 14:30:00,18.9999547962246,13.274531966530581
2021-06-02 15:00:00,19.087815263139092,13.268063759680562
2021-06-02 15:30:00,19.03925349606677,12.640992848555664
2021-06-02 16:00:00,18.961295001565738,12.434193426302292
2021-06-02 16:30:00,18.980091640620515,12.887938682381296
2021-06-02 17:00:00,19.039517696009494,11.680762602179216
2021-06-02 17:30:00,18.827665532540795,11.978592721391992
2021-06-02 18:00:00,19.010273169210407,11.055249735816018
2021-06-02 18:30:00,18.94474656728562,11.452197444407945
2021-06-02 19:00:00,19.050201438034854,10.949933641759909
2021-06-02 19:30:00,18.57776317088205,10.121668028852529
2021-06-02 20:00:00,18.762133561624626,8.688438327858231
2021-06-02 20:30:00,18.54581755131284,8.711141474984956
2021-06-02 21:00:00,18.526098512528495,8.214344960479057
2021-06-02 21:30:00,18.326619759362504,8.18583367733145
2021-06-02 22:00:00,18.34214989887795,7.220761286319714
2021-06-02 22:30:00,18.0416713467212,6.859628732995843
2021-06-02 23:00:00,18.018638967068878,5.765865940728389
2021-06-02 23:30:00,17.926097072769426,5.869085958740512
2021-06-03 00:00:00,17.96937310837201,4.661243753289446
2021-06-03 00:30:00,17.919567478854027,5.580349031206968
2021-06-03 01:00:00,17.784845107943532,5.328805775592198
2021-06-03 01:30:00,17.62397576506243,4.361707765645049
2021-06-03 02:00:00,17.85074865918976,4.366907903952294
2021-06-03 02:30:00,17.463940732869766,3.9879481905768874
2021-06-03 03:00:00,17.57108405954454,3.5276251347240026
2021-06-03 03:30:00,17.565298065475343,3.567509187790023
2021-06-03 04:00:00,17.58911126617088,3.8529195205799738
2021-06-03 04:30:00,17.717334138033035,3.643779093015672
2021-06-03 05:00:00,17.42761054755095,3.1075536151868888
2021-06-03 05:30:00,17.516403323379976,4.495095952527899
2021-06-03 06:00:00,17.612005675876432,3.577775649673823
2021-06-03 06:30:00,17.631342789199838,4.6469214177969675
2021-06-03 07:00:00,17.69865111502389,5.195637646221858
2021-06-03 07:30:00,17.809368351242146,6.286548765177313
2021-06-03 08:00:00,17.91402369471159,6.043055453978326
2021-06-03 08:30:00,18.074456437299496,7.750903884090426
2021-06-03 09:00:00,18.182578548666008,8.517645985765887
2021-06-03 09:30:00,18.239387177040964,7.9914750829919265
2021-06-03 10:00:00,18.37298614239635,10.711478144831549
2021-06-03 10:30:00,18.48577192954855,10.836723243728523
2021-06-03 11:00:00,18.532552490829733,10.306720951589863
2021-06-03 11:30:00,18.567418567010655,10.442644421658096
2021-06-03 12:00:00,18.5774622822044,11.947324202406099
2021-06-03 12:30:00,18.918367718376828,11.486579213539086
2021-06-03 13:00:00,18.74108513700059,12.290087542308633
2021-06-03 13:30:00,18.976495158253936,13.780891447100844
2021-06-03 14:00:00,19.16896314602201,13.776915003916757
2021-06-03 14:30:00,19.01823283145625,13.3096121958007
2021-06-03 15:00:00,19.076722078723392,13.218416186629657
2021-06-03 15:30:00,18.798689836817186,12.588817447788738
2021-06-03 16:00:00,19.105221461844824,12.525395145974157
2021-06-03 16:30:00,19.177620289898684,12.207722476430568
2021-06-03 17:00:00,19.17363869870478,12.13999846835016
2021-06-03 17:30:00,19.05065486435509,12.407508490351999
2021-06-03 18:00:00,18.722250475654953,12.177884767495877
2021-06-03 18:30:00,19.02416218216326,11.027442106072057
2021-06-03 19:00:00,18.833748954280587,11.198172292077054
2021-06-03 19:30:00,18.947551311886397,11.06901281442949
2021-06-03 20:00:00,18.70188177030425,9.822419070889941
2021-06-03 20:30:00,18.59333777419287,9.04042965471042
2021-06-03 21:00:00,18.374865846782683,9.514367955975748
2021-06-03 21:30:00,18.50731102083625,8.244991886862731
2021-06-03 22:00:00,18.458577238763734,7.789150404340805
2021-06-03 22:30:00,18.152951657599463,7.748258696453225
2021-06-03 23:00:00,17.978273721894514,6.657743613431111
2021-06-03 23:30:00,18.027783446147765,6.024762578892355
2021-06-04 00:00:00,17.52937489906897,6.800606262622963
2021-06-04 00:30:00,17.523879241093884,5.514892983035576
2021-06-04 01:00:00,17.5354222461497,4.913683207990089
2021-06-04 01:30:00,17.399332523602983,5.221079880378122
2021-06-04 02:00:00,17.399914325493047,4.475511475754771
2021-06-04 02:30:00,17.404516506003503,5.3495613458257605
2021-06-04 03:00:00,17.262484253808353,5.248986702453772
2021-06-04 03:30:00,17.288882732457058,4.117021781001567
2021-06-04 04:00:00,17.412036378316937,4.1550035861172505
2021-06-04 04:30:00,17.16015492887705,4.900475254261821
2021-06-04 05:00:00,17.36241387280809,5.623395909264183
2021-06-04 05:30:00,17.230242473411113,5.615636915225115
2021-06-04 06:00:00,17.25500478581304,4.5116431778511945
2021-06-04 06:30:00,17.275674406242757,6.631301089655163
2021-06-04 07:00:00,17.541482276853166,5.919078910254216
2021-06-04 07:30:00,17.55007720063514,6.665488557600154
2021-06-04 08:00:00,17.426786964803533,6.767680736722492
2021-06-04 08:30:00,17.606628016865276,6.095920048574037
2021-06-04 09:00:00,17.87767611537455,8.834192325256733
2021-06-04 09:30:00,17.737127570438933,9.479249299752869
2021-06-04 10:00:00,17.99248857592306,9.97200157233459
2021-06-04 10:30:00,18.119243317531115,10.523037889742017
2021-06-04 11:00:00,17.972429308877743,11.321921279907825
2021-06-04 11:30:00,18.287019813413295,11.000467159637141
2021-06-04 12:00:00,18.458044418529678,11.407903010399833
2021-06-04 12:30:00,18.50260852018577,12.414130222476915
2021-06-04 13:00:00,18.464227398885072,13.433795159690694
2021-06-04 13:30:00,18.362445398282766,13.519801758738868
2021-06-04 14:00:00,18.486034306729987,12.264474328692092
2021-06-04 14:30:00,18.65486154936129,14.843146688323857
2021-06-04 15:00:00,18.807427127385367,13.483926240253084
2021-06-04 15:30:00,18.836618554149204,13.223579073497122
2021-06-04 16:00:00,18.446786915084875,14.38495022964576
2021-06-04 16:30:00,18.590186264470212,13.389803957015749
2021-06-04 17:00:00,18.783245781442233,14.024481084901462
2021-06-04 17:30:00,18.48376644804356,13.549239909642163
2021-06-04 18:00:00,18.845679169127415,12.633429716057712
2021-06-04 18:30:00,18.63146091882901,12.448376496859707
2021-06-04 19:00:00,18.529003489860944,11.531028427505044
2021-06-04 19:30:00,18.35902685776031,11.639996772124022
2021-06-04 20:00:00,18.514373693149167,11.235347361256432
2021-06-04 20:30:00,18.330921882790424,11.235556142513456
2021-06-04 21:00:00,18.119569321176083,10.023223080712539
2021-06-04 21:30:00,18.09121595654764,9.403831545360726
2021-06-04 22:00:00,17.93488822472886,9.015384193137816
2021-06-04 22:30:00,17.727059642063992,8.270127917990289
2021-06-04 23:00:00,17.90665957224345,7.861255494736207
2021-06-04 23:30:00,17.62931728058778,6.954668047309851
2021-06-05 00:00:00,18.048998518647316,5.784203761455802
2021-06-05 00:30:00,18.091815968582708,6.943397519503089
2021-06-05 01:00:00,17.99878195092068,5.687016483197048
2021-06-05 01:30:00,17.930835341348878,4.855924273029288
2021-06-05 02:00:00,17.83819255322181,4.595262720409347
2021-06-05 02:30:00,17.816962981113097,4.729824720457637
2021-06-05 03:00:00,17.658382368997945,4.376926984976361
2021-06-05 03:30:00,17.69488307174693,3.7643207554788947
2021-06-05 04:00:00,17.642541296615132,3.418742128214507
2021-06-05 04:30:00,17.762857409636002,4.835609370572236
2021-06-05 05:00:00,17.666587161463035,5.763153581723891
2021-06-05 05:30:00,17.904550813216613,6.029800067036942
2021-06-05 06:00:00,17.784347183732176,4.806212182473095
2021-06-05 06:30:00,17.848475168031534,6.423550173275368
2021-06-05 07:00:00,17.955583060315256,7.488812671222546
2021-06-05 07:30:00,18.168779984936233,7.534181905397158
2021-06-05 08:00:00,17.963068447522268,7.835611479128276
2021-06-05 08:30:00,18.07140118867399,8.43345522120818
2021-06-05 09:00:00,18.350950656420665,9.212335183278187
2021-06-05 09:30:00,18.360102806916487,9.404646915068037
2021-06-05 10:00:00,18.406840581756768,9.328003679402036
2021-06-05 10:30:00,18.423127987450723,10.895882635346538
2021-06-05 11:00:00,18.77149721024894,11.512942695434079
2021-06-05 11:30:00,18.711614367906325,11.239453668829192
2021-06-05 12:00:00,18.91691743216927,11.153185233408943
2021-06-05 12:30:00,18.96314951233607,11.987958004321733
2021-06-05 13:00:00,19.037554184672842,12.161797695487365
2021-06-05 13:30:00,19.11993800674955,13.68075610552067
2021-06-05 14:00:00,19.41440437988039,13.557344409821823
2021-06-05 14:30:00,19.294772312866247,15.159196843551928
2021-06-05 15:00:00,19.200805429967826,15.425417861605935
2021-06-05 15:30:00,19.326089917657043,14.860170679853066
2021-06-05 16:00:00,19.42414853895201,14.958174841790942
2021-06-05 16:30:00,19.319069741704933,14.651833074921845
2021-06-05 17:00:00,19.222514164415262,15.134312719296243
2021-06-05 17:30:00,19.237970120133753,15.475876296644437
2021-06-05 18:00:00,19.229657424880145,14.529443634610109
2021-06-05 18:30:00,19.114846745610834,13.82522441247819
2021-06-05 19:00:00,19.065522308489033,12.71465312409076
2021-06-05 19:30:00,18.88471400949344,13.035346723960124
2021-06-05 20:00:00,18.789695937723238,12.232131143417046
2021-06-05 20:30:00,18.96372514778086,11.462303758290538
2021-06-05 21:00:00,18.702635893481272,10.761355832579843
2021-06-05 21:30:00,18.403332084472083,10.283976299222283
2021-06-05 22:00:00,18.466812089806584,10.475277872238866
2021-06-05 22:30:00,18.52223379003239,9.414362406281981
2021-06-05 23:00:00,18.3591252085913,7.437122954648411
2021-06-05 23:30:00,18.328859945885018,7.664094982523368
2021-06-06 00:00:00,18.11328939288289,6.979843241454599
2021-06-06 00:30:00,18.031699441741655,6.628607960283481
2021-06-06 01:00:00,17.98064634139921,4.270147243487757
2021-06-06 01:30:00,17.832998724292647,6.1922222744130995
2021-06-06 02:00:00,18.09783886622634,4.773072069850833
2021-06-06 02:30:00,17.81913524543851,5.904246679066754
2021-06-06 03:00:00,17.85044023962177,4.610772974220553
2021-06-06 03:30:00,17.938959865527966,4.530532392716313
2021-06-06 04:00:00,17.88735927008715,4.461585776304708
2021-06-06 04:30:00,17.930243092262597,4.782596943227318
2021-06-06 05:00:00,17.86971660902949,5.028093501401145
2021-06-06 05:30:00,18.02932666489144,5.8868269933902155
2021-06-06 06:00:00,17.852311012437653,4.905958382353885
2021-06-06 06:30:00,17.9537143953272,7.17162964103924
2021-06-06 07:00:00,18.0399261126762,7.065400035832886
2021-06-06 07:30:00,18.16339939232677,6.6588899955663985
2021-06-06 08:00:00,18.165967876374747,7.743328612577151
2021-06-06 08:30:00,18.440388817971236,6.993677932137255
2021-06-06 09:00:00,18.309262763875783,7.861729523215756
2021-06-06 09:30:00,18.46130998014111,8.167399944887077
2021-06-06 10:00:00,18.593401466834067,9.371907066276632
2021-06-06 10:30:00,18.59013194355056,11.157213188738899
2021-06-06 11:00:00,18.816417792038383,10.076128177575098
2021-06-06 11:30:00,18.97774947779754,10.485739928672482
2021-06-06 12:00:00,18.8930533272102,10.396186075868718
2021-06-06 12:30:00,19.050942350987977,11.181503865926757
2021-06-06 13:00:00,19.102290624208393,12.23461949367252
2021-06-06 13:30:00,19.10443419389607,13.078136295583711
2021-06-06 14:00:00,19.323965414390962,12.299649335918396
2021-06-06 14:30:00,19.380588694428553,13.44306842582721
2021-06-06 15:00:00,19.368636831011443,12.857683135832614
2021-06-06 15:30:00,19.308226245430433,13.006782351354845
2021-06-06 16:00:00,19.3407944432691,14.283922544844124
2021-06-06 16:30:00,19.04280446597869,13.314939471124925
2021-06-06 17:00:00,19.35732865544206,13.721208755084556
2021-06-06 17:30:00,19.206712424083165,11.892211817378353
2021-06-06 18:00:00,19.113104578968105,11.704157463582554
2021-06-06 18:30:00,18.972013702662487,11.315539437689358
2021-06-06 19:00:00,19.20159288685074,11.045968600261446
2021-06-06 19:30:00,18.924327002429752,10.404914133562539
2021-06-06 20:00:00,18.97397301252144,10.158811967665219
2021-06-06 20:30:00,18.59553187907647,10.416215795881877
2021-06-06 21:00:00,18.7683896194571,9.560216094072484
2021-06-06 21:30:00,18.59814550401368,7.745866639116926
2021-06-06 22:00:00,18.539068556544912,7.706151888194567
2021-06-06 22:30:00,18.51710000890343,6.251580928511316
2021-06-06 23:00:00,18.36239486638928,7.4679742779255704
2021-06-06 23:30:00,18.380052821813763,7.143849371907295
2021-06-07 00:00:00,18.351542816270843,5.3706272896853555
2021-06-07 00:30:00,18.08681074612161,5.235435455673066
2021-06-07 01:00:00,18.0669632106447,4.418845572731573
2021-06-07 01:30:00,18.25421470806294,3.297900016828555
2021-06-07 02:00:00,17.950709174972598,4.3710964725378485
2021-06-07 02:30:00,17.999048968143825,3.1639813810845356
2021-06-07 03:00:00,17.964932307729992,3.826828374027607
2021-06-07 03:30:00,17.932311446467278,3.0863196556558825
2021-06-07 04:00:00,17.92052946980651,2.8341009816727007
2021-06-07 04:30:00,17.901232573342163,3.4841147699813755
2021-06-07 05:00:00,17.928212041364333,4.0904323981319655
2021-06-07 05:30:00,18.063225307705963,4.878068963166509
2021-06-07 06:00:00,17.942981897902975,5.290778260882967
2021-06-07 06:30:00,18.121481713115696,6.47986375039021
2021-06-07 07:00:00,18.151512663984672,5.995969580445033
2021-06-07 07:30:00,18.24471553008307,7.888786688318745
2021-06-07 08:00:00,18.340382647741357,8.728132426293527
2021-06-07 08:30:00,18.464499928831057,7.808590777934663
2021-06-07 09:00:00,18.430083500930902,9.525076858779023
2021-06-07 09:30:00,18.471070732589858,9.305207871893089
2021-06-07 10:00:00,18.696561097452488,10.145085007984393
2021-06-07 10:30:00,18.7016333760372,10.80648412248376
2021-06-07 11:00:00,18.776703895720974,10.34190925987689
2021-06-07 11:30:00,19.190177155508906,12.019707730663857
2021-06-07 12:00:00,19.03951267272978,12.115873607795148
2021-06-07 12:30:00,19.14432304496171,12.478607450796407
2021-06-07 13:00:00,19.161662178721542,13.318831108321419
2021-06-07 13:30:00,19.603000740813606,12.897114713010893
2021-06-07 14:00:00,19.3638892174594,14.443914088394605
2021-06-07 14:30:00,19.425339840008338,13.04798958453648
2021-06-07 15:00:00,19.50012994185383,14.092518509405203
2021-06-07 15:30:00,19.815551458009367,14.178888564717486
2021-06-07 16:00:00,19.35319557409361,14.127649071654584
2021-06-07 16:30:00,19.42228546605805,14.45796024738692
2021-06-07 17:00:00,19.432228139123133,13.38835526874997
2021-06-07 17:30:00,19.37549224902625,13.845472353292838
2021-06-07 18:00:00,19.287452967640316,12.644687564712425
2021-06-07 18:30:00,19.315834656861057,13.02093967350972
2021-06-07 19:00:00,19.341067512704303,12.75119432317012
2021-06-07 19:30:00,19.241903557845383,12.628950566616746
2021-06-07 20:00:00,19.078117336147855,11.521078994834975
2021-06-07 20:30:00,19.192030116453264,10.483974789773805
2021-06-07 21:00:00,18.860671349532925,9.892320402819719
2021-06-07 21:30:00,18.899696101644707,9.688613160854576
2021-06-07 22:00:00,18.544093249496537,8.958298700982919
2021-06-07 22:30:00,18.42052646112417,9.005800769769477
2021-06-07 23:00:00,18.586290672914668,7.652412942211345
2021-06-07 23:30:00,18.367586687681214,6.976643292333631
2021-06-08 00:00:00,17.81218218433695,7.645855256286826
2021-06-08 00:30:00,17.714457650732992,6.193373735413109
2021-06-08 01:00:00,17.550297678169752,5.76626177345028
2021-06-08 01:30:00,17.446713397786237,4.663609553345487
2021-06-08 02:00:00,17.625491509553783,5.463749354118431
2021-06-08 02:30:00,17.485542469055066,4.882080741800221
2021-06-08 03:00:00,17.372968465103444,4.966050110383814
2021-06-08 03:30:00,17.476946720700585,4.644145407174972
2021-06-08 04:00:00,17.37523915668106,5.948032556424286
2021-06-08 04:30:00,17.508671858423515,4.395782283006071
2021-06-08 05:00:00,17.44468478055692,5.735862996384572
2021-06-08 05:30:00,17.439400921104788,5.593329385546301
2021-06-08 06:00:00,17.58179232074993,5.504688250456246
2021-06-08 06:30:00,17.532778426076767,6.691679084835447
2021-06-08 07:00:00,17.714058867588715,6.087422536953984
2021-06-08 07:30:00,17.6740416409024,7.06538714600928
2021-06-08 08:00:00,17.84600730673604,8.058468864417367
2021-06-08 08:30:00,17.777822434924335,8.106868865993462
2021-06-08 09:00:00,18.00364365594575,8.377434012360814
2021-06-08 09:30:00,18.10033201889156,8.707761317655827
2021-06-08 10:00:00,18.195448794092513,9.723110968204278
2021-06-08 10:30:00,18.266288370437014,9.609635669559076
2021-06-08 11:00:00,18.308050562365334,9.85966732593591
2021-06-08 11:30:00,18.474200666530567,10.545568802287098
2021-06-08 12:00:00,18.511601216988666,11.582303597100864
2021-06-08 12:30:00,18.443491489800923,11.92517286124301
2021-06-08 13:00:00,18.685775322265698,12.67696129772274
2021-06-08 13:30:00,18.70409879320364,11.371027498881205
2021-06-08 14:00:00,19.00868084034575,12.504865391014166
2021-06-08 14:30:00,19.086462129302426,12.84064230414128
2021-06-08 15:00:00,18.810785306933205,12.476151862616838
2021-06-08 15:30:00,18.82380090460205,13.743425620341677
2021-06-08 16:00:00,18.8707621009916,12.858444295015355
2021-06-08 16:30:00,18.922718335368128,12.555779462172708
2021-06-08 17:00:00,19.033655484605973,12.493300837002488
2021-06-08 17:30:00,18.814803248417093,13.765203722170739
2021-06-08 18:00:00,18.8317141532092,13.263606303180168
2021-06-08 18:30:00,18.65490380968784,11.690465933279272
2021-06-08 19:00:00,18.503119118928915,11.335473823215015
2021-06-08 19:30:00,18.858226974490968,11.571438592092608
2021-06-08 20:00:00,18.610364193843992,11.545085367111108
2021-06-08 20:30:00,18.46279989907552,10.150422324901893
2021-06-08 21:00:00,18.29040095394144,8.57572448928651
2021-06-08 21:30:00,18.318432005022903,8.816167214262462
2021-06-08 22:00:00,18.286555209944172,9.021099061836487
2021-06-08 22:30:00,18.179397119403024,7.821852130349484
2021-06-08 23:00:00,18.030013309327796,8.949773481784987
2021-06-08 23:30:00,17.982583168903712,7.520555093858227
2021-06-09 00:00:00,18.259669022090215,6.704507250774814
2021-06-09 00:30:00,18.043193875115342,6.66350086739932
2021-06-09 01:00:00,17.92914888119175,6.5350402237433585
2021-06-09 01:30:00,17.860637130764115,6.620308856522677
2021-06-09 02:00:00,17.965422239231128,5.994542343147369
2021-06-09 02:30:00,17.72865420561245,6.511858294248556
2021-06-09 03:00:00,17.808391099392903,5.9434386551219385
2021-06-09 03:30:00,17.790104267916284,5.746075841210235
2021-06-09 04:00:00,17.964490064753786,5.301568209367981
2021-06-09 04:30:00,17.761733165540463,5.649317031854686
2021-06-09 05:00:00,17.53298999088625,6.034577291811068
2021-06-09 05:30:00,17.750643360403945,6.026976069638267
2021-06-09 06:00:00,17.925987321945577,6.6386833130850995
2021-06-09 06:30:00,17.917166879788127,7.448516289762666
2021-06-09 07:00:00,18.080814247320188,7.473184047589827
2021-06-09 07:30:00,18.036727783422506,8.741906357705785
2021-06-09 08:00:00,18.04636701707293,8.404481938227049
2021-06-09 08:30:00,18.19025282921587,10.170524655716804
2021-06-09 09:00:00,18.316412847441786,8.950111521648083
2021-06-09 09:30:00,18.359483823533182,10.323790497445815
2021-06-09 10:00:00,18.428253406942513,11.435049119748566
2021-06-09 10:30:00,18.5908462535036,12.484544877663822
2021-06-09 11:00:00,18.59383927162293,14.367977477453557
2021-06-09 11:30:00,18.845707290472774,14.325168155202695
2021-06-09 12:00:00,18.992858194915748,15.955732996053795
2021-06-09 12:30:00,18.977105579878405,15.496997469147729
2021-06-09 13:00:00,19.098262266252654,15.918058082961338
2021-06-09 13:30:00,18.998487571245832,16.46065688418077
2021-06-09 14:00:00,19.04882560516569,17.40703362100265
2021-06-09 14:30:00,19.2409881326524,16.985084154855713
2021-06-09 15:00:00,19.27981139503524,17.446744775495244
2021-06-09 15:30:00,19.336756759166345,16.932128138888864
2021-06-09 16:00:00,19.383350454445186,16.64446297522198
2021-06-09 16:30:00,19.238073305551133,16.02399338286895
2021-06-09 17:00:00,19.072982268401123,16.505782483364094
2021-06-09 17:30:00,19.16461135847348,16.090352499421336
2021-06-09 18:00:00,19.143461114281614,16.046476653988087
2021-06-09 18:30:00,19.085444328536514,15.051757681868894
2021-06-09 19:00:00,19.035477226415455,14.44984158929658
2021-06-09 19:30:00,19.061517124094514,15.0026320718352
2021-06-09 20:00:00,18.93021153769634,13.740309372829557
2021-06-09 20:30:00,18.82719583920742,11.969757963180554
2021-06-09 21:00:00,18.69441921146193,12.386030978500704
2021-06-09 21:30:00,18.724305983633865,10.926161993287021
2021-06-09 22:00:00,18.66211262787009,9.920132054597726
2021-06-09 22:30:00,18.473860869635335,10.141074656528573
2021-06-09 23:00:00,18.25072379961384,9.441686157596383
2021-06-09 23:30:00,18.243041324516966,8.253788199092886
2021-06-10 00:00:00,18.066069159657516,7.5811815505749305
2021-06-10 00:30:00,17.967468613205796,7.123153693453741
2021-06-10 01:00:00,17.92043301293594,7.308465176758966
2021-06-10 01:30:00,17.664612362585054,7.638301172177526
2021-06-10 02:00:00,17.619640671451712,7.116324503254782
2021-06-10 02:30:00,17.716724113370372,5.790366129245107
2021-06-10 03:00:00,17.564672004138238,7.197012049357811
2021-06-10 03:30:00,17.665441614479683,6.410953644237212
2021-06-10 04:00:00,17.527343897207004,6.764179223006433
2021-06-10 04:30:00,17.64886422339665,6.876457533490494
2021-06-10 05:00:00,17.781634178271002,6.69689550255258
2021-06-10 05:30:00,17.603688179187763,7.211654624836984
2021-06-10 06:00:00,17.68373276105563,8.304141838247524
2021-06-10 06:30:00,17.851972319141503,8.909812053991686
2021-06-10 07:00:00,17.918125093330946,8.357978464382986
2021-06-10 07:30:00,18.018434784440696,8.854143250826628
2021-06-10 08:00:00,18.177879456952144,9.565548858734802
2021-06-10 08:30:00,18.213638786785395,9.705723571478579
2021-06-10 09:00:00,18.181486411721647,10.607755165023377
2021-06-10 09:30:00,18.40052700650848,10.856459708219239
2021-06-10 10:00:00,18.272487287402623,11.464196067439124
2021-06-10 10:30:00,18.43974752426973,13.237783211539325
2021-06-10 11:00:00,18.575320474507432,11.74876934924695
2021-06-10 11:30:00,18.875596620089382,13.365838260725162
2021-06-10 12:00:00,18.695421224459288,13.682863159844635
2021-06-10 12:30:00,18.95224697631857,14.195502556065598
2021-06-10 13:00:00,19.08296749329336,14.514065621825207
2021-06-10 13:30:00,18.983704580452677,15.654550611612358
2021-06-10 14:00:00,6.116129762693003,14.768620048410124
2021-06-10 14:30:00,6.093392881232726,16.73508231364855
2021-06-10 15:00:00,6.171667953897688,15.333871349596054
2021-06-10 15:30:00,6.14878976259099,15.421988973024492
2021-06-10 16:00:00,6.162094069893282,15.48175353302175
2021-06-10 16:30:00,6.1373429362880625,15.898013693686009
2021-06-10 17:00:00,6.162776536767165,15.499366985796982
2021-06-10 17:30:00,6.112241781805888,14.261699390486623
2021-06-10 18:00:00,6.0898103085508275,14.545232562275421
2021-06-10 18:30:00,6.046604936971297,13.500118164848821
2021-06-10 19:00:00,6.0338174295294325,12.919715187088158
2021-06-10 19:30:00,6.039391522677029,11.91219537720227
2021-06-10 20:00:00,18.84744908695681,11.697274019509537
2021-06-10 20:30:00,18.787722244678086,11.536592746489918
2021-06-10 21:00:00,18.685487327719528,10.618979605333273
2021-06-10 21:30:00,18.600365522176325,10.091311570295963
2021-06-10 22:00:00,18.590101089212375,9.459313239772985
2021-06-10 22:30:00,18.23027123221889,8.265674657063801
2021-06-10 23:00:00,18.28899210758818,8.642085211235683
2021-06-10 23:30:00,18.25372932623139,8.516124527095819
