,demand,temperature
2019-12-22 00:00:00,0.5406026909980638,21.066960739595636
2019-12-22 00:30:00,0.5157575677128121,21.005341534332057
2019-12-22 01:00:00,0.5393117695588587,20.472963694177263
2019-12-22 01:30:00,0.5467634149306004,19.998734689130206
2019-12-22 02:00:00,0.5434870739456403,19.46086980906691
2019-12-22 02:30:00,0.5625734954237546,19.608989461423427
2019-12-22 03:00:00,0.5473201272266642,19.29756212291654
2019-12-22 03:30:00,0.5360746970998644,19.995770456318137
2019-12-22 04:00:00,0.5493889909099846,18.901561967075494
2019-12-22 04:30:00,0.5650864065185218,19.971175861063838
2019-12-22 05:00:00,0.6028558272957126,20.731858814912975
2019-12-22 05:30:00,0.6019582343237122,20.98495984657084
2019-12-22 06:00:00,0.6417307508064509,21.28273611790658
2019-12-22 06:30:00,0.6992446026876352,22.06500634091749
2019-12-22 07:00:00,0.7360953042668028,21.49575037359741
2019-12-22 07:30:00,0.7910312731382885,22.743630658678175
2019-12-22 08:00:00,0.8816950256673342,22.522101644308375
2019-12-22 08:30:00,0.9476630547984156,22.926457243059378
2019-12-22 09:00:00,0.9607083573544669,23.258694157701417
2019-12-22 09:30:00,1.0951737011612976,23.52840941714324
2019-12-22 10:00:00,1.2362281013251168,23.77795383274127
2019-12-22 10:30:00,1.305134120912335,24.639580451213426
2019-12-22 11:00:00,1.2793959508356316,26.623924081897318
2019-12-22 11:30:00,1.4289658595697243,26.663098321544226
2019-12-22 12:00:00,1.4092278176193382,26.92283016337936
2019-12-22 12:30:00,1.5165481462441224,27.65437138968839
2019-12-22 13:00:00,1.4696998369746312,28.865525875005655
2019-12-22 13:30:00,1.4706994242701272,28.141135486011226
2019-12-22 14:00:00,1.4666636832359126,28.759789233220687
2019-12-22 14:30:00,1.461029508538208,28.55396887290645
2019-12-22 15:00:00,1.337077496201314,29.275721683458897
2019-12-22 15:30:00,1.2835439565685598,29.557143559137057
2019-12-22 16:00:00,1.1767232659976954,29.593474625418583
2019-12-22 16:30:00,1.1087399705363765,29.07784316774199
2019-12-22 17:00:00,1.039903704747381,28.791666333272534
2019-12-22 17:30:00,0.9458413902428943,28.516900745304913
2019-12-22 18:00:00,0.8906644536124985,28.646945577427744
2019-12-22 18:30:00,0.7582229891571676,27.706740022207477
2019-12-22 19:00:00,0.7721625058959309,28.373527316845625
2019-12-22 19:30:00,0.694105700031323,27.085041060030193
2019-12-22 20:00:00,0.66558585344369,26.135160119283356
2019-12-22 20:30:00,0.6046155370050192,25.56705735490828
2019-12-22 21:00:00,0.5971786569716322,25.08028312070702
2019-12-22 21:30:00,0.6042899019783408,24.99367457309324
2019-12-22 22:00:00,0.5800898679654716,24.24490592794078
2019-12-22 22:30:00,0.5379929896234854,22.749430702866963
2019-12-22 23:00:00,0.5488065586561276,22.351714673364402
2019-12-22 23:30:00,0.5390515692237438,23.12364440749884
2019-12-23 00:00:00,0.9320942469017159,22.511452366471858
2019-12-23 00:30:00,0.9664690397407212,21.341078408187183
2019-12-23 01:00:00,0.9364594332824555,20.44852344235405
2019-12-23 01:30:00,0.9275303161714148,21.090001262287707
2019-12-23 02:00:00,0.9190175708440473,20.037123042092798
2019-12-23 02:30:00,0.9269018877270937,20.065848580648463
2019-12-23 03:00:00,0.987764144547967,19.62286620075794
2019-12-23 03:30:00,0.9679538247699311,19.681520576560043
2019-12-23 04:00:00,1.0012941096217338,21.336386507420176
2019-12-23 04:30:00,1.0367344618918117,22.414129012872344
2019-12-23 05:00:00,0.9983725884690156,21.05863008135879
2019-12-23 05:30:00,1.093541471033413,21.191493251817036
2019-12-23 06:00:00,1.1441736474834836,21.95799748802069
2019-12-23 06:30:00,1.2044180914375546,22.830032700641244
2019-12-23 07:00:00,1.3264543995374203,22.062434887928497
2019-12-23 07:30:00,1.3769479071887205,22.786396204120628
2019-12-23 08:00:00,1.4599429171210112,22.692016007949075
2019-12-23 08:30:00,1.7242902323393,23.806791955938824
2019-12-23 09:00:00,1.7369465799392114,24.009708797876385
2019-12-23 09:30:00,2.0152688873281943,25.412205944194767
2019-12-23 10:00:00,2.1765069612022754,24.75792959055681
2019-12-23 10:30:00,2.207267243003874,26.699642623147458
2019-12-23 11:00:00,2.434346595247387,25.368056581575907
2019-12-23 11:30:00,2.3570833945459935,26.047656946662933
2019-12-23 12:00:00,2.454170121895912,26.47693997346166
2019-12-23 12:30:00,2.7488049043338183,28.396485168591656
2019-12-23 13:00:00,2.663450848381713,28.473597607264704
2019-12-23 13:30:00,2.5153894086609423,28.44092908106385
2019-12-23 14:00:00,2.4619434077657996,29.49174901458757
2019-12-23 14:30:00,2.4665061641051094,29.324542383743616
2019-12-23 15:00:00,2.319336614145801,29.440100388236576
2019-12-23 15:30:00,2.3287823759103228,29.278851485767678
2019-12-23 16:00:00,2.0842131885035013,29.95711171310895
2019-12-23 16:30:00,1.883096329838168,30.32893432608561
2019-12-23 17:00:00,1.7381770948921575,28.646874305537228
2019-12-23 17:30:00,1.6746362168546762,29.376087629193762
2019-12-23 18:00:00,1.6257147267290695,28.70644318461217
2019-12-23 18:30:00,1.3928997433512444,28.698595309299584
2019-12-23 19:00:00,1.3624484792192608,27.13500322565328
2019-12-23 19:30:00,1.2185310225045427,27.776571358044105
2019-12-23 20:00:00,1.1244810364928128,25.953889543737933
2019-12-23 20:30:00,1.077128247305033,25.913567652679497
2019-12-23 21:00:00,1.028552636989086,25.904173374597
2019-12-23 21:30:00,0.9810411026877002,25.02735245410461
2019-12-23 22:00:00,0.9426664666504732,24.803004673150006
2019-12-23 22:30:00,0.9440851128498801,23.972571766786306
2019-12-23 23:00:00,0.9121145067262426,24.63300939928948
2019-12-23 23:30:00,0.96477512810604,23.336505635965395
2019-12-24 00:00:00,0.5490048609034769,22.57397358777628
2019-12-24 00:30:00,0.5320477572687738,21.846452501217644
2019-12-24 01:00:00,0.5137092650211531,21.94330540925677
2019-12-24 01:30:00,0.5414908790879119,21.63866513088759
2019-12-24 02:00:00,0.5771225304260599,21.459658104907223
2019-12-24 02:30:00,0.5272410907245862,20.661765645594667
2019-12-24 03:00:00,0.5409930975771484,21.60654595017465
2019-12-24 03:30:00,0.5644326333000517,21.46147379124654
2019-12-24 04:00:00,0.5359288424689331,21.311788214436085
2019-12-24 04:30:00,0.5694306102286102,21.443199869818272
2019-12-24 05:00:00,0.5941605028165647,21.36898583634024
2019-12-24 05:30:00,0.649938182927595,21.803467708540676
2019-12-24 06:00:00,0.6513089063640747,22.816951811460402
2019-12-24 06:30:00,0.7010622662719227,22.654827382215192
2019-12-24 07:00:00,0.7259211339501905,22.66490954181431
2019-12-24 07:30:00,0.7906549759029036,23.322326399566865
2019-12-24 08:00:00,0.8869438427207847,23.33305660029497
2019-12-24 08:30:00,0.9526525639876204,24.147620888472254
2019-12-24 09:00:00,1.078065088444852,25.552997346563284
2019-12-24 09:30:00,1.0982313669620354,26.278419382916766
2019-12-24 10:00:00,1.1886783367415175,25.55012071558632
2019-12-24 10:30:00,1.333930956739556,26.111107918433337
2019-12-24 11:00:00,1.359709284464861,26.9329468283793
2019-12-24 11:30:00,1.407484609619451,28.460232311206795
2019-12-24 12:00:00,1.451655620385551,28.57788572408155
2019-12-24 12:30:00,1.5567916370394708,28.004275663246982
2019-12-24 13:00:00,1.5329215608336118,29.10863058554791
2019-12-24 13:30:00,1.5940262621657655,28.79158337094711
2019-12-24 14:00:00,1.4928671249456906,28.307128114903797
2019-12-24 14:30:00,1.451620129715738,29.117749045043585
2019-12-24 15:00:00,1.4241927184376444,29.192323024750326
2019-12-24 15:30:00,1.3282881666534865,29.09610908499729
2019-12-24 16:00:00,1.2127343676686992,29.34061228055299
2019-12-24 16:30:00,1.1536282401405835,29.02594515088452
2019-12-24 17:00:00,1.0409676639084933,29.50309228197386
2019-12-24 17:30:00,0.9590619473869895,29.457959671419612
2019-12-24 18:00:00,0.8678839913218107,27.756122723002992
2019-12-24 18:30:00,0.8003829245328848,28.37764753245799
2019-12-24 19:00:00,0.7459692777744035,26.5521729290879
2019-12-24 19:30:00,0.6870458763635876,26.058327543620802
2019-12-24 20:00:00,0.623681528607112,25.542242141975297
2019-12-24 20:30:00,0.6227328528290065,24.896673417895478
2019-12-24 21:00:00,0.5821511876917314,24.35008480669221
2019-12-24 21:30:00,0.5553990469733325,24.24131254343361
2019-12-24 22:00:00,0.5901930238523982,22.87957590436203
2019-12-24 22:30:00,0.5479471993970031,22.696905065337738
2019-12-24 23:00:00,0.5685969284428841,22.21511857315393
2019-12-24 23:30:00,0.5786959467322299,21.626494130128943
2019-12-25 00:00:00,0.6223236696815077,21.763493795514666
2019-12-25 00:30:00,0.5971930858342356,21.67006958448078
2019-12-25 01:00:00,0.62049255782435,19.769928372567666
2019-12-25 01:30:00,0.5895239859008726,18.961872658575466
2019-12-25 02:00:00,0.6116219155032102,20.257035698140538
2019-12-25 02:30:00,0.6061328212958599,19.257079355840645
2019-12-25 03:00:00,0.6062415071423836,19.236291315045346
2019-12-25 03:30:00,0.626622658888785,19.578364485127945
2019-12-25 04:00:00,0.6233202965079859,18.67649357725701
2019-12-25 04:30:00,0.6357200454208631,18.723600184440723
2019-12-25 05:00:00,0.6905381368385797,19.129851815705866
2019-12-25 05:30:00,0.6989678352733869,19.948088569513537
2019-12-25 06:00:00,0.6745779660630365,20.083411629840317
2019-12-25 06:30:00,0.7707931781860685,21.04731890667624
2019-12-25 07:00:00,0.8629370335305357,20.887399504713017
2019-12-25 07:30:00,0.8974287788882795,20.703952261846005
2019-12-25 08:00:00,0.9943075475597041,22.11621633510212
2019-12-25 08:30:00,1.0954017507112843,22.716207914615445
2019-12-25 09:00:00,1.1664606936416593,23.839597992805306
2019-12-25 09:30:00,1.2625747990509097,24.05969355321081
2019-12-25 10:00:00,1.3901150664635522,24.656555024992816
2019-12-25 10:30:00,1.478517395027588,25.16776394970442
2019-12-25 11:00:00,1.5105944095009896,24.701910664934886
2019-12-25 11:30:00,1.6523656224631746,25.77205964645993
2019-12-25 12:00:00,1.6514009704389336,27.041014049647085
2019-12-25 12:30:00,1.6558624300951599,27.63854634861116
2019-12-25 13:00:00,1.6621481046771742,26.92511931132826
2019-12-25 13:30:00,1.662375342716941,28.43887340334332
2019-12-25 14:00:00,1.6692861682598343,28.013338095605956
2019-12-25 14:30:00,1.5485854501074956,28.414853733615015
2019-12-25 15:00:00,1.5508274683706658,28.299821253582515
2019-12-25 15:30:00,1.4300912012700053,27.665794756767728
2019-12-25 16:00:00,1.3955685715145474,27.8100513004218
2019-12-25 16:30:00,1.1668701750899426,28.06691884977683
2019-12-25 17:00:00,1.2095696046076134,28.225945978396712
2019-12-25 17:30:00,1.1158603407161996,28.801942815601468
2019-12-25 18:00:00,0.9694052387819679,26.86905333248152
2019-12-25 18:30:00,0.8990500021856285,26.652589729635004
2019-12-25 19:00:00,0.8555953872426371,26.210167419519664
2019-12-25 19:30:00,0.7609864810505949,26.526744367402785
2019-12-25 20:00:00,0.7562259415784107,25.750781649016517
2019-12-25 20:30:00,0.6974682798595604,25.215635624640193
2019-12-25 21:00:00,0.669073145882914,24.559714709803703
2019-12-25 21:30:00,0.6384850909873213,23.09372376684622
2019-12-25 22:00:00,0.6258639368255511,22.582908357368794
2019-12-25 22:30:00,0.6313220154444279,22.17250588993732
2019-12-25 23:00:00,0.6024186416211313,20.769719045841782
2019-12-25 23:30:00,0.5651776781578367,20.736011339200143
2019-12-26 00:00:00,0.6600733334352675,21.4276146370729
2019-12-26 00:30:00,0.6487350811696805,20.41384363170425
2019-12-26 01:00:00,0.6627146554106403,19.8815395305099
2019-12-26 01:30:00,0.6511594955929297,19.763440211507508
2019-12-26 02:00:00,0.6890987334827483,19.38639201709834
2019-12-26 02:30:00,0.6769249898674603,19.915913221309186
2019-12-26 03:00:00,0.7108367071860225,19.080865799502188
2019-12-26 03:30:00,0.6768444942066951,18.987207076650364
2019-12-26 04:00:00,0.7043053812993587,20.313628146888036
2019-12-26 04:30:00,0.7312073835410104,19.630460180717908
2019-12-26 05:00:00,0.6878000876585091,19.840074174538366
2019-12-26 05:30:00,0.7375093825578637,21.050022696849847
2019-12-26 06:00:00,0.7969432502216863,20.657535584461563
2019-12-26 06:30:00,0.8558480785789752,21.02792059570793
2019-12-26 07:00:00,0.903437371263885,21.166217426552272
2019-12-26 07:30:00,1.0176225357542346,20.809943651196555
2019-12-26 08:00:00,1.0173110976341315,21.897381868365954
2019-12-26 08:30:00,1.1930764372011344,22.35800899311843
2019-12-26 09:00:00,1.2914538172856203,23.140428744232963
2019-12-26 09:30:00,1.4224913946851259,23.332758081333655
2019-12-26 10:00:00,1.478560438734921,24.3885510137603
2019-12-26 10:30:00,1.6454840720521282,23.59203672267602
2019-12-26 11:00:00,1.7375685955622897,25.29204020259198
2019-12-26 11:30:00,1.7749815484946236,25.292379249222915
2019-12-26 12:00:00,1.8988310876135408,25.82129048753972
2019-12-26 12:30:00,1.847482288903969,26.424603453354557
2019-12-26 13:00:00,1.9202732960764226,27.360929273839876
2019-12-26 13:30:00,1.8701026209170666,27.81142615989679
2019-12-26 14:00:00,1.853703692661441,27.063762347757685
2019-12-26 14:30:00,1.8009902197972685,28.18511944088758
2019-12-26 15:00:00,1.7549305994452253,27.32799547185656
2019-12-26 15:30:00,1.6259803810269151,27.468391560001372
2019-12-26 16:00:00,1.4252424906642265,27.679422685804695
2019-12-26 16:30:00,1.3894190533554007,27.75657919974209
2019-12-26 17:00:00,1.333273024060358,26.7077627526223
2019-12-26 17:30:00,1.1706221576760314,26.073301188962606
2019-12-26 18:00:00,1.0276752659849384,25.535247875322256
2019-12-26 18:30:00,0.945104098619667,24.59861568736412
2019-12-26 19:00:00,0.9221052422980772,25.210807671956534
2019-12-26 19:30:00,0.8450821153481889,24.38542821636088
2019-12-26 20:00:00,0.7809437633192438,24.03264044850977
2019-12-26 20:30:00,0.7732038542591627,23.25241553125397
2019-12-26 21:00:00,0.7192884363798521,22.956635345544328
2019-12-26 21:30:00,0.718201924845234,22.41055326922322
2019-12-26 22:00:00,0.7041836656723464,22.007371148498024
2019-12-26 22:30:00,0.6798710988299713,21.607975621697584
2019-12-26 23:00:00,0.659615339779021,21.38210999679038
2019-12-26 23:30:00,0.6950537096287398,20.150802291799966
2019-12-27 00:00:00,0.6670301778578664,20.793950091863408
2019-12-27 00:30:00,0.6926331611059935,20.236922888632467
2019-12-27 01:00:00,0.655480234518373,20.567175602161928
2019-12-27 01:30:00,0.6753312360289115,19.431621736902184
2019-12-27 02:00:00,0.6486734820641558,17.740309962147386
2019-12-27 02:30:00,0.6822838557219302,17.309674340972375
2019-12-27 03:00:00,0.6844154934207337,18.920485875332403
2019-12-27 03:30:00,0.7042132263249293,17.543460936496338
2019-12-27 04:00:00,0.7003437883512088,18.987093644084695
2019-12-27 04:30:00,0.7074106680694459,18.758587360885898
2019-12-27 05:00:00,0.7503909908847425,19.748906307546576
2019-12-27 05:30:00,0.7837674588658949,20.32253312080746
2019-12-27 06:00:00,0.8039789185817204,20.464888974010222
2019-12-27 06:30:00,0.8853776963246165,19.74278075514184
2019-12-27 07:00:00,0.9031540750058865,21.2968324595385
2019-12-27 07:30:00,1.0036515302545843,21.020872840364127
2019-12-27 08:00:00,1.0957773577664753,21.133821650562034
2019-12-27 08:30:00,1.2001046532259751,22.17986078953647
2019-12-27 09:00:00,1.3654915666708154,22.284971805905418
2019-12-27 09:30:00,1.3522484999606665,23.417314398560816
2019-12-27 10:00:00,1.4716724669628487,25.13012427004148
2019-12-27 10:30:00,1.6848566073954527,24.691837292852917
2019-12-27 11:00:00,1.7130661272972705,25.120232670823576
2019-12-27 11:30:00,1.7858231719365778,25.173062384709457
2019-12-27 12:00:00,1.8472693607766795,26.836221182666954
2019-12-27 12:30:00,1.8819891161456244,27.499430262129795
2019-12-27 13:00:00,1.9352262166879832,26.31240425500064
2019-12-27 13:30:00,1.957868149519231,27.897695033346828
2019-12-27 14:00:00,1.8359920516420538,27.483962951900274
2019-12-27 14:30:00,1.7743414265847004,28.306983546627844
2019-12-27 15:00:00,1.7388563987420065,27.422765445198944
2019-12-27 15:30:00,1.582295913694945,27.44139048952901
2019-12-27 16:00:00,1.5299161280801086,27.447892463385415
2019-12-27 16:30:00,1.4745604616466745,27.79939458174824
2019-12-27 17:00:00,1.2997924433130448,27.106837261342918
2019-12-27 17:30:00,1.2190834428804271,27.403083220565744
2019-12-27 18:00:00,1.0676681946133733,25.42194492914215
2019-12-27 18:30:00,1.0322312618282583,25.377698175017496
2019-12-27 19:00:00,0.9128077920978488,25.790861895438052
2019-12-27 19:30:00,0.9399832495044314,25.287960558183993
2019-12-27 20:00:00,0.8212870601742758,25.12932192843938
2019-12-27 20:30:00,0.7661581557427521,23.593673714852095
2019-12-27 21:00:00,0.7774672687512743,24.031780662182257
2019-12-27 21:30:00,0.7235066972144779,23.694284500857446
2019-12-27 22:00:00,0.7253068494403458,22.066299864417125
2019-12-27 22:30:00,0.7181126315208896,22.246528706941998
2019-12-27 23:00:00,0.6791475622814619,21.475272775006662
2019-12-27 23:30:00,0.6831510646488755,20.292582044192397
2019-12-28 00:00:00,0.380892135856037,20.197924313808674
2019-12-28 00:30:00,0.3977471603350475,19.324043633041118
2019-12-28 01:00:00,0.37988280745656294,18.852618670233333
2019-12-28 01:30:00,0.3824123326851571,18.258257062542683
2019-12-28 02:00:00,0.36504846531650403,17.80280563895825
2019-12-28 02:30:00,0.39801967080638034,17.661755369328482
2019-12-28 03:00:00,0.38654690209245934,18.28776888084695
2019-12-28 03:30:00,0.388420940113865,17.526079720922255
2019-12-28 04:00:00,0.38623605669958,18.584936069318548
2019-12-28 04:30:00,0.41852035800224835,18.400325770066143
2019-12-28 05:00:00,0.45481242276322004,18.672549003811124
2019-12-28 05:30:00,0.42428142273904207,18.07785728027761
2019-12-28 06:00:00,0.45267537296187277,18.810078379101675
2019-12-28 06:30:00,0.5046581552215486,18.60336996113169
2019-12-28 07:00:00,0.5383896290335719,19.570811146105694
2019-12-28 07:30:00,0.5544340969330195,19.586283146998614
2019-12-28 08:00:00,0.600790650475629,19.123829712100875
2019-12-28 08:30:00,0.6429728528589221,21.201824889047444
2019-12-28 09:00:00,0.7842229956119644,21.591707601074738
2019-12-28 09:30:00,0.7681218238890515,21.901977536518938
2019-12-28 10:00:00,0.895829977544031,21.847255784167196
2019-12-28 10:30:00,0.894468667979972,23.54085008660552
2019-12-28 11:00:00,0.9974583904168819,24.103979587740838
2019-12-28 11:30:00,1.0217956207288055,23.52495571041966
2019-12-28 12:00:00,1.0500259273540464,24.04436482894978
2019-12-28 12:30:00,1.0622900568113,25.43886312699368
2019-12-28 13:00:00,1.068133641373853,25.1505890659353
2019-12-28 13:30:00,1.1397933419983548,25.425802870402514
2019-12-28 14:00:00,0.9921247515162288,25.901725783418176
2019-12-28 14:30:00,1.0158455655473695,26.148925061851468
2019-12-28 15:00:00,0.9404233708796406,25.62098455949959
2019-12-28 15:30:00,0.9201557547258248,25.727315133438015
2019-12-28 16:00:00,0.877377535183565,25.276612234662274
2019-12-28 16:30:00,0.7931604133503299,24.991236285756052
2019-12-28 17:00:00,0.7280351874038615,26.123882201757134
2019-12-28 17:30:00,0.6684508095703714,25.11867854216
2019-12-28 18:00:00,0.6340660112843173,25.38449653414253
2019-12-28 18:30:00,0.5786179618401707,24.974528327723085
2019-12-28 19:00:00,0.5553944484575358,24.5898816427049
2019-12-28 19:30:00,0.49983542914785645,25.046719430416946
2019-12-28 20:00:00,0.4377093291222483,24.28464760733803
2019-12-28 20:30:00,0.4389216268843638,23.76857530999666
2019-12-28 21:00:00,0.41715936471479337,23.351184802272833
2019-12-28 21:30:00,0.38888793264101157,22.766015960888446
2019-12-28 22:00:00,0.3840271720411685,22.00854890543837
2019-12-28 22:30:00,0.3870715047470509,21.11142147991234
2019-12-28 23:00:00,0.3911700449112256,21.263471316902034
2019-12-28 23:30:00,0.3884401389724134,20.268097211498777
2019-12-29 00:00:00,0.381763137918946,19.77808584844906
2019-12-29 00:30:00,0.4037937143328979,19.450857752571743
2019-12-29 01:00:00,0.4047942439006505,19.632002831979076
2019-12-29 01:30:00,0.4138337475091262,19.67887761184519
2019-12-29 02:00:00,0.4001819911527562,19.623157856003907
2019-12-29 02:30:00,0.4159723998003611,18.04010870104002
2019-12-29 03:00:00,0.41390765280387765,18.29456958855363
2019-12-29 03:30:00,0.43165189588601927,18.475641915405546
2019-12-29 04:00:00,0.4293315886725912,19.33272897744284
2019-12-29 04:30:00,0.4325737864541112,21.21714908641931
2019-12-29 05:00:00,0.4372081027486326,18.28820745051156
2019-12-29 05:30:00,0.46342180051696347,20.875253327068307
2019-12-29 06:00:00,0.4934657851658567,21.218292967275826
2019-12-29 06:30:00,0.5187118985323041,20.424819563812136
2019-12-29 07:00:00,0.5618890924577689,20.8446967823952
2019-12-29 07:30:00,0.5915175394449854,21.420323968045192
2019-12-29 08:00:00,0.671136467255777,20.946981324990748
2019-12-29 08:30:00,0.7351895710923402,21.999666503653994
2019-12-29 09:00:00,0.744962563933989,23.137322637258368
2019-12-29 09:30:00,0.8752786216450228,23.121098382649713
2019-12-29 10:00:00,0.877458902458671,24.25406790676951
2019-12-29 10:30:00,0.9786737842790064,24.7641497186988
2019-12-29 11:00:00,1.057692748098802,25.729859000084705
2019-12-29 11:30:00,1.0837657476667926,26.831613566740824
2019-12-29 12:00:00,1.1055615670356782,26.498749068684873
2019-12-29 12:30:00,1.114145324005727,26.966464564961107
2019-12-29 13:00:00,1.1782866960631926,27.241019059225014
2019-12-29 13:30:00,1.1636631510679079,27.656613718511473
2019-12-29 14:00:00,1.1060634618754093,28.33366110977504
2019-12-29 14:30:00,1.1310256175175484,28.133842168295587
2019-12-29 15:00:00,1.0547859013870333,28.529651566443757
2019-12-29 15:30:00,1.0407054691226596,28.7199358838723
2019-12-29 16:00:00,0.9082730717117279,28.651973066432983
2019-12-29 16:30:00,0.9012639979594396,27.48705705398592
2019-12-29 17:00:00,0.796064144814476,27.367301043810162
2019-12-29 17:30:00,0.6753044319165235,26.842877062942833
2019-12-29 18:00:00,0.6551191247140455,26.98397036689373
2019-12-29 18:30:00,0.6168605875881183,25.96359189942663
2019-12-29 19:00:00,0.5867943702334341,26.1312680808599
2019-12-29 19:30:00,0.5358942410392896,26.28267691391525
2019-12-29 20:00:00,0.48108939050901134,26.496974000771772
2019-12-29 20:30:00,0.4635914305811169,24.57871466099996
2019-12-29 21:00:00,0.4730596554284473,24.33143521741568
2019-12-29 21:30:00,0.4293371589721087,24.043689161812534
2019-12-29 22:00:00,0.4380966966008547,24.27277465295782
2019-12-29 22:30:00,0.432595597582206,22.648654755177994
2019-12-29 23:00:00,0.42414491245300956,21.898075776338338
2019-12-29 23:30:00,0.4101953620932925,21.941161626485158
2019-12-30 00:00:00,0.7411092046792119,20.948727307654863
2019-12-30 00:30:00,0.723553546133473,20.20080340217498
2019-12-30 01:00:00,0.7887796606832664,20.30571058202221
2019-12-30 01:30:00,0.7711126195616536,19.608035882501895
2019-12-30 02:00:00,0.7877286036798338,19.774690277646105
2019-12-30 02:30:00,0.7324048314606306,18.989271274855287
2019-12-30 03:00:00,0.7738646651508213,19.159708349500892
2019-12-30 03:30:00,0.7688680046121085,19.03435098342398
2019-12-30 04:00:00,0.7948102197455778,19.163961196355526
2019-12-30 04:30:00,0.8085518821418032,19.055300958873794
2019-12-30 05:00:00,0.8431779136354437,19.636013277555247
2019-12-30 05:30:00,0.847192408223621,19.58161049082187
2019-12-30 06:00:00,0.8992403826362931,20.965445143020798
2019-12-30 06:30:00,0.9988314575271124,20.687438390498652
2019-12-30 07:00:00,1.0965512024458104,20.4054798150917
2019-12-30 07:30:00,1.1290948751662586,22.21026531682185
2019-12-30 08:00:00,1.2560250360599585,23.03884444019106
2019-12-30 08:30:00,1.3403995607959078,23.557811273871128
2019-12-30 09:00:00,1.4572425108862082,23.820560749495733
2019-12-30 09:30:00,1.5740597029692425,22.56963340616512
2019-12-30 10:00:00,1.7315962222723622,24.30388426147057
2019-12-30 10:30:00,1.8543527041367398,25.95580024918062
2019-12-30 11:00:00,1.888857764270072,25.940311261737072
2019-12-30 11:30:00,2.003478405270325,25.13646922223431
2019-12-30 12:00:00,2.0626797937116508,26.514329373445996
2019-12-30 12:30:00,2.159674660928044,26.53300928324689
2019-12-30 13:00:00,2.2043600202876026,27.086668626963323
2019-12-30 13:30:00,2.07429307302689,26.959479983860597
2019-12-30 14:00:00,2.105519540744921,27.125526232055307
2019-12-30 14:30:00,1.9886437309223488,27.463585897390946
2019-12-30 15:00:00,2.0382295241075474,28.41414686561569
2019-12-30 15:30:00,1.8939423713881998,28.429786903882114
2019-12-30 16:00:00,1.759239755147312,29.43924222739033
2019-12-30 16:30:00,1.5809697662166324,29.097339735507017
2019-12-30 17:00:00,1.4896463147201822,28.085116700344482
2019-12-30 17:30:00,1.4016325091136566,28.95953147377615
2019-12-30 18:00:00,1.1628895369286711,27.491127465797888
2019-12-30 18:30:00,1.1968991357727472,27.51301577770976
2019-12-30 19:00:00,1.0393855785449604,27.60922630877828
2019-12-30 19:30:00,0.9779073586203775,26.710954687487426
2019-12-30 20:00:00,0.9757497462299317,25.87544940167697
2019-12-30 20:30:00,0.8744300596004151,24.755184240400663
2019-12-30 21:00:00,0.8604604499410996,24.26279090294243
2019-12-30 21:30:00,0.8392403385411685,23.490797538471035
2019-12-30 22:00:00,0.8233862299104234,22.277641298206643
2019-12-30 22:30:00,0.7552912000049813,21.575562628943366
2019-12-30 23:00:00,0.7937542540944296,21.108052751361992
2019-12-30 23:30:00,0.7675274315769003,20.04251572163137
2019-12-31 00:00:00,0.74828605766279,19.49449882876241
2019-12-31 00:30:00,0.7286044959998633,19.20950641757716
2019-12-31 01:00:00,0.724122171975187,19.264027009618392
2019-12-31 01:30:00,0.7388110982773345,18.92177168527994
2019-12-31 02:00:00,0.7035185167993399,19.610855988746987
2019-12-31 02:30:00,0.7370298129420082,18.000469868336804
2019-12-31 03:00:00,0.766893591705833,18.444606345550774
2019-12-31 03:30:00,0.756948283083723,18.363955833211648
2019-12-31 04:00:00,0.756431166110971,18.523560143825254
2019-12-31 04:30:00,0.8108805057076407,17.84270435438675
2019-12-31 05:00:00,0.821989113710459,18.737729138350243
2019-12-31 05:30:00,0.8431123200881893,18.46716408806826
2019-12-31 06:00:00,0.8903898249060267,18.673942129320558
2019-12-31 06:30:00,0.9935136253348621,20.35371723307529
2019-12-31 07:00:00,1.0418005714002678,19.798423828916107
2019-12-31 07:30:00,1.1282426294529757,20.78784189521859
2019-12-31 08:00:00,1.2831764833974315,21.431442274517835
2019-12-31 08:30:00,1.3242926176006913,22.41457128039335
2019-12-31 09:00:00,1.4172781535713628,22.68930427822062
2019-12-31 09:30:00,1.528117585578316,22.882900132407013
2019-12-31 10:00:00,1.653387852491331,24.519200661266726
2019-12-31 10:30:00,1.7818406449210282,24.04310173887331
2019-12-31 11:00:00,1.9710539541715824,25.322191596843044
2019-12-31 11:30:00,1.9354215452411565,26.476970066712884
2019-12-31 12:00:00,1.961157606375703,26.711511339937868
2019-12-31 12:30:00,2.063074980137935,27.633924476519027
2019-12-31 13:00:00,2.1812730623640872,27.888823963917496
2019-12-31 13:30:00,1.9713057243252314,28.56513924641978
2019-12-31 14:00:00,1.9622584974381894,28.68286347250436
2019-12-31 14:30:00,2.030323158010879,29.194647510795882
2019-12-31 15:00:00,1.8771832202671148,29.651043004553465
2019-12-31 15:30:00,1.731843199514509,29.18893215873316
2019-12-31 16:00:00,1.702917070491535,29.95683942919943
2019-12-31 16:30:00,1.5006936882521638,30.300774740063343
2019-12-31 17:00:00,1.4108182638024742,29.560633628203437
2019-12-31 17:30:00,1.247380126853456,30.17143247466393
2019-12-31 18:00:00,1.2227837389234157,28.893262400191773
2019-12-31 18:30:00,1.067279776707229,29.053976670351776
2019-12-31 19:00:00,1.0731103409728466,27.828178206214076
2019-12-31 19:30:00,0.9853228579996102,27.353682882963064
2019-12-31 20:00:00,0.9073018457585628,27.139332649906176
2019-12-31 20:30:00,0.8195218357418862,25.45186596495223
2019-12-31 21:00:00,0.8390307983864753,24.994226827958087
2019-12-31 21:30:00,0.765014874468782,24.660243772407394
2019-12-31 22:00:00,0.8189920403920092,24.074626728328802
2019-12-31 22:30:00,0.7674997073134838,23.51619381724889
2019-12-31 23:00:00,0.7710439668854044,22.86605810299845
2019-12-31 23:30:00,0.7595114337484259,21.40661336504689
2020-01-01 00:00:00,0.7048306947228636,20.890653047071808
2020-01-01 00:30:00,0.721497537190113,20.839356216146605
2020-01-01 01:00:00,0.7271934920509319,20.617895818542408
2020-01-01 01:30:00,0.6914361305532376,20.9295750482049
2020-01-01 02:00:00,0.6675035897810349,21.027110369641317
2020-01-01 02:30:00,0.7375385362984416,21.329245997342543
2020-01-01 03:00:00,0.7501557345418066,20.442715934320972
2020-01-01 03:30:00,0.7249534406699054,20.014409225008805
2020-01-01 04:00:00,0.7846572279159096,20.759396633096813
2020-01-01 04:30:00,0.7417298589681062,20.937625981360174
2020-01-01 05:00:00,0.7657304840697032,21.55966260925054
2020-01-01 05:30:00,0.8075135120994316,20.856012623031912
2020-01-01 06:00:00,0.8731493618634258,21.27803501676968
2020-01-01 06:30:00,0.9385401629013818,22.691022044886772
2020-01-01 07:00:00,1.0217533321141112,23.918731144474012
2020-01-01 07:30:00,1.0624671160961978,24.811439926251197
2020-01-01 08:00:00,1.1598614854982328,23.80151986715697
2020-01-01 08:30:00,1.164912484410294,24.952526711746113
2020-01-01 09:00:00,1.3884625362351994,25.784020316042806
2020-01-01 09:30:00,1.5241371991357138,26.773712859179017
2020-01-01 10:00:00,1.6140724929898629,26.55851208170245
2020-01-01 10:30:00,1.7372910893087452,27.49467906928792
2020-01-01 11:00:00,1.8799809209008758,27.322751201099834
2020-01-01 11:30:00,1.8698797848428013,28.578791266569954
2020-01-01 12:00:00,1.870087049658736,28.37011098600573
2020-01-01 12:30:00,1.9844947968271685,28.12120796713703
2020-01-01 13:00:00,2.052734776538934,28.873098709055373
2020-01-01 13:30:00,2.09317006246762,29.545329438623337
2020-01-01 14:00:00,1.9871988322640002,29.757613417361043
2020-01-01 14:30:00,1.876110879791397,29.999284224507793
2020-01-01 15:00:00,1.8822900829213616,30.517005822888247
2020-01-01 15:30:00,1.7880045697701226,29.79047297204232
2020-01-01 16:00:00,1.6128599177061886,30.3398950488796
2020-01-01 16:30:00,1.5046409786354276,29.33631477395437
2020-01-01 17:00:00,1.363681606214859,30.05553859136098
2020-01-01 17:30:00,1.3022772716220263,29.354570895641782
2020-01-01 18:00:00,1.161680786529342,29.160195810463915
2020-01-01 18:30:00,1.0563423345060272,29.50048572231813
2020-01-01 19:00:00,0.9970747171345572,28.76452722210201
2020-01-01 19:30:00,0.9856622817340982,28.133332170934604
2020-01-01 20:00:00,0.8386203118760222,26.233142912547404
2020-01-01 20:30:00,0.8511211619020312,27.018743031612313
2020-01-01 21:00:00,0.7653348858505968,25.447252550022423
2020-01-01 21:30:00,0.7287739582713171,26.282537267233167
2020-01-01 22:00:00,0.7412755644707129,25.346036706962987
2020-01-01 22:30:00,0.7525204883089864,24.57723793374387
2020-01-01 23:00:00,0.6952119984348587,23.11972432592551
2020-01-01 23:30:00,0.687140989537167,23.69613890858644
2020-01-02 00:00:00,0.8048264330386734,22.543951872781356
2020-01-02 00:30:00,0.806199930453292,22.262056312475718
2020-01-02 01:00:00,0.7833720400253559,21.41961545121246
2020-01-02 01:30:00,0.7890691909289942,20.827068606881284
2020-01-02 02:00:00,0.8158866942075178,21.955144915946587
2020-01-02 02:30:00,0.8245707795658591,21.115749023957658
2020-01-02 03:00:00,0.8316291341301454,20.330973208947434
2020-01-02 03:30:00,0.7837036735033833,20.60589061686446
2020-01-02 04:00:00,0.8568750154911177,20.20974665432377
2020-01-02 04:30:00,0.8547486696210155,21.441765766812495
2020-01-02 05:00:00,0.8727253025923166,21.81846732948075
2020-01-02 05:30:00,0.9361106103110256,19.944407074230348
2020-01-02 06:00:00,0.9779391890441546,21.20958180649927
2020-01-02 06:30:00,1.0579511158063062,21.69191939519392
2020-01-02 07:00:00,1.1726230739845929,21.775099838132768
2020-01-02 07:30:00,1.1584611119878814,22.579440146088597
2020-01-02 08:00:00,1.3408682491814645,22.723267838277344
2020-01-02 08:30:00,1.4016516731382074,24.46218160359172
2020-01-02 09:00:00,1.6332811775735758,24.213460918858555
2020-01-02 09:30:00,1.6273045759413518,24.673383818611846
2020-01-02 10:00:00,1.7487923232810667,25.57207350475481
2020-01-02 10:30:00,1.8638347452581467,25.89540366023727
2020-01-02 11:00:00,1.9561674768716708,26.883325075642926
2020-01-02 11:30:00,2.1071516131939267,27.40395006255009
2020-01-02 12:00:00,2.091527967729489,27.32884160159943
2020-01-02 12:30:00,2.258860631441242,27.48699212890454
2020-01-02 13:00:00,2.230113291217865,28.11702485573859
2020-01-02 13:30:00,2.2645761767084354,28.574596348354486
2020-01-02 14:00:00,2.1545045955223103,29.772192343982006
2020-01-02 14:30:00,2.2474987480923465,29.899604426176953
2020-01-02 15:00:00,2.008010476585757,29.847937921403485
2020-01-02 15:30:00,1.9059791543484526,30.136854886826846
2020-01-02 16:00:00,1.793378580180079,29.823631644516237
2020-01-02 16:30:00,1.6606538055345772,29.340791435919414
2020-01-02 17:00:00,1.5643904886320696,29.774413008524967
2020-01-02 17:30:00,1.4102234961768287,28.863130208670146
2020-01-02 18:00:00,1.385909217653207,28.485352611144812
2020-01-02 18:30:00,1.1768488352844417,27.957378063414208
2020-01-02 19:00:00,1.1122824169513528,27.618065120563944
2020-01-02 19:30:00,1.028833319554144,28.58026116911702
2020-01-02 20:00:00,0.9352289028661561,26.941233700331352
2020-01-02 20:30:00,0.8977030868763048,27.082734518902765
2020-01-02 21:00:00,0.8910432543421504,25.569053703263975
2020-01-02 21:30:00,0.8734838265947662,25.473621170094177
2020-01-02 22:00:00,0.8039238962955967,25.13757482857362
2020-01-02 22:30:00,0.835550499931565,24.968976707086007
2020-01-02 23:00:00,0.8258714570671932,23.930627106795846
2020-01-02 23:30:00,0.7905820039945274,23.101371474288698
2020-01-03 00:00:00,1.1708903422700767,23.025046726624673
2020-01-03 00:30:00,1.1778671953873694,21.676690430818898
2020-01-03 01:00:00,1.103804368733092,22.610158719346874
2020-01-03 01:30:00,1.1589175687333602,21.590234468961473
2020-01-03 02:00:00,1.125657743613542,22.730881681009354
2020-01-03 02:30:00,1.1374855925853895,21.50915811143106
2020-01-03 03:00:00,1.1845574607843052,21.918679385728865
2020-01-03 03:30:00,1.192243516872871,21.501571535475627
2020-01-03 04:00:00,1.1966796656050969,21.19494583237761
2020-01-03 04:30:00,1.2371363669069932,21.424092581459266
2020-01-03 05:00:00,1.261386761350589,21.23611650826314
2020-01-03 05:30:00,1.2727870881337056,21.686774617131185
2020-01-03 06:00:00,1.3306599320477022,21.260408984115028
2020-01-03 06:30:00,1.4071533051627283,20.878028308812592
2020-01-03 07:00:00,1.5798534178707748,22.114508900129238
2020-01-03 07:30:00,1.7587481913478984,22.502564139324562
2020-01-03 08:00:00,1.914492147230516,23.772109753990225
2020-01-03 08:30:00,2.0462487854295057,22.944538061325616
2020-01-03 09:00:00,2.126449889943388,22.930704627938763
2020-01-03 09:30:00,2.425860148859204,23.555648624245325
2020-01-03 10:00:00,2.748576176778465,24.107480214695627
2020-01-03 10:30:00,2.8002424905996226,25.760210682305264
2020-01-03 11:00:00,2.938078397448115,27.060157497347973
2020-01-03 11:30:00,2.9754887243085615,27.424281473353957
2020-01-03 12:00:00,3.1832883776600425,28.319947856688213
2020-01-03 12:30:00,3.239843369621833,28.811042000914785
2020-01-03 13:00:00,3.4364631581088037,29.058466570326193
2020-01-03 13:30:00,3.1452593725171316,29.98005777809332
2020-01-03 14:00:00,3.1896658453478435,30.47877757914575
2020-01-03 14:30:00,3.0015238864896925,29.982197810779223
2020-01-03 15:00:00,2.9852681045107183,30.449968700170686
2020-01-03 15:30:00,2.8770573369767556,30.64711496132354
2020-01-03 16:00:00,2.5332760550408366,30.081396936003195
2020-01-03 16:30:00,2.3696544673905695,30.65042118694761
2020-01-03 17:00:00,2.1519789927045796,29.53042498231609
2020-01-03 17:30:00,2.037914320945913,30.13809150724834
2020-01-03 18:00:00,1.811109996254067,30.842314700389853
2020-01-03 18:30:00,1.7074835073931471,29.644218247559003
2020-01-03 19:00:00,1.48835392719906,28.331220682226952
2020-01-03 19:30:00,1.6132032084509975,28.669256087587407
2020-01-03 20:00:00,1.3848453754670704,28.339700723960153
2020-01-03 20:30:00,1.2970170250003579,26.79518696779149
2020-01-03 21:00:00,1.2018584603193696,26.808769014961438
2020-01-03 21:30:00,1.232813849715308,26.78598443112225
2020-01-03 22:00:00,1.1963453772858812,25.14980019483262
2020-01-03 22:30:00,1.185366426134513,26.056052265645526
2020-01-03 23:00:00,1.1430243315488289,24.815946649591698
2020-01-03 23:30:00,1.2130087166997712,23.812889597281984
2020-01-04 00:00:00,0.6710305619104829,23.65421198676341
2020-01-04 00:30:00,0.6661860348475815,23.500395247196586
2020-01-04 01:00:00,0.7311182578498274,23.36689773077185
2020-01-04 01:30:00,0.725204845300247,23.235396891541694
2020-01-04 02:00:00,0.7206738102559116,22.4311022557706
2020-01-04 02:30:00,0.7153247120483677,22.462404895754354
2020-01-04 03:00:00,0.7222733414167949,21.94002391175722
2020-01-04 03:30:00,0.6982909066150487,21.632306695973543
2020-01-04 04:00:00,0.7957845880544208,22.974376449976948
2020-01-04 04:30:00,0.7970596152042075,23.902842335782267
2020-01-04 05:00:00,0.7966464175109643,24.23825734822178
2020-01-04 05:30:00,0.8159121662009438,24.355823909809406
2020-01-04 06:00:00,0.8310416073636882,24.86627100830811
2020-01-04 06:30:00,0.9075528067864925,25.16358532733736
2020-01-04 07:00:00,0.9546360309573168,25.56396445650388
2020-01-04 07:30:00,1.063798249766034,27.75710333866247
2020-01-04 08:00:00,1.0940091104104854,26.74988330235465
2020-01-04 08:30:00,1.1805963189846087,27.092203707291095
2020-01-04 09:00:00,1.3241380126478475,27.916866476126373
2020-01-04 09:30:00,1.4634158397511086,28.257472663367984
2020-01-04 10:00:00,1.5520808795952934,28.834722953181608
2020-01-04 10:30:00,1.708696137034554,30.37371641194166
2020-01-04 11:00:00,1.8292087057070516,30.303645707853104
2020-01-04 11:30:00,1.7957887503476853,30.67294975242526
2020-01-04 12:00:00,1.9493767422992956,31.737904953429975
2020-01-04 12:30:00,1.9142562437616213,32.561326981998704
2020-01-04 13:00:00,1.996346043231324,32.17139401896117
2020-01-04 13:30:00,1.9879647180142797,32.60911562277794
2020-01-04 14:00:00,1.9367106921118464,33.1650531282831
2020-01-04 14:30:00,1.7583540912096498,33.3230044415383
2020-01-04 15:00:00,1.5919369990883794,32.82466500546998
2020-01-04 15:30:00,1.6634328530190654,33.295244040914795
2020-01-04 16:00:00,1.5889530282894149,32.73242447575954
2020-01-04 16:30:00,1.3879678402596238,33.401094964146495
2020-01-04 17:00:00,1.3349529209666018,31.976546708790817
2020-01-04 17:30:00,1.2438765358383654,30.884376613000885
2020-01-04 18:00:00,1.1680095714925973,31.6989384933863
2020-01-04 18:30:00,1.0656416792668795,30.8163316512209
2020-01-04 19:00:00,0.9834171021939723,29.756708663815502
2020-01-04 19:30:00,0.8725564467529994,28.374970034301544
2020-01-04 20:00:00,0.8360320513468142,30.037778785240814
2020-01-04 20:30:00,0.8042968208167233,28.487756758399904
2020-01-04 21:00:00,0.8431302287844556,29.126759603992472
2020-01-04 21:30:00,0.7579231453388032,27.7394845505084
2020-01-04 22:00:00,0.7252633051802833,26.73075487149311
2020-01-04 22:30:00,0.7068866211441623,27.492760518142884
2020-01-04 23:00:00,0.7051220939289763,26.509578531984843
2020-01-04 23:30:00,0.6930433489786276,25.12505240433491
2020-01-05 00:00:00,0.6761007788837827,25.617778385456674
2020-01-05 00:30:00,0.6577926721299836,25.240331093522048
2020-01-05 01:00:00,0.6722470494184336,25.639967683716254
2020-01-05 01:30:00,0.6370301775485573,24.549259757834577
2020-01-05 02:00:00,0.6537421735276284,24.288639344405812
2020-01-05 02:30:00,0.6701996549983038,23.91227281364692
2020-01-05 03:00:00,0.6528643525966749,24.476355002610347
2020-01-05 03:30:00,0.7251077423860995,23.73307182238322
2020-01-05 04:00:00,0.6627501883617858,24.061039912406002
2020-01-05 04:30:00,0.7043635503111604,23.763988677136922
2020-01-05 05:00:00,0.7250821533582472,22.992785573210565
2020-01-05 05:30:00,0.7169441652014169,24.173445527118464
2020-01-05 06:00:00,0.8513344776185366,23.889871454781616
2020-01-05 06:30:00,0.8367012980234928,24.15887519558199
2020-01-05 07:00:00,0.9334662334887686,24.015149306722044
2020-01-05 07:30:00,1.0258344659284233,25.124805228500094
2020-01-05 08:00:00,1.0355789629214853,25.022553414833776
2020-01-05 08:30:00,1.0742446029903507,25.453593133875078
2020-01-05 09:00:00,1.295133539724001,26.08550749049875
2020-01-05 09:30:00,1.3049135933921299,26.48686596193783
2020-01-05 10:00:00,1.3317694735485537,28.3437164700082
2020-01-05 10:30:00,1.516413194732502,26.961309993298844
2020-01-05 11:00:00,1.635953573389075,29.274317270018823
2020-01-05 11:30:00,1.8522204397410031,29.69057376012482
2020-01-05 12:00:00,1.7149228023636656,29.465719934138875
2020-01-05 12:30:00,1.8281430636012548,30.75612441464353
2020-01-05 13:00:00,1.8347147873568501,30.468405392155148
2020-01-05 13:30:00,1.837811505282266,31.721506462882328
2020-01-05 14:00:00,1.7103648574299417,30.32926993667726
2020-01-05 14:30:00,1.6973987587921775,30.880406891740996
2020-01-05 15:00:00,1.7406084865278224,30.86097542797311
2020-01-05 15:30:00,1.6434619760629967,30.827121530451763
2020-01-05 16:00:00,1.432723306929929,30.631753173193605
2020-01-05 16:30:00,1.3619721429091425,30.764721821173495
2020-01-05 17:00:00,1.2672483256482459,30.994110020456237
2020-01-05 17:30:00,1.2318155737438092,30.68894126926957
2020-01-05 18:00:00,1.0241852725716911,31.013453582483802
2020-01-05 18:30:00,0.9059931396626292,30.97156738571327
2020-01-05 19:00:00,0.8701411146585297,29.465694457766116
2020-01-05 19:30:00,0.8665633488249922,30.012425421104226
2020-01-05 20:00:00,0.766037445458962,29.31765961207838
2020-01-05 20:30:00,0.7614041185866224,28.933500076847288
2020-01-05 21:00:00,0.7363384416684152,28.903284061633485
2020-01-05 21:30:00,0.6995516111120638,28.109125788851046
2020-01-05 22:00:00,0.6826237552968807,27.028869114935524
2020-01-05 22:30:00,0.682101471778958,26.270989144961383
2020-01-05 23:00:00,0.6735442180032744,26.324000079378106
2020-01-05 23:30:00,0.6486954686391182,24.958015018892407
2020-01-06 00:00:00,1.2643114824661583,24.3527439812244
2020-01-06 00:30:00,1.2184824390673483,24.769308732063273
2020-01-06 01:00:00,1.2487318411173052,24.212235883208844
2020-01-06 01:30:00,1.2480061463113157,24.623154060057423
2020-01-06 02:00:00,1.2313364570168295,22.834289013524177
2020-01-06 02:30:00,1.2437291156681505,23.4305336597927
2020-01-06 03:00:00,1.2503848365001982,22.18681901645723
2020-01-06 03:30:00,1.2648300167127975,22.34765203938209
2020-01-06 04:00:00,1.2522499455471297,23.21600025141879
2020-01-06 04:30:00,1.2773949445500128,22.827371928820167
2020-01-06 05:00:00,1.3769114596568997,22.978433317772282
2020-01-06 05:30:00,1.4184675918831129,22.949798567280855
2020-01-06 06:00:00,1.5394404943090527,22.0892859624226
2020-01-06 06:30:00,1.5750003160169028,22.803002745923852
2020-01-06 07:00:00,1.6405870376834197,25.415774032560698
2020-01-06 07:30:00,1.8023861270703792,25.411852179042068
2020-01-06 08:00:00,1.9812908723969713,25.14168298620276
2020-01-06 08:30:00,2.2202307265416064,25.227895222879777
2020-01-06 09:00:00,2.306060362470537,26.63490163887387
2020-01-06 09:30:00,2.5156448349134877,27.679832292254126
2020-01-06 10:00:00,2.880618160190675,29.25660809116931
2020-01-06 10:30:00,2.8569844403618014,27.987188042327624
2020-01-06 11:00:00,2.9095006600475792,28.909412802443516
2020-01-06 11:30:00,3.236680580678149,29.981486595540733
2020-01-06 12:00:00,3.2303645209484255,30.165626670110324
2020-01-06 12:30:00,3.5389205843987113,30.529247901649214
2020-01-06 13:00:00,3.3617909663238406,31.06122149607846
2020-01-06 13:30:00,3.459411236564224,30.883207930729395
2020-01-06 14:00:00,3.3164533368520925,31.405543052347934
2020-01-06 14:30:00,3.2380716648294845,30.369735624829733
2020-01-06 15:00:00,3.0070057119265337,31.801213525806325
2020-01-06 15:30:00,3.0222051528167966,30.509044846654888
2020-01-06 16:00:00,2.6128583188310213,30.652148023996897
2020-01-06 16:30:00,2.695170604184676,30.795877989409544
2020-01-06 17:00:00,2.379318195580337,30.659426372759132
2020-01-06 17:30:00,2.2212647357330924,31.522245755721183
2020-01-06 18:00:00,2.060147550016316,29.96489222509505
2020-01-06 18:30:00,1.8602565594916218,28.80537022410737
2020-01-06 19:00:00,1.7287288306434565,28.24491035466595
2020-01-06 19:30:00,1.5320759172342129,28.364618012605657
2020-01-06 20:00:00,1.4700146106113066,28.608415302526826
2020-01-06 20:30:00,1.4811053019158416,27.197563046777695
2020-01-06 21:00:00,1.3126150042108673,26.99208564491494
2020-01-06 21:30:00,1.325907391557521,26.18124332752171
2020-01-06 22:00:00,1.3104226791977505,25.657535783761748
2020-01-06 22:30:00,1.227986886643868,24.48682971654301
2020-01-06 23:00:00,1.2376345370704807,24.03239515212035
2020-01-06 23:30:00,1.239214051749503,23.040283129602006
2020-01-07 00:00:00,0.9953830892759541,22.344269460044664
2020-01-07 00:30:00,0.9827108631897392,22.126542601907122
2020-01-07 01:00:00,1.010950866727789,21.576245008411963
2020-01-07 01:30:00,0.9963381753126126,21.67004278582258
2020-01-07 02:00:00,1.028116743349327,20.09916900956074
2020-01-07 02:30:00,0.9790501211569848,19.983694666826445
2020-01-07 03:00:00,1.0132222014188137,20.61640088676607
2020-01-07 03:30:00,1.031263568738349,20.888230902406885
2020-01-07 04:00:00,1.076326000053107,20.841442545062765
2020-01-07 04:30:00,1.083400599122344,20.129456093045327
2020-01-07 05:00:00,1.1090489889051804,21.02390628691588
2020-01-07 05:30:00,1.1174524869137687,21.66893348605109
2020-01-07 06:00:00,1.2213185240989533,21.901644130317635
2020-01-07 06:30:00,1.2497170030901243,21.994815456065087
2020-01-07 07:00:00,1.3822885569685723,21.972563264389397
2020-01-07 07:30:00,1.5048258279006321,24.01158490721455
2020-01-07 08:00:00,1.6688763177644754,24.603166665171873
2020-01-07 08:30:00,1.6775438044297024,24.156999097745707
2020-01-07 09:00:00,1.970992140828885,25.38197693227833
2020-01-07 09:30:00,2.0683082195990856,25.939660536803977
2020-01-07 10:00:00,2.2307379511515566,26.29380773324369
2020-01-07 10:30:00,2.490397501255758,26.775651574687913
2020-01-07 11:00:00,2.598427748361258,26.575655831734345
2020-01-07 11:30:00,2.609898669523263,26.929321837554145
2020-01-07 12:00:00,2.851566054763237,27.98436928957713
2020-01-07 12:30:00,2.7112551102122873,28.07184586718965
2020-01-07 13:00:00,2.953895891635681,30.559843181098156
2020-01-07 13:30:00,2.909302848506558,28.577842128737704
2020-01-07 14:00:00,2.7347352846697266,29.63163081743029
2020-01-07 14:30:00,2.662961541555242,29.68894485633961
2020-01-07 15:00:00,2.602061493062866,29.96121478997196
2020-01-07 15:30:00,2.4582407447378807,30.484251425354913
2020-01-07 16:00:00,2.411666463684651,30.193228512684225
2020-01-07 16:30:00,2.107716471305951,30.01841894660121
2020-01-07 17:00:00,1.9550857050464157,28.813314816121952
2020-01-07 17:30:00,1.7935945761519587,29.016819497392362
2020-01-07 18:00:00,1.5626670607429884,29.35188720994002
2020-01-07 18:30:00,1.5150955295057784,29.227769777882262
2020-01-07 19:00:00,1.4327853532631307,27.66584898545713
2020-01-07 19:30:00,1.2695891051167276,28.29952571497027
2020-01-07 20:00:00,1.2030439048272044,27.158904677796023
2020-01-07 20:30:00,1.1654213653204286,26.882276267089324
2020-01-07 21:00:00,1.1181765501510543,25.578602817402533
2020-01-07 21:30:00,1.115422393833331,26.603214482321288
2020-01-07 22:00:00,1.0563482582619674,25.86617216061226
2020-01-07 22:30:00,1.0068740417828002,24.56899523441846
2020-01-07 23:00:00,1.0528673246931333,25.161315228918646
2020-01-07 23:30:00,1.0395365918753487,24.519539218539897
2020-01-08 00:00:00,1.1184780984542122,24.59966327040392
2020-01-08 00:30:00,1.0376034324643968,22.991421029545847
2020-01-08 01:00:00,1.0685993559067823,23.520315048548614
2020-01-08 01:30:00,1.068175547598896,22.971167806473296
2020-01-08 02:00:00,1.0926894887308765,22.215486707530964
2020-01-08 02:30:00,1.0322318798337093,21.795945855632006
2020-01-08 03:00:00,1.057652208040869,22.287020035401277
2020-01-08 03:30:00,1.0914317247906313,21.640331549476944
2020-01-08 04:00:00,1.1310498774847169,22.16920578151575
2020-01-08 04:30:00,1.1066393281588978,22.682931804581727
2020-01-08 05:00:00,1.219420064041226,22.44608136791032
2020-01-08 05:30:00,1.2207626660919324,23.83822878794664
2020-01-08 06:00:00,1.2804605871572359,24.197251607763732
2020-01-08 06:30:00,1.3905388735130522,24.31506865022416
2020-01-08 07:00:00,1.5546389532157427,23.435297178708776
2020-01-08 07:30:00,1.60886218533266,24.844581160017356
2020-01-08 08:00:00,1.700890484557934,25.16933335371704
2020-01-08 08:30:00,1.8376342396360525,25.25213310952459
2020-01-08 09:00:00,2.1477073383140906,26.71020194264821
2020-01-08 09:30:00,2.2440850759356414,27.894875224267125
2020-01-08 10:00:00,2.4048650728430783,27.802739843489785
2020-01-08 10:30:00,2.572275201621473,28.640149787181667
2020-01-08 11:00:00,2.6132277391155974,28.473210868435665
2020-01-08 11:30:00,2.6794271661433813,28.917059805833098
2020-01-08 12:00:00,2.748149468760273,29.115304764882303
2020-01-08 12:30:00,2.9711603337596126,30.537852663329957
2020-01-08 13:00:00,3.034413576922888,30.362774568000702
2020-01-08 13:30:00,2.9207996712581594,30.883586971647862
2020-01-08 14:00:00,3.087761871006934,31.068150113791138
2020-01-08 14:30:00,2.6873983792099487,31.456740522970925
2020-01-08 15:00:00,2.7267440184278606,31.959805585816337
2020-01-08 15:30:00,2.477731627834517,32.16729407218536
2020-01-08 16:00:00,2.2782167328734886,32.00767463394127
2020-01-08 16:30:00,2.242265015688398,31.504895059175112
2020-01-08 17:00:00,2.0296427612410133,31.876198919055657
2020-01-08 17:30:00,1.8176058751746986,31.854970216867304
2020-01-08 18:00:00,1.703325168462441,31.312066410204736
2020-01-08 18:30:00,1.5952249715398812,31.577133690021927
2020-01-08 19:00:00,1.4560770060612178,30.337043076990845
2020-01-08 19:30:00,1.3281272084874878,30.718964306620123
2020-01-08 20:00:00,1.282670062155824,29.43086807231689
2020-01-08 20:30:00,1.317789094199495,28.84715490333949
2020-01-08 21:00:00,1.1594929174080149,28.193371513651517
2020-01-08 21:30:00,1.132377981808616,28.360962865361625
2020-01-08 22:00:00,0.9994021347018649,27.55493818797599
2020-01-08 22:30:00,1.120739997752382,26.157799165967862
2020-01-08 23:00:00,1.0941470669880407,26.456353453006376
2020-01-08 23:30:00,1.0833133035520621,25.65638803133348
2020-01-09 00:00:00,0.8622623756708699,24.5472452031684
2020-01-09 00:30:00,0.8829834126239087,25.00494382568991
2020-01-09 01:00:00,0.8984596603207702,23.067688627442802
2020-01-09 01:30:00,0.8508367040361839,23.465712092067914
2020-01-09 02:00:00,0.8814977948994479,22.502666301585975
2020-01-09 02:30:00,0.9071181150376838,23.03785058100108
2020-01-09 03:00:00,0.9138813848024755,22.728942454852533
2020-01-09 03:30:00,0.9467777322034654,23.20846523529729
2020-01-09 04:00:00,0.9574127179906341,23.77976649986653
2020-01-09 04:30:00,0.9362539160615636,22.48513465090537
2020-01-09 05:00:00,0.9441394112344468,23.215034881484264
2020-01-09 05:30:00,1.002633520013177,22.465970078933946
2020-01-09 06:00:00,1.0897497702935361,23.61171944130671
2020-01-09 06:30:00,1.141765020812469,23.513768097762746
2020-01-09 07:00:00,1.2114395189377472,24.367286664539833
2020-01-09 07:30:00,1.283642272033447,23.5956995749265
2020-01-09 08:00:00,1.3974499523583,24.261939960008295
2020-01-09 08:30:00,1.645004879597171,24.784964184417646
2020-01-09 09:00:00,1.6801151819551963,25.47622042329457
2020-01-09 09:30:00,1.9031162820046528,25.611273386992806
2020-01-09 10:00:00,2.0282592223692717,25.91888831788195
2020-01-09 10:30:00,2.022853376285262,25.640590955357517
2020-01-09 11:00:00,2.284579954540508,26.899181198117493
2020-01-09 11:30:00,2.392461224244485,27.41108088628907
2020-01-09 12:00:00,2.3486344886014088,29.090385665318948
2020-01-09 12:30:00,2.554489630020179,29.525256589927277
2020-01-09 13:00:00,2.5488077508360236,28.945899769189054
2020-01-09 13:30:00,2.4684566158149868,28.961838913177296
2020-01-09 14:00:00,2.4822275066465282,29.27361878474284
2020-01-09 14:30:00,2.4118221630901826,29.338408137591088
2020-01-09 15:00:00,2.30182956605271,30.452824163669952
2020-01-09 15:30:00,2.111497864649666,31.608674731033613
2020-01-09 16:00:00,1.9658607998829698,31.233159655892866
2020-01-09 16:30:00,1.8893828209167984,30.377412583987322
2020-01-09 17:00:00,1.6448788888633556,30.215944138709787
2020-01-09 17:30:00,1.5005432668223462,29.468205719736446
2020-01-09 18:00:00,1.405183568547009,29.431027397166474
2020-01-09 18:30:00,1.3847738151642173,27.45911035707696
2020-01-09 19:00:00,1.1714350783863114,27.187596246201668
2020-01-09 19:30:00,1.1290555714902668,27.856628209371713
2020-01-09 20:00:00,1.1384606521707998,28.2822785698104
2020-01-09 20:30:00,1.009195627943138,26.888545066999374
2020-01-09 21:00:00,0.9555654484121855,26.260980683971226
2020-01-09 21:30:00,0.9779196828287232,25.201582862970962
2020-01-09 22:00:00,0.9321030197463196,24.45651224528128
2020-01-09 22:30:00,0.875096148462971,24.553502772776802
2020-01-09 23:00:00,0.8882639465850766,24.790934813625384
2020-01-09 23:30:00,0.863810768861709,23.60515373527506
2020-01-10 00:00:00,0.8819022555423518,23.7081945496114
2020-01-10 00:30:00,0.8769006095563131,22.860696074730864
2020-01-10 01:00:00,0.9024898286060189,21.460174651656587
2020-01-10 01:30:00,0.8643376699500366,21.19426592044636
2020-01-10 02:00:00,0.8872848345366701,21.54984740282967
2020-01-10 02:30:00,0.8880738715204897,20.989841860243203
2020-01-10 03:00:00,0.9241318820287838,20.887037006782734
2020-01-10 03:30:00,0.9250986238229806,21.671413347470697
2020-01-10 04:00:00,0.8886541581608222,22.249238226409584
2020-01-10 04:30:00,0.9734526476665142,22.93108438210984
2020-01-10 05:00:00,0.9402656971233733,22.208554954247578
2020-01-10 05:30:00,1.0525485734439037,21.18368677358596
2020-01-10 06:00:00,1.0636698619430154,21.857208985833722
2020-01-10 06:30:00,1.1155566869761924,23.20554371062382
2020-01-10 07:00:00,1.1890458833222795,23.155735163317285
2020-01-10 07:30:00,1.3256391932360065,24.51050004906682
2020-01-10 08:00:00,1.42467753545339,24.699654538062486
2020-01-10 08:30:00,1.6056803158982176,25.77391183928307
2020-01-10 09:00:00,1.779468380969369,24.555871464405577
2020-01-10 09:30:00,1.8395729322267063,25.78764393229829
2020-01-10 10:00:00,1.984422651817889,26.50006457924804
2020-01-10 10:30:00,2.0643685066450703,27.250327782400163
2020-01-10 11:00:00,2.1734674859089944,26.79156327563507
2020-01-10 11:30:00,2.3712973514239732,28.276305469098364
2020-01-10 12:00:00,2.3671336641935747,27.648924979300453
2020-01-10 12:30:00,2.5041308834924405,29.198579079511447
2020-01-10 13:00:00,2.5055644663079626,28.896587885440027
2020-01-10 13:30:00,2.5021901680930925,29.021880233028188
2020-01-10 14:00:00,2.4319136787268745,30.707862696201076
2020-01-10 14:30:00,2.397026403156269,28.98696433497337
2020-01-10 15:00:00,2.2628067412819983,29.59051853734967
2020-01-10 15:30:00,2.176905239912073,30.395312960386864
2020-01-10 16:00:00,2.056106417912868,29.407216298341925
2020-01-10 16:30:00,1.717990695205975,30.099776187148603
2020-01-10 17:00:00,1.6569476629340314,30.024616933534965
2020-01-10 17:30:00,1.601209332530582,28.32105196983538
2020-01-10 18:00:00,1.3767797037954166,28.896580534276655
2020-01-10 18:30:00,1.3242405903380767,26.75766895789146
2020-01-10 19:00:00,1.250230789676965,27.41548874623865
2020-01-10 19:30:00,1.1625932151102678,26.712594987344453
2020-01-10 20:00:00,1.0688582791687373,26.5816251437176
2020-01-10 20:30:00,1.0399218196108244,25.049218197947933
2020-01-10 21:00:00,0.9968485692494174,26.713916342309858
2020-01-10 21:30:00,0.9659401197710936,25.3026408845381
2020-01-10 22:00:00,0.9010588095361735,24.129153312546233
2020-01-10 22:30:00,0.9376949259266277,24.1136419210255
2020-01-10 23:00:00,0.8740155261742611,23.464939331245105
2020-01-10 23:30:00,0.9165943132397978,22.375188917507206
2020-01-11 00:00:00,0.46398422691983077,22.243977339229623
2020-01-11 00:30:00,0.4835801981677404,22.357381912214283
2020-01-11 01:00:00,0.4783990430562071,21.297585496315506
2020-01-11 01:30:00,0.48453848421254614,19.93597886470449
2020-01-11 02:00:00,0.4841866868895422,20.60528377756428
2020-01-11 02:30:00,0.49744496992343734,19.870996608983308
2020-01-11 03:00:00,0.4932949096658316,19.977882020923616
2020-01-11 03:30:00,0.483679108654034,20.580469491306058
2020-01-11 04:00:00,0.5131147553469307,20.265959233895423
2020-01-11 04:30:00,0.4978912350758346,20.556308259465123
2020-01-11 05:00:00,0.53058569878643,20.350965053289443
2020-01-11 05:30:00,0.5546156863811638,19.709993651364186
2020-01-11 06:00:00,0.5720066043733282,20.128711722246482
2020-01-11 06:30:00,0.6542107546883306,21.44918651716672
2020-01-11 07:00:00,0.7099773846504941,20.629822459337348
2020-01-11 07:30:00,0.6825920741315429,22.140506642086148
2020-01-11 08:00:00,0.7627547607899878,22.545025763943965
2020-01-11 08:30:00,0.8321760780861484,24.24182679563252
2020-01-11 09:00:00,0.8971360158164721,23.67265156797263
2020-01-11 09:30:00,1.0189639176959988,23.629678655882902
2020-01-11 10:00:00,1.0945545275763087,24.310206515490627
2020-01-11 10:30:00,1.1329619681327574,24.58142903322503
2020-01-11 11:00:00,1.2655267752058161,26.510514016784946
2020-01-11 11:30:00,1.1875399878635013,26.45995643394642
2020-01-11 12:00:00,1.2947998812586299,26.834335777681215
2020-01-11 12:30:00,1.357160656705011,28.092549578644064
2020-01-11 13:00:00,1.338933818397337,27.74100175328599
2020-01-11 13:30:00,1.3481505076955758,26.682702438864055
2020-01-11 14:00:00,1.3209578153750534,28.16048437432925
2020-01-11 14:30:00,1.341803642760412,27.158915068784463
2020-01-11 15:00:00,1.2811139608760542,29.079585810021253
2020-01-11 15:30:00,1.1781069969943103,27.85659538797288
2020-01-11 16:00:00,1.0938562954786726,27.617145005514363
2020-01-11 16:30:00,1.002241238779698,26.762294056126105
2020-01-11 17:00:00,0.871540233455431,27.297447451415884
2020-01-11 17:30:00,0.8235778298117101,28.287214813907415
2020-01-11 18:00:00,0.8177198176422734,26.560927874527657
2020-01-11 18:30:00,0.687305289635295,25.04732372556586
2020-01-11 19:00:00,0.6887102413109305,25.831380940095343
2020-01-11 19:30:00,0.6269129140665665,25.571823789140673
2020-01-11 20:00:00,0.5880251436657696,24.40338065899857
2020-01-11 20:30:00,0.5591311162586589,24.57862757479379
2020-01-11 21:00:00,0.5207463377369165,23.214228381556584
2020-01-11 21:30:00,0.5403168884674259,23.574897025517476
2020-01-11 22:00:00,0.4808277034456068,23.286347524999663
2020-01-11 22:30:00,0.46961840220984885,22.309685457519485
2020-01-11 23:00:00,0.4994976446659621,21.654294326261347
2020-01-11 23:30:00,0.48145320886692905,20.852306259931137
2020-01-12 00:00:00,0.5202909259391467,20.030735931129108
2020-01-12 00:30:00,0.4971481079053646,20.648227554610614
2020-01-12 01:00:00,0.4795839667389207,18.913887533056027
2020-01-12 01:30:00,0.4782674974768482,20.10254412744823
2020-01-12 02:00:00,0.5116387065967748,19.02269499576886
2020-01-12 02:30:00,0.49738684993895166,18.10407846920072
2020-01-12 03:00:00,0.515858568634965,19.035218963815748
2020-01-12 03:30:00,0.5040587221249201,17.664948706880214
2020-01-12 04:00:00,0.5251381294361663,19.167821955781797
2020-01-12 04:30:00,0.5281877378360731,19.190102920176354
2020-01-12 05:00:00,0.532221189132877,19.821517191991397
2020-01-12 05:30:00,0.5670562193814188,20.335896319537483
2020-01-12 06:00:00,0.5836730886369796,20.089248557000143
2020-01-12 06:30:00,0.6121990390917492,20.74065722360816
2020-01-12 07:00:00,0.6751153278808647,21.543534109813592
2020-01-12 07:30:00,0.7584251453471328,21.49475014866704
2020-01-12 08:00:00,0.8420873609692352,21.352101293221036
2020-01-12 08:30:00,0.8210009745509892,22.360229586312514
2020-01-12 09:00:00,0.9671133759475944,22.825911568255826
2020-01-12 09:30:00,1.0190174302604174,24.51144604870974
2020-01-12 10:00:00,1.1205582222600645,24.712559958201176
2020-01-12 10:30:00,1.1439338189553163,25.49095791119956
2020-01-12 11:00:00,1.2495103975632345,26.195490293143198
2020-01-12 11:30:00,1.2909540657076468,25.998924129618132
2020-01-12 12:00:00,1.3160208381505478,25.920040641433832
2020-01-12 12:30:00,1.315283953480601,26.58545576727346
2020-01-12 13:00:00,1.43684439886908,26.067952792782396
2020-01-12 13:30:00,1.3952637060328033,27.222405549337694
2020-01-12 14:00:00,1.4282460127985415,26.711853851472583
2020-01-12 14:30:00,1.2741860685715054,27.55021371439555
2020-01-12 15:00:00,1.2714486335166806,28.239686791186724
2020-01-12 15:30:00,1.1255213048149841,27.288111090689867
2020-01-12 16:00:00,1.054626620474946,27.086032700569657
2020-01-12 16:30:00,1.0467522847597748,26.58104637167988
2020-01-12 17:00:00,0.9673038789883925,26.931795124371103
2020-01-12 17:30:00,0.9155653516023634,27.13859282468152
2020-01-12 18:00:00,0.8172981805928159,25.847013203363737
2020-01-12 18:30:00,0.7190350015055763,25.77390712128657
2020-01-12 19:00:00,0.6786763642070208,25.041124644137863
2020-01-12 19:30:00,0.6445691266827372,26.020835172763526
2020-01-12 20:00:00,0.6188687431649121,24.656542174471834
2020-01-12 20:30:00,0.5550062984795642,24.59168785400972
2020-01-12 21:00:00,0.5560453574388673,24.089718986451206
2020-01-12 21:30:00,0.5489921365191518,23.579197729713883
2020-01-12 22:00:00,0.5116954658916207,21.62127140164803
2020-01-12 22:30:00,0.4769881615619556,22.39581287713823
2020-01-12 23:00:00,0.5111401290433384,20.83832655715577
2020-01-12 23:30:00,0.5037602199562531,21.121429664535235
2020-01-13 00:00:00,0.8736659466076862,20.19836602597986
2020-01-13 00:30:00,0.7858618800709308,19.21469200065156
2020-01-13 01:00:00,0.8665139224662132,19.515491056451378
2020-01-13 01:30:00,0.8491826702114996,19.7217586064052
2020-01-13 02:00:00,0.8476486962583114,18.764072485073783
2020-01-13 02:30:00,0.8303520568761468,19.182612343746122
2020-01-13 03:00:00,0.8462085170804314,17.976204519532946
2020-01-13 03:30:00,0.8806201552713414,18.11910013398617
2020-01-13 04:00:00,0.8734811656716717,18.971038172968242
2020-01-13 04:30:00,0.8684371025611689,18.29388116196071
2020-01-13 05:00:00,0.9015136164609022,19.17138955297189
2020-01-13 05:30:00,0.9109487134993534,19.273830108504395
2020-01-13 06:00:00,1.0255868990660313,19.774356306576234
2020-01-13 06:30:00,1.1078392180475656,19.84048268526864
2020-01-13 07:00:00,1.2013413223412344,20.710388657583348
2020-01-13 07:30:00,1.3017163271049104,21.241176268922803
2020-01-13 08:00:00,1.334251642702413,21.12902139431621
2020-01-13 08:30:00,1.503443256062621,21.90871866563463
2020-01-13 09:00:00,1.5827921945494183,21.348233169725926
2020-01-13 09:30:00,1.7171181862822273,22.691259711270735
2020-01-13 10:00:00,1.8258883198930398,23.335310783904674
2020-01-13 10:30:00,2.018647173034532,23.53875140815289
2020-01-13 11:00:00,2.168572865751342,24.011930525711758
2020-01-13 11:30:00,2.277831700267333,24.540922468873493
2020-01-13 12:00:00,2.321325962270481,25.363689018989717
2020-01-13 12:30:00,2.4111222171022653,24.80566673582205
2020-01-13 13:00:00,2.3004814734872,25.87258689533957
2020-01-13 13:30:00,2.38632923182553,25.65685711721291
2020-01-13 14:00:00,2.235921057434366,26.17154971365117
2020-01-13 14:30:00,2.112124299619763,26.110959648765498
2020-01-13 15:00:00,2.046755014277907,26.3182034630197
2020-01-13 15:30:00,2.066396562283479,27.15598609453894
2020-01-13 16:00:00,1.8097824159361142,26.377403579216814
2020-01-13 16:30:00,1.6554202227022747,26.334482088855736
2020-01-13 17:00:00,1.5315633597052363,26.344287945110253
2020-01-13 17:30:00,1.576949445892938,25.01963230573784
2020-01-13 18:00:00,1.373132795535462,25.928035600204783
2020-01-13 18:30:00,1.2922657120648826,25.155613444508525
2020-01-13 19:00:00,1.1174078491880592,24.34640347066121
2020-01-13 19:30:00,1.178221062192135,24.664499764860572
2020-01-13 20:00:00,1.0121267874626416,23.69511267391423
2020-01-13 20:30:00,0.9761410651398034,21.999626596375148
2020-01-13 21:00:00,0.9588820332106147,22.565125677344934
2020-01-13 21:30:00,0.91745944314604,22.262700106860496
2020-01-13 22:00:00,0.8929236433157266,21.273877081847353
2020-01-13 22:30:00,0.8776668360726643,20.46234777333759
2020-01-13 23:00:00,0.8260205492596514,20.558413534275797
2020-01-13 23:30:00,0.8367228492083916,21.501620548885047
2020-01-14 00:00:00,0.9591684101149629,20.160547044880765
2020-01-14 00:30:00,0.9743729272790669,18.637545525882004
2020-01-14 01:00:00,0.9992647670535533,19.335718670596666
2020-01-14 01:30:00,0.9387381986366377,18.499260642513885
2020-01-14 02:00:00,0.9983717669382569,19.301348594214428
2020-01-14 02:30:00,0.994109426661067,18.24867711517866
2020-01-14 03:00:00,0.9944411000655965,18.314767058500404
2020-01-14 03:30:00,0.9949192163102806,18.616634561223627
2020-01-14 04:00:00,1.0409155673052821,17.968499447228847
2020-01-14 04:30:00,1.0228823215598974,18.886513688709197
2020-01-14 05:00:00,1.0915461674850826,19.588125427696088
2020-01-14 05:30:00,1.1112043239949931,19.17442108148073
2020-01-14 06:00:00,1.194052101701372,18.193825180369636
2020-01-14 06:30:00,1.2039464352756546,20.170433344028822
2020-01-14 07:00:00,1.438199022307879,20.047955892710124
2020-01-14 07:30:00,1.467304425253883,20.739143840962797
2020-01-14 08:00:00,1.65571257255482,21.168525290193994
2020-01-14 08:30:00,1.766166202750045,21.358090856377796
2020-01-14 09:00:00,1.7858068380638843,22.246221854688834
2020-01-14 09:30:00,2.0588382670322,22.926168546646334
2020-01-14 10:00:00,2.200251286896521,24.26962910367998
2020-01-14 10:30:00,2.3758573155048985,24.278497783569136
2020-01-14 11:00:00,2.416399207644681,24.575823637009147
2020-01-14 11:30:00,2.5546809173854577,24.719900098806857
2020-01-14 12:00:00,2.5920556896965143,25.3431122713581
2020-01-14 12:30:00,2.8387571210585114,26.648804382425624
2020-01-14 13:00:00,2.643865929707528,26.878385588579164
2020-01-14 13:30:00,2.6900553984162308,26.147403636127027
2020-01-14 14:00:00,2.7703383551045895,26.301477131414806
2020-01-14 14:30:00,2.726497253909451,28.70014633903989
2020-01-14 15:00:00,2.5413980992339407,26.889233021036922
2020-01-14 15:30:00,2.383569934948827,27.86796942745299
2020-01-14 16:00:00,2.1622094666398577,27.89986602768279
2020-01-14 16:30:00,2.150091932085667,26.75810626677552
2020-01-14 17:00:00,1.8005939485384659,27.094435701993614
2020-01-14 17:30:00,1.7545548682929333,26.95945198233103
2020-01-14 18:00:00,1.7073390981628105,25.37193009576306
2020-01-14 18:30:00,1.370870331636538,25.45536822764963
2020-01-14 19:00:00,1.3337963596503672,25.408145747305685
2020-01-14 19:30:00,1.2590209530640069,26.132864374169525
2020-01-14 20:00:00,1.182572366199262,24.725911029522162
2020-01-14 20:30:00,1.1175089364491277,24.012815741437347
2020-01-14 21:00:00,1.0903696897500454,24.490392377963566
2020-01-14 21:30:00,1.0498807148882827,23.088457390303073
2020-01-14 22:00:00,1.0586749500528039,23.55248794845771
2020-01-14 22:30:00,1.0352993762168783,23.31266587268407
2020-01-14 23:00:00,1.0180649052645236,22.494013554495915
2020-01-14 23:30:00,0.9716630725331992,22.299734575833494
2020-01-15 00:00:00,1.0482055176869232,21.227550494915704
2020-01-15 00:30:00,0.9973440974127854,20.66687803734111
2020-01-15 01:00:00,1.0084806233885726,19.581625340556524
2020-01-15 01:30:00,1.0063643380156702,20.482430036664034
2020-01-15 02:00:00,1.0035538578441126,20.90244136304009
2020-01-15 02:30:00,1.0081015049140207,19.46265483364491
2020-01-15 03:00:00,1.0290198127750685,19.719738562819696
2020-01-15 03:30:00,1.0401261282079877,19.753604637666257
2020-01-15 04:00:00,1.1108313200908762,20.789972870300737
2020-01-15 04:30:00,1.0837425873894184,19.374897910006666
2020-01-15 05:00:00,1.1120652996541014,19.641038790279637
2020-01-15 05:30:00,1.1769790501562265,20.344104225425713
2020-01-15 06:00:00,1.2111646867139516,20.789482686679957
2020-01-15 06:30:00,1.281334160746897,20.753530203327394
2020-01-15 07:00:00,1.4338993938450812,21.441937670615616
2020-01-15 07:30:00,1.4421677376793658,21.55582914064313
2020-01-15 08:00:00,1.646353076734315,21.988774382267554
2020-01-15 08:30:00,1.774969623563989,22.459799247579618
2020-01-15 09:00:00,1.8749585599744303,22.71793968854617
2020-01-15 09:30:00,2.0319652350802713,24.219823328963287
2020-01-15 10:00:00,2.2829533592434514,24.7537218664542
2020-01-15 10:30:00,2.3891522711463726,24.885648420855667
2020-01-15 11:00:00,2.608220732684575,24.806968784355753
2020-01-15 11:30:00,2.644860139462196,26.02945643720237
2020-01-15 12:00:00,2.8881854485515372,26.7674458194109
2020-01-15 12:30:00,2.8684419549364772,27.32686476992507
2020-01-15 13:00:00,2.984305471976209,27.188405619942024
2020-01-15 13:30:00,2.9971133964642287,27.83619761057965
2020-01-15 14:00:00,2.898372066377289,28.694342112725174
2020-01-15 14:30:00,2.752432462892004,27.94088017736334
2020-01-15 15:00:00,2.4350018366144086,28.683723981233157
2020-01-15 15:30:00,2.482548625118633,28.396264707322892
2020-01-15 16:00:00,2.3183402377447253,27.257453721606606
2020-01-15 16:30:00,2.186179357951529,28.59077190557168
2020-01-15 17:00:00,1.938404744466801,29.68287200766235
2020-01-15 17:30:00,1.7951778543445853,28.2447289804144
2020-01-15 18:00:00,1.614315863027541,27.663417183347
2020-01-15 18:30:00,1.4673362295805432,27.217926340657957
2020-01-15 19:00:00,1.41088519284684,26.300357232717168
2020-01-15 19:30:00,1.3596158406111991,26.04026249032093
2020-01-15 20:00:00,1.2434161189153539,26.0162912110059
2020-01-15 20:30:00,1.1300401894737757,25.493872901399897
2020-01-15 21:00:00,1.1933713013732468,25.10473055365643
2020-01-15 21:30:00,1.1634776717891275,24.391461776759236
2020-01-15 22:00:00,1.084760032972936,23.087826184091483
2020-01-15 22:30:00,1.072898178017002,23.319776846899156
2020-01-15 23:00:00,1.0107552023998925,22.738368040786636
2020-01-15 23:30:00,1.0432858571189092,21.538616530384033
2020-01-16 00:00:00,1.1417341325931918,21.101126078948617
2020-01-16 00:30:00,1.1476826837347571,21.841072978464116
2020-01-16 01:00:00,1.1123517138181795,20.79779482076023
2020-01-16 01:30:00,1.1364030093873105,19.83223006449793
2020-01-16 02:00:00,1.137644567677384,20.29020361821753
2020-01-16 02:30:00,1.1618130672114444,19.591348194811424
2020-01-16 03:00:00,1.1500578391344278,19.466238295387253
2020-01-16 03:30:00,1.183123498521297,19.133228296784274
2020-01-16 04:00:00,1.1563427006640996,20.09963122355085
2020-01-16 04:30:00,1.180002028212262,19.612575136986163
2020-01-16 05:00:00,1.301376544358432,19.82086682024902
2020-01-16 05:30:00,1.2653504777588973,19.79166865373888
2020-01-16 06:00:00,1.3582053917688772,20.26859525547791
2020-01-16 06:30:00,1.4374148063059482,20.064461812962374
2020-01-16 07:00:00,1.4704019088613585,21.911222317416584
2020-01-16 07:30:00,1.652693390654265,21.75858393485226
2020-01-16 08:00:00,1.8415974942933508,22.439589170865425
2020-01-16 08:30:00,1.9628202308888014,22.723559395865614
2020-01-16 09:00:00,2.3096252125447934,24.64723499300697
2020-01-16 09:30:00,2.3363475452154088,24.885660510989894
2020-01-16 10:00:00,2.4772961953498456,26.051642801322
2020-01-16 10:30:00,2.7848995169122523,25.708567849814955
2020-01-16 11:00:00,2.8908190573804413,26.524418338230447
2020-01-16 11:30:00,2.846148811450579,28.697252824748368
2020-01-16 12:00:00,3.1499494763271185,28.28825365584351
2020-01-16 12:30:00,3.122322936704115,28.054320191225543
2020-01-16 13:00:00,3.280319026833242,28.372799580219613
2020-01-16 13:30:00,3.22946139409468,29.570890824996994
2020-01-16 14:00:00,3.1645274585747836,30.63259728279634
2020-01-16 14:30:00,3.144325353548141,29.964087746886594
2020-01-16 15:00:00,2.7931649506997998,30.59635638725662
2020-01-16 15:30:00,2.6841268169246435,30.077681878711946
2020-01-16 16:00:00,2.543360372285593,30.444325732981696
2020-01-16 16:30:00,2.296398277891775,30.26071822802663
2020-01-16 17:00:00,2.165944553570946,29.290988795035915
2020-01-16 17:30:00,2.018866006417074,28.454736868741126
2020-01-16 18:00:00,1.7871738454556614,28.940380326768757
2020-01-16 18:30:00,1.6290451786553422,28.003300587274623
2020-01-16 19:00:00,1.5250780118379765,27.223331546014332
2020-01-16 19:30:00,1.5192838904213513,27.445721511644507
2020-01-16 20:00:00,1.3941725631070354,27.05089163986439
2020-01-16 20:30:00,1.2402103231419193,26.819022506154138
2020-01-16 21:00:00,1.2423901089201739,26.042148642732137
2020-01-16 21:30:00,1.1875786821103935,25.81927855195147
2020-01-16 22:00:00,1.2154790031238334,24.779340426433265
2020-01-16 22:30:00,1.1189423242222931,25.074335064942773
2020-01-16 23:00:00,1.1061366874281562,24.107572920561683
2020-01-16 23:30:00,1.1506476505434007,22.865575008894453
2020-01-17 00:00:00,1.0833281914980502,23.442909396679784
2020-01-17 00:30:00,1.1909449793007165,22.235724788234723
2020-01-17 01:00:00,1.156480872383682,21.47092804858566
2020-01-17 01:30:00,1.158230519444151,20.548860936127934
2020-01-17 02:00:00,1.1480068323396182,21.741049608694425
2020-01-17 02:30:00,1.0354413191856644,21.16188092942486
2020-01-17 03:00:00,1.172872897230563,21.30299134225313
2020-01-17 03:30:00,1.2586224427757995,20.61119009100793
2020-01-17 04:00:00,1.2040860921937004,20.696982872320017
2020-01-17 04:30:00,1.247527401882462,21.13252238659433
2020-01-17 05:00:00,1.2645515382965187,20.786946244663458
2020-01-17 05:30:00,1.2591988489703019,21.689289018428923
2020-01-17 06:00:00,1.3497658248966224,21.18991199902248
2020-01-17 06:30:00,1.45018263157292,22.18457631761542
2020-01-17 07:00:00,1.574528800590622,23.403019222070977
2020-01-17 07:30:00,1.6369233925626046,23.436457627711334
2020-01-17 08:00:00,1.9099174240872139,24.433108787860352
2020-01-17 08:30:00,2.0210712733245537,25.478673492691968
2020-01-17 09:00:00,2.215800277744659,24.677233276492334
2020-01-17 09:30:00,2.4736507352105095,25.5226670382308
2020-01-17 10:00:00,2.555387516087994,26.64318422667285
2020-01-17 10:30:00,2.7088014218135834,26.31186292693972
2020-01-17 11:00:00,2.764732465723768,27.48261783153269
2020-01-17 11:30:00,3.220287227948159,28.15656163566327
2020-01-17 12:00:00,3.0970671248827664,28.86336278648166
2020-01-17 12:30:00,3.2795659799330363,28.94290559566688
2020-01-17 13:00:00,3.3199277122894966,29.461455457990027
2020-01-17 13:30:00,3.273495109309035,29.6120933589018
2020-01-17 14:00:00,3.3358316112027264,29.575313413482455
2020-01-17 14:30:00,3.1171080158922306,30.31106778374449
2020-01-17 15:00:00,2.76152010126883,30.297453021704587
2020-01-17 15:30:00,2.6006065032074184,30.20799909324338
2020-01-17 16:00:00,2.5805884743818965,30.06595528848632
2020-01-17 16:30:00,2.3307515736651068,30.94687684014381
2020-01-17 17:00:00,2.2062608000758472,29.92234732670185
2020-01-17 17:30:00,1.9299297543356575,30.041461535499835
2020-01-17 18:00:00,1.6998004134144833,29.396599274527244
2020-01-17 18:30:00,1.6761917787540923,28.034934416163974
2020-01-17 19:00:00,1.5622671452867085,28.707813040296898
2020-01-17 19:30:00,1.4008195577980838,27.803757075450495
2020-01-17 20:00:00,1.3532115326217675,26.763551039109117
2020-01-17 20:30:00,1.318077325969235,26.623241872581932
2020-01-17 21:00:00,1.2541829620063598,24.811181925901717
2020-01-17 21:30:00,1.1744781514024012,24.565865454256542
2020-01-17 22:00:00,1.0849087693174697,25.03989942348829
2020-01-17 22:30:00,1.1631937961548258,23.895332754175477
2020-01-17 23:00:00,1.1808228895293649,21.92061248898396
2020-01-17 23:30:00,1.1691140806544538,22.089149002301617
2020-01-18 00:00:00,0.6427574163497023,21.44143944733236
2020-01-18 00:30:00,0.6281300820142931,20.847885505102823
2020-01-18 01:00:00,0.6198252557587072,21.1268474245695
2020-01-18 01:30:00,0.6543680840578272,21.119695705125125
2020-01-18 02:00:00,0.5926393003349951,20.726389013035153
2020-01-18 02:30:00,0.652686228020261,21.60501593816758
2020-01-18 03:00:00,0.6453052051720505,20.397105893105337
2020-01-18 03:30:00,0.6709497679558563,19.450118499748058
2020-01-18 04:00:00,0.6827505694740669,20.03437489667668
2020-01-18 04:30:00,0.6545031217751025,19.508201879211928
2020-01-18 05:00:00,0.7158882121567671,19.635920306740683
2020-01-18 05:30:00,0.7630470428663022,20.771680829894333
2020-01-18 06:00:00,0.7661249347897826,21.388766861717908
2020-01-18 06:30:00,0.8172656772496809,21.423344409887736
2020-01-18 07:00:00,0.8560495990855911,21.659183946676364
2020-01-18 07:30:00,0.9896247359440726,22.9778176613883
2020-01-18 08:00:00,1.0767680305034606,23.1135752835528
2020-01-18 08:30:00,1.1718295565127521,24.120562516845922
2020-01-18 09:00:00,1.2108995744524413,23.453265276990003
2020-01-18 09:30:00,1.2551908745069598,25.1547944742549
2020-01-18 10:00:00,1.3894822465013497,25.23227759337006
2020-01-18 10:30:00,1.5760257901536445,26.031155377454397
2020-01-18 11:00:00,1.625659221340354,27.302052725791828
2020-01-18 11:30:00,1.8334169289117639,26.904213036848457
2020-01-18 12:00:00,1.8259358063100493,28.140258089773695
2020-01-18 12:30:00,1.8071385139858533,28.76673931868084
2020-01-18 13:00:00,1.7901662047138802,29.824345899997898
2020-01-18 13:30:00,1.6884590257924725,29.05780018410643
2020-01-18 14:00:00,1.7450355047236485,30.033070441522934
2020-01-18 14:30:00,1.6747420719478523,30.136664832100458
2020-01-18 15:00:00,1.5922751347904371,29.856519148780507
2020-01-18 15:30:00,1.5114458062674658,30.07031558429501
2020-01-18 16:00:00,1.4457114500532802,30.104104379372178
2020-01-18 16:30:00,1.304655058173768,29.040944747757866
2020-01-18 17:00:00,1.2252420117011729,29.52016836832763
2020-01-18 17:30:00,1.1376273607842462,29.90612296509582
2020-01-18 18:00:00,1.012882187759436,29.322268450447943
2020-01-18 18:30:00,0.9668054602216891,28.741344366161357
2020-01-18 19:00:00,0.8918520201191713,28.9276871960343
2020-01-18 19:30:00,0.774181940441953,28.838488934876906
2020-01-18 20:00:00,0.7666757352447527,27.05105844675127
2020-01-18 20:30:00,0.746710952162497,26.8893515949246
2020-01-18 21:00:00,0.7085707536164954,25.728252065447418
2020-01-18 21:30:00,0.7204281232387003,25.727194139774873
2020-01-18 22:00:00,0.6778857150853062,24.439431755492343
2020-01-18 22:30:00,0.6617715189389365,23.725330790302028
2020-01-18 23:00:00,0.6415928953297665,23.808530152769865
2020-01-18 23:30:00,0.6422464060231245,23.164668511541738
2020-01-19 00:00:00,0.7399266894922123,22.172548286905112
2020-01-19 00:30:00,0.7455586853298182,22.111914713488964
2020-01-19 01:00:00,0.766199365157119,22.36631563855651
2020-01-19 01:30:00,0.7739527536954659,21.9241649095995
2020-01-19 02:00:00,0.7328124495340563,20.36685051349425
2020-01-19 02:30:00,0.7687934889737964,20.93400407839894
2020-01-19 03:00:00,0.7466844583585008,19.99588127451589
2020-01-19 03:30:00,0.7615040801830038,20.254278194202563
2020-01-19 04:00:00,0.8349112135501061,20.289342682656066
2020-01-19 04:30:00,0.7803908162719149,19.60707468636577
2020-01-19 05:00:00,0.8101314727621315,20.73843487274966
2020-01-19 05:30:00,0.8858787276971241,20.24827677058647
2020-01-19 06:00:00,0.9037003453314569,20.968496555668757
2020-01-19 06:30:00,0.9892462222769869,22.059124768380812
2020-01-19 07:00:00,1.0181302131137797,21.385280311610757
2020-01-19 07:30:00,1.1577004372496595,21.987377337398698
2020-01-19 08:00:00,1.231661773164843,22.576427349729318
2020-01-19 08:30:00,1.3076950087256682,23.51295964808056
2020-01-19 09:00:00,1.4052042683559312,23.451513686200215
2020-01-19 09:30:00,1.6571900397121997,24.05012171870668
2020-01-19 10:00:00,1.6953033153203725,25.371872894403246
2020-01-19 10:30:00,1.7158826194171046,26.262167987216035
2020-01-19 11:00:00,1.9843519684319366,26.051791035874658
2020-01-19 11:30:00,2.041456231925563,27.536735735343722
2020-01-19 12:00:00,2.098972462080364,28.485136626229078
2020-01-19 12:30:00,2.139657322358316,28.58533716773903
2020-01-19 13:00:00,2.04356398077591,28.84179799856301
2020-01-19 13:30:00,1.9744940462646858,29.250911747237453
2020-01-19 14:00:00,2.073880193196622,30.078247057974774
2020-01-19 14:30:00,2.0559386136679065,30.54589045450449
2020-01-19 15:00:00,1.9423546910171885,30.264494032950942
2020-01-19 15:30:00,1.776954527958371,31.59650658494661
2020-01-19 16:00:00,1.6535158288809986,30.29423142806728
2020-01-19 16:30:00,1.6130784346642741,30.582851955236972
2020-01-19 17:00:00,1.425569931290404,29.605467552764832
2020-01-19 17:30:00,1.3094272202369621,30.118158837848036
2020-01-19 18:00:00,1.1356808824193967,29.803543290075563
2020-01-19 18:30:00,1.0429085399940445,29.394473917899248
2020-01-19 19:00:00,1.0621985801066476,28.893655248436776
2020-01-19 19:30:00,0.9868518861765903,26.840871275883732
2020-01-19 20:00:00,0.9159090812859508,26.420124851850748
2020-01-19 20:30:00,0.869620593881384,26.27924345864372
2020-01-19 21:00:00,0.8105506230709809,25.789860492479583
2020-01-19 21:30:00,0.8270351764888282,25.959487222645283
2020-01-19 22:00:00,0.7672355767663289,24.034291190764286
2020-01-19 22:30:00,0.7691479823604463,23.82673132883728
2020-01-19 23:00:00,0.8199500555043762,22.724973083346207
2020-01-19 23:30:00,0.7160962417745236,22.53991943986934
2020-01-20 00:00:00,1.072283725766223,22.23048254374032
2020-01-20 00:30:00,1.0806878206525992,21.744249437511684
2020-01-20 01:00:00,1.110725191197132,22.893327876730357
2020-01-20 01:30:00,1.0815647764897085,21.424122315549436
2020-01-20 02:00:00,1.0927987566480841,21.16130314645171
2020-01-20 02:30:00,1.1974995817210299,20.59689775953777
2020-01-20 03:00:00,1.0890452895585228,21.632107656617837
2020-01-20 03:30:00,1.1558883490568164,20.799957005184613
2020-01-20 04:00:00,1.180277574573046,21.11782255783514
2020-01-20 04:30:00,1.1985606413240433,21.307340877635095
2020-01-20 05:00:00,1.276301217923062,20.852786364230656
2020-01-20 05:30:00,1.2182753985264823,21.001559000080135
2020-01-20 06:00:00,1.357641404548259,20.764353888404443
2020-01-20 06:30:00,1.4271380565149672,20.319266595287054
2020-01-20 07:00:00,1.4904240441608447,21.77243709742397
2020-01-20 07:30:00,1.6471159668869464,23.179604773097285
2020-01-20 08:00:00,1.816644494041294,23.296098850986528
2020-01-20 08:30:00,1.9471192206606158,23.55807304710318
2020-01-20 09:00:00,2.14624397328288,24.14569288734901
2020-01-20 09:30:00,2.4054499101726643,24.822939879057838
2020-01-20 10:00:00,2.556408163346793,25.04807537868595
2020-01-20 10:30:00,2.6261893993308365,24.928686897230605
2020-01-20 11:00:00,2.8396088435413023,25.614404299885482
2020-01-20 11:30:00,2.92230994997964,27.337207238511226
2020-01-20 12:00:00,3.085263436505975,28.245832236869955
2020-01-20 12:30:00,3.079647701782236,26.828451815484687
2020-01-20 13:00:00,3.331309700728516,27.488310268691574
2020-01-20 13:30:00,3.0426501499095897,28.27185523483757
2020-01-20 14:00:00,3.02054001797194,28.584210627362946
2020-01-20 14:30:00,2.885213471092912,29.27522677054725
2020-01-20 15:00:00,2.773211071050854,29.41917825786299
2020-01-20 15:30:00,2.585188810844383,29.37399203146223
2020-01-20 16:00:00,2.446838206283381,28.902480567795443
2020-01-20 16:30:00,2.2279240707873074,28.490312566576982
2020-01-20 17:00:00,2.1355387797178484,28.936329543866684
2020-01-20 17:30:00,2.0370606720886966,28.2871665803229
2020-01-20 18:00:00,1.8126488503142968,28.03250453250142
2020-01-20 18:30:00,1.7454529770101652,26.92696402667468
2020-01-20 19:00:00,1.530282924558054,27.3804627968447
2020-01-20 19:30:00,1.3737116784203318,25.722573652409718
2020-01-20 20:00:00,1.3600586462417104,26.49059327614401
2020-01-20 20:30:00,1.2738629626414504,26.809829568082232
2020-01-20 21:00:00,1.161662724716155,25.794181436526998
2020-01-20 21:30:00,1.2456271867064745,24.32825262328333
2020-01-20 22:00:00,1.197692210539547,23.591073500165226
2020-01-20 22:30:00,1.14739904246141,23.63152475298587
2020-01-20 23:00:00,1.0761612429945173,22.22608562242407
2020-01-20 23:30:00,1.1246722307990336,22.261561723199762
2020-01-21 00:00:00,1.0626922071062463,21.779082635761604
2020-01-21 00:30:00,1.095577368285302,21.97799202637239
2020-01-21 01:00:00,1.0889782362208347,20.656412373864566
2020-01-21 01:30:00,0.9807184986730949,20.894024236021146
2020-01-21 02:00:00,1.0090528725414598,20.743636659333486
2020-01-21 02:30:00,1.0429440243381862,20.02047994472734
2020-01-21 03:00:00,1.0515378176930152,20.5463994702303
2020-01-21 03:30:00,1.0397897937080685,20.54456636966635
2020-01-21 04:00:00,1.1336846570529484,20.24719327426349
2020-01-21 04:30:00,1.1468333393815169,20.048453660893717
2020-01-21 05:00:00,1.1211065978905395,20.955350731393317
2020-01-21 05:30:00,1.1883896522389774,21.373450016226315
2020-01-21 06:00:00,1.3003409225336455,20.980970684481967
2020-01-21 06:30:00,1.3663296863748264,22.52734286758392
2020-01-21 07:00:00,1.4846844089794116,23.37764655247169
2020-01-21 07:30:00,1.5303028517483235,24.28612474813651
2020-01-21 08:00:00,1.666713411910964,25.176944346251933
2020-01-21 08:30:00,1.842877452352541,23.182661925382774
2020-01-21 09:00:00,2.0016759418648618,25.38531018673814
2020-01-21 09:30:00,2.1830861676981184,25.62724801453953
2020-01-21 10:00:00,2.434766350245391,25.94646277369323
2020-01-21 10:30:00,2.6315489973038337,26.761255208469773
2020-01-21 11:00:00,2.744337182159047,27.89364727352448
2020-01-21 11:30:00,2.7322065802287483,27.632000979973327
2020-01-21 12:00:00,2.8546558905622916,28.66153796665021
2020-01-21 12:30:00,3.018226165540809,29.196690432975767
2020-01-21 13:00:00,3.0239576608703707,30.181088941766067
2020-01-21 13:30:00,2.8060570067272916,30.484198395615127
2020-01-21 14:00:00,2.8485605712009345,30.38627382454394
2020-01-21 14:30:00,2.892634568218261,30.644161591765307
2020-01-21 15:00:00,2.8153848166062163,29.893550811621008
2020-01-21 15:30:00,2.529671221895351,29.727929754966567
2020-01-21 16:00:00,2.329441003189304,30.31761242990965
2020-01-21 16:30:00,2.0201603256825216,29.879602897207597
2020-01-21 17:00:00,1.9500215047943779,28.227041765291382
2020-01-21 17:30:00,1.8441472606635294,28.388924067143705
2020-01-21 18:00:00,1.6609635524273194,28.811730729930822
2020-01-21 18:30:00,1.5800319072312359,27.673532718336297
2020-01-21 19:00:00,1.3655130407579534,26.33559637173768
2020-01-21 19:30:00,1.3887806693605034,26.134726074861717
2020-01-21 20:00:00,1.3335804991971767,26.046276788526438
2020-01-21 20:30:00,1.200723983677885,25.334816993618393
2020-01-21 21:00:00,1.1880797594798636,25.078310998977233
2020-01-21 21:30:00,1.1117512188976735,24.349533424513147
2020-01-21 22:00:00,1.1570802987633142,23.65952899278676
2020-01-21 22:30:00,1.118070138616435,24.037673358819355
2020-01-21 23:00:00,1.0388517626507996,22.64276123019148
2020-01-21 23:30:00,1.0445974475485251,22.780019749099104
2020-01-22 00:00:00,0.8826664992654933,22.249735781345567
2020-01-22 00:30:00,0.9045523433959093,22.660645130577418
2020-01-22 01:00:00,0.8472871347382891,21.703278930175145
2020-01-22 01:30:00,0.8808552158075033,21.241614632198026
2020-01-22 02:00:00,0.859667035920224,21.099249724756085
2020-01-22 02:30:00,0.8891729940442398,20.980445364456546
2020-01-22 03:00:00,0.8914025822924291,20.614749198177105
2020-01-22 03:30:00,0.9456301513008738,20.913922608512173
2020-01-22 04:00:00,0.9696327579130969,21.373654700812274
2020-01-22 04:30:00,0.9786734280409556,20.239577044590042
2020-01-22 05:00:00,0.995600184812925,21.88153715272219
2020-01-22 05:30:00,1.0388334390587595,22.20000948095855
2020-01-22 06:00:00,1.0887742638585263,22.116255788708393
2020-01-22 06:30:00,1.0666241753748829,23.08609556039943
2020-01-22 07:00:00,1.2771552388170964,22.571165200305046
2020-01-22 07:30:00,1.30056109272549,23.240505300817524
2020-01-22 08:00:00,1.4955842140064664,24.734882404114234
2020-01-22 08:30:00,1.625471351207786,24.82873531300601
2020-01-22 09:00:00,1.8064286478527605,24.964182295530346
2020-01-22 09:30:00,1.8979261163491132,26.131483529862198
2020-01-22 10:00:00,2.0192744196101726,27.134610554223897
2020-01-22 10:30:00,2.2158360720565264,27.494928751804768
2020-01-22 11:00:00,2.295967986078443,28.53566266468758
2020-01-22 11:30:00,2.4382312750941337,28.070594477047443
2020-01-22 12:00:00,2.5944197629307553,28.92767325796816
2020-01-22 12:30:00,2.5687464307578947,29.165563760548398
2020-01-22 13:00:00,2.725300413621882,28.474398372686228
2020-01-22 13:30:00,2.59315014013689,29.150360807480325
2020-01-22 14:00:00,2.455068891140477,29.28234470202145
2020-01-22 14:30:00,2.546938958266166,29.219665677891985
2020-01-22 15:00:00,2.4198323287228307,29.471189792451028
2020-01-22 15:30:00,2.170666169057525,29.356725234735798
2020-01-22 16:00:00,1.9196910546431316,28.856195869978325
2020-01-22 16:30:00,1.8011855128066168,27.800121750106847
2020-01-22 17:00:00,1.6126818298793038,28.174187818145015
2020-01-22 17:30:00,1.6672950372753812,27.614050135890164
2020-01-22 18:00:00,1.4619780579940358,27.648928084632676
2020-01-22 18:30:00,1.239698939889815,26.94748888125971
2020-01-22 19:00:00,1.2393283832049093,25.671913948615625
2020-01-22 19:30:00,1.1597249897057558,25.834370479727458
2020-01-22 20:00:00,1.0763016145631608,25.374942433561774
2020-01-22 20:30:00,1.0345382149028686,25.101179950425852
2020-01-22 21:00:00,1.0209763876484732,24.194564410195827
2020-01-22 21:30:00,0.9667412475909833,24.596611126825554
2020-01-22 22:00:00,0.9382169805153505,22.575654301611955
2020-01-22 22:30:00,0.8941263313614939,21.938188042244715
2020-01-22 23:00:00,0.8683164215028781,22.200157557434895
2020-01-22 23:30:00,0.9326061299269265,21.10370567739915
2020-01-23 00:00:00,0.8167401740173365,20.942263235655073
2020-01-23 00:30:00,0.8309137753692348,21.15946066745277
2020-01-23 01:00:00,0.8607194713094211,20.160507008436205
2020-01-23 01:30:00,0.8133692914605304,19.506512688574727
2020-01-23 02:00:00,0.8147595570608626,18.064647907166727
2020-01-23 02:30:00,0.8383567145118207,18.824903296599324
2020-01-23 03:00:00,0.8571482903858696,18.2711818351547
2020-01-23 03:30:00,0.8201329728669634,19.38602985744301
2020-01-23 04:00:00,0.8598859830826626,19.846473035477953
2020-01-23 04:30:00,0.9411214848159873,21.133236433413344
2020-01-23 05:00:00,0.9226802449542093,19.35295449927897
2020-01-23 05:30:00,0.9625239678778389,20.33211739629328
2020-01-23 06:00:00,1.0490637558453286,19.95909725845543
2020-01-23 06:30:00,1.0954316618744193,22.53512009230278
2020-01-23 07:00:00,1.1038027784359847,21.351251251368318
2020-01-23 07:30:00,1.1689543069748685,23.373485967364132
2020-01-23 08:00:00,1.298029115503276,23.506136171014166
2020-01-23 08:30:00,1.48718681993592,23.06608952136443
2020-01-23 09:00:00,1.586548104703879,23.357696900160818
2020-01-23 09:30:00,1.6902465830334872,24.86289164535563
2020-01-23 10:00:00,1.7791857216308251,25.69437622166469
2020-01-23 10:30:00,2.001184345984217,25.639583983891697
2020-01-23 11:00:00,2.1602710611316924,25.442990798572485
2020-01-23 11:30:00,2.1935460870405166,26.731053057628042
2020-01-23 12:00:00,2.296178893631543,26.605601162758088
2020-01-23 12:30:00,2.3727629449846543,26.736168263851308
2020-01-23 13:00:00,2.2828747092162573,26.895479922667576
2020-01-23 13:30:00,2.2732275256295718,26.774827786897337
2020-01-23 14:00:00,2.3012563595809565,28.454758939271308
2020-01-23 14:30:00,2.1575665746938895,27.94644284193228
2020-01-23 15:00:00,1.9865436263205352,27.906508343921516
2020-01-23 15:30:00,2.0376215863098532,27.89374958422246
2020-01-23 16:00:00,1.8771289972530472,27.421667668804904
2020-01-23 16:30:00,1.6736173896115618,27.355633000432572
2020-01-23 17:00:00,1.5926118014062682,28.109575561198728
2020-01-23 17:30:00,1.4995930533317596,25.92811219323822
2020-01-23 18:00:00,1.2700074870115738,26.137624664767632
2020-01-23 18:30:00,1.2065891972817908,25.874761668470285
2020-01-23 19:00:00,1.0838249637683697,25.872229282546762
2020-01-23 19:30:00,1.0593438495651,24.73261444487509
2020-01-23 20:00:00,0.9914838170248726,23.300822371374448
2020-01-23 20:30:00,0.9401302074589709,23.51685415856008
2020-01-23 21:00:00,0.9072244421796497,22.25147922685236
2020-01-23 21:30:00,0.8937819718456835,22.920808761715918
2020-01-23 22:00:00,0.8525445368558416,22.0625901864717
2020-01-23 22:30:00,0.8159756966438231,21.762349775249472
2020-01-23 23:00:00,0.8240720453957338,20.830366974028735
2020-01-23 23:30:00,0.8466078746113379,21.491821922691468
2020-01-24 00:00:00,0.8339014302164509,20.425677266290723
2020-01-24 00:30:00,0.8352982487234232,19.230125563624554
2020-01-24 01:00:00,0.8107586409111441,19.29395905684608
2020-01-24 01:30:00,0.8201241238643873,18.148238392233267
2020-01-24 02:00:00,0.8380454773564535,18.201687601839055
2020-01-24 02:30:00,0.8076444543282658,18.773764883450376
2020-01-24 03:00:00,0.8537600355783366,18.5234800522209
2020-01-24 03:30:00,0.8683068239425312,19.23169402611312
2020-01-24 04:00:00,0.8293932887705023,19.101178722347523
2020-01-24 04:30:00,0.9043562453285795,18.23361054972634
2020-01-24 05:00:00,0.9498365972107965,20.352500465562343
2020-01-24 05:30:00,0.9549270333603135,19.220350480568996
2020-01-24 06:00:00,1.0233011423383482,19.12379226913799
2020-01-24 06:30:00,1.1185247632262405,19.266968083257193
2020-01-24 07:00:00,1.132855452552476,20.569607461270554
2020-01-24 07:30:00,1.2193590797859164,20.104999688856186
2020-01-24 08:00:00,1.377234907988587,21.323004151412224
2020-01-24 08:30:00,1.430465602477646,21.12939031683666
2020-01-24 09:00:00,1.5654853285240284,21.414943032843603
2020-01-24 09:30:00,1.7010023480428722,22.512230967914487
2020-01-24 10:00:00,1.8688998283584672,23.735235923001866
2020-01-24 10:30:00,1.9335913957528306,23.342602329902803
2020-01-24 11:00:00,2.178776164176941,24.23340571445874
2020-01-24 11:30:00,2.283703491433602,24.59396786220984
2020-01-24 12:00:00,2.284840590201195,26.481638091460034
2020-01-24 12:30:00,2.3546414575307595,25.907516103685232
2020-01-24 13:00:00,2.4303645653900707,26.228812029710955
2020-01-24 13:30:00,2.40163702618756,27.952489803357512
2020-01-24 14:00:00,2.1508099229681177,26.796959691559216
2020-01-24 14:30:00,2.2755872995786244,27.701433699769357
2020-01-24 15:00:00,2.1911112610252066,28.08055322629334
2020-01-24 15:30:00,2.0640196442843934,27.909743079044723
2020-01-24 16:00:00,1.860370582230978,27.152762209790794
2020-01-24 16:30:00,1.6989433277199404,28.338936732588902
2020-01-24 17:00:00,1.5052171135128203,26.72820751547656
2020-01-24 17:30:00,1.4755617926575408,27.64006995059731
2020-01-24 18:00:00,1.34015435615541,26.7037554626444
2020-01-24 18:30:00,1.250672757291021,26.880227532267263
2020-01-24 19:00:00,1.1603897509529024,25.098482654543616
2020-01-24 19:30:00,1.067626664549567,25.73507418752897
2020-01-24 20:00:00,1.02988344852779,23.94787859564223
2020-01-24 20:30:00,0.9230919364089806,24.75797054644342
2020-01-24 21:00:00,0.9314482131289302,22.50100330634191
2020-01-24 21:30:00,0.9317734569365124,22.801716663137093
2020-01-24 22:00:00,0.8456419453112503,22.881106701280213
2020-01-24 22:30:00,0.8753252294831735,21.808878066761356
2020-01-24 23:00:00,0.861403467681885,20.94777399936711
2020-01-24 23:30:00,0.83573662157992,20.032046978894087
2020-01-25 00:00:00,0.4643752637228802,19.650800623236318
2020-01-25 00:30:00,0.4863817962734711,20.271362990496407
2020-01-25 01:00:00,0.4585292059252193,20.165538623883542
2020-01-25 01:30:00,0.4727436252868548,18.31757109625428
2020-01-25 02:00:00,0.4709480951461264,18.386523682396547
2020-01-25 02:30:00,0.4496376102417814,16.98709566979718
2020-01-25 03:00:00,0.4732183007815777,17.188455836234752
2020-01-25 03:30:00,0.5258716606017065,17.762543039154554
2020-01-25 04:00:00,0.48949484417761796,17.131023530070614
2020-01-25 04:30:00,0.48195080797428047,17.19653103794486
2020-01-25 05:00:00,0.5047044822361606,17.813443562600003
2020-01-25 05:30:00,0.5378734332769773,18.947065511455374
2020-01-25 06:00:00,0.5829982203552185,18.56437781426847
2020-01-25 06:30:00,0.5933387142611193,19.630322443961955
2020-01-25 07:00:00,0.6320235422707783,19.044366106251562
2020-01-25 07:30:00,0.6754860231114939,19.437486602781224
2020-01-25 08:00:00,0.8245705008342166,20.19188956434522
2020-01-25 08:30:00,0.8164849387037707,20.510440003547465
2020-01-25 09:00:00,0.9510187928097997,22.037733484604814
2020-01-25 09:30:00,0.9844950260127212,22.216816716540933
2020-01-25 10:00:00,1.078749110788324,22.96292849826973
2020-01-25 10:30:00,1.1910933937149872,23.77306836877922
2020-01-25 11:00:00,1.2090723134502839,24.041116336872978
2020-01-25 11:30:00,1.264661672749747,24.861055727656346
2020-01-25 12:00:00,1.260478882156008,25.104037691331104
2020-01-25 12:30:00,1.3398382981929498,25.530212585384124
2020-01-25 13:00:00,1.3784191001849826,25.669488871029962
2020-01-25 13:30:00,1.295888616099796,25.78381234757785
2020-01-25 14:00:00,1.3325473626731845,26.181876003244373
2020-01-25 14:30:00,1.2939996369009537,25.79090780107711
2020-01-25 15:00:00,1.1673105461769193,25.585886886145282
2020-01-25 15:30:00,1.1182485850863921,25.325361691551283
2020-01-25 16:00:00,1.0725377953022062,26.540628778868857
2020-01-25 16:30:00,0.959613604868354,25.971143890543022
2020-01-25 17:00:00,0.9653473733255328,26.301328512816358
2020-01-25 17:30:00,0.8565605859574665,25.60359567844499
2020-01-25 18:00:00,0.7366930746734247,25.147700563427843
2020-01-25 18:30:00,0.7062384062494533,25.102336158713136
2020-01-25 19:00:00,0.6350941031374274,24.7553645866918
2020-01-25 19:30:00,0.5795347244274329,24.34010808918627
2020-01-25 20:00:00,0.575711792911607,23.77433148488004
2020-01-25 20:30:00,0.5336392465289147,24.010383027672695
2020-01-25 21:00:00,0.5071017504897253,21.297913725625797
2020-01-25 21:30:00,0.478064420407672,23.03765900487108
2020-01-25 22:00:00,0.5194139828942931,23.066704243242203
2020-01-25 22:30:00,0.4923464152262247,22.386621342888354
2020-01-25 23:00:00,0.48736263377027916,21.79258267854475
2020-01-25 23:30:00,0.4955750809728125,21.24226375731859
2020-01-26 00:00:00,0.48353601597267115,21.24509449670776
2020-01-26 00:30:00,0.4848899825730811,19.877021490336237
2020-01-26 01:00:00,0.4686911730589185,20.07802536674918
2020-01-26 01:30:00,0.5113465199488052,18.725226303552983
2020-01-26 02:00:00,0.49214181496449066,17.515952633336493
2020-01-26 02:30:00,0.4921025865625872,18.242809878628933
2020-01-26 03:00:00,0.4987080444150525,17.816367280313102
2020-01-26 03:30:00,0.5002010622621478,18.252741756810853
2020-01-26 04:00:00,0.4960049687223127,17.833745004331423
2020-01-26 04:30:00,0.5273571240213994,18.874161916552683
2020-01-26 05:00:00,0.5548362407330554,18.126130717743628
2020-01-26 05:30:00,0.5725781356512658,18.433084525846887
2020-01-26 06:00:00,0.5939338914786068,19.56300575312863
2020-01-26 06:30:00,0.6116765743678434,19.881838555181417
2020-01-26 07:00:00,0.7058063519813582,19.436589995281885
2020-01-26 07:30:00,0.7636224483157154,20.33097730484002
2020-01-26 08:00:00,0.8104908225132444,20.222508396972735
2020-01-26 08:30:00,0.8576740840618574,21.138922838659838
2020-01-26 09:00:00,0.961785930041663,21.9700651683552
2020-01-26 09:30:00,1.0229941756012444,22.804705490201286
2020-01-26 10:00:00,1.0882189998636884,22.501764126563646
2020-01-26 10:30:00,1.1813645465542708,23.048811404234527
2020-01-26 11:00:00,1.228717581316195,25.317251047026016
2020-01-26 11:30:00,1.3767850275249296,25.176360082669095
2020-01-26 12:00:00,1.4220229994433402,24.249722581085095
2020-01-26 12:30:00,1.4008415167711015,24.95280976293018
2020-01-26 13:00:00,1.4432961035444505,26.087607714104976
2020-01-26 13:30:00,1.4267858727866283,25.57266706218734
2020-01-26 14:00:00,1.375850873761338,26.492862621529863
2020-01-26 14:30:00,1.3524259812057973,26.168950342354094
2020-01-26 15:00:00,1.2189184671936524,26.608293557253088
2020-01-26 15:30:00,1.1951102689844666,25.414762808437118
2020-01-26 16:00:00,1.0937656319670293,26.0412619583283
2020-01-26 16:30:00,1.062924077556925,25.738042593153395
2020-01-26 17:00:00,0.9364599722085644,26.123611243154954
2020-01-26 17:30:00,0.8605178275668436,25.735027574508035
2020-01-26 18:00:00,0.8006047342771051,25.62272933046267
2020-01-26 18:30:00,0.7425635359943816,25.395045963317582
2020-01-26 19:00:00,0.6721684086995577,25.18033111695226
2020-01-26 19:30:00,0.6370655108474201,23.641589793072544
2020-01-26 20:00:00,0.5825962009377618,23.510543181431792
2020-01-26 20:30:00,0.5790694391709043,23.209899642010647
2020-01-26 21:00:00,0.5265980975742357,22.275410549721883
2020-01-26 21:30:00,0.5516215349677728,23.30693243396211
2020-01-26 22:00:00,0.5246825036461866,22.271198394290742
2020-01-26 22:30:00,0.5251155820977913,21.475918723553217
2020-01-26 23:00:00,0.5205908989205114,20.813558756213094
2020-01-26 23:30:00,0.5101810372736914,20.14096176355715
2020-01-27 00:00:00,1.0166833448579882,18.699226620484243
2020-01-27 00:30:00,1.01846152761394,19.43302586342112
2020-01-27 01:00:00,0.9752394507633565,19.208361070507628
2020-01-27 01:30:00,0.9882094497938928,18.608967681570213
2020-01-27 02:00:00,0.9547448623377753,18.66747142881767
2020-01-27 02:30:00,1.014331549871652,18.89535316410149
2020-01-27 03:00:00,0.9766795596926054,18.04160914068109
2020-01-27 03:30:00,1.0326114346012545,18.1080752763421
2020-01-27 04:00:00,0.9721652421211571,18.732914092729263
2020-01-27 04:30:00,1.0530285842454137,18.99585992520652
2020-01-27 05:00:00,1.144440629399734,19.3732621921676
2020-01-27 05:30:00,1.0927516066537266,18.798522174475334
2020-01-27 06:00:00,1.2119770559637422,19.737828069765182
2020-01-27 06:30:00,1.2566178838927395,19.891149242416887
2020-01-27 07:00:00,1.358153536379603,19.891751404623307
2020-01-27 07:30:00,1.4624241752885276,21.466519283161144
2020-01-27 08:00:00,1.5740744639115054,21.962505643350305
2020-01-27 08:30:00,1.6975336096171763,21.485062755397447
2020-01-27 09:00:00,1.8815725489692265,22.431661978428203
2020-01-27 09:30:00,2.0064623427498303,23.54052328724167
2020-01-27 10:00:00,2.2752243046948215,22.783625552558195
2020-01-27 10:30:00,2.2466959081461013,24.845188949652997
2020-01-27 11:00:00,2.502711569788025,26.367636067508734
2020-01-27 11:30:00,2.678508004097778,25.660986143467344
2020-01-27 12:00:00,2.619277434127451,26.415144292091746
2020-01-27 12:30:00,2.6808740262473054,26.779706610450564
2020-01-27 13:00:00,2.6710392664346045,25.242385064394647
2020-01-27 13:30:00,2.8417509961958376,27.189561735186846
2020-01-27 14:00:00,2.6953967181948695,27.733549153127125
2020-01-27 14:30:00,2.582896213588573,28.323062746906924
2020-01-27 15:00:00,2.3521235549862594,27.926186177232704
2020-01-27 15:30:00,2.2979690989039283,27.852169006748674
2020-01-27 16:00:00,2.1645939545762785,28.600171392561403
2020-01-27 16:30:00,2.1183187753814305,27.001152706331506
2020-01-27 17:00:00,1.880207098579616,27.61092985262574
2020-01-27 17:30:00,1.7088916845999236,27.344663520488425
2020-01-27 18:00:00,1.509571209528973,27.155360729670686
2020-01-27 18:30:00,1.497061417829142,26.19584168817484
2020-01-27 19:00:00,1.3034797150708044,25.590603529091716
2020-01-27 19:30:00,1.3120205129168623,25.24474464242006
2020-01-27 20:00:00,1.1700587376353206,25.20832738541128
2020-01-27 20:30:00,1.1227119387277142,23.626864782742818
2020-01-27 21:00:00,1.1140784607953045,24.627492115910268
2020-01-27 21:30:00,1.0588131176867515,23.513694267566862
2020-01-27 22:00:00,0.9697329178151216,23.778800158012373
2020-01-27 22:30:00,1.0580905045308724,23.49541811016504
2020-01-27 23:00:00,0.9883886315541465,23.120441998748035
2020-01-27 23:30:00,0.9703886968751259,22.54694776555367
2020-01-28 00:00:00,1.0422354358906079,22.007546789938008
2020-01-28 00:30:00,1.052670709087368,22.402244013251707
2020-01-28 01:00:00,0.9948811369564312,20.012703837798462
2020-01-28 01:30:00,1.0406484246788597,21.757136589929583
2020-01-28 02:00:00,1.0546301584306046,21.062179067545358
2020-01-28 02:30:00,1.1132531862943178,20.757133551663234
2020-01-28 03:00:00,1.01447730747873,20.874180658495572
2020-01-28 03:30:00,1.0638602679518514,20.808945190146154
2020-01-28 04:00:00,1.0721105548310634,19.952613174613113
2020-01-28 04:30:00,1.2429299436222188,20.29505204714608
2020-01-28 05:00:00,1.2754456783086818,20.46218217264697
2020-01-28 05:30:00,1.251918203668218,21.27694412255993
2020-01-28 06:00:00,1.3210281997136109,22.55325159285283
2020-01-28 06:30:00,1.389804193915994,22.176646315323882
2020-01-28 07:00:00,1.5110402154743316,23.120751812316197
2020-01-28 07:30:00,1.616359409341506,23.46952148350553
2020-01-28 08:00:00,1.6404978407684008,23.689758829286255
2020-01-28 08:30:00,1.8903292775925566,24.455297781355725
2020-01-28 09:00:00,2.058476232069104,24.449776607053593
2020-01-28 09:30:00,2.2313137209063885,24.116782515150877
2020-01-28 10:00:00,2.385294379842198,24.77346440742167
2020-01-28 10:30:00,2.34508148952952,25.898978946073534
2020-01-28 11:00:00,2.6456261303650015,27.69329098549771
2020-01-28 11:30:00,2.782680696293839,28.308689390139097
2020-01-28 12:00:00,2.9083993774738093,27.68584763219796
2020-01-28 12:30:00,2.9444007556441036,28.038614841651857
2020-01-28 13:00:00,2.9038593262650005,29.04544445624542
2020-01-28 13:30:00,2.9572205942215177,28.680465108900325
2020-01-28 14:00:00,2.7574799997373947,28.580243240926862
2020-01-28 14:30:00,2.8040250292692805,29.680867849984747
2020-01-28 15:00:00,2.679427192387996,29.271783678687928
2020-01-28 15:30:00,2.6558023218868456,29.06287435921714
2020-01-28 16:00:00,2.3499560549713117,29.669002188780418
2020-01-28 16:30:00,2.2285148684406493,28.58169875224311
2020-01-28 17:00:00,2.032327642848272,29.81463482612237
2020-01-28 17:30:00,1.9303519084486782,29.57711329733617
2020-01-28 18:00:00,1.6574527035664628,28.574589459221816
2020-01-28 18:30:00,1.5392120303480463,28.20525911958059
2020-01-28 19:00:00,1.439542210276143,27.523974455692063
2020-01-28 19:30:00,1.326229021302737,26.751187608337634
2020-01-28 20:00:00,1.283211002748548,26.815590680836973
2020-01-28 20:30:00,1.286199665603828,25.70321868939584
2020-01-28 21:00:00,1.1642146478955129,25.668181802800415
2020-01-28 21:30:00,1.0946540671324791,24.06970993898546
2020-01-28 22:00:00,1.0962878037310129,23.00578260153866
2020-01-28 22:30:00,1.1573037910506756,23.905344276237965
2020-01-28 23:00:00,1.0845459020921904,21.58918767449896
2020-01-28 23:30:00,1.0712034973506326,21.644356629360193
2020-01-29 00:00:00,1.0250050831235742,21.175274009523065
2020-01-29 00:30:00,1.0272080486481368,20.942990738981756
2020-01-29 01:00:00,1.0084138299821113,20.911478279522083
2020-01-29 01:30:00,1.0626419980324315,20.98059468980817
2020-01-29 02:00:00,1.0767826158807063,20.471363777413444
2020-01-29 02:30:00,1.0331121609678349,20.644064723205666
2020-01-29 03:00:00,1.0796319504561451,19.726342000427486
2020-01-29 03:30:00,1.0811565795587383,19.014696708693887
2020-01-29 04:00:00,1.1051437633678984,18.629342972394458
2020-01-29 04:30:00,1.0818313621992435,19.982097868824336
2020-01-29 05:00:00,1.2006201721508274,20.531012653614507
2020-01-29 05:30:00,1.2095527184128152,20.180053929030557
2020-01-29 06:00:00,1.2828770980162827,20.98199013177008
2020-01-29 06:30:00,1.4232870573108696,19.89276042838123
2020-01-29 07:00:00,1.480126116800952,22.021899213484012
2020-01-29 07:30:00,1.5944997676715673,21.01825900569037
2020-01-29 08:00:00,1.7852786478103675,22.102897189303903
2020-01-29 08:30:00,1.9324194837816917,22.424961501008763
2020-01-29 09:00:00,1.9617635289763955,23.295680649034086
2020-01-29 09:30:00,2.2862053453289377,22.99631276006996
2020-01-29 10:00:00,2.2137462067285996,24.16341708723997
2020-01-29 10:30:00,2.5099439216047594,24.27623193169231
2020-01-29 11:00:00,2.706095338894154,24.686586169269553
2020-01-29 11:30:00,2.853233040625862,25.104256596554624
2020-01-29 12:00:00,3.0154390266067628,25.024592546277198
2020-01-29 12:30:00,2.882277740324957,25.457933567541243
2020-01-29 13:00:00,2.9484516389205315,27.086268755680052
2020-01-29 13:30:00,2.8925308305726665,26.89404748605
2020-01-29 14:00:00,2.81437177766556,27.203551947373803
2020-01-29 14:30:00,2.8410884063894053,27.926675571715776
2020-01-29 15:00:00,2.5817463715832107,28.26809124782458
2020-01-29 15:30:00,2.510906577118794,29.095554169804576
2020-01-29 16:00:00,2.3565556113823645,28.02892562682858
2020-01-29 16:30:00,2.1602384652186,26.972565837232544
2020-01-29 17:00:00,2.098808150957075,27.597520749352125
2020-01-29 17:30:00,1.8000018587985565,28.203936732706378
2020-01-29 18:00:00,1.7219232849489825,26.289518744048987
2020-01-29 18:30:00,1.6362721394175246,26.6458175795153
2020-01-29 19:00:00,1.496668245197033,26.414984412649055
2020-01-29 19:30:00,1.3136662638235708,25.140914807498053
2020-01-29 20:00:00,1.34890217255719,24.214815943131228
2020-01-29 20:30:00,1.2405700178213421,24.898583419034455
2020-01-29 21:00:00,1.210579285178021,24.56229349948909
2020-01-29 21:30:00,1.14072308493854,22.11781280332843
2020-01-29 22:00:00,1.0954406937227767,21.56077042461249
2020-01-29 22:30:00,1.1224823528033259,21.941902934879856
2020-01-29 23:00:00,1.1476879296125113,20.385558331301628
2020-01-29 23:30:00,1.051264537955363,20.281412538371775
2020-01-30 00:00:00,0.8127672100501424,20.26937345335358
2020-01-30 00:30:00,0.8377703036631621,19.76457600335541
2020-01-30 01:00:00,0.8170214945604439,19.17717313736664
2020-01-30 01:30:00,0.8824169406237246,19.464954337165192
2020-01-30 02:00:00,0.8616479702338791,18.57059025184655
2020-01-30 02:30:00,0.8709408831074319,17.73577442771644
2020-01-30 03:00:00,0.8895771880764571,18.343246167981025
2020-01-30 03:30:00,0.8697169093063148,18.58124927822249
2020-01-30 04:00:00,0.9227742266836058,18.774884430610445
2020-01-30 04:30:00,0.9128501013690821,18.2414222104203
2020-01-30 05:00:00,0.8983395704266438,18.687062127455004
2020-01-30 05:30:00,0.9659005641298296,18.638563550059303
2020-01-30 06:00:00,1.0679784497863918,19.587846831885283
2020-01-30 06:30:00,1.1337458718783031,20.226781699217586
2020-01-30 07:00:00,1.2371557920437097,20.191384247737865
2020-01-30 07:30:00,1.2660224397686428,20.029480115343002
2020-01-30 08:00:00,1.417486145224632,20.797091930995418
2020-01-30 08:30:00,1.4665923506320808,21.44544754936739
2020-01-30 09:00:00,1.584068339228197,21.88696787378932
2020-01-30 09:30:00,1.7918082516093183,22.028252636946124
2020-01-30 10:00:00,1.94959483408262,22.805011963672523
2020-01-30 10:30:00,2.0961198679598185,23.946754923183345
2020-01-30 11:00:00,2.260704697637876,24.956283177969215
2020-01-30 11:30:00,2.2847674290659348,24.304755967456217
2020-01-30 12:00:00,2.2998217479657486,25.426262694586306
2020-01-30 12:30:00,2.4385581083970402,25.948187901765138
2020-01-30 13:00:00,2.573596591723589,26.752360832803074
2020-01-30 13:30:00,2.4114990202578737,26.501267672558438
2020-01-30 14:00:00,2.5084036875897144,26.545629764844556
2020-01-30 14:30:00,2.282657926111637,26.820612062159558
2020-01-30 15:00:00,2.220798231394283,26.699510335204668
2020-01-30 15:30:00,2.1380237844954206,26.69311736916967
2020-01-30 16:00:00,1.90532914347996,26.493707994226984
2020-01-30 16:30:00,1.8887383658221046,26.48133340476129
2020-01-30 17:00:00,1.7068278241062818,27.22292158922717
2020-01-30 17:30:00,1.559555518232266,27.089921298997545
2020-01-30 18:00:00,1.4319822095861128,26.070421421581408
2020-01-30 18:30:00,1.2936591741016825,26.5198096701599
2020-01-30 19:00:00,1.2137045067339618,25.684850200456633
2020-01-30 19:30:00,1.1503831331561842,25.126115090759086
2020-01-30 20:00:00,1.0252955508747952,23.67573675942096
2020-01-30 20:30:00,0.9614049911752599,23.764941942714618
2020-01-30 21:00:00,0.9504708982312676,23.743272472165415
2020-01-30 21:30:00,0.9578056375024182,23.059082231781424
2020-01-30 22:00:00,0.9293649846096753,22.144821355422806
2020-01-30 22:30:00,0.895261014205484,21.60388998230836
2020-01-30 23:00:00,0.8379332342658721,20.146609949147418
2020-01-30 23:30:00,0.8443570084757771,20.171882127533188
2020-01-31 00:00:00,0.7458982764737339,19.16799169565656
2020-01-31 00:30:00,0.8246632724030379,19.27317797216112
2020-01-31 01:00:00,0.8394486083420084,17.979037565637256
2020-01-31 01:30:00,0.7799705023474482,18.20174363493875
2020-01-31 02:00:00,0.7990661860744468,17.586554793264977
2020-01-31 02:30:00,0.7909799583673628,17.621714018034975
2020-01-31 03:00:00,0.7606900524029349,17.38099278104111
2020-01-31 03:30:00,0.8014463864566461,16.704791540234382
2020-01-31 04:00:00,0.7677274606030801,16.935979022008976
2020-01-31 04:30:00,0.885184199482414,17.33875630658814
2020-01-31 05:00:00,0.8878565298296767,17.391852622946303
2020-01-31 05:30:00,0.8558388195511308,18.74729590547731
2020-01-31 06:00:00,0.895137804030942,17.97887854495756
2020-01-31 06:30:00,1.0367905812003637,18.752725328199077
2020-01-31 07:00:00,1.058560793291838,18.9115065085152
2020-01-31 07:30:00,1.1286162163453628,20.446721076340477
2020-01-31 08:00:00,1.2489160909100014,20.695701684646792
2020-01-31 08:30:00,1.3510005809245194,20.334888998019785
2020-01-31 09:00:00,1.4825613997810037,21.797474785133186
2020-01-31 09:30:00,1.6473504255761149,22.748612413553357
2020-01-31 10:00:00,1.6973631796735331,22.25025396070091
2020-01-31 10:30:00,1.8115563391235046,21.876324245881005
2020-01-31 11:00:00,1.2055675840240536,23.128242333826876
2020-01-31 11:30:00,1.2497967717122445,23.941585872274153
2020-01-31 12:00:00,1.3446934481162596,25.279583685507028
2020-01-31 12:30:00,1.346860211224287,24.860815507693268
2020-01-31 13:00:00,1.4101470306889945,25.601830959594196
2020-01-31 13:30:00,1.3462756389623585,26.270676755542983
2020-01-31 14:00:00,1.3190001276333343,26.631609424060635
2020-01-31 14:30:00,1.3192147568645833,25.446434092305292
2020-01-31 15:00:00,1.2531802801395175,25.459411716839053
2020-01-31 15:30:00,1.1375984799045158,25.79512330577844
2020-01-31 16:00:00,1.0744367467185083,25.824287778371385
2020-01-31 16:30:00,0.9914996018962015,26.011271801091933
2020-01-31 17:00:00,1.4811502877223202,26.0927794470349
2020-01-31 17:30:00,1.4117089280804982,24.811295526444628
2020-01-31 18:00:00,1.283023892632396,25.201905064630463
2020-01-31 18:30:00,1.1779554353855002,25.608686751316377
2020-01-31 19:00:00,1.0858114177165163,24.721823755886096
2020-01-31 19:30:00,0.9865321837911869,23.882681638241625
2020-01-31 20:00:00,0.897533932623135,23.09925875734993
2020-01-31 20:30:00,0.9029448772341256,22.849767028095446
2020-01-31 21:00:00,0.8581365344366145,21.81552911754206
2020-01-31 21:30:00,0.8026580461895831,22.10027615230115
2020-01-31 22:00:00,0.8189256943480742,21.076753276296795
2020-01-31 22:30:00,0.799330124439772,21.1167511974453
2020-01-31 23:00:00,0.7539149269107223,20.11462165921399
2020-01-31 23:30:00,0.7858656664605743,20.140756192205327
