,demand,temperature
2019-12-22 00:00:00,4.3372566325375805,21.70276916669647
2019-12-22 00:30:00,4.671569101756308,21.57392405189282
2019-12-22 01:00:00,4.213964776809784,22.14710125510588
2019-12-22 01:30:00,4.798120705879286,20.237949439069244
2019-12-22 02:00:00,4.609173526646863,19.598078764319233
2019-12-22 02:30:00,4.536360207329763,20.531365837926785
2019-12-22 03:00:00,4.485061778321521,20.54425676404656
2019-12-22 03:30:00,4.646195469862349,18.613546043469583
2019-12-22 04:00:00,4.646180269927433,19.8194947688013
2019-12-22 04:30:00,4.9959278276502115,19.85311201738555
2019-12-22 05:00:00,5.1310389090305275,19.72458423170592
2019-12-22 05:30:00,5.447946413482884,19.78549336298347
2019-12-22 06:00:00,5.740475846366743,20.015676584957657
2019-12-22 06:30:00,5.939769370232095,20.44926815271179
2019-12-22 07:00:00,6.371070643234032,20.519559592495742
2019-12-22 07:30:00,6.184674341325139,21.743756206329035
2019-12-22 08:00:00,6.682088367482736,23.366923255777024
2019-12-22 08:30:00,6.234898828056537,22.265953518759588
2019-12-22 09:00:00,5.77828059373416,23.063040847134925
2019-12-22 09:30:00,5.386999801653679,24.105713425139133
2019-12-22 10:00:00,5.46962680324377,24.18129545022158
2019-12-22 10:30:00,4.940503484070104,25.1258653631292
2019-12-22 11:00:00,4.839395453377478,25.60028463303979
2019-12-22 11:30:00,4.795933805415786,26.02013921241908
2019-12-22 12:00:00,4.978811171293569,26.392025831231358
2019-12-22 12:30:00,4.832886080991375,26.762780014389474
2019-12-22 13:00:00,4.529418234315999,27.06285026634084
2019-12-22 13:30:00,4.903339620050078,27.565682431644902
2019-12-22 14:00:00,4.665293028890689,28.652092892263475
2019-12-22 14:30:00,5.020128082074612,28.54170170543759
2019-12-22 15:00:00,5.04624083932687,29.075098914484414
2019-12-22 15:30:00,5.523506757551488,27.982757996642217
2019-12-22 16:00:00,5.4547117157069716,28.93815940746981
2019-12-22 16:30:00,5.662138187462672,28.15807897065332
2019-12-22 17:00:00,5.684875008927905,27.925437576562054
2019-12-22 17:30:00,6.244692297787719,27.912034560681022
2019-12-22 18:00:00,5.955304973505966,28.28921242532232
2019-12-22 18:30:00,5.846695931042744,28.100887784694404
2019-12-22 19:00:00,5.768370953158047,27.505706074902886
2019-12-22 19:30:00,5.658000001768295,26.72183398387219
2019-12-22 20:00:00,5.821195031117562,25.23314793058337
2019-12-22 20:30:00,5.858237301002681,25.602903761812513
2019-12-22 21:00:00,5.234335363995017,25.059091398250853
2019-12-22 21:30:00,5.240232354583017,24.07815428059713
2019-12-22 22:00:00,5.187899683935662,22.75836971200181
2019-12-22 22:30:00,5.003278087146798,21.12547676440167
2019-12-22 23:00:00,4.979269637961705,21.912082835441165
2019-12-22 23:30:00,4.701764785595779,20.87043020091424
2019-12-23 00:00:00,4.741711613632381,19.96006976193314
2019-12-23 00:30:00,4.9956267658329425,21.114825132492996
2019-12-23 01:00:00,5.056398286494527,20.388012284717817
2019-12-23 01:30:00,4.970979127052377,18.779737364564884
2019-12-23 02:00:00,5.18624273348156,18.979769506639492
2019-12-23 02:30:00,5.092144483165254,18.164922911013655
2019-12-23 03:00:00,5.363115062041472,19.088618689991304
2019-12-23 03:30:00,5.283297196972683,19.093978112074012
2019-12-23 04:00:00,5.268485116999484,18.48393334990524
2019-12-23 04:30:00,5.238828909637323,18.987341417416122
2019-12-23 05:00:00,6.179517055873832,18.574897631373258
2019-12-23 05:30:00,5.97275074633931,19.795499356387424
2019-12-23 06:00:00,6.42829008920405,19.16473156892182
2019-12-23 06:30:00,6.582758698053515,19.956127035635777
2019-12-23 07:00:00,6.7820919091833405,20.56450388300562
2019-12-23 07:30:00,7.070647851539056,21.41267238446875
2019-12-23 08:00:00,7.071160941385159,22.421253757853655
2019-12-23 08:30:00,6.541567335096828,21.69803204826363
2019-12-23 09:00:00,6.593245562246007,23.174151722164204
2019-12-23 09:30:00,6.271487244496408,22.656704848647024
2019-12-23 10:00:00,5.971971909052887,23.692040470104512
2019-12-23 10:30:00,5.766176681006907,23.3034646910048
2019-12-23 11:00:00,5.556507806611854,25.01201604046773
2019-12-23 11:30:00,4.874659159171595,25.05543729405733
2019-12-23 12:00:00,5.038137520042635,26.32255560311541
2019-12-23 12:30:00,5.26420553050443,25.912358854023957
2019-12-23 13:00:00,5.00795287301179,26.232908401282774
2019-12-23 13:30:00,4.944715433337507,26.998235229913828
2019-12-23 14:00:00,4.954049145365697,26.822126228856117
2019-12-23 14:30:00,5.552990092125649,27.488084541716354
2019-12-23 15:00:00,5.666178933912379,27.06642792349093
2019-12-23 15:30:00,5.579427166522857,28.070682259702753
2019-12-23 16:00:00,5.930827952450105,26.787879608640168
2019-12-23 16:30:00,6.198916805002711,27.380177401295423
2019-12-23 17:00:00,6.221525364264715,26.457622598982226
2019-12-23 17:30:00,6.072516738396702,25.581609985962146
2019-12-23 18:00:00,6.720417680396768,25.22655235200785
2019-12-23 18:30:00,6.95344181824941,25.690898502233154
2019-12-23 19:00:00,6.559370938853376,23.88453566156523
2019-12-23 19:30:00,6.744447374306211,23.846680089118223
2019-12-23 20:00:00,6.37110702397211,24.26800416914894
2019-12-23 20:30:00,5.694518882139274,23.54687596210679
2019-12-23 21:00:00,5.716362689852773,23.11903528894727
2019-12-23 21:30:00,6.012832350541068,22.66745088844501
2019-12-23 22:00:00,5.341742562357537,22.69431070361432
2019-12-23 22:30:00,5.141201040786823,21.564788378504083
2019-12-23 23:00:00,5.5115349713711534,19.978592878937636
2019-12-23 23:30:00,5.2357717469250815,21.387697999469516
2019-12-24 00:00:00,3.6140332238491153,19.607402898800327
2019-12-24 00:30:00,3.875008363208859,19.205271628199743
2019-12-24 01:00:00,4.15318554424631,19.213951840727468
2019-12-24 01:30:00,3.865341070085891,18.607146760518503
2019-12-24 02:00:00,3.5981866098665334,18.462791057243997
2019-12-24 02:30:00,3.7411192070429973,17.839150263654073
2019-12-24 03:00:00,3.731602591953813,17.413974227333597
2019-12-24 03:30:00,3.7209977896801623,18.12909250732655
2019-12-24 04:00:00,3.836318749537069,17.45453452032925
2019-12-24 04:30:00,4.014153549373562,17.828023473695104
2019-12-24 05:00:00,3.8782365753802313,17.556887233272956
2019-12-24 05:30:00,4.275440541193317,18.942028470331767
2019-12-24 06:00:00,5.023851369818864,18.777020652564275
2019-12-24 06:30:00,5.0368017915721,19.179419898967215
2019-12-24 07:00:00,5.2733160470042275,19.452792861289602
2019-12-24 07:30:00,5.465450416959427,19.636191366047328
2019-12-24 08:00:00,5.2499055377233095,20.593752658771226
2019-12-24 08:30:00,5.081071752785988,20.138715406986393
2019-12-24 09:00:00,4.868183568738038,21.136308464817347
2019-12-24 09:30:00,4.718015925465445,22.210602366769333
2019-12-24 10:00:00,4.185321140456864,22.530825300578876
2019-12-24 10:30:00,3.765317522997213,22.40364993306248
2019-12-24 11:00:00,3.794547587087024,24.06473100940934
2019-12-24 11:30:00,3.9457134051712073,24.105135558320864
2019-12-24 12:00:00,3.8066393529307723,23.758252533379466
2019-12-24 12:30:00,3.991996227388906,24.78057469794302
2019-12-24 13:00:00,3.7083927170255833,24.14398354532554
2019-12-24 13:30:00,3.8486064921404033,25.11585608390462
2019-12-24 14:00:00,3.89360419924084,24.915037942517955
2019-12-24 14:30:00,3.858600235495788,24.786912977280345
2019-12-24 15:00:00,4.277862828928631,25.414774741419098
2019-12-24 15:30:00,4.1748757836336905,26.353544741119727
2019-12-24 16:00:00,4.2906544842715055,25.322989080114017
2019-12-24 16:30:00,4.606603071334651,25.843062559202256
2019-12-24 17:00:00,4.690366366149784,25.134249294367528
2019-12-24 17:30:00,4.846227950951199,25.126191786920675
2019-12-24 18:00:00,4.945169299232998,24.8583992405264
2019-12-24 18:30:00,4.860996421954792,24.622898074924667
2019-12-24 19:00:00,4.748971827863778,23.044554824333897
2019-12-24 19:30:00,4.670893705942204,22.42641246230598
2019-12-24 20:00:00,4.581494274966318,22.94783075538909
2019-12-24 20:30:00,4.495712993743365,22.364502234484473
2019-12-24 21:00:00,4.505096708495925,21.425708452376274
2019-12-24 21:30:00,4.142687765037359,21.78893251808362
2019-12-24 22:00:00,4.057959751375824,20.396738620717446
2019-12-24 22:30:00,4.049578526784818,20.367095976239447
2019-12-24 23:00:00,3.87124661852731,18.199314206231428
2019-12-24 23:30:00,3.874424346472422,19.151859439915995
2019-12-25 00:00:00,3.8193198632348566,17.934798168313097
2019-12-25 00:30:00,3.689629055486542,16.939590832474234
2019-12-25 01:00:00,3.4312719317099716,16.3996717390935
2019-12-25 01:30:00,3.5854448167693276,16.209602110889914
2019-12-25 02:00:00,3.9363362691652903,16.88805771337854
2019-12-25 02:30:00,3.7219516853510757,17.337378836555093
2019-12-25 03:00:00,3.783095191217355,16.500765482135876
2019-12-25 03:30:00,3.6790309557437193,16.390317873008836
2019-12-25 04:00:00,3.7429224798696588,15.853468636799125
2019-12-25 04:30:00,3.900626601990648,16.5278848932282
2019-12-25 05:00:00,4.117633832787064,15.801124915941257
2019-12-25 05:30:00,4.418661141724063,17.167440025509674
2019-12-25 06:00:00,4.7174859926253045,17.89905474302195
2019-12-25 06:30:00,4.598577722271049,17.711385060023286
2019-12-25 07:00:00,4.923604597948225,18.61428111691156
2019-12-25 07:30:00,5.000847185897196,18.598864494086218
2019-12-25 08:00:00,4.907161478672335,19.332167979576248
2019-12-25 08:30:00,4.6422273953217905,19.80163901731538
2019-12-25 09:00:00,4.787949518431766,20.33458047090203
2019-12-25 09:30:00,4.470969922612511,20.297374257446535
2019-12-25 10:00:00,4.441751975102086,20.273045290605015
2019-12-25 10:30:00,4.202134374401891,22.931993493929816
2019-12-25 11:00:00,3.7871993298081716,22.00271511842382
2019-12-25 11:30:00,3.8550556825780227,23.87539645584755
2019-12-25 12:00:00,3.61680315167952,23.55801992953
2019-12-25 12:30:00,3.9185369563572503,25.007584338798157
2019-12-25 13:00:00,3.712260423817498,24.92524811886564
2019-12-25 13:30:00,3.494403528715327,24.831855647422387
2019-12-25 14:00:00,3.8049655095562596,25.93117061691369
2019-12-25 14:30:00,3.8597449963742565,25.64760594234841
2019-12-25 15:00:00,3.8679651231992564,26.540387523692253
2019-12-25 15:30:00,4.084892476332761,25.58163262650305
2019-12-25 16:00:00,4.396851459907717,26.048964503654233
2019-12-25 16:30:00,4.372337874419961,25.036804874094525
2019-12-25 17:00:00,4.549793205337357,25.723091694558097
2019-12-25 17:30:00,4.58079970720009,25.32948419125316
2019-12-25 18:00:00,4.7143315148998,24.59696338918471
2019-12-25 18:30:00,5.028298283819737,23.929106451123335
2019-12-25 19:00:00,4.627912758796487,23.745812989201653
2019-12-25 19:30:00,4.550593828250698,23.19172786146691
2019-12-25 20:00:00,4.652814693335762,23.496659385321866
2019-12-25 20:30:00,4.390886044928669,22.635868411847937
2019-12-25 21:00:00,4.187200838290375,21.690796022005426
2019-12-25 21:30:00,4.144258991350561,22.2933231728805
2019-12-25 22:00:00,4.0289724142079875,20.019770124964356
2019-12-25 22:30:00,3.8379470911022007,21.13342899279392
2019-12-25 23:00:00,3.770531485084763,19.92240656041093
2019-12-25 23:30:00,3.7364300934161037,18.67856425846483
2019-12-26 00:00:00,3.6025692900186113,18.841818750520144
2019-12-26 00:30:00,3.436948920629161,18.361405721014997
2019-12-26 01:00:00,3.250839429662757,17.565303535767892
2019-12-26 01:30:00,3.7076149279111923,17.0295899045117
2019-12-26 02:00:00,3.5073361350409398,16.844971819657154
2019-12-26 02:30:00,3.8478546578524604,16.54269690390614
2019-12-26 03:00:00,3.549467848366453,16.956949961676496
2019-12-26 03:30:00,3.618657498776634,17.628170354734575
2019-12-26 04:00:00,3.487998448874197,16.19069729554025
2019-12-26 04:30:00,3.842313958472119,16.888688044238254
2019-12-26 05:00:00,4.022645722844673,17.55624334217058
2019-12-26 05:30:00,4.17731502862766,18.278379521314204
2019-12-26 06:00:00,4.540196149886149,17.53958246600523
2019-12-26 06:30:00,4.505847896787013,18.09865039090139
2019-12-26 07:00:00,4.9348272797776165,18.408319204869418
2019-12-26 07:30:00,4.874465042370726,18.689557285199076
2019-12-26 08:00:00,4.831312940137008,20.685455285438977
2019-12-26 08:30:00,4.766941901056222,20.341297253984276
2019-12-26 09:00:00,4.391198980925931,21.237335247362317
2019-12-26 09:30:00,4.241043474147553,20.511212805492107
2019-12-26 10:00:00,4.1908146568464,21.895266401194903
2019-12-26 10:30:00,4.137344013039312,22.723379951534113
2019-12-26 11:00:00,3.703358798323366,22.430950629308107
2019-12-26 11:30:00,3.8819598913847004,22.947011056700173
2019-12-26 12:00:00,3.605301881955199,23.38072828271097
2019-12-26 12:30:00,3.4944350547870195,22.645798674507965
2019-12-26 13:00:00,3.5727052068680876,23.740615728555163
2019-12-26 13:30:00,3.653317645458153,25.256044103658436
2019-12-26 14:00:00,3.898953504846341,25.308039564467773
2019-12-26 14:30:00,3.9952896766582824,26.024415662849304
2019-12-26 15:00:00,3.6295560056420797,25.760910438292015
2019-12-26 15:30:00,3.9922596287940904,25.87416996120694
2019-12-26 16:00:00,4.061587069349581,25.118358002061555
2019-12-26 16:30:00,4.428096057251217,25.71996452498653
2019-12-26 17:00:00,4.208408551757409,25.702330499175176
2019-12-26 17:30:00,4.4364212022321095,24.55848285803445
2019-12-26 18:00:00,4.610957522530211,25.241169010416716
2019-12-26 18:30:00,4.747664644621565,25.59806104996167
2019-12-26 19:00:00,4.8573161516387415,25.854019922365023
2019-12-26 19:30:00,4.728572979618972,24.02140963632505
2019-12-26 20:00:00,4.38036647935491,23.585700917178293
2019-12-26 20:30:00,4.156329144150178,22.236428699261808
2019-12-26 21:00:00,4.043775842578669,21.759824338877102
2019-12-26 21:30:00,3.941127983062675,23.185326973856018
2019-12-26 22:00:00,3.8618443006519643,21.05275223083545
2019-12-26 22:30:00,3.3601055337407026,20.412552522177965
2019-12-26 23:00:00,3.702879814763906,20.065987684442014
2019-12-26 23:30:00,3.510026751519365,19.07432086071942
2019-12-27 00:00:00,3.8731489140413324,18.744310359609088
2019-12-27 00:30:00,3.5430413566126293,18.121947508352573
2019-12-27 01:00:00,3.7584401240660115,18.067693812023105
2019-12-27 01:30:00,4.140056664922495,17.22646330890161
2019-12-27 02:00:00,3.6252211335990983,17.40669976964178
2019-12-27 02:30:00,3.965054208492658,17.820797854123867
2019-12-27 03:00:00,3.7171592178104627,17.93925691143333
2019-12-27 03:30:00,3.8482101482167033,17.96029205391096
2019-12-27 04:00:00,3.9729721581257347,17.83316950984161
2019-12-27 04:30:00,4.093920275911415,17.819550930574856
2019-12-27 05:00:00,4.329805429490546,17.00503440890839
2019-12-27 05:30:00,4.5641324752016175,17.99132782921607
2019-12-27 06:00:00,4.792901715462076,18.205682479661224
2019-12-27 06:30:00,4.877779631386578,17.15053917290403
2019-12-27 07:00:00,4.958682368662145,17.29670773737394
2019-12-27 07:30:00,5.153812981226202,17.936754626592517
2019-12-27 08:00:00,5.188992897388203,18.612874030788497
2019-12-27 08:30:00,5.153220985776137,18.843954574274445
2019-12-27 09:00:00,4.710308825529314,19.08870038604311
2019-12-27 09:30:00,4.352336840893441,20.491048911047383
2019-12-27 10:00:00,4.4990604477782075,21.232411317371607
2019-12-27 10:30:00,4.313230810252738,22.185734852579237
2019-12-27 11:00:00,4.114502966154953,23.234206033151274
2019-12-27 11:30:00,3.9056817922431026,23.305638221231533
2019-12-27 12:00:00,3.809060514228822,23.979870094525648
2019-12-27 12:30:00,3.731756620012678,24.32406354751901
2019-12-27 13:00:00,3.5453324085759923,23.421817334259163
2019-12-27 13:30:00,3.820927310647421,25.287050262813846
2019-12-27 14:00:00,3.878293807181337,25.166061056637233
2019-12-27 14:30:00,3.7855872541341435,26.654359610170868
2019-12-27 15:00:00,3.936731519749634,24.80449813925257
2019-12-27 15:30:00,4.435224956378759,26.18064171570315
2019-12-27 16:00:00,4.3802626457785925,25.65473621620542
2019-12-27 16:30:00,4.726563197035484,25.521563596341743
2019-12-27 17:00:00,4.740744341517277,26.346852351627234
2019-12-27 17:30:00,4.676093293014685,26.663188692027617
2019-12-27 18:00:00,4.811606951292858,26.281235684692703
2019-12-27 18:30:00,5.04614149378684,26.02082541659241
2019-12-27 19:00:00,4.92125154301797,25.27148855999712
2019-12-27 19:30:00,4.7387691926803654,25.780198026033705
2019-12-27 20:00:00,4.757347861060949,24.72248610889108
2019-12-27 20:30:00,4.2662111702904175,23.393440107451475
2019-12-27 21:00:00,4.3349261780201225,23.93371611176064
2019-12-27 21:30:00,4.4202409613068365,22.599473534428142
2019-12-27 22:00:00,4.144210223238318,22.36203653721711
2019-12-27 22:30:00,3.981444337742118,22.40708960524458
2019-12-27 23:00:00,4.044945854098511,21.8898405624128
2019-12-27 23:30:00,3.6991870451182267,20.652914690166927
2019-12-28 00:00:00,3.708177398106587,20.83987883828897
2019-12-28 00:30:00,3.534212726497392,21.016830535931906
2019-12-28 01:00:00,3.5716511579574006,20.575070899658684
2019-12-28 01:30:00,3.2358732253111144,19.813683041326893
2019-12-28 02:00:00,3.5675151082182235,20.40713577187863
2019-12-28 02:30:00,3.6323251065284405,19.816605207075092
2019-12-28 03:00:00,3.675098900196564,19.983003634047446
2019-12-28 03:30:00,3.7539843285858496,19.636037830263298
2019-12-28 04:00:00,3.600121621801596,20.59558499730692
2019-12-28 04:30:00,3.9145183297015858,19.982820484609775
2019-12-28 05:00:00,4.116115805396036,20.59457202280179
2019-12-28 05:30:00,4.197630433290654,20.455585585417477
2019-12-28 06:00:00,4.7784046835659,21.84049300172718
2019-12-28 06:30:00,4.809537275921868,20.750026431912417
2019-12-28 07:00:00,4.952469567085203,22.557392841902335
2019-12-28 07:30:00,5.050372369368838,22.149034623650007
2019-12-28 08:00:00,4.732614656137644,21.586874488597626
2019-12-28 08:30:00,4.80973143079075,22.903940987724702
2019-12-28 09:00:00,4.783060771443066,23.29852261858854
2019-12-28 09:30:00,4.252554290054817,24.26527333966727
2019-12-28 10:00:00,4.16401985686087,23.40765169764247
2019-12-28 10:30:00,3.9264606330379865,25.141324448190158
2019-12-28 11:00:00,3.9102942990827807,26.59189100802164
2019-12-28 11:30:00,4.00347189015883,27.213321882667444
2019-12-28 12:00:00,3.4859593638891067,27.05561625256351
2019-12-28 12:30:00,3.399152127944187,27.890275763526258
2019-12-28 13:00:00,3.7491743385043796,26.889070510191438
2019-12-28 13:30:00,3.6448609066330295,28.70372157113858
2019-12-28 14:00:00,3.689457419893567,28.338226698007144
2019-12-28 14:30:00,3.762282644058396,29.01826211984038
2019-12-28 15:00:00,3.9689340665861175,28.23296205631688
2019-12-28 15:30:00,3.798448001683557,27.94014981433304
2019-12-28 16:00:00,4.38436074947289,29.060822637545918
2019-12-28 16:30:00,4.33718542277845,28.307186101096715
2019-12-28 17:00:00,4.682090016602411,28.85029045063055
2019-12-28 17:30:00,4.715594416632907,28.95528393921483
2019-12-28 18:00:00,4.565885729192793,27.386016274891134
2019-12-28 18:30:00,4.7946081183925235,27.31664530695592
2019-12-28 19:00:00,4.729032155161453,26.613540677788922
2019-12-28 19:30:00,4.759944827025653,24.937905486955895
2019-12-28 20:00:00,4.374503272425022,23.991363661309986
2019-12-28 20:30:00,4.10155736484251,23.658092412638336
2019-12-28 21:00:00,4.140135616915691,23.04989624511122
2019-12-28 21:30:00,3.7110581308423116,22.102731223488306
2019-12-28 22:00:00,3.808359657532277,21.732020733108563
2019-12-28 22:30:00,3.699324693066594,21.032980983124737
2019-12-28 23:00:00,3.769623400841099,20.523468056750538
2019-12-28 23:30:00,3.7598324562737804,20.12765297378902
2019-12-29 00:00:00,3.2460408356784214,19.778522540571256
2019-12-29 00:30:00,3.2621380247264677,19.57370582960676
2019-12-29 01:00:00,3.459669131811103,20.15221552085701
2019-12-29 01:30:00,3.202333649130409,19.035023962238498
2019-12-29 02:00:00,3.417581345266685,19.597177935378735
2019-12-29 02:30:00,3.3864688070745816,19.363120474791668
2019-12-29 03:00:00,3.4486217887695205,19.1809987290973
2019-12-29 03:30:00,3.4454982762711985,19.310460067463417
2019-12-29 04:00:00,3.4698105043035476,19.024854942840513
2019-12-29 04:30:00,3.8854607794985285,20.337575590768328
2019-12-29 05:00:00,4.068935289886729,20.13100276760367
2019-12-29 05:30:00,4.17237426644564,20.390864498023518
2019-12-29 06:00:00,4.230054519392402,21.015110757732536
2019-12-29 06:30:00,4.522531293111361,21.031002304209103
2019-12-29 07:00:00,4.930115149766744,21.900462910890433
2019-12-29 07:30:00,4.6891761864522605,22.669529424886033
2019-12-29 08:00:00,4.51631308982893,24.378393171806042
2019-12-29 08:30:00,4.727430962208894,23.80971765020706
2019-12-29 09:00:00,4.191854449604316,24.691762658403196
2019-12-29 09:30:00,4.164732219110327,24.65512162082897
2019-12-29 10:00:00,4.249365398814907,25.274613994801527
2019-12-29 10:30:00,3.6158259718351773,25.576245399023872
2019-12-29 11:00:00,3.4941056834712425,26.050921317487244
2019-12-29 11:30:00,3.6617846737215904,26.658388098573344
2019-12-29 12:00:00,3.5286373117030374,27.537145023064113
2019-12-29 12:30:00,3.6440382639436426,26.962631554134884
2019-12-29 13:00:00,3.624653749583217,28.671755312913813
2019-12-29 13:30:00,3.4715106209267264,28.479841165020538
2019-12-29 14:00:00,3.4859934358360256,27.838722723441613
2019-12-29 14:30:00,3.54810623916868,29.164401552332084
2019-12-29 15:00:00,3.55935583562374,27.549266988892295
2019-12-29 15:30:00,3.811530201628754,27.863816661012958
2019-12-29 16:00:00,4.092540017431781,27.069380106575075
2019-12-29 16:30:00,4.208980628888238,27.618660296226803
2019-12-29 17:00:00,4.485336475525888,27.778595991923254
2019-12-29 17:30:00,4.321356126341931,27.955274485759475
2019-12-29 18:00:00,4.625948833131619,26.561604779908922
2019-12-29 18:30:00,4.6687505462224825,26.357148120430036
2019-12-29 19:00:00,4.407748062572668,27.02400833020736
2019-12-29 19:30:00,4.195112978260568,25.32020360678584
2019-12-29 20:00:00,4.425709420017052,25.940921948635676
2019-12-29 20:30:00,4.087914766501479,25.096378997591117
2019-12-29 21:00:00,3.7034787055174236,23.6629905788733
2019-12-29 21:30:00,3.6612140848685764,23.402484441402695
2019-12-29 22:00:00,3.603356307250274,22.99841988594052
2019-12-29 22:30:00,3.543977505010297,22.499719499222785
2019-12-29 23:00:00,3.3504519106910133,22.229165016667864
2019-12-29 23:30:00,3.3978497035151225,21.012279720711614
2019-12-30 00:00:00,3.6711521295394878,21.308645317164043
2019-12-30 00:30:00,3.5299783083294445,20.979360015303087
2019-12-30 01:00:00,3.6557013994110314,20.65112054378221
2019-12-30 01:30:00,3.7517297734282553,20.169965436616586
2019-12-30 02:00:00,3.5411577310381626,20.064183265826646
2019-12-30 02:30:00,3.8176392958304506,19.62231201525014
2019-12-30 03:00:00,3.6272613822744137,18.921736763926653
2019-12-30 03:30:00,3.548738880338561,20.068318860179303
2019-12-30 04:00:00,3.784018081052418,20.92359057002879
2019-12-30 04:30:00,4.000535679747663,20.440770106102445
2019-12-30 05:00:00,4.1943491838722435,20.723354363991078
2019-12-30 05:30:00,4.255614347931376,20.689713709013375
2019-12-30 06:00:00,4.803107875527763,21.27067629340661
2019-12-30 06:30:00,4.680152870904585,22.36426724630069
2019-12-30 07:00:00,4.945970699729621,22.301025083741035
2019-12-30 07:30:00,5.151917430083598,22.742900457388725
2019-12-30 08:00:00,5.0538846370670765,23.885675131878155
2019-12-30 08:30:00,4.5948763851930865,24.29314348395502
2019-12-30 09:00:00,4.838537603154788,24.736187078069598
2019-12-30 09:30:00,4.2397642607518335,25.289786970145716
2019-12-30 10:00:00,4.26359131599435,26.220477381387578
2019-12-30 10:30:00,3.8531976964658017,26.35043862549158
2019-12-30 11:00:00,3.7414470139909857,27.616071033314615
2019-12-30 11:30:00,3.6850817439782917,28.36145597372596
2019-12-30 12:00:00,3.871111377414216,28.614753946081088
2019-12-30 12:30:00,3.6722805731781523,28.857770788286018
2019-12-30 13:00:00,3.768099629434029,29.746929854519664
2019-12-30 13:30:00,4.017788152491055,29.323314360465158
2019-12-30 14:00:00,3.920094644338583,28.919744115410566
2019-12-30 14:30:00,3.98449489747888,30.311906488460174
2019-12-30 15:00:00,3.8051771334817124,29.876245578718184
2019-12-30 15:30:00,3.7870849554280137,30.528724178438083
2019-12-30 16:00:00,4.235135351386221,29.963470871838258
2019-12-30 16:30:00,4.3285645666232675,30.097945756104245
2019-12-30 17:00:00,4.410687249048284,30.630838332344602
2019-12-30 17:30:00,4.920046971944859,29.5348362297454
2019-12-30 18:00:00,4.947879345766129,29.74887048310194
2019-12-30 18:30:00,4.93742604813599,29.28332525105518
2019-12-30 19:00:00,4.893306678390273,28.775633045302992
2019-12-30 19:30:00,4.518616881566538,27.22038676989664
2019-12-30 20:00:00,4.755770971433379,26.718103723256412
2019-12-30 20:30:00,4.435561698411316,27.30983239567038
2019-12-30 21:00:00,4.134607785722911,25.934433781954606
2019-12-30 21:30:00,3.9082770826834996,25.11935348175138
2019-12-30 22:00:00,3.67976995192361,25.32655644908997
2019-12-30 22:30:00,3.6307961930428414,23.465802243636453
2019-12-30 23:00:00,3.742534423732147,25.047984299453077
2019-12-30 23:30:00,3.6586093028176925,23.425073404429675
2019-12-31 00:00:00,3.6038513791371636,22.989891458313064
2019-12-31 00:30:00,3.7740807141651804,23.02966599921483
2019-12-31 01:00:00,3.544087825141132,23.21020908619448
2019-12-31 01:30:00,3.4239444649329904,21.422352690037506
2019-12-31 02:00:00,3.684869447644784,22.702910962136208
2019-12-31 02:30:00,3.9079530278101062,21.13565729628614
2019-12-31 03:00:00,3.7661069572571546,21.651968409266548
2019-12-31 03:30:00,3.6502628563036805,20.31610542216975
2019-12-31 04:00:00,3.986426463064819,21.400593100322663
2019-12-31 04:30:00,4.009671945256124,20.891002847909558
2019-12-31 05:00:00,4.176618157612352,21.12287424459446
2019-12-31 05:30:00,4.549824263941482,21.26732361974153
2019-12-31 06:00:00,5.048578936510604,21.561727013660107
2019-12-31 06:30:00,4.8213623984597875,21.63147410942731
2019-12-31 07:00:00,5.252895298882556,21.22019093604759
2019-12-31 07:30:00,5.194832018810806,22.243668088343657
2019-12-31 08:00:00,5.117067086421088,22.846554719974485
2019-12-31 08:30:00,4.463884603639759,22.84598434712196
2019-12-31 09:00:00,4.529796261987805,24.62885931293462
2019-12-31 09:30:00,4.25632180078208,24.31365814698576
2019-12-31 10:00:00,4.211547762314891,24.943169950727945
2019-12-31 10:30:00,3.8041980060500458,24.982289819949077
2019-12-31 11:00:00,3.855100990089132,26.167462454728142
2019-12-31 11:30:00,3.8765463711440074,26.13518120030033
2019-12-31 12:00:00,3.63772975967676,27.304838539260672
2019-12-31 12:30:00,3.7571458066360117,27.62800995772983
2019-12-31 13:00:00,3.6878380567858207,28.553136713264546
2019-12-31 13:30:00,3.547848948225711,28.521076907515003
2019-12-31 14:00:00,3.750415041353826,27.739774908999237
2019-12-31 14:30:00,3.9263826433752023,29.00985883907344
2019-12-31 15:00:00,3.9699462301234307,29.023105074950486
2019-12-31 15:30:00,3.994372228252473,28.675082773290164
2019-12-31 16:00:00,4.195440412909477,29.470516096810496
2019-12-31 16:30:00,4.6238970388423475,29.837633367409314
2019-12-31 17:00:00,4.693902873729083,29.647641609104266
2019-12-31 17:30:00,4.5800967510590125,27.79396104354602
2019-12-31 18:00:00,4.977378171216252,28.607782556456478
2019-12-31 18:30:00,4.89908513220146,28.087948851032834
2019-12-31 19:00:00,4.88756939858388,27.666879010330135
2019-12-31 19:30:00,4.431316633318251,28.382928745982422
2019-12-31 20:00:00,4.743878142129313,26.563618994930525
2019-12-31 20:30:00,4.614978343991624,26.422700169135236
2019-12-31 21:00:00,4.397929025319646,24.9768449321757
2019-12-31 21:30:00,4.174405229399173,23.689216829478053
2019-12-31 22:00:00,3.9686555227360603,23.81267824623465
2019-12-31 22:30:00,3.7694521100254996,22.270381738125224
2019-12-31 23:00:00,3.839337235230373,22.221285802830167
2019-12-31 23:30:00,3.654629708729356,22.41836344693514
2020-01-01 00:00:00,3.848948838329651,21.259162822769774
2020-01-01 00:30:00,3.779253467204325,21.403588842255616
2020-01-01 01:00:00,3.7945939532202813,20.904363113184687
2020-01-01 01:30:00,3.9628761332793134,20.11283321586032
2020-01-01 02:00:00,3.755393862643293,18.554276822234076
2020-01-01 02:30:00,3.964078516129118,18.590915296746875
2020-01-01 03:00:00,4.0436314924982035,18.85005981485903
2020-01-01 03:30:00,4.194392200708651,18.251159792592883
2020-01-01 04:00:00,3.9503737140555675,19.57748900039379
2020-01-01 04:30:00,4.304057549594858,19.239810277396266
2020-01-01 05:00:00,4.4223445576915195,18.450392638872987
2020-01-01 05:30:00,4.450676215656042,19.63555110876172
2020-01-01 06:00:00,4.784183798642907,20.480765045956996
2020-01-01 06:30:00,5.362502505451818,21.0464744073386
2020-01-01 07:00:00,5.265787682849656,19.76885110252224
2020-01-01 07:30:00,5.58008091024577,20.510085851765165
2020-01-01 08:00:00,5.2287911371877325,20.921029946464834
2020-01-01 08:30:00,5.070536846953115,22.67069668871865
2020-01-01 09:00:00,4.894475358830475,22.7413604611097
2020-01-01 09:30:00,4.31476567817258,23.65024085162921
2020-01-01 10:00:00,4.702968778147123,24.045597688633727
2020-01-01 10:30:00,4.386834016145631,24.349588205944634
2020-01-01 11:00:00,4.144357638291373,25.946722957571147
2020-01-01 11:30:00,4.222206344496986,26.801907567988575
2020-01-01 12:00:00,4.036366856635769,25.708133308853384
2020-01-01 12:30:00,4.0963216372914895,27.4526716772146
2020-01-01 13:00:00,4.067309913777508,27.91453398852484
2020-01-01 13:30:00,3.947339700468248,28.818863087672145
2020-01-01 14:00:00,3.754578057734867,27.95964328224504
2020-01-01 14:30:00,4.062057138382114,28.71157564371973
2020-01-01 15:00:00,4.481809229937956,29.855009603338353
2020-01-01 15:30:00,4.630356371648483,28.758087134231204
2020-01-01 16:00:00,4.635292283061614,28.37797975003971
2020-01-01 16:30:00,4.679788153637636,29.393387398214045
2020-01-01 17:00:00,4.857200859935763,28.82249238863902
2020-01-01 17:30:00,5.207417180761921,29.211683865279507
2020-01-01 18:00:00,5.341564177882825,27.19838153822467
2020-01-01 18:30:00,5.3313527196407415,27.72523571795457
2020-01-01 19:00:00,4.950026652404822,26.51729144741419
2020-01-01 19:30:00,4.6271323332259335,26.935375274336625
2020-01-01 20:00:00,4.987096901705371,25.957776585813374
2020-01-01 20:30:00,4.645874464409966,26.06364383240267
2020-01-01 21:00:00,4.841095287143985,24.528792079422626
2020-01-01 21:30:00,4.419488382398937,25.054574795880107
2020-01-01 22:00:00,4.235369315827693,24.0552948368109
2020-01-01 22:30:00,4.099429938739889,23.71569391812582
2020-01-01 23:00:00,4.122710850011947,22.32830755003694
2020-01-01 23:30:00,3.801221810280933,22.119303191249955
2020-01-02 00:00:00,3.6850373898417295,21.341846986351214
2020-01-02 00:30:00,3.9060644008462364,21.09503420937654
2020-01-02 01:00:00,3.743708304105092,19.546286626554103
2020-01-02 01:30:00,3.882246270381456,20.057836291925152
2020-01-02 02:00:00,3.7292393997410294,19.306148024669767
2020-01-02 02:30:00,3.942700008448084,19.435191823863207
2020-01-02 03:00:00,4.018848789679861,18.477478149581206
2020-01-02 03:30:00,3.929903850886936,18.040021486174393
2020-01-02 04:00:00,3.96324575746758,19.015673642045336
2020-01-02 04:30:00,4.091750409500748,19.336963474455608
2020-01-02 05:00:00,4.369659798116763,19.21514838937012
2020-01-02 05:30:00,4.875365015673011,19.110950206125338
2020-01-02 06:00:00,5.032392471236158,19.798666561549428
2020-01-02 06:30:00,4.903263821985473,20.52828854581725
2020-01-02 07:00:00,5.098321943284652,21.667210204643574
2020-01-02 07:30:00,5.379080770222583,21.134959584139363
2020-01-02 08:00:00,5.03557364295963,21.44133499422503
2020-01-02 08:30:00,5.062497776628311,22.655184304859706
2020-01-02 09:00:00,5.0055168443627185,24.089300499949285
2020-01-02 09:30:00,4.733071582001359,22.910690201431372
2020-01-02 10:00:00,4.20056244375506,23.177365751545675
2020-01-02 10:30:00,4.305125787500098,24.37998766115685
2020-01-02 11:00:00,4.07636624993052,24.118862336722096
2020-01-02 11:30:00,3.962856623318513,24.844135813266867
2020-01-02 12:00:00,3.8594064750713994,25.934898563065584
2020-01-02 12:30:00,4.008281553034906,26.012161386678965
2020-01-02 13:00:00,3.8630363681771955,26.64562221742219
2020-01-02 13:30:00,3.9892943532735745,26.549620515071798
2020-01-02 14:00:00,3.9335462465863884,26.89545967282017
2020-01-02 14:30:00,4.409030259648842,27.11944904182338
2020-01-02 15:00:00,4.086414097577242,26.83304365145506
2020-01-02 15:30:00,4.275793487974782,26.594148253079826
2020-01-02 16:00:00,4.213618583052686,27.457829172621764
2020-01-02 16:30:00,4.644612039596356,25.658397255333597
2020-01-02 17:00:00,4.865776325678001,26.111085441116643
2020-01-02 17:30:00,5.175810750398223,26.533018098978953
2020-01-02 18:00:00,4.869180642329595,25.585141819916245
2020-01-02 18:30:00,4.732437150457135,24.573866350411972
2020-01-02 19:00:00,5.130804742448501,24.781415459012056
2020-01-02 19:30:00,4.9823493533983205,24.674566463816813
2020-01-02 20:00:00,4.8136467281989646,24.40506345469205
2020-01-02 20:30:00,4.630882419500479,23.43908437744201
2020-01-02 21:00:00,4.584248899312909,22.92634743203408
2020-01-02 21:30:00,4.41796236046321,22.429510320458586
2020-01-02 22:00:00,4.172087919986172,21.748930421799614
2020-01-02 22:30:00,4.102539992669811,19.71221990499863
2020-01-02 23:00:00,3.916857231233074,19.77875923254205
2020-01-02 23:30:00,3.7544373664971884,19.250325025520905
2020-01-03 00:00:00,4.645482734903507,18.484075491854462
2020-01-03 00:30:00,4.9365644888018645,19.36473788545405
2020-01-03 01:00:00,4.681732993382417,18.415850744644622
2020-01-03 01:30:00,4.781353078456269,17.85933953006719
2020-01-03 02:00:00,4.666753404716163,16.55067590358883
2020-01-03 02:30:00,4.476617014604561,17.929954462290304
2020-01-03 03:00:00,5.057521819825241,17.464260891484397
2020-01-03 03:30:00,4.902606217546058,18.017542334146377
2020-01-03 04:00:00,5.003398072540983,17.791193787586412
2020-01-03 04:30:00,4.7776686472867285,17.800017363020427
2020-01-03 05:00:00,4.900314955338557,18.633152012802917
2020-01-03 05:30:00,6.110712876475581,18.792138435744587
2020-01-03 06:00:00,6.021399340473277,18.324978043724542
2020-01-03 06:30:00,6.683873958259822,18.365844953094438
2020-01-03 07:00:00,6.66380064962375,18.812420083425042
2020-01-03 07:30:00,6.778560459821017,20.631744710824343
2020-01-03 08:00:00,6.827311623118729,21.517487221978108
2020-01-03 08:30:00,6.1025950235788455,20.47082246145157
2020-01-03 09:00:00,6.157758980457825,21.549325580376856
2020-01-03 09:30:00,5.937481953882379,22.14790773811237
2020-01-03 10:00:00,5.671660545844854,23.470219889724913
2020-01-03 10:30:00,4.876134662851132,22.884653384591598
2020-01-03 11:00:00,5.115045269239305,23.5389798106703
2020-01-03 11:30:00,4.729716207228166,25.34214701127904
2020-01-03 12:00:00,4.878272927780457,25.667693737816112
2020-01-03 12:30:00,4.817639507612073,26.731302996649948
2020-01-03 13:00:00,4.7676019207739095,26.50619660757104
2020-01-03 13:30:00,5.1455567274321545,26.648298352849476
2020-01-03 14:00:00,4.8580077017839,26.380292132775956
2020-01-03 14:30:00,4.6034459651957,27.133570250682595
2020-01-03 15:00:00,4.9549389932102965,27.482167213766193
2020-01-03 15:30:00,5.335973736538863,26.141215885872633
2020-01-03 16:00:00,5.68643845588426,28.2573487959646
2020-01-03 16:30:00,5.802358642844566,28.197990150125836
2020-01-03 17:00:00,6.307670938321026,27.642361015030826
2020-01-03 17:30:00,5.836872523509237,27.22629324903051
2020-01-03 18:00:00,6.301478869243005,27.898842485121666
2020-01-03 18:30:00,6.085471757959447,27.36554055240968
2020-01-03 19:00:00,6.388215304906577,25.95865478425793
2020-01-03 19:30:00,6.112183933740926,25.908564607068865
2020-01-03 20:00:00,6.01932564782345,25.083646568597125
2020-01-03 20:30:00,5.784946658323774,24.943328810670856
2020-01-03 21:00:00,5.226195760831815,23.241175708122228
2020-01-03 21:30:00,5.221646340454062,22.340730515801173
2020-01-03 22:00:00,5.376692804859099,22.143552907266603
2020-01-03 22:30:00,4.9807990872403325,20.937585438756017
2020-01-03 23:00:00,4.880390816745167,21.20647352287644
2020-01-03 23:30:00,4.671327582990731,19.573942590409995
2020-01-04 00:00:00,4.465399052660988,19.34072196611117
2020-01-04 00:30:00,4.416233313038642,19.643348819938584
2020-01-04 01:00:00,4.661588456193292,19.21742073687285
2020-01-04 01:30:00,4.146948843985105,18.448946536134176
2020-01-04 02:00:00,4.29156300189531,18.442647043728243
2020-01-04 02:30:00,4.316244267670874,19.2862585583009
2020-01-04 03:00:00,4.975979419576852,19.228703683980743
2020-01-04 03:30:00,4.3267804930594655,18.108542696741992
2020-01-04 04:00:00,4.484251996167804,17.840113987620956
2020-01-04 04:30:00,4.7119746733921435,18.548670030936286
2020-01-04 05:00:00,4.807511717449575,19.22813326218674
2020-01-04 05:30:00,5.802869008610875,19.18415419625601
2020-01-04 06:00:00,5.683525736970638,18.96042214567184
2020-01-04 06:30:00,5.813905199073086,20.204668927494644
2020-01-04 07:00:00,5.989787680339205,19.95138595853102
2020-01-04 07:30:00,5.9983045740433445,20.721539852146513
2020-01-04 08:00:00,6.093017251881682,21.0372345081129
2020-01-04 08:30:00,5.295331614046768,21.8028740231135
2020-01-04 09:00:00,5.631816892456828,21.320269383688736
2020-01-04 09:30:00,5.230064055731128,21.39342777139903
2020-01-04 10:00:00,5.108790179665975,24.44608404892539
2020-01-04 10:30:00,4.802556507552598,24.171276042256842
2020-01-04 11:00:00,4.512907315619816,25.12297785726808
2020-01-04 11:30:00,4.720440005147663,25.136518964182084
2020-01-04 12:00:00,4.247857694207847,26.06950765821821
2020-01-04 12:30:00,4.429968374122024,26.623400026962848
2020-01-04 13:00:00,4.553053862612879,28.016629272437623
2020-01-04 13:30:00,4.245049218539789,26.83907528177249
2020-01-04 14:00:00,4.284978405327516,28.432757511157764
2020-01-04 14:30:00,4.783084132925712,27.968715453471656
2020-01-04 15:00:00,5.010344717831692,28.058647623352993
2020-01-04 15:30:00,5.02870590349107,27.693683977407368
2020-01-04 16:00:00,5.241570975248342,29.89747241534786
2020-01-04 16:30:00,5.039111257808396,29.30783571517947
2020-01-04 17:00:00,5.573691320351398,29.566212741922165
2020-01-04 17:30:00,5.65404508264829,27.987156641081285
2020-01-04 18:00:00,5.438801013196997,28.033470372260602
2020-01-04 18:30:00,5.527690331394022,28.351974788602362
2020-01-04 19:00:00,5.639272200215053,26.86036261967226
2020-01-04 19:30:00,5.983540195847933,27.633918367540225
2020-01-04 20:00:00,5.284150622967606,26.990052123978078
2020-01-04 20:30:00,5.371479884554189,25.988863135996297
2020-01-04 21:00:00,4.907082927660129,25.31068025706187
2020-01-04 21:30:00,5.001137010816363,24.911248780176926
2020-01-04 22:00:00,4.542441548903339,24.127802210038737
2020-01-04 22:30:00,4.452223942034424,23.968402201616268
2020-01-04 23:00:00,4.499278397193519,22.565917745051607
2020-01-04 23:30:00,4.5491106636682845,22.159237080297657
2020-01-05 00:00:00,4.327217976742985,22.8270897175055
2020-01-05 00:30:00,4.440652401221298,22.50838208265883
2020-01-05 01:00:00,4.324452653927463,22.09946957264779
2020-01-05 01:30:00,4.4009940952374,21.353451689660876
2020-01-05 02:00:00,4.376141776084785,20.24186182319385
2020-01-05 02:30:00,4.2709776208135395,20.184397776830288
2020-01-05 03:00:00,4.411268185775258,20.238691121793654
2020-01-05 03:30:00,4.666255362639097,20.71093716067399
2020-01-05 04:00:00,4.451337134960749,20.55873960265073
2020-01-05 04:30:00,4.865804547262035,21.019480470934294
2020-01-05 05:00:00,5.41233488516273,20.839875287373836
2020-01-05 05:30:00,5.541723538394827,21.58678482953654
2020-01-05 06:00:00,5.644031972673306,21.705365134006037
2020-01-05 06:30:00,5.770216160896169,22.297439440628526
2020-01-05 07:00:00,5.974666326199961,21.494461681739267
2020-01-05 07:30:00,6.108088977190488,22.47190487716097
2020-01-05 08:00:00,6.090757242231638,21.845880688305325
2020-01-05 08:30:00,5.985578521786247,23.273912987853492
2020-01-05 09:00:00,5.650803270824953,23.81409466494691
2020-01-05 09:30:00,5.380479974068793,24.28457289785716
2020-01-05 10:00:00,5.3101897085690615,24.95554835854712
2020-01-05 10:30:00,5.068224525614507,24.819949747624065
2020-01-05 11:00:00,4.390736965435376,25.683371321810075
2020-01-05 11:30:00,4.379980467236527,26.05434699880505
2020-01-05 12:00:00,4.334462265810278,26.570484949787513
2020-01-05 12:30:00,4.515268350796687,27.207837395042965
2020-01-05 13:00:00,4.169188619626995,27.88550361423499
2020-01-05 13:30:00,4.310018765930879,28.57071823054391
2020-01-05 14:00:00,4.742606596310404,28.22607767105971
2020-01-05 14:30:00,4.558857647678847,27.961095536074637
2020-01-05 15:00:00,4.952026207590526,28.621227581689702
2020-01-05 15:30:00,4.975526266792116,27.68882839489565
2020-01-05 16:00:00,5.054985914635785,27.660610701942126
2020-01-05 16:30:00,5.293120203285068,28.385902859096444
2020-01-05 17:00:00,5.977238036919285,26.93471604465699
2020-01-05 17:30:00,5.761816506214897,27.29526083025233
2020-01-05 18:00:00,5.9518598314044375,26.861409398474496
2020-01-05 18:30:00,6.0138146198588895,25.921869302153674
2020-01-05 19:00:00,5.861453662085841,25.277549625541358
2020-01-05 19:30:00,5.782366449738451,24.50194813913201
2020-01-05 20:00:00,5.877642744537907,24.922459996470696
2020-01-05 20:30:00,5.2983204578036975,24.25367331101451
2020-01-05 21:00:00,5.102712359822157,22.480806781848717
2020-01-05 21:30:00,5.09666545389053,23.35715489695264
2020-01-05 22:00:00,5.090748869297706,21.80773481850402
2020-01-05 22:30:00,4.6460051126751,22.225769416279892
2020-01-05 23:00:00,4.537487841826123,20.598720018692624
2020-01-05 23:30:00,4.6072825339409045,21.4813349963206
2020-01-06 00:00:00,5.0804803431749885,19.177605218731582
2020-01-06 00:30:00,4.953679423844548,19.159526114411936
2020-01-06 01:00:00,5.17215445310023,18.40495090495105
2020-01-06 01:30:00,4.988657442332214,19.031851796463105
2020-01-06 02:00:00,5.063822556908954,19.345014196993645
2020-01-06 02:30:00,4.969492719305774,18.10441301498795
2020-01-06 03:00:00,4.866216051351514,17.5364062408315
2020-01-06 03:30:00,4.914282094921928,18.210742872066668
2020-01-06 04:00:00,5.031455965022516,18.13782979644913
2020-01-06 04:30:00,5.423905273247033,17.595228678375108
2020-01-06 05:00:00,5.961703028404848,19.2430433569779
2020-01-06 05:30:00,5.969358838494813,18.773358605216853
2020-01-06 06:00:00,6.249761834877415,19.87684218792239
2020-01-06 06:30:00,6.567836409603687,21.02054708070547
2020-01-06 07:00:00,7.172205060479183,20.509244205570738
2020-01-06 07:30:00,6.722481887101196,21.35621987299602
2020-01-06 08:00:00,6.970950981419334,22.594712002139833
2020-01-06 08:30:00,6.388784938677852,21.816926883881894
2020-01-06 09:00:00,6.591343738950156,23.304409976580263
2020-01-06 09:30:00,5.972504167358157,23.837149733007013
2020-01-06 10:00:00,5.893669124683722,24.4066103953475
2020-01-06 10:30:00,5.305565403088194,26.152319985262295
2020-01-06 11:00:00,5.509331021894624,26.728250154041582
2020-01-06 11:30:00,5.164953238394019,27.1842893760784
2020-01-06 12:00:00,4.9543137778333834,27.272042316634412
2020-01-06 12:30:00,5.314861812009178,27.369390805575737
2020-01-06 13:00:00,5.4950021367099895,27.80074118870965
2020-01-06 13:30:00,4.808326144152377,27.69788833463059
2020-01-06 14:00:00,5.368480473854905,29.14207184637708
2020-01-06 14:30:00,5.028599014982777,29.04080842463584
2020-01-06 15:00:00,5.167361619273482,27.73688365800134
2020-01-06 15:30:00,5.761791565474723,29.146591401444436
2020-01-06 16:00:00,5.800743974203088,28.793519313824564
2020-01-06 16:30:00,5.6878388013354515,28.805904901255452
2020-01-06 17:00:00,6.201412868397581,29.225851090897628
2020-01-06 17:30:00,6.592655961508647,28.997140893108007
2020-01-06 18:00:00,6.252858976516972,28.297732272244037
2020-01-06 18:30:00,6.70704272609924,26.7707451474983
2020-01-06 19:00:00,6.56728904367505,26.180302507936496
2020-01-06 19:30:00,6.195415585345839,25.841615584220058
2020-01-06 20:00:00,6.292124156369796,26.46657106410135
2020-01-06 20:30:00,6.001176096568885,25.396354530278103
2020-01-06 21:00:00,6.013344697350821,24.225869812447957
2020-01-06 21:30:00,5.223373054873008,24.028073329550956
2020-01-06 22:00:00,5.612923708873735,23.138433021515706
2020-01-06 22:30:00,5.032839252432607,23.587308641847606
2020-01-06 23:00:00,4.874310210771623,23.38140866767232
2020-01-06 23:30:00,4.959877253993388,23.398102102659564
2020-01-07 00:00:00,5.151790090314662,21.295931629301947
2020-01-07 00:30:00,5.082589877530141,21.496582795336156
2020-01-07 01:00:00,5.237126750908859,23.050034631723104
2020-01-07 01:30:00,5.294776068290623,22.13376715696548
2020-01-07 02:00:00,4.773560251336078,21.132140949596206
2020-01-07 02:30:00,5.23396477533108,21.32481076246744
2020-01-07 03:00:00,5.122451327262929,19.83116602665742
2020-01-07 03:30:00,5.079278760901649,19.783408560738913
2020-01-07 04:00:00,5.549608448907045,20.67388386847555
2020-01-07 04:30:00,5.873695455462565,20.582592421421115
2020-01-07 05:00:00,5.907100422668751,20.74429829994407
2020-01-07 05:30:00,6.299093783763783,20.7093730892926
2020-01-07 06:00:00,6.265459358996393,21.97277083922467
2020-01-07 06:30:00,6.666738926289248,22.59312894482425
2020-01-07 07:00:00,6.969454548829886,23.32341407980963
2020-01-07 07:30:00,7.245072689160366,23.333393354090514
2020-01-07 08:00:00,6.878720281996213,23.092602083901994
2020-01-07 08:30:00,6.6505169821917836,24.44268782531343
2020-01-07 09:00:00,7.063653616843021,24.808078729620327
2020-01-07 09:30:00,6.279004919049891,24.571121570588165
2020-01-07 10:00:00,5.941747542517416,26.830776057867585
2020-01-07 10:30:00,5.684994956951005,26.5348115155785
2020-01-07 11:00:00,5.490687685920891,27.22315834000522
2020-01-07 11:30:00,5.148760864449259,27.150724289603485
2020-01-07 12:00:00,5.146812512887564,26.325281345457192
2020-01-07 12:30:00,5.2621136462011115,27.16523888173375
2020-01-07 13:00:00,5.019281607107409,28.222532098006056
2020-01-07 13:30:00,5.144372016951162,29.15769718654822
2020-01-07 14:00:00,5.317603568376202,28.679615114620756
2020-01-07 14:30:00,5.705830472135973,28.841825385451415
2020-01-07 15:00:00,5.969807553448404,30.066402121774694
2020-01-07 15:30:00,5.738980338252887,30.200238973940124
2020-01-07 16:00:00,6.198940049875121,29.22566762568736
2020-01-07 16:30:00,6.438758540620576,28.767776779591838
2020-01-07 17:00:00,6.683392273539529,28.950390009232517
2020-01-07 17:30:00,6.534038683932059,28.925295681595593
2020-01-07 18:00:00,7.264991492332818,28.547834991157078
2020-01-07 18:30:00,6.85067272707763,28.680600350057613
2020-01-07 19:00:00,7.100656867666098,27.795226746171416
2020-01-07 19:30:00,6.511138918770414,26.93056991559438
2020-01-07 20:00:00,6.654650831492425,26.469979034764734
2020-01-07 20:30:00,6.56409963420369,26.41712461960143
2020-01-07 21:00:00,5.772130606072485,25.812290267043494
2020-01-07 21:30:00,5.602397953234891,24.89718829191201
2020-01-07 22:00:00,5.654799733997495,24.59645803864698
2020-01-07 22:30:00,5.362026054846748,24.285601458603644
2020-01-07 23:00:00,5.387696098767282,23.161960624404237
2020-01-07 23:30:00,5.3506951516940795,22.95191079240118
2020-01-08 00:00:00,5.137154273734794,22.179074791422416
2020-01-08 00:30:00,4.850573970806694,21.83099863223091
2020-01-08 01:00:00,4.655981052567584,21.44430850841075
2020-01-08 01:30:00,5.065674534851069,22.245795366086153
2020-01-08 02:00:00,4.8357262645209715,20.64370304926523
2020-01-08 02:30:00,4.585021526949414,21.657543237218203
2020-01-08 03:00:00,5.120237728421329,21.028402357802065
2020-01-08 03:30:00,5.065028065056161,20.838353248002182
2020-01-08 04:00:00,5.447446910393589,19.556043252867774
2020-01-08 04:30:00,5.3544678056137025,21.778854240865748
2020-01-08 05:00:00,5.270395552690833,21.757974364684568
2020-01-08 05:30:00,6.173066091877674,22.246278433963298
2020-01-08 06:00:00,6.322152015412146,22.183127993792997
2020-01-08 06:30:00,6.615252096652953,22.771519609375495
2020-01-08 07:00:00,7.1150572937098895,23.335651668481464
2020-01-08 07:30:00,6.354572449465877,23.898144163642925
2020-01-08 08:00:00,6.676497560917842,24.87333533135905
2020-01-08 08:30:00,6.336099140837542,26.51151095463862
2020-01-08 09:00:00,5.969659140500734,26.95637390668049
2020-01-08 09:30:00,5.845322143435519,26.677952455713775
2020-01-08 10:00:00,5.541922779976057,27.140874571718808
2020-01-08 10:30:00,5.629065810337876,28.656134886305356
2020-01-08 11:00:00,5.030518498304251,29.212658706132707
2020-01-08 11:30:00,5.295000078111823,29.25223709334968
2020-01-08 12:00:00,5.309455231498648,30.503368139363335
2020-01-08 12:30:00,5.090731076740362,29.47581258193156
2020-01-08 13:00:00,4.88032128315593,30.749808408501373
2020-01-08 13:30:00,4.96619057201107,29.75044889189615
2020-01-08 14:00:00,4.833288696260397,31.136187750125117
2020-01-08 14:30:00,5.3321286425478585,30.886921788797007
2020-01-08 15:00:00,5.204297737042627,31.24986889671624
2020-01-08 15:30:00,5.8133659728270315,30.44071687346948
2020-01-08 16:00:00,5.53349782779026,30.203945478551493
2020-01-08 16:30:00,5.9844178741237535,30.56466467793277
2020-01-08 17:00:00,6.401703076095104,29.98497733570449
2020-01-08 17:30:00,6.238395997813098,28.91290113952958
2020-01-08 18:00:00,6.203065892212365,28.794354668535423
2020-01-08 18:30:00,6.5602704466331145,29.235430600078406
2020-01-08 19:00:00,6.241373364848861,28.97702759365488
2020-01-08 19:30:00,6.034791050437568,28.252493114100538
2020-01-08 20:00:00,6.243102163137102,27.86715862020331
2020-01-08 20:30:00,5.900714522803375,27.900760748205222
2020-01-08 21:00:00,5.819266544229633,27.150464895462218
2020-01-08 21:30:00,5.7007082450303255,25.953263111052596
2020-01-08 22:00:00,5.479703279128134,26.327661051596174
2020-01-08 22:30:00,5.132800171115302,25.394850556701034
2020-01-08 23:00:00,5.155715778193262,24.68445916381485
2020-01-08 23:30:00,5.057971521472419,23.992864881305753
2020-01-09 00:00:00,4.6509513695165845,23.758155071758384
2020-01-09 00:30:00,4.476891830332026,22.876393499630314
2020-01-09 01:00:00,4.648216619278266,22.361241401446193
2020-01-09 01:30:00,4.506559271081174,22.84652730667953
2020-01-09 02:00:00,4.798096774104417,22.175107493995903
2020-01-09 02:30:00,5.011082352068734,22.26311307050099
2020-01-09 03:00:00,4.666710254326297,22.153462321807464
2020-01-09 03:30:00,4.417409730316638,22.227783394566867
2020-01-09 04:00:00,4.620429193475568,21.928729269371612
2020-01-09 04:30:00,4.7555357182617595,22.94520373057059
2020-01-09 05:00:00,5.34312393643944,23.03557822971504
2020-01-09 05:30:00,5.391377683344845,22.73260789107459
2020-01-09 06:00:00,5.471044689797179,22.393586041178967
2020-01-09 06:30:00,6.364291685858306,23.786939550326046
2020-01-09 07:00:00,6.318232092729297,23.17915770638956
2020-01-09 07:30:00,6.074952802859709,23.569349965282107
2020-01-09 08:00:00,5.95369129030686,24.024468875318565
2020-01-09 08:30:00,6.156336570064687,24.865146314038437
2020-01-09 09:00:00,5.874442797563242,26.621619664721898
2020-01-09 09:30:00,5.782999791074458,26.337395400921256
2020-01-09 10:00:00,5.1593706600420095,27.019823541781
2020-01-09 10:30:00,4.9829197835140295,27.06794969441976
2020-01-09 11:00:00,4.621197965064085,28.43021358135465
2020-01-09 11:30:00,4.858107761276266,28.45593408419005
2020-01-09 12:00:00,4.58592459910848,29.587834325347117
2020-01-09 12:30:00,4.62415020266926,30.193938248486823
2020-01-09 13:00:00,4.908420032198554,30.49343510186311
2020-01-09 13:30:00,4.330552398873288,29.751196540437952
2020-01-09 14:00:00,4.830394466063493,31.156702742615373
2020-01-09 14:30:00,4.9125914865746445,31.1658078801035
2020-01-09 15:00:00,5.280382934847889,30.63130601077571
2020-01-09 15:30:00,5.022896957922209,31.806399330799117
2020-01-09 16:00:00,5.1957697339387865,31.424593971685482
2020-01-09 16:30:00,5.486046567978078,31.721429917522368
2020-01-09 17:00:00,5.276797177582656,31.246988002025212
2020-01-09 17:30:00,5.461481609816951,30.53091655289475
2020-01-09 18:00:00,6.031608182572712,30.432951969516445
2020-01-09 18:30:00,5.433875939354052,29.937401422539036
2020-01-09 19:00:00,6.11327089284042,30.179809113681248
2020-01-09 19:30:00,5.773687319563274,29.18266770777954
2020-01-09 20:00:00,5.36427959981775,29.44677634173017
2020-01-09 20:30:00,5.311836406749863,28.273591536811647
2020-01-09 21:00:00,5.098589900494332,28.144049359766854
2020-01-09 21:30:00,5.120997031524795,27.90497626556292
2020-01-09 22:00:00,4.835263432820364,26.344809244934254
2020-01-09 22:30:00,4.767320816261491,26.410724990129484
2020-01-09 23:00:00,4.811251326906762,25.401748110041737
2020-01-09 23:30:00,4.73128019460431,25.758881529871406
2020-01-10 00:00:00,4.817386087936131,25.268899668203716
2020-01-10 00:30:00,4.621022118243392,26.21974899957736
2020-01-10 01:00:00,4.685649071349264,26.4787728082356
2020-01-10 01:30:00,4.785593941886139,25.835641105014343
2020-01-10 02:00:00,4.761528568345043,24.756561255135946
2020-01-10 02:30:00,4.76120432612138,24.52162724797225
2020-01-10 03:00:00,5.001513664762394,24.96466090606108
2020-01-10 03:30:00,5.265742875902352,24.823499926699355
2020-01-10 04:00:00,4.688861155393069,23.95632680915051
2020-01-10 04:30:00,5.28199253624438,24.26868150644912
2020-01-10 05:00:00,5.513666657754427,24.410353878151394
2020-01-10 05:30:00,5.819111995799767,25.894679349725347
2020-01-10 06:00:00,6.234718893505586,25.21746928443784
2020-01-10 06:30:00,6.521537009096299,25.431415735505084
2020-01-10 07:00:00,6.497350700948406,25.47250200689691
2020-01-10 07:30:00,6.993077797464168,26.77789416034084
2020-01-10 08:00:00,6.72525202260393,25.379598182849268
2020-01-10 08:30:00,6.373426678271481,26.937583552697298
2020-01-10 09:00:00,6.355538377426953,26.353865893862537
2020-01-10 09:30:00,5.758431288027417,27.57931466281379
2020-01-10 10:00:00,6.055609076283028,27.964656778857954
2020-01-10 10:30:00,5.289095104986652,28.039647470570056
2020-01-10 11:00:00,5.309687213744579,27.964785181311477
2020-01-10 11:30:00,4.928683453166852,28.258025164046636
2020-01-10 12:00:00,4.943303261978149,29.15613983618285
2020-01-10 12:30:00,4.757529422295058,29.206899978779752
2020-01-10 13:00:00,5.031815245483521,29.775543976867905
2020-01-10 13:30:00,4.612778058966783,30.180515229289682
2020-01-10 14:00:00,4.996925521012322,30.655505509230448
2020-01-10 14:30:00,5.20062490265011,31.547862878749772
2020-01-10 15:00:00,4.964465709647327,30.50433800229716
2020-01-10 15:30:00,5.082893774792354,30.95187126072923
2020-01-10 16:00:00,5.484649489110665,30.537850295726155
2020-01-10 16:30:00,6.054034369244801,30.59608259368753
2020-01-10 17:00:00,6.491144860913376,28.894038005981393
2020-01-10 17:30:00,6.081512683066397,29.18864474993053
2020-01-10 18:00:00,6.547416255205923,29.00476932947354
2020-01-10 18:30:00,6.398125495153538,27.93285266712034
2020-01-10 19:00:00,6.051265036761535,27.69961969293786
2020-01-10 19:30:00,5.94759137821644,27.370519083016347
2020-01-10 20:00:00,5.8347287683460465,26.826789186322333
2020-01-10 20:30:00,5.74772567676057,26.650020232499728
2020-01-10 21:00:00,5.409755342634776,25.984788310426794
2020-01-10 21:30:00,5.53634378495021,25.40040849983639
2020-01-10 22:00:00,4.926831036265758,24.289791515129743
2020-01-10 22:30:00,4.882084025062054,24.168978772082603
2020-01-10 23:00:00,5.013319309541231,23.240295019022078
2020-01-10 23:30:00,5.0129074971339955,22.46915147289277
2020-01-11 00:00:00,4.362684353038082,22.304278520093533
2020-01-11 00:30:00,4.278609864965551,21.645978330003672
2020-01-11 01:00:00,4.424839406140123,21.700445944557096
2020-01-11 01:30:00,4.484971134910861,21.65341432093997
2020-01-11 02:00:00,4.1996484213215055,21.000629142722318
2020-01-11 02:30:00,4.582276671709733,20.980761573102466
2020-01-11 03:00:00,4.768790105614013,20.317221454390978
2020-01-11 03:30:00,4.538540543234009,21.096355054241965
2020-01-11 04:00:00,4.782285467313041,19.910675314072915
2020-01-11 04:30:00,5.054804159232603,20.33089294380222
2020-01-11 05:00:00,4.874874410052165,19.9180362318937
2020-01-11 05:30:00,5.332178274663357,20.076323988928824
2020-01-11 06:00:00,5.54123816941813,20.438167139039717
2020-01-11 06:30:00,5.858108012282865,20.246776084231545
2020-01-11 07:00:00,5.752351542335235,20.796805084037686
2020-01-11 07:30:00,6.206677620183056,21.61615011548402
2020-01-11 08:00:00,6.015754457316825,21.193810201910505
2020-01-11 08:30:00,6.025837587242299,22.37458989451623
2020-01-11 09:00:00,5.8337256831457,22.910346333772594
2020-01-11 09:30:00,5.750971955911698,23.580915395050567
2020-01-11 10:00:00,4.97838199702209,24.00137218860872
2020-01-11 10:30:00,5.1724029353315455,24.753337704603762
2020-01-11 11:00:00,4.923578173001523,24.89856216056069
2020-01-11 11:30:00,4.854572711778598,25.285994390437445
2020-01-11 12:00:00,4.874210187926127,26.661724967321213
2020-01-11 12:30:00,4.600541929733814,26.85179087126448
2020-01-11 13:00:00,4.857454118932536,27.302086564563993
2020-01-11 13:30:00,4.727823826183783,27.160282117405167
2020-01-11 14:00:00,4.938769126601665,27.682085211893273
2020-01-11 14:30:00,5.070750494691341,28.116995454939634
2020-01-11 15:00:00,4.738572257446789,28.268277446481576
2020-01-11 15:30:00,5.030827048987282,28.808880997437196
2020-01-11 16:00:00,5.387560354566103,28.74371985303849
2020-01-11 16:30:00,5.447054572273463,28.39650476079712
2020-01-11 17:00:00,5.4740495195763685,27.548409799172777
2020-01-11 17:30:00,5.792173105000798,27.84069570093205
2020-01-11 18:00:00,5.934046036027666,27.442401042407166
2020-01-11 18:30:00,6.390914332630175,28.041419019328636
2020-01-11 19:00:00,5.899338745175203,25.99784005985699
2020-01-11 19:30:00,5.7132304927215065,24.90634008065192
2020-01-11 20:00:00,5.549224741508963,24.91937753965418
2020-01-11 20:30:00,5.467679381085725,24.537031092401122
2020-01-11 21:00:00,5.63514096659665,23.94384051027641
2020-01-11 21:30:00,4.995229127626736,23.49024433419629
2020-01-11 22:00:00,5.082157333774476,22.93549028948623
2020-01-11 22:30:00,4.693921049922721,22.37814515726478
2020-01-11 23:00:00,4.8200395229592035,21.717239850373986
2020-01-11 23:30:00,4.625128137815612,21.618423945086647
2020-01-12 00:00:00,4.693587605406941,21.33016517848391
2020-01-12 00:30:00,4.772968929488372,21.335425822521923
2020-01-12 01:00:00,4.815615271596243,19.37747401352231
2020-01-12 01:30:00,4.5719320347572525,19.027961659621432
2020-01-12 02:00:00,4.88596886646931,20.136483007191963
2020-01-12 02:30:00,5.032772215876208,20.20907308696524
2020-01-12 03:00:00,5.220909610492456,20.166768340841365
2020-01-12 03:30:00,4.967178591213351,19.9403211347457
2020-01-12 04:00:00,5.455756899260364,19.661349951376756
2020-01-12 04:30:00,5.32762753965031,19.597550313962167
2020-01-12 05:00:00,5.501129007921727,19.71251157622736
2020-01-12 05:30:00,6.112333543222253,20.451565177902445
2020-01-12 06:00:00,5.807213396720894,21.25067270217112
2020-01-12 06:30:00,6.20409490307556,21.541994779670997
2020-01-12 07:00:00,6.30400734272174,22.324778109477382
2020-01-12 07:30:00,6.780025254011055,21.269460478562603
2020-01-12 08:00:00,6.708299399225871,22.40214365462188
2020-01-12 08:30:00,6.038879157951436,23.369563915452495
2020-01-12 09:00:00,6.167408375770822,25.572290041950783
2020-01-12 09:30:00,5.931212356051824,25.18718080437638
2020-01-12 10:00:00,5.510889616343111,25.56908786067241
2020-01-12 10:30:00,5.423426276642786,26.60448468793736
2020-01-12 11:00:00,5.0300502587018405,27.452721695434242
2020-01-12 11:30:00,5.069891548291069,27.276433258094016
2020-01-12 12:00:00,4.984173875009661,27.61559311942024
2020-01-12 12:30:00,4.680403824951588,28.432584287817253
2020-01-12 13:00:00,4.714465376549366,29.646584952678094
2020-01-12 13:30:00,4.974091371007629,29.522322360930104
2020-01-12 14:00:00,4.944495949998861,28.978294932996537
2020-01-12 14:30:00,4.831433805870511,29.15405075437861
2020-01-12 15:00:00,5.155271506296381,29.9949726986216
2020-01-12 15:30:00,5.468702557884676,29.274862788067146
2020-01-12 16:00:00,5.435883012854907,28.429386398933158
2020-01-12 16:30:00,5.911748398970674,29.27877925700853
2020-01-12 17:00:00,6.322287868559802,29.212874914035577
2020-01-12 17:30:00,6.079717602647589,27.33436055818548
2020-01-12 18:00:00,6.849758436714494,27.472746582140854
2020-01-12 18:30:00,5.898817981229636,28.196934030297896
2020-01-12 19:00:00,6.095870967656482,27.639444801655394
2020-01-12 19:30:00,6.177251759191556,26.717430829617726
2020-01-12 20:00:00,6.220989868062001,25.423487832402774
2020-01-12 20:30:00,5.63607228917962,26.126067139492825
2020-01-12 21:00:00,5.540878339622985,24.823239010536497
2020-01-12 21:30:00,5.428993788493463,24.788067350215886
2020-01-12 22:00:00,4.835637662679762,24.78724984197878
2020-01-12 22:30:00,5.429215028230183,23.580305535126833
2020-01-12 23:00:00,5.030851856937209,23.61973014046041
2020-01-12 23:30:00,5.039088003172287,23.43646101954505
2020-01-13 00:00:00,4.971743734418836,21.908511008796054
2020-01-13 00:30:00,4.944340861195915,21.07426193623996
2020-01-13 01:00:00,4.981434322127693,21.05559543065698
2020-01-13 01:30:00,5.055060805189782,21.5642076563686
2020-01-13 02:00:00,4.798328548491597,20.26001662245439
2020-01-13 02:30:00,4.957711592524958,20.363707982353688
2020-01-13 03:00:00,5.210451191199195,20.77945904997711
2020-01-13 03:30:00,5.20527973997077,20.960405416091618
2020-01-13 04:00:00,5.492037458393097,20.70090860574198
2020-01-13 04:30:00,5.287792633380942,20.099705331338722
2020-01-13 05:00:00,5.307026235611129,21.472815732364797
2020-01-13 05:30:00,6.158901169322515,21.55329826326444
2020-01-13 06:00:00,6.316237785815036,22.56949445633583
2020-01-13 06:30:00,6.334128348922479,22.166071034833074
2020-01-13 07:00:00,6.561777460316932,22.540910144438314
2020-01-13 07:30:00,6.8799296567974615,23.31351129552295
2020-01-13 08:00:00,6.61129007598761,23.752255906478936
2020-01-13 08:30:00,6.209998301965563,23.777008464551038
2020-01-13 09:00:00,6.350679969794324,23.907674196778338
2020-01-13 09:30:00,6.199380507176709,23.775588383665674
2020-01-13 10:00:00,5.484512035132899,25.127791412795773
2020-01-13 10:30:00,5.655855275449923,26.05039763368835
2020-01-13 11:00:00,4.852635552026165,25.496272056314005
2020-01-13 11:30:00,5.116131302078154,28.114396279633265
2020-01-13 12:00:00,4.973443744219699,27.11003595417759
2020-01-13 12:30:00,4.632718382221752,28.26444086715355
2020-01-13 13:00:00,5.1126558427710185,28.481835568703094
2020-01-13 13:30:00,4.864125436593886,27.765602212155645
2020-01-13 14:00:00,5.256921234450996,29.185625321485038
2020-01-13 14:30:00,5.376552302489896,29.13167099768876
2020-01-13 15:00:00,5.114223961426791,28.785258740709246
2020-01-13 15:30:00,5.620798813856275,28.603665442622574
2020-01-13 16:00:00,6.145019150891807,28.09558395570527
2020-01-13 16:30:00,5.762944658625526,29.351453105618223
2020-01-13 17:00:00,6.269951036220411,28.52585099719165
2020-01-13 17:30:00,6.105192479132168,28.71840841261157
2020-01-13 18:00:00,6.480550199695252,29.00128752781616
2020-01-13 18:30:00,6.582189549629293,28.21265480417792
2020-01-13 19:00:00,6.633832796348669,28.243422236180272
2020-01-13 19:30:00,5.717962502548497,27.69516086549226
2020-01-13 20:00:00,6.0098226157466454,27.27592421372622
2020-01-13 20:30:00,5.829912007240383,26.37960802583519
2020-01-13 21:00:00,5.65682561809469,25.726714562631763
2020-01-13 21:30:00,5.74715683553155,25.33232000542344
2020-01-13 22:00:00,5.346794730309266,24.42219921079214
2020-01-13 22:30:00,5.333983978354873,24.17739130764236
2020-01-13 23:00:00,5.1347756700112335,23.845205927527815
2020-01-13 23:30:00,4.941684238381411,23.50891399873961
2020-01-14 00:00:00,5.1027638567722535,22.503565714124644
2020-01-14 00:30:00,5.104097395492399,22.211540313757514
2020-01-14 01:00:00,4.7770728824005015,21.40707431898242
2020-01-14 01:30:00,5.010670298991799,21.0143583450445
2020-01-14 02:00:00,4.720675965298212,21.586176471437852
2020-01-14 02:30:00,4.913505698075105,20.46326359700842
2020-01-14 03:00:00,4.869260384945398,20.961935090846
2020-01-14 03:30:00,4.934104896185469,22.05422106703402
2020-01-14 04:00:00,4.899132293539847,21.63378014966724
2020-01-14 04:30:00,5.560766832261977,20.95228664330737
2020-01-14 05:00:00,5.8556114326091215,20.69562445718683
2020-01-14 05:30:00,5.61706914190879,22.00306307894995
2020-01-14 06:00:00,6.119807208516639,21.92342652221364
2020-01-14 06:30:00,6.47256026315053,22.617272723382467
2020-01-14 07:00:00,6.849763547034567,22.752422420725743
2020-01-14 07:30:00,6.731305034610058,23.424785024498924
2020-01-14 08:00:00,6.625634905486952,22.982486956923033
2020-01-14 08:30:00,6.25252137174656,25.217247224966435
2020-01-14 09:00:00,6.325669073362062,26.198265582259776
2020-01-14 09:30:00,5.83873470467268,25.623784636626265
2020-01-14 10:00:00,5.683879236711052,26.78572028084541
2020-01-14 10:30:00,5.351141546051619,26.649351164641853
2020-01-14 11:00:00,5.233717400648714,27.44321554587024
2020-01-14 11:30:00,4.855566161011204,27.50144583089447
2020-01-14 12:00:00,4.953019302553641,28.701071592610713
2020-01-14 12:30:00,5.094976337370942,29.924214365683998
2020-01-14 13:00:00,4.889710287877434,29.287172531075708
2020-01-14 13:30:00,4.759870373932407,31.300686464739186
2020-01-14 14:00:00,5.365714658981293,30.212345054914376
2020-01-14 14:30:00,4.942979153935765,31.664915723846953
2020-01-14 15:00:00,5.289259893197479,31.04359552768892
2020-01-14 15:30:00,5.59995750376263,31.005883452939102
2020-01-14 16:00:00,5.713089873050996,30.371680378303463
2020-01-14 16:30:00,5.793511381844151,31.206038494699797
2020-01-14 17:00:00,6.204572768115194,30.822162701811244
2020-01-14 17:30:00,6.58060413265466,30.457642896807887
2020-01-14 18:00:00,6.174918478348219,29.821868804453306
2020-01-14 18:30:00,6.2390928556921486,29.453486751436724
2020-01-14 19:00:00,6.638858319490837,29.00843434452858
2020-01-14 19:30:00,6.022949328953642,29.24208645007968
2020-01-14 20:00:00,6.300539365701358,28.755965402497004
2020-01-14 20:30:00,5.621204064494433,27.75384803604238
2020-01-14 21:00:00,5.325372702134807,27.020389573357015
2020-01-14 21:30:00,5.490967034370875,27.08702402737246
2020-01-14 22:00:00,5.282402236493392,26.68691182745587
2020-01-14 22:30:00,5.151373275807077,24.298168512735774
2020-01-14 23:00:00,5.044967899065346,25.016422242749424
2020-01-14 23:30:00,5.500499689987028,24.237537730856086
2020-01-15 00:00:00,4.9069332116343265,23.56038887553379
2020-01-15 00:30:00,5.078120804972957,23.47232569455217
2020-01-15 01:00:00,5.188910396363871,22.95069561316639
2020-01-15 01:30:00,5.271502987137475,21.458329111626792
2020-01-15 02:00:00,5.402616004977349,21.899039774121434
2020-01-15 02:30:00,5.028652931649881,21.67332556421089
2020-01-15 03:00:00,5.192545161739129,20.355501487660963
2020-01-15 03:30:00,5.160725925039806,20.827352761500208
2020-01-15 04:00:00,5.0760117020817805,20.85179542091462
2020-01-15 04:30:00,5.58713008022609,21.031969841246774
2020-01-15 05:00:00,5.809066308334325,21.518059176076626
2020-01-15 05:30:00,5.865701774280557,22.264499440327207
2020-01-15 06:00:00,6.372254108165872,23.591943257413885
2020-01-15 06:30:00,6.648889732983204,23.303478503550284
2020-01-15 07:00:00,6.981609523336538,24.186815018449252
2020-01-15 07:30:00,6.598797401486746,25.1295795622717
2020-01-15 08:00:00,6.500192681925599,25.650039854392094
2020-01-15 08:30:00,6.567456117655332,24.543948241899336
2020-01-15 09:00:00,6.154626918211656,25.865761296000098
2020-01-15 09:30:00,5.968860047931173,27.448160710886892
2020-01-15 10:00:00,5.887624779600578,27.23284108760865
2020-01-15 10:30:00,5.511173122050339,27.190774641289465
2020-01-15 11:00:00,5.460499946521649,27.778363998823732
2020-01-15 11:30:00,5.1454581315119645,28.397035361211238
2020-01-15 12:00:00,4.994337898209536,28.945918523100715
2020-01-15 12:30:00,5.189483965751693,30.130124110626006
2020-01-15 13:00:00,5.294906279165795,29.955325235481737
2020-01-15 13:30:00,4.864297529791943,30.722384749199474
2020-01-15 14:00:00,5.368604166975203,30.720381025037806
2020-01-15 14:30:00,5.803716555046356,29.723917655475166
2020-01-15 15:00:00,5.39731294099521,31.763978504319468
2020-01-15 15:30:00,5.953244988221111,31.14315722920242
2020-01-15 16:00:00,5.9633565140354605,30.186326153935383
2020-01-15 16:30:00,6.330635192922116,30.186456552726966
2020-01-15 17:00:00,6.350445827079028,31.001178328722464
2020-01-15 17:30:00,6.189905540054622,31.71272157313295
2020-01-15 18:00:00,6.811251729553811,30.64229620207344
2020-01-15 18:30:00,6.527088830228135,29.615496440558307
2020-01-15 19:00:00,6.755822001151988,29.48811353778673
2020-01-15 19:30:00,7.088493187678603,29.553591037722292
2020-01-15 20:00:00,6.385829675444754,28.606009775876124
2020-01-15 20:30:00,6.240541660167498,27.446552378476085
2020-01-15 21:00:00,5.833435517920755,27.39778250907048
2020-01-15 21:30:00,5.627655036062629,26.531811558216408
2020-01-15 22:00:00,5.5054375533545095,25.39284201798455
2020-01-15 22:30:00,5.226326351023534,25.382192344413422
2020-01-15 23:00:00,5.122496681509216,24.75410044670486
2020-01-15 23:30:00,5.441910993405691,24.390066468218333
2020-01-16 00:00:00,4.947208977033805,23.383530370318862
2020-01-16 00:30:00,5.0685753049855355,22.894332738139603
2020-01-16 01:00:00,5.19362235514589,23.135321436427787
2020-01-16 01:30:00,5.252533859999897,22.725082579552858
2020-01-16 02:00:00,5.358222247079101,22.868673799138296
2020-01-16 02:30:00,5.150250247864522,23.345488599991523
2020-01-16 03:00:00,5.39003202807873,22.896753067913878
2020-01-16 03:30:00,5.436594169933704,21.434248356511603
2020-01-16 04:00:00,5.017030341787621,22.811105708054136
2020-01-16 04:30:00,5.565479254710417,22.408161709616397
2020-01-16 05:00:00,5.7761705393097165,21.944081630144414
2020-01-16 05:30:00,6.357408416464825,22.725815599142795
2020-01-16 06:00:00,6.201641253220352,22.371367319639607
2020-01-16 06:30:00,6.821230002765094,22.51999867453712
2020-01-16 07:00:00,7.308655014443632,23.052211556620414
2020-01-16 07:30:00,6.736086077643131,23.79927122453296
2020-01-16 08:00:00,7.048040010138876,25.554483683241454
2020-01-16 08:30:00,7.321353859066675,24.814213037097975
2020-01-16 09:00:00,6.154063710678509,25.680347813856155
2020-01-16 09:30:00,5.521089485204636,26.070451023399063
2020-01-16 10:00:00,6.131063488144385,27.32508421765672
2020-01-16 10:30:00,5.671807293325946,26.825622488295505
2020-01-16 11:00:00,5.1706911730215666,28.066338610931634
2020-01-16 11:30:00,5.3972086312145136,28.135269311969676
2020-01-16 12:00:00,5.1102325672324245,29.997349394676043
2020-01-16 12:30:00,5.057575013487287,29.357242711641362
2020-01-16 13:00:00,5.070474312930096,30.20266383680275
2020-01-16 13:30:00,5.281245316290506,30.631864831819968
2020-01-16 14:00:00,5.069315897950624,29.79196578168822
2020-01-16 14:30:00,5.29023877823545,30.907189594741624
2020-01-16 15:00:00,5.529159718805635,31.50952861782934
2020-01-16 15:30:00,5.616678575339241,32.245703894481295
2020-01-16 16:00:00,5.992215035673545,31.304546075739708
2020-01-16 16:30:00,6.191607759901474,31.03149878642421
2020-01-16 17:00:00,6.180037510735503,31.32812151160195
2020-01-16 17:30:00,6.2549961479463505,32.113645890028266
2020-01-16 18:00:00,6.9686706671622884,32.014550321029574
2020-01-16 18:30:00,6.673881907670196,31.542266401258747
2020-01-16 19:00:00,6.49095554880367,30.210303954610662
2020-01-16 19:30:00,6.303919516849223,30.116603925486775
2020-01-16 20:00:00,6.751281858240803,29.025834358287966
2020-01-16 20:30:00,6.092701727588764,29.1905859472762
2020-01-16 21:00:00,5.6706796515609525,28.07355056635097
2020-01-16 21:30:00,5.894353241763986,27.868249964208594
2020-01-16 22:00:00,5.075410351347098,27.667611295310973
2020-01-16 22:30:00,5.3481626978572425,26.600517113158393
2020-01-16 23:00:00,5.155894136121603,26.322518584331178
2020-01-16 23:30:00,5.463352751845721,26.151386388147476
2020-01-17 00:00:00,5.19273355753397,25.92186253524035
2020-01-17 00:30:00,4.99760739729742,25.988284709189045
2020-01-17 01:00:00,5.025757263857755,24.67091701585171
2020-01-17 01:30:00,5.311973818949528,25.044247474729875
2020-01-17 02:00:00,5.540107269346788,23.74021680530843
2020-01-17 02:30:00,5.552511237311805,23.691315389021412
2020-01-17 03:00:00,5.068442334007672,23.249922248950487
2020-01-17 03:30:00,5.590717317994725,23.159820367215644
2020-01-17 04:00:00,5.503048968620416,23.646562943659834
2020-01-17 04:30:00,5.6578013461623256,23.285332698732418
2020-01-17 05:00:00,5.733578016772856,24.193923114284203
2020-01-17 05:30:00,6.124151831327893,24.223857901201967
2020-01-17 06:00:00,6.7010968827121555,25.50680036822847
2020-01-17 06:30:00,6.891317651882551,25.60672514486789
2020-01-17 07:00:00,6.830947368072602,26.276652312160024
2020-01-17 07:30:00,7.549910725979801,26.239127206429906
2020-01-17 08:00:00,7.048220612667154,27.3183383226856
2020-01-17 08:30:00,7.106563948208997,28.042023922649587
2020-01-17 09:00:00,6.425908482792056,28.341118213763036
2020-01-17 09:30:00,6.138175724374344,28.221290585118894
2020-01-17 10:00:00,5.795470283432295,28.992186571875852
2020-01-17 10:30:00,5.4074733653085545,27.98229605209896
2020-01-17 11:00:00,5.1182652379046605,29.21234988233463
2020-01-17 11:30:00,5.325516791889539,29.39505194193024
2020-01-17 12:00:00,5.05512571372845,31.340874765352854
2020-01-17 12:30:00,5.296391166553575,31.962790087737773
2020-01-17 13:00:00,5.150011266074932,31.05925205612553
2020-01-17 13:30:00,5.22985913608911,31.686471804982897
2020-01-17 14:00:00,5.400398100682921,31.2358952806764
2020-01-17 14:30:00,5.743547508172338,32.835924880144006
2020-01-17 15:00:00,5.573614533421187,32.32164664030146
2020-01-17 15:30:00,5.896353431159207,31.563211828969898
2020-01-17 16:00:00,6.214526348158209,32.10601427470781
2020-01-17 16:30:00,6.5686771976299605,31.136180178105953
2020-01-17 17:00:00,6.289031178313968,30.732658777420976
2020-01-17 17:30:00,6.470708456445999,29.83615874719694
2020-01-17 18:00:00,6.879888367500476,30.32165819891307
2020-01-17 18:30:00,6.814941463175973,30.009447398373702
2020-01-17 19:00:00,6.6685246150841015,28.90751225681849
2020-01-17 19:30:00,6.482242835225364,30.07588808504191
2020-01-17 20:00:00,6.810916025141422,28.316519994164636
2020-01-17 20:30:00,6.179648752951855,27.497008842059987
2020-01-17 21:00:00,6.1030989347937314,26.577275774465303
2020-01-17 21:30:00,5.8469231911099255,26.469092839726443
2020-01-17 22:00:00,5.621356673335633,25.681731111183463
2020-01-17 22:30:00,5.435776874966696,24.115787248190873
2020-01-17 23:00:00,5.472762274145015,23.441785208061585
2020-01-17 23:30:00,5.168278483524263,23.993286275305895
2020-01-18 00:00:00,4.6922226596792305,21.940630284421673
2020-01-18 00:30:00,4.585148637080873,22.101146881350353
2020-01-18 01:00:00,4.195692883535232,22.385305409294162
2020-01-18 01:30:00,4.570575434767306,21.194818781039697
2020-01-18 02:00:00,4.268500128542302,21.164019488159965
2020-01-18 02:30:00,4.716452791547036,21.354434569995036
2020-01-18 03:00:00,4.250383716982903,20.557670248420578
2020-01-18 03:30:00,4.565200087797815,20.895535413161674
2020-01-18 04:00:00,4.577184799717712,19.831186623019953
2020-01-18 04:30:00,4.966618397353934,20.22822389543985
2020-01-18 05:00:00,5.160139808881882,20.359866143890898
2020-01-18 05:30:00,5.127830509337095,20.31586150784678
2020-01-18 06:00:00,5.265933309370655,22.125647713947455
2020-01-18 06:30:00,5.524879608858498,22.115766157716642
2020-01-18 07:00:00,5.754838934840961,22.291113122827543
2020-01-18 07:30:00,6.038114591332498,21.62845284758337
2020-01-18 08:00:00,5.894337413184246,22.641444876439316
2020-01-18 08:30:00,5.899258617659805,24.358879400409467
2020-01-18 09:00:00,5.853239061787304,24.694870425734536
2020-01-18 09:30:00,5.439796995408932,24.628040985553692
2020-01-18 10:00:00,5.29960913777591,26.16552091449906
2020-01-18 10:30:00,4.912722657413237,26.14998104122801
2020-01-18 11:00:00,4.802193169719302,27.501610651138503
2020-01-18 11:30:00,4.350133327010733,27.33431708825599
2020-01-18 12:00:00,4.477787735677401,26.916188220036403
2020-01-18 12:30:00,4.464320875651404,27.952197112146077
2020-01-18 13:00:00,4.555060004615542,28.20001570903561
2020-01-18 13:30:00,4.530261914721911,27.36778135710164
2020-01-18 14:00:00,4.691159691903108,28.00761816783731
2020-01-18 14:30:00,4.646879854721568,28.686487252758436
2020-01-18 15:00:00,4.96445734870647,28.411060584105797
2020-01-18 15:30:00,5.247341077923198,28.639386524329822
2020-01-18 16:00:00,5.0794551338168965,29.056710945921836
2020-01-18 16:30:00,5.379744247790577,28.76120229479009
2020-01-18 17:00:00,5.66139081662544,28.421687166619407
2020-01-18 17:30:00,5.872257461760264,27.423058495443357
2020-01-18 18:00:00,5.765844505073191,27.6615555749842
2020-01-18 18:30:00,5.630881243286918,27.940006248085567
2020-01-18 19:00:00,5.983379078679849,27.627530764315416
2020-01-18 19:30:00,5.591280225428146,27.638764571217457
2020-01-18 20:00:00,5.541085207058967,26.34325178620108
2020-01-18 20:30:00,5.444411174263961,26.30541232341109
2020-01-18 21:00:00,5.164546303417721,25.19715917499373
2020-01-18 21:30:00,5.22461286273829,24.149588856768293
2020-01-18 22:00:00,5.067770260268884,23.827128604945166
2020-01-18 22:30:00,4.972278850737202,23.336157400994058
2020-01-18 23:00:00,4.460393459349685,21.981626712381196
2020-01-18 23:30:00,4.415011595397176,22.329267267778423
2020-01-19 00:00:00,4.3606120537861495,20.699205948211873
2020-01-19 00:30:00,4.398320356245293,20.54038947347661
2020-01-19 01:00:00,4.375916620081371,21.024673020558392
2020-01-19 01:30:00,4.354913753169115,20.910176577999867
2020-01-19 02:00:00,4.451614477081267,20.490072550103914
2020-01-19 02:30:00,4.361872823600648,20.72376011618996
2020-01-19 03:00:00,4.398357560335917,19.601505375628953
2020-01-19 03:30:00,4.545750632538663,19.742474551341388
2020-01-19 04:00:00,4.785571911964324,19.174489753601385
2020-01-19 04:30:00,4.35622547895711,19.76534378214197
2020-01-19 05:00:00,5.23320543173064,20.02255838556127
2020-01-19 05:30:00,5.6237830271992815,19.61667109572094
2020-01-19 06:00:00,5.530952023925885,21.84349501124822
2020-01-19 06:30:00,6.176190883059742,22.194069481173194
2020-01-19 07:00:00,6.101334098459385,22.264240371033836
2020-01-19 07:30:00,5.977005033040284,23.3428111706644
2020-01-19 08:00:00,5.7911650314578065,23.55500735765187
2020-01-19 08:30:00,5.996882766634834,23.999242600388822
2020-01-19 09:00:00,5.825374358878,24.122777165004322
2020-01-19 09:30:00,5.593277049247206,24.705936130974287
2020-01-19 10:00:00,5.2470786765660815,25.356388862804156
2020-01-19 10:30:00,4.8133439831752955,26.88390957800208
2020-01-19 11:00:00,4.733619432305903,26.380958273986714
2020-01-19 11:30:00,4.391645694054397,27.367590543703376
2020-01-19 12:00:00,4.769108660085908,27.28060157509245
2020-01-19 12:30:00,4.356383101188664,28.700286754187946
2020-01-19 13:00:00,4.37060326751397,28.765485990317835
2020-01-19 13:30:00,4.354310474042139,28.274459750970262
2020-01-19 14:00:00,4.485808063542871,29.45975881348109
2020-01-19 14:30:00,4.858888096190845,29.29645000433608
2020-01-19 15:00:00,4.722389771056439,29.96816844665584
2020-01-19 15:30:00,4.727194392527607,29.244240189055134
2020-01-19 16:00:00,5.174686950560821,31.018350399278205
2020-01-19 16:30:00,5.327420458444561,29.035382301222523
2020-01-19 17:00:00,5.716373027758373,28.797778101668577
2020-01-19 17:30:00,6.2143637720234715,28.285227368131213
2020-01-19 18:00:00,5.885078249105643,29.299286320200345
2020-01-19 18:30:00,5.883276201289343,28.25277385041293
2020-01-19 19:00:00,5.436795442105206,28.56539232012884
2020-01-19 19:30:00,5.677138914234357,27.800648233118036
2020-01-19 20:00:00,5.350173747912494,28.126904054963326
2020-01-19 20:30:00,5.541447950121773,27.13395144263578
2020-01-19 21:00:00,5.129375715250494,26.09195611543204
2020-01-19 21:30:00,4.962750145348227,26.612794663895624
2020-01-19 22:00:00,4.850720674464027,26.164945019117365
2020-01-19 22:30:00,4.742080487798397,25.42607070113255
2020-01-19 23:00:00,4.344970719027987,23.99363403851579
2020-01-19 23:30:00,4.4779879020140125,24.045630965006712
2020-01-20 00:00:00,5.144130059690385,22.153115010987456
2020-01-20 00:30:00,5.091902594462507,22.324161745333885
2020-01-20 01:00:00,4.854030234827644,22.46679097482883
2020-01-20 01:30:00,4.866465438801182,21.887409816964613
2020-01-20 02:00:00,5.1553928285650885,21.795834068842158
2020-01-20 02:30:00,4.946060759724281,20.182435094352684
2020-01-20 03:00:00,4.952481228935737,20.90056301836492
2020-01-20 03:30:00,4.919990253461689,21.388748528449153
2020-01-20 04:00:00,5.305285756903687,20.414180845579565
2020-01-20 04:30:00,5.193622860636717,21.185401282810084
2020-01-20 05:00:00,5.5708705351869465,22.199976929991585
2020-01-20 05:30:00,5.786887847298353,20.582430510962105
2020-01-20 06:00:00,6.433984198888651,21.146743804953676
2020-01-20 06:30:00,6.732701985688952,21.488512454037775
2020-01-20 07:00:00,6.810218548342822,21.77617665173131
2020-01-20 07:30:00,7.228064795941553,23.319882949412438
2020-01-20 08:00:00,7.1816755480397205,22.103690121824325
2020-01-20 08:30:00,6.557530634412127,23.39110863096741
2020-01-20 09:00:00,6.298199622210444,24.199686062066103
2020-01-20 09:30:00,6.169949841416563,25.023430914263724
2020-01-20 10:00:00,5.75682019083688,24.50002086592211
2020-01-20 10:30:00,5.580827547398937,25.984469635112024
2020-01-20 11:00:00,4.922243713091932,25.722416139896936
2020-01-20 11:30:00,5.1586851120012565,26.23135791746135
2020-01-20 12:00:00,5.556595445446931,26.980088467343172
2020-01-20 12:30:00,5.015714344528323,26.593720102227124
2020-01-20 13:00:00,5.143811399485055,27.595983875742245
2020-01-20 13:30:00,4.9304074336146195,27.363951342199325
2020-01-20 14:00:00,5.0471202930515515,27.203769116373802
2020-01-20 14:30:00,5.431456820088459,28.021008322008548
2020-01-20 15:00:00,5.51821087536337,29.096046797976186
2020-01-20 15:30:00,5.517137850924077,28.703414394659305
2020-01-20 16:00:00,6.174314855699136,28.022536188737046
2020-01-20 16:30:00,6.140680656696899,28.446766357640975
2020-01-20 17:00:00,6.196460255578182,28.535199985930426
2020-01-20 17:30:00,6.159764499951676,28.093668313524194
2020-01-20 18:00:00,6.736603490351294,27.268514575294045
2020-01-20 18:30:00,6.678867163920502,28.244800489856
2020-01-20 19:00:00,6.51751392492508,26.412861987399765
2020-01-20 19:30:00,6.267505780979717,26.137405484766752
2020-01-20 20:00:00,6.243881326570088,25.37441438449852
2020-01-20 20:30:00,6.615102776978477,24.737275618570525
2020-01-20 21:00:00,5.827970226811345,24.674261139020647
2020-01-20 21:30:00,5.444511472826352,24.39228506417901
2020-01-20 22:00:00,5.420000708073895,23.50851139463495
2020-01-20 22:30:00,5.384614079926011,22.724092878073705
2020-01-20 23:00:00,5.096217196579527,22.78600657983208
2020-01-20 23:30:00,5.305149842658907,21.83295541687993
2020-01-21 00:00:00,4.563554556187692,21.342691963382983
2020-01-21 00:30:00,4.5175483647724,20.72866514598608
2020-01-21 01:00:00,4.929907942674364,21.72703627243248
2020-01-21 01:30:00,4.805372040073596,20.35689669992585
2020-01-21 02:00:00,4.501467997809349,20.14926017664776
2020-01-21 02:30:00,4.618321690675338,20.386512564940112
2020-01-21 03:00:00,4.790890817577135,20.133476224742513
2020-01-21 03:30:00,4.839087989392444,20.39891567597798
2020-01-21 04:00:00,4.970426993571357,19.989232320233768
2020-01-21 04:30:00,5.197405934290197,20.211458037226254
2020-01-21 05:00:00,5.5328145911623965,20.972381845839447
2020-01-21 05:30:00,5.779098946078812,20.976745125747833
2020-01-21 06:00:00,6.0236525257152795,20.829493708881504
2020-01-21 06:30:00,5.983559936269941,20.080466776884958
2020-01-21 07:00:00,6.235334591138864,21.47279485428286
2020-01-21 07:30:00,6.958845269473194,21.811770937856675
2020-01-21 08:00:00,6.490233062494315,22.99722572042262
2020-01-21 08:30:00,6.597234167945145,21.944899239136653
2020-01-21 09:00:00,6.135251448810857,24.267204065827833
2020-01-21 09:30:00,5.47087192171702,24.285848159836338
2020-01-21 10:00:00,5.413836161996493,24.469187330878647
2020-01-21 10:30:00,5.363087488099638,25.282532447511784
2020-01-21 11:00:00,5.071347349532485,25.690356085346533
2020-01-21 11:30:00,4.7498220188924485,25.74356906602399
2020-01-21 12:00:00,4.580248122858968,26.659956174340888
2020-01-21 12:30:00,4.47930960949452,27.2521550222551
2020-01-21 13:00:00,4.78290868537036,28.049643653612492
2020-01-21 13:30:00,5.065481683634155,27.78990140888783
2020-01-21 14:00:00,4.898384903385609,28.810566777965846
2020-01-21 14:30:00,4.483009128808753,28.787510657188676
2020-01-21 15:00:00,5.319496803150757,29.306697282974124
2020-01-21 15:30:00,5.778482103326837,29.190916570025923
2020-01-21 16:00:00,5.554718043410872,28.781494505669603
2020-01-21 16:30:00,5.451360393502836,28.497821661561165
2020-01-21 17:00:00,5.682916371962622,28.4826385193978
2020-01-21 17:30:00,6.1356610504758615,27.77768071613037
2020-01-21 18:00:00,6.426049729139836,27.766681764370805
2020-01-21 18:30:00,5.880009365622538,27.60697969770873
2020-01-21 19:00:00,5.966990334206931,26.699892573355083
2020-01-21 19:30:00,5.905988530695659,25.540431927637403
2020-01-21 20:00:00,6.119856510662822,25.02342628903694
2020-01-21 20:30:00,6.1735434048026425,24.256267066997545
2020-01-21 21:00:00,5.4764604354168265,23.681663370457823
2020-01-21 21:30:00,5.488919823787923,22.08277047779385
2020-01-21 22:00:00,5.06937877011594,22.2280665675434
2020-01-21 22:30:00,4.885154562621197,21.59568466965319
2020-01-21 23:00:00,4.921497404148969,20.89015508503729
2020-01-21 23:30:00,4.7523028101584215,21.68781027182172
2020-01-22 00:00:00,4.711734167617894,20.438841892296473
2020-01-22 00:30:00,5.0080540021856566,19.821982373167085
2020-01-22 01:00:00,4.866066349727975,19.22071059035246
2020-01-22 01:30:00,4.955957352266035,18.83594835905127
2020-01-22 02:00:00,5.056822621743357,18.112408924690968
2020-01-22 02:30:00,4.88467355498351,19.21427707353837
2020-01-22 03:00:00,5.190993632813647,18.922877667974504
2020-01-22 03:30:00,5.218271160573291,18.743730500653392
2020-01-22 04:00:00,5.343586345003412,19.30802917572117
2020-01-22 04:30:00,5.528602636058499,17.95757034556995
2020-01-22 05:00:00,5.50443778411823,19.855089088735312
2020-01-22 05:30:00,5.833612073112861,19.278358641050612
2020-01-22 06:00:00,6.20715181823701,20.507598767963646
2020-01-22 06:30:00,6.46631914277513,21.071406082332576
2020-01-22 07:00:00,6.323260745491978,21.251435913565516
2020-01-22 07:30:00,7.081238733643919,21.428276656825222
2020-01-22 08:00:00,6.858478576777856,22.370023754168052
2020-01-22 08:30:00,6.672162493582999,22.566771396748564
2020-01-22 09:00:00,6.267011888432081,23.67613020661474
2020-01-22 09:30:00,5.868703986133201,23.473123084762054
2020-01-22 10:00:00,5.828657527803492,24.162294063761347
2020-01-22 10:30:00,5.847037195011538,23.98057918226027
2020-01-22 11:00:00,5.458153729688521,25.51096529607721
2020-01-22 11:30:00,4.656829661607111,26.34563797438478
2020-01-22 12:00:00,4.837945487798473,27.898030058087233
2020-01-22 12:30:00,5.178447799785848,26.575620207054197
2020-01-22 13:00:00,4.609280688812104,27.729676172168826
2020-01-22 13:30:00,5.184842787655437,27.986944091056145
2020-01-22 14:00:00,5.0051931144235935,28.676567816985575
2020-01-22 14:30:00,5.3056637643379165,28.60924548753159
2020-01-22 15:00:00,5.447004942751244,28.773403484735322
2020-01-22 15:30:00,5.401352620066666,29.204102396672667
2020-01-22 16:00:00,5.68496606364395,28.866725991310226
2020-01-22 16:30:00,5.849913622908852,28.60398286604284
2020-01-22 17:00:00,6.126218800530999,29.287428755796487
2020-01-22 17:30:00,6.1502556871398415,28.78546391456301
2020-01-22 18:00:00,6.186212167853577,29.262336062034084
2020-01-22 18:30:00,6.420197963876716,28.715784502223258
2020-01-22 19:00:00,6.4281809321093615,27.78321815474116
2020-01-22 19:30:00,6.656465370720085,28.05298119899753
2020-01-22 20:00:00,6.087908579108007,26.99092570057045
2020-01-22 20:30:00,5.758445424456628,26.701230015148667
2020-01-22 21:00:00,5.643767763949516,26.52014512192591
2020-01-22 21:30:00,5.39521895643403,25.989003023877718
2020-01-22 22:00:00,5.7881198644973875,25.474083695888638
2020-01-22 22:30:00,5.2159795774598905,25.378277136350302
2020-01-22 23:00:00,5.09543334809569,25.72823029709592
2020-01-22 23:30:00,5.129710603083661,24.158814413148047
2020-01-23 00:00:00,5.392203472573874,25.234440896188726
2020-01-23 00:30:00,5.2424055094240565,23.076037950987057
2020-01-23 01:00:00,5.1826162363657735,23.40216109704439
2020-01-23 01:30:00,5.282972242748079,22.136771568629328
2020-01-23 02:00:00,5.087543587036127,21.87745874585941
2020-01-23 02:30:00,5.448374075108268,22.39355581010158
2020-01-23 03:00:00,5.066342999915482,21.326732841487416
2020-01-23 03:30:00,5.343069909643454,21.76453011347051
2020-01-23 04:00:00,5.797469990925328,22.36212806204909
2020-01-23 04:30:00,5.692091436230716,21.965587336837583
2020-01-23 05:00:00,6.04858084690521,23.792091477415287
2020-01-23 05:30:00,6.395307119841858,23.976568209075012
2020-01-23 06:00:00,6.6108363039421025,23.34665671714847
2020-01-23 06:30:00,7.319586822594909,24.49159149101555
2020-01-23 07:00:00,7.209552678772303,24.6419297585301
2020-01-23 07:30:00,7.49907446538386,25.41396342601054
2020-01-23 08:00:00,7.27784405003654,25.427751662590982
2020-01-23 08:30:00,6.999418555570504,25.075587017510767
2020-01-23 09:00:00,6.4730401423897685,25.54693388940204
2020-01-23 09:30:00,7.013311986205377,26.74122236217014
2020-01-23 10:00:00,5.783517870698912,27.37688899421471
2020-01-23 10:30:00,5.993628740341387,28.395083631701425
2020-01-23 11:00:00,5.847729037128229,28.93414659351807
2020-01-23 11:30:00,5.57873728611379,30.03308017332241
2020-01-23 12:00:00,5.36231104220615,30.316806530882722
2020-01-23 12:30:00,5.520855459177664,30.424350832499055
2020-01-23 13:00:00,5.5978865469604395,30.200233782910498
2020-01-23 13:30:00,5.284976939776334,30.623442781883213
2020-01-23 14:00:00,5.501705207333465,31.951121649218337
2020-01-23 14:30:00,5.549511769335928,31.476686365708144
2020-01-23 15:00:00,5.605892664106667,31.91676017439417
2020-01-23 15:30:00,5.944129393588679,31.585713478793878
2020-01-23 16:00:00,6.1080623777138365,32.542811468204356
2020-01-23 16:30:00,6.2863277200637615,32.00938102588595
2020-01-23 17:00:00,6.843658430059712,31.529960107632117
2020-01-23 17:30:00,7.097286434452502,31.48892319168973
2020-01-23 18:00:00,7.1335848156756425,31.15476007703799
2020-01-23 18:30:00,7.147478592685903,29.88732622391183
2020-01-23 19:00:00,7.10460563481146,29.32965752914944
2020-01-23 19:30:00,7.013268721416242,29.05773501517871
2020-01-23 20:00:00,6.634386318938018,28.330364915152494
2020-01-23 20:30:00,6.216350525349271,27.853003819269794
2020-01-23 21:00:00,6.164127867127329,27.00775358925826
2020-01-23 21:30:00,6.068262142623482,26.69280732884819
2020-01-23 22:00:00,5.807063306882499,26.110478991289106
2020-01-23 22:30:00,5.849828357497084,27.030968639111848
2020-01-23 23:00:00,5.5567921238276,25.19915977378825
2020-01-23 23:30:00,5.360189245143678,24.91188248779983
2020-01-24 00:00:00,5.483760496916082,24.260538855525393
2020-01-24 00:30:00,5.4176533007952745,23.878558984467467
2020-01-24 01:00:00,5.96789440023588,23.608597336951213
2020-01-24 01:30:00,5.687908120841551,23.43715219355284
2020-01-24 02:00:00,5.30958127737269,23.603493654184483
2020-01-24 02:30:00,5.2871298818099834,23.206158707369084
2020-01-24 03:00:00,5.641887983570817,23.740612971341264
2020-01-24 03:30:00,5.618837629198552,24.5655920453064
2020-01-24 04:00:00,5.983963008251428,23.21796533222451
2020-01-24 04:30:00,6.039979802468464,23.011581019269197
2020-01-24 05:00:00,6.245681898046714,23.492101332833585
2020-01-24 05:30:00,6.784762136555417,23.185262184518294
2020-01-24 06:00:00,7.167797607997529,23.687059641996655
2020-01-24 06:30:00,7.393435501642904,24.18770679258165
2020-01-24 07:00:00,7.378124543095541,23.62452147631087
2020-01-24 07:30:00,7.430525309876573,24.482470931675053
2020-01-24 08:00:00,7.602372900613993,25.242683328390356
2020-01-24 08:30:00,7.54582769752209,26.335062864493125
2020-01-24 09:00:00,7.15739333136345,27.98971680358603
2020-01-24 09:30:00,6.5061799835778675,27.89962953824191
2020-01-24 10:00:00,6.175427596489702,30.10524265686353
2020-01-24 10:30:00,6.250811565453109,28.915148679914783
2020-01-24 11:00:00,5.986817647170406,30.28227042436273
2020-01-24 11:30:00,5.621934665695519,30.504221969108354
2020-01-24 12:00:00,5.524291591126648,31.215623983062457
2020-01-24 12:30:00,5.542174060183984,31.00877304191137
2020-01-24 13:00:00,5.481785689920427,31.320441883953695
2020-01-24 13:30:00,6.122673112627509,32.876130585563196
2020-01-24 14:00:00,5.453627465381122,32.43259956560719
2020-01-24 14:30:00,5.921792054608533,33.70917344695151
2020-01-24 15:00:00,5.917796080413484,32.80709188018621
2020-01-24 15:30:00,6.104459496000971,33.06454694463357
2020-01-24 16:00:00,6.073390726922222,32.97811275643355
2020-01-24 16:30:00,6.939561766810022,33.419958707508115
2020-01-24 17:00:00,6.763618499908712,32.679973383742556
2020-01-24 17:30:00,6.59410575065776,32.312592621279826
2020-01-24 18:00:00,7.121882428961589,31.85391073152478
2020-01-24 18:30:00,7.048149246833369,31.231790079896697
2020-01-24 19:00:00,7.509117756541258,31.53959538495374
2020-01-24 19:30:00,7.233908621005903,30.562603266283325
2020-01-24 20:00:00,6.527706023347424,30.51294572990087
2020-01-24 20:30:00,6.3108128305256015,29.955612840361283
2020-01-24 21:00:00,6.2815297140466795,29.547869220055908
2020-01-24 21:30:00,6.317625854793686,29.025701698757803
2020-01-24 22:00:00,5.896347542395807,28.66229956272659
2020-01-24 22:30:00,6.125790771785232,29.26097680130957
2020-01-24 23:00:00,5.380285643462691,27.01723364129237
2020-01-24 23:30:00,5.692796594183888,26.868771140317094
2020-01-25 00:00:00,5.383920536375932,26.152972085032236
2020-01-25 00:30:00,5.3531341680010005,25.3552882348033
2020-01-25 01:00:00,5.294178971992869,25.142510062550652
2020-01-25 01:30:00,5.336938622373675,24.089968274025818
2020-01-25 02:00:00,5.340107821966479,24.870467089578963
2020-01-25 02:30:00,5.482414812551299,23.864829213009337
2020-01-25 03:00:00,5.180187256612777,24.093991933718446
2020-01-25 03:30:00,5.485533251565073,24.695640382093327
2020-01-25 04:00:00,5.362751808942366,24.01362670484665
2020-01-25 04:30:00,5.707652890296656,24.46417869132178
2020-01-25 05:00:00,6.317475204733922,24.322537439070167
2020-01-25 05:30:00,6.696632616942581,23.583512725870737
2020-01-25 06:00:00,7.248848078914295,25.44830318171416
2020-01-25 06:30:00,7.422674749420016,25.83654064756469
2020-01-25 07:00:00,7.013641605587551,26.405200822422522
2020-01-25 07:30:00,7.417169699564756,26.11365483638976
2020-01-25 08:00:00,7.278695303979633,26.739755905744058
2020-01-25 08:30:00,7.292314795502803,27.635803876229495
2020-01-25 09:00:00,6.464481052485038,29.532784982914443
2020-01-25 09:30:00,6.677807711436097,28.837311728664798
2020-01-25 10:00:00,6.182815644896399,28.756192465987258
2020-01-25 10:30:00,5.861201143887963,29.275508591005863
2020-01-25 11:00:00,5.268934620031887,30.145252872605642
2020-01-25 11:30:00,5.543391376502943,30.641786283053413
2020-01-25 12:00:00,5.68473640198208,30.792760913414657
2020-01-25 12:30:00,5.904041997270731,31.043315838620003
2020-01-25 13:00:00,5.665029685367902,31.432034565331936
2020-01-25 13:30:00,5.111186987065562,31.3213246793155
2020-01-25 14:00:00,5.538850139878781,32.20114534533286
2020-01-25 14:30:00,5.643874567113726,32.09099310247985
2020-01-25 15:00:00,5.982803060264433,31.04993968583519
2020-01-25 15:30:00,6.10868082139896,32.42852711209533
2020-01-25 16:00:00,6.136208460080756,31.89010508046149
2020-01-25 16:30:00,6.767371373243336,32.00464731551195
2020-01-25 17:00:00,7.010115157729261,32.867814041539894
2020-01-25 17:30:00,6.71599790162084,32.08457669798524
2020-01-25 18:00:00,7.020397229224006,31.99594056603368
2020-01-25 18:30:00,7.272700125739289,30.276726900929873
2020-01-25 19:00:00,7.340556831578467,29.560556593390654
2020-01-25 19:30:00,6.653707636988796,30.128656318963813
2020-01-25 20:00:00,6.843683043669444,29.490517830776618
2020-01-25 20:30:00,6.768652389098916,28.594890163424445
2020-01-25 21:00:00,6.09031440165233,28.93958348253422
2020-01-25 21:30:00,5.793226309741282,28.477322609689114
2020-01-25 22:00:00,5.6473447621941775,27.50617937301487
2020-01-25 22:30:00,5.475112234967774,27.195499628315858
2020-01-25 23:00:00,5.40636935876976,26.14306008193544
2020-01-25 23:30:00,5.510502817746353,25.766665179679837
2020-01-26 00:00:00,5.317079062471222,25.745276403111596
2020-01-26 00:30:00,5.049647034600105,25.484863381616215
2020-01-26 01:00:00,5.236232507253993,24.685940249128002
2020-01-26 01:30:00,4.916242281942437,24.677777086272812
2020-01-26 02:00:00,4.957617825772703,24.4182922375822
2020-01-26 02:30:00,5.20055262560112,22.952950820489466
2020-01-26 03:00:00,5.472957097285945,23.46983677755575
2020-01-26 03:30:00,5.509142985403025,21.46473357671491
2020-01-26 04:00:00,5.525075167658509,22.754699567154642
2020-01-26 04:30:00,5.534118091984346,22.877498467843758
2020-01-26 05:00:00,5.97848765491022,23.169079498509117
2020-01-26 05:30:00,5.978932201802256,24.06884439673025
2020-01-26 06:00:00,6.299312586915871,24.528009996618355
2020-01-26 06:30:00,6.26143522785317,25.43333669072292
2020-01-26 07:00:00,6.788681994637284,24.731939907535402
2020-01-26 07:30:00,7.092584036203922,24.66226247981882
2020-01-26 08:00:00,6.723598613264146,25.312340359853955
2020-01-26 08:30:00,6.843557340935767,26.901130731476698
2020-01-26 09:00:00,6.893335737397239,27.313657912260318
2020-01-26 09:30:00,6.18532254056885,28.25968761757497
2020-01-26 10:00:00,5.971787177670503,28.305030153308824
2020-01-26 10:30:00,5.243484935861816,28.56217971954735
2020-01-26 11:00:00,5.552509267636692,29.359899676581254
2020-01-26 11:30:00,5.140218003793818,30.821205978568543
2020-01-26 12:00:00,4.992569889793113,31.247976944211892
2020-01-26 12:30:00,5.056039293650409,31.335804378024584
2020-01-26 13:00:00,4.894827398592612,31.39731965037697
2020-01-26 13:30:00,5.39980175478604,31.095838331280284
2020-01-26 14:00:00,5.445632355601415,31.85512490291959
2020-01-26 14:30:00,5.456488524308812,32.482589563743
2020-01-26 15:00:00,5.6423500725876305,32.645666470785955
2020-01-26 15:30:00,5.569767286146932,32.26022788891182
2020-01-26 16:00:00,5.621957480556696,33.87701738306849
2020-01-26 16:30:00,5.962715678219527,33.08504809021295
2020-01-26 17:00:00,6.274620920073079,34.1438965124547
2020-01-26 17:30:00,6.554651482871558,34.37344188223437
2020-01-26 18:00:00,6.755021852540392,31.708281035904037
2020-01-26 18:30:00,6.307045284056106,33.12473481726926
2020-01-26 19:00:00,7.006089010417096,31.754238534805896
2020-01-26 19:30:00,6.42825630178908,31.79281980476974
2020-01-26 20:00:00,6.110315675592991,29.75868304704387
2020-01-26 20:30:00,6.216721784176354,29.975465691314433
2020-01-26 21:00:00,5.8291851887650745,29.240556171284318
2020-01-26 21:30:00,5.807689102705608,28.270351269127275
2020-01-26 22:00:00,5.038935130798518,27.009612904020585
2020-01-26 22:30:00,5.420372383112358,27.049719103988068
2020-01-26 23:00:00,5.466481746748452,26.733119688337652
2020-01-26 23:30:00,5.3288743044709,24.998581717898514
2020-01-27 00:00:00,5.353951958075404,25.446210278572593
2020-01-27 00:30:00,5.487094555558773,25.70924088172588
2020-01-27 01:00:00,5.12604497258181,23.24821870795998
2020-01-27 01:30:00,4.95415514835707,23.104953467572482
2020-01-27 02:00:00,5.283151534034748,22.671952251310504
2020-01-27 02:30:00,5.224189541625634,22.699368885196975
2020-01-27 03:00:00,5.103094974479238,22.71514301016047
2020-01-27 03:30:00,5.302630923462566,22.445801556537184
2020-01-27 04:00:00,5.641013810178181,23.073657181329807
2020-01-27 04:30:00,5.88243566375861,23.360155643725392
2020-01-27 05:00:00,6.185618280743818,22.89213013874568
2020-01-27 05:30:00,6.9784799867228084,23.031614457535273
2020-01-27 06:00:00,6.577364382306436,23.743496296165837
2020-01-27 06:30:00,6.926063183213306,24.131206215801566
2020-01-27 07:00:00,6.9613550398945225,23.652505582421842
2020-01-27 07:30:00,6.810949961379165,24.84255760163241
2020-01-27 08:00:00,7.227601793128715,26.318710837382046
2020-01-27 08:30:00,7.114567345374247,26.06841441515138
2020-01-27 09:00:00,6.815596618002861,26.954589900249687
2020-01-27 09:30:00,6.322144532117947,26.930666498665122
2020-01-27 10:00:00,6.051196097239335,26.970284244184786
2020-01-27 10:30:00,5.602419452647663,27.795663943499747
2020-01-27 11:00:00,5.5011399086063735,28.758159254527396
2020-01-27 11:30:00,5.584331928501194,28.98014228858301
2020-01-27 12:00:00,5.334693746713592,29.91921123423013
2020-01-27 12:30:00,5.169488018117388,30.048297185238084
2020-01-27 13:00:00,5.501338392783203,30.56119407858731
2020-01-27 13:30:00,5.422355808417211,30.287710325824865
2020-01-27 14:00:00,5.740678994732304,30.90681111772802
2020-01-27 14:30:00,5.543136902138464,31.512595547347676
2020-01-27 15:00:00,5.598650677330095,30.612860644542167
2020-01-27 15:30:00,5.642143281482817,31.07610644558501
2020-01-27 16:00:00,5.825788790704849,30.70896552595157
2020-01-27 16:30:00,6.143271456282051,31.743134710629857
2020-01-27 17:00:00,6.741519330982234,31.22772923082597
2020-01-27 17:30:00,6.536223566181127,31.086420592068627
2020-01-27 18:00:00,6.419554798158061,30.440680499814867
2020-01-27 18:30:00,6.98916675798917,32.30163272010728
2020-01-27 19:00:00,7.063894270944327,31.381864442292528
2020-01-27 19:30:00,6.17299893971952,30.941460099028077
2020-01-27 20:00:00,6.669174452201749,29.124898416761134
2020-01-27 20:30:00,6.183679665690155,30.643303202541336
2020-01-27 21:00:00,6.4296684413860214,28.881078826513097
2020-01-27 21:30:00,5.902978936109081,28.285900931531117
2020-01-27 22:00:00,5.634063336331943,28.32268404567404
2020-01-27 22:30:00,5.579097291733637,27.03912329072023
2020-01-27 23:00:00,5.368851143442311,27.07982121587647
2020-01-27 23:30:00,5.614804050423896,25.43244142418905
2020-01-28 00:00:00,5.534758714874121,25.8652029917575
2020-01-28 00:30:00,5.229350511043298,24.264836303818363
2020-01-28 01:00:00,5.373137122269862,24.827193605802258
2020-01-28 01:30:00,5.577978885732181,25.14172180213758
2020-01-28 02:00:00,5.238315209389955,23.38058834070645
2020-01-28 02:30:00,5.2766603143713455,23.680248670164342
2020-01-28 03:00:00,5.46132387798107,23.587440723856837
2020-01-28 03:30:00,5.677348224834306,24.012141734812374
2020-01-28 04:00:00,5.738581548365932,23.564887876485834
2020-01-28 04:30:00,6.078592387814594,23.85152834989096
2020-01-28 05:00:00,6.114178528160778,23.91480160528944
2020-01-28 05:30:00,6.79756937430724,23.977264979053587
2020-01-28 06:00:00,7.005143742144646,24.033541468016104
2020-01-28 06:30:00,6.665320081354018,25.37274272529046
2020-01-28 07:00:00,7.401745719206811,25.25006122445886
2020-01-28 07:30:00,7.215590323102159,26.45752463123663
2020-01-28 08:00:00,7.291526761992318,26.01081203839655
2020-01-28 08:30:00,7.605102253273716,26.43470453182895
2020-01-28 09:00:00,6.571049889065775,26.88675313847053
2020-01-28 09:30:00,6.735950318554934,27.977140530167052
2020-01-28 10:00:00,6.108343701773593,28.89382186068595
2020-01-28 10:30:00,5.777618260579054,29.30246697695318
2020-01-28 11:00:00,5.785462818119438,30.194022182637944
2020-01-28 11:30:00,5.622756851845858,29.613453414741812
2020-01-28 12:00:00,5.178692359761675,29.89601104632166
2020-01-28 12:30:00,5.335140899162785,30.953173753221446
2020-01-28 13:00:00,5.466501579790297,30.65736007892424
2020-01-28 13:30:00,5.409216609961218,30.833702421531974
2020-01-28 14:00:00,5.2820585083479905,31.822898586910792
2020-01-28 14:30:00,5.536944127269315,31.741496471136955
2020-01-28 15:00:00,5.957356899266808,31.93701660270242
2020-01-28 15:30:00,6.055724126280412,32.21143577779869
2020-01-28 16:00:00,6.215636141659108,32.312607291608586
2020-01-28 16:30:00,6.796382290889534,31.674123871295166
2020-01-28 17:00:00,6.451836174238354,32.179136750842915
2020-01-28 17:30:00,7.224589488311237,31.09458796063637
2020-01-28 18:00:00,7.22292325624908,30.788019382159117
2020-01-28 18:30:00,6.984240575480743,29.281251407313388
2020-01-28 19:00:00,7.375331948761855,29.59599638636687
2020-01-28 19:30:00,6.866922463246551,27.99295274102648
2020-01-28 20:00:00,6.515067244598632,29.16297524870829
2020-01-28 20:30:00,6.779833219710053,27.621781957466222
2020-01-28 21:00:00,6.35408184674202,27.14790089260956
2020-01-28 21:30:00,6.002447673352278,26.832192068520843
2020-01-28 22:00:00,5.627247872739948,26.767354640860376
2020-01-28 22:30:00,5.7246254144268605,27.11138797893975
2020-01-28 23:00:00,5.563479012628647,26.58554614801268
2020-01-28 23:30:00,5.169250853934715,26.765834242529245
2020-01-29 00:00:00,5.8408153762885435,25.088675163889057
2020-01-29 00:30:00,5.727764349886752,25.65560638543865
2020-01-29 01:00:00,5.504807381979931,24.09604191090758
2020-01-29 01:30:00,5.421240099753057,23.07208412952825
2020-01-29 02:00:00,5.495803752248123,23.88645246623806
2020-01-29 02:30:00,6.159346487533465,23.040546459491885
2020-01-29 03:00:00,5.472247368165075,23.105608313825766
2020-01-29 03:30:00,5.7632750145432095,22.56925464900533
2020-01-29 04:00:00,5.497413176616077,22.502625229490125
2020-01-29 04:30:00,6.384675442960747,21.914809171260448
2020-01-29 05:00:00,6.77948392735557,22.807188307473158
2020-01-29 05:30:00,6.520052498240382,23.828698738498854
2020-01-29 06:00:00,7.040568723967773,23.35582554238613
2020-01-29 06:30:00,7.570215569574126,24.143306221249535
2020-01-29 07:00:00,7.446463646051281,23.83544274600371
2020-01-29 07:30:00,7.539872282637875,25.911777455314716
2020-01-29 08:00:00,7.350932024743749,25.498782129045534
2020-01-29 08:30:00,7.2162556631886385,26.52958070051541
2020-01-29 09:00:00,6.791495785871177,26.367074581159095
2020-01-29 09:30:00,6.445222164171728,27.325046562589687
2020-01-29 10:00:00,6.450407807860716,27.886764071769097
2020-01-29 10:30:00,6.24674910500779,27.775658589113718
2020-01-29 11:00:00,5.890797256466236,28.20622205700545
2020-01-29 11:30:00,5.895630117674889,29.02487225069669
2020-01-29 12:00:00,5.234979992110277,29.929836174961554
2020-01-29 12:30:00,5.597424257303542,30.83508971084753
2020-01-29 13:00:00,5.670683477682677,31.38557200293262
2020-01-29 13:30:00,5.754419461477929,31.52871528521871
2020-01-29 14:00:00,5.7206884532758036,31.231776830108657
2020-01-29 14:30:00,5.995053079618678,31.847858703390127
2020-01-29 15:00:00,6.323024083868427,32.390186944268805
2020-01-29 15:30:00,6.392327465559944,31.34492839112587
2020-01-29 16:00:00,6.436183683535274,32.24551313570918
2020-01-29 16:30:00,6.715935325989926,30.941387331228984
2020-01-29 17:00:00,6.8809038384612355,31.20463024432693
2020-01-29 17:30:00,7.156907356563204,31.232557458373012
2020-01-29 18:00:00,7.234275863631765,30.401688276713273
2020-01-29 18:30:00,7.541255034838623,29.582620621536375
2020-01-29 19:00:00,7.3268246682965845,29.68724400392671
2020-01-29 19:30:00,7.324140137667769,29.183155987718752
2020-01-29 20:00:00,6.712100380243596,28.987737790587126
2020-01-29 20:30:00,6.959211646549928,28.539644483405343
2020-01-29 21:00:00,6.800134809553847,29.018654456496105
2020-01-29 21:30:00,6.395032651645277,27.883104638222846
2020-01-29 22:00:00,6.183242852212942,26.828328114916403
2020-01-29 22:30:00,6.234230286020034,26.56477424335853
2020-01-29 23:00:00,5.738774978654306,25.86946122703672
2020-01-29 23:30:00,5.983999922793719,26.40681978237361
2020-01-30 00:00:00,5.717437907313918,24.16701581965545
2020-01-30 00:30:00,5.690120190275737,23.994449254095265
2020-01-30 01:00:00,5.546946201497892,23.812089254994156
2020-01-30 01:30:00,5.661616666502577,23.98635445550979
2020-01-30 02:00:00,5.705549215159986,24.132131826665344
2020-01-30 02:30:00,5.938360599319727,23.28436937904834
2020-01-30 03:00:00,5.984629061287114,23.42030788111167
2020-01-30 03:30:00,5.813338230991412,23.277579538479287
2020-01-30 04:00:00,5.925271618173539,23.50718514831143
2020-01-30 04:30:00,6.241668163415416,23.398468180506786
2020-01-30 05:00:00,6.780250617828457,24.407938589903402
2020-01-30 05:30:00,7.043810098555002,24.5196991796893
2020-01-30 06:00:00,7.475345367580955,23.75887292690291
2020-01-30 06:30:00,7.487703395093085,24.683278400211844
2020-01-30 07:00:00,7.852645208965475,24.5759002499829
2020-01-30 07:30:00,7.952360360297481,24.98706894497978
2020-01-30 08:00:00,8.184455331425202,25.675761188730448
2020-01-30 08:30:00,7.561951334285929,27.46414822669466
2020-01-30 09:00:00,7.4462366170096965,27.204628921766783
2020-01-30 09:30:00,6.551469741730426,27.652650227464488
2020-01-30 10:00:00,6.389520167530558,27.82466792214973
2020-01-30 10:30:00,6.273197527708925,29.6545728910359
2020-01-30 11:00:00,6.0025583174815464,30.377313557505417
2020-01-30 11:30:00,5.792192419161174,31.218234217838813
2020-01-30 12:00:00,6.114345534064243,31.508952331892264
2020-01-30 12:30:00,5.858773324560102,31.07516895601012
2020-01-30 13:00:00,5.870501452206874,30.447448026962963
2020-01-30 13:30:00,5.782099026173933,32.009387800443854
2020-01-30 14:00:00,5.924437614772182,31.850175660314033
2020-01-30 14:30:00,6.084857892094316,31.417122697526548
2020-01-30 15:00:00,6.262257995237537,32.551274331877
2020-01-30 15:30:00,6.602690584749485,31.69241721887895
2020-01-30 16:00:00,6.715335426570854,32.15284241547669
2020-01-30 16:30:00,7.1415564191828524,31.99707917634202
2020-01-30 17:00:00,6.936962613348003,31.82742765859937
2020-01-30 17:30:00,7.027458425325388,31.55485157850851
2020-01-30 18:00:00,7.178880915118697,30.615578070630313
2020-01-30 18:30:00,8.437934786861941,29.87707462005061
2020-01-30 19:00:00,7.568290487264876,31.19598180927276
2020-01-30 19:30:00,7.881780616723233,29.940661804447068
2020-01-30 20:00:00,7.524778863564778,29.518224406770493
2020-01-30 20:30:00,7.25721570865304,28.83216615210331
2020-01-30 21:00:00,6.515732427768042,28.048290577391473
2020-01-30 21:30:00,7.037849366179767,27.09833939625945
2020-01-30 22:00:00,6.517064452395558,27.68748537485159
2020-01-30 22:30:00,5.926533954350669,25.251389099908465
2020-01-30 23:00:00,5.9595507703435135,26.256366359808986
2020-01-30 23:30:00,5.62081253284427,24.363646232540013
2020-01-31 00:00:00,5.403216515381428,24.30081936790862
2020-01-31 00:30:00,5.349532782250828,24.754865700143533
2020-01-31 01:00:00,5.544919702723201,23.81793077864362
2020-01-31 01:30:00,5.5809659249400205,23.200403908829497
2020-01-31 02:00:00,5.752781310465473,22.71806001855292
2020-01-31 02:30:00,5.508795372449807,22.234812052381255
2020-01-31 03:00:00,5.8338241315781625,21.989163717118934
2020-01-31 03:30:00,6.181453980530113,21.71807160121911
2020-01-31 04:00:00,5.8624434808097945,20.46927056969407
2020-01-31 04:30:00,6.417962739466344,21.973184696800278
2020-01-31 05:00:00,6.555329834162656,21.3306562698113
2020-01-31 05:30:00,6.4776263294315415,22.111920586237712
2020-01-31 06:00:00,7.176974305125262,22.71292149172596
2020-01-31 06:30:00,7.713805971199514,23.017016080036925
2020-01-31 07:00:00,7.248153324194446,24.200827012850663
2020-01-31 07:30:00,8.43325399731627,23.890001008247506
2020-01-31 08:00:00,7.423889758028195,24.09884020107997
2020-01-31 08:30:00,7.6634875517066225,25.421654517407244
2020-01-31 09:00:00,7.2097376973158696,25.414369128772105
2020-01-31 09:30:00,6.656106637789726,26.465614182629544
2020-01-31 10:00:00,6.616687758801106,26.13718498621438
2020-01-31 10:30:00,6.463585071038265,28.247149821196743
2020-01-31 11:00:00,5.990742409337672,27.312451508587873
2020-01-31 11:30:00,5.579550080345706,28.60739791364523
2020-01-31 12:00:00,5.531179653367954,29.057623755289196
2020-01-31 12:30:00,5.786063464006192,28.783371166979634
2020-01-31 13:00:00,2.5285553383217025,29.851418779274322
2020-01-31 13:30:00,2.4178823409053156,30.204410932879174
2020-01-31 14:00:00,2.5763030759995558,29.27406324420447
2020-01-31 14:30:00,2.835702415909025,29.684455265971817
2020-01-31 15:00:00,2.7899027413553954,31.041966264468655
2020-01-31 15:30:00,2.967722105064929,31.074918752447296
2020-01-31 16:00:00,2.9690421465085106,30.45188414499682
2020-01-31 16:30:00,2.76076560456782,30.970013317242497
2020-01-31 17:00:00,3.0230821762412448,30.241997157380556
2020-01-31 17:30:00,3.0904509068603696,30.263873547992308
2020-01-31 18:00:00,3.1076316173947833,29.330141637901733
2020-01-31 18:30:00,3.282787399574215,29.308538001295215
2020-01-31 19:00:00,7.566199830189705,29.359445688489654
2020-01-31 19:30:00,6.964860726247961,28.445087591985757
2020-01-31 20:00:00,7.0240547833546465,26.799572792971592
2020-01-31 20:30:00,6.899267534766091,27.403861618301825
2020-01-31 21:00:00,6.703174100501554,26.645779430112853
2020-01-31 21:30:00,6.261145197419284,26.053520731156173
2020-01-31 22:00:00,6.009431093073057,25.556461788526132
2020-01-31 22:30:00,5.4905943357994555,26.053733143460068
2020-01-31 23:00:00,5.657989761099382,24.197510099084326
2020-01-31 23:30:00,5.731542569964683,23.42421484537995
